Version,Escenario,KPI,N,Ref_media,Ver_media,Dif,Dif_mediana,Dif_pct,Gana_ver,p_t,p_rank
A_8_semana,E1_lab_soleado,Coste_Neto,5,-662.338420791027,-662.338420791027,0,0,0,0,1,NaN
A_8_semana,E1_lab_soleado,Coste_corregido,5,-656.752663913508,-656.752663913508,0,0,0,0,1,NaN
A_8_semana,E1_lab_soleado,Coste_total_H2,5,-656.752663913508,-656.752663913508,0,0,0,0,1,NaN
A_8_semana,E1_lab_soleado,V_terminal,5,-5.58575687751912,-5.58575687751912,0,0,0,0,1,NaN
A_8_semana,E1_lab_soleado,E_Import_Red,5,832.162671999616,832.162671999616,0,0,0,0,1,NaN
A_8_semana,E1_lab_soleado,E_Export_Red,5,20260.4752698316,20260.4752698316,0,0,0,NaN,1,NaN
A_8_semana,E1_lab_soleado,Autarquia_pct,5,92.232764167151,92.232764167151,0,0,0,0,1,NaN
A_8_semana,E1_lab_soleado,Autoconsumo_pct,5,33.2793889724294,33.2793889724294,0,0,0,0,1,NaN
A_8_semana,E1_lab_soleado,coste_H2_kg,5,2.65247449662331,2.65247449662331,0,0,0,0,1,NaN
A_8_semana,E1_lab_soleado,kg_H2_EL,5,167.699079757558,167.699079757558,0,0,0,0,1,NaN
A_8_semana,E1_lab_soleado,E_Comp,5,275.895320382492,275.895320382492,0,0,0,0,1,NaN
A_8_semana,E1_lab_soleado,t_run_El_pct,5,35.0874089163212,35.0874089163212,0,0,0,NaN,1,NaN
A_8_semana,E1_lab_soleado,Conmutaciones_El,5,33.6,33.6,0,0,0,0,1,NaN
A_8_semana,E1_lab_soleado,LOH_High_media,5,79.3425066641885,79.3425066641885,0,0,0,0,1,NaN
A_8_semana,E1_lab_soleado,LOH_High_min,5,34.6589992848366,34.6589992848366,0,0,0,0,1,NaN
A_8_semana,E1_lab_soleado,pct_tiempo_critico,5,27.9433400407737,27.9433400407737,0,0,0,0,1,NaN
A_8_semana,E2_lab_nublado,Coste_Neto,5,59.7207796240564,59.4200684826881,-0.300711141368248,0,-0.503528492530123,1,0.373900966300059,NaN
A_8_semana,E2_lab_nublado,Coste_corregido,5,80.977585437669,80.6769982876295,-0.300587150039519,0,-0.371197965974041,1,0.373900966300059,NaN
A_8_semana,E2_lab_nublado,Coste_total_H2,5,87.6976182312709,87.2050301442695,-0.49258808700138,-0.480002342409321,-0.561689241892928,3,0.195940277259338,NaN
A_8_semana,E2_lab_nublado,V_terminal,5,-21.2568058136127,-21.2569298049414,-0.00012399132873,0,-0.000583301789634814,0,0.373900966300059,NaN
A_8_semana,E2_lab_nublado,E_Import_Red,5,2107.97464609918,2109.06823633853,1.09359023934317,0,0.0518787188150891,0,0.373900966300059,NaN
A_8_semana,E2_lab_nublado,E_Export_Red,5,3553.46395567477,3554.12328779186,0.659332117088798,0,0.018554630785993,NaN,0.373900966300059,NaN
A_8_semana,E2_lab_nublado,Autarquia_pct,5,80.3466398254363,80.3378578531813,-0.00878197225491704,0,-0.0109301051966791,0,0.373900966300059,NaN
A_8_semana,E2_lab_nublado,Autoconsumo_pct,5,71.1261031924534,71.1207457475073,-0.00535744494616779,0,-0.00753231894579067,0,0.373900966300059,NaN
A_8_semana,E2_lab_nublado,coste_H2_kg,5,4.87710279318205,4.87481512584833,-0.00228766733372812,0,-0.046906276753612,1,0.373900966300059,NaN
A_8_semana,E2_lab_nublado,kg_H2_EL,5,168.494191279616,168.498456840655,0.00426556103899429,0,0.00253157750222713,1,0.373900966300059,NaN
A_8_semana,E2_lab_nublado,E_Comp,5,229.451289577216,230.173569891661,0.722280314445328,0,0.314785903263474,0,0.373900966300059,NaN
A_8_semana,E2_lab_nublado,t_run_El_pct,5,40.9900777280461,41.1058844148737,0.115806686827568,0,0.282523706336696,NaN,0.373900966300059,NaN
A_8_semana,E2_lab_nublado,Conmutaciones_El,5,26.8,26.8,0,0,0,0,1,NaN
A_8_semana,E2_lab_nublado,LOH_High_media,5,61.9288610944948,62.2160922683063,0.287231173811553,0,0.463808261180967,1,0.373900966300059,NaN
A_8_semana,E2_lab_nublado,LOH_High_min,5,0.619269624317942,1.11377767982202,0.494508055504076,0,79.8534331550208,1,0.373900966300059,NaN
A_8_semana,E2_lab_nublado,pct_tiempo_critico,5,62.5957298351028,62.3376945474627,-0.258035287640067,0,-0.412225064425024,1,0.373900966300059,NaN
A_8_semana,E3_finde_soleado,Coste_Neto,5,-884.85386208525,-884.85386208525,0,0,0,0,1,NaN
A_8_semana,E3_finde_soleado,Coste_corregido,5,-870.478424999096,-870.478424999096,0,0,0,0,1,NaN
A_8_semana,E3_finde_soleado,Coste_total_H2,5,-870.478424999096,-870.478424999096,0,0,0,0,1,NaN
A_8_semana,E3_finde_soleado,V_terminal,5,-14.3754370861533,-14.3754370861533,0,0,0,0,1,NaN
A_8_semana,E3_finde_soleado,E_Import_Red,5,862.284187344347,862.284187344347,0,0,0,0,1,NaN
A_8_semana,E3_finde_soleado,E_Export_Red,5,21231.8866708621,21231.8866708621,0,0,0,NaN,1,NaN
A_8_semana,E3_finde_soleado,Autarquia_pct,5,91.886244130442,91.886244130442,0,0,0,0,1,NaN
A_8_semana,E3_finde_soleado,Autoconsumo_pct,5,31.9657135895078,31.9657135895078,0,0,0,0,1,NaN
A_8_semana,E3_finde_soleado,coste_H2_kg,5,3.07822554359675,3.07822554359675,0,0,0,0,1,NaN
A_8_semana,E3_finde_soleado,kg_H2_EL,5,168.350682725199,168.350682725199,0,0,0,0,1,NaN
A_8_semana,E3_finde_soleado,E_Comp,5,278.556812866371,278.556812866371,0,0,0,0,1,NaN
A_8_semana,E3_finde_soleado,t_run_El_pct,5,34.4655845476446,34.4655845476446,0,0,0,NaN,1,NaN
A_8_semana,E3_finde_soleado,Conmutaciones_El,5,35.4,35.4,0,0,0,0,1,NaN
A_8_semana,E3_finde_soleado,LOH_High_media,5,80.4160214395017,80.4160214395017,0,0,0,0,1,NaN
A_8_semana,E3_finde_soleado,LOH_High_min,5,29.5470013221343,29.5470013221343,0,0,0,0,1,NaN
A_8_semana,E3_finde_soleado,pct_tiempo_critico,5,23.8010188475217,23.8010188475217,0,0,0,0,1,NaN
A_8_semana,E4_volatilidad,Coste_Neto,5,-75.9177856623385,-75.9177856623385,0,0,0,0,1,NaN
A_8_semana,E4_volatilidad,Coste_corregido,5,-60.6293022549056,-60.6293022549056,0,0,0,0,1,NaN
A_8_semana,E4_volatilidad,Coste_total_H2,5,-60.6293022549056,-60.6293022549056,0,0,0,0,1,NaN
A_8_semana,E4_volatilidad,V_terminal,5,-15.2884834074329,-15.2884834074329,0,0,0,0,1,NaN
A_8_semana,E4_volatilidad,E_Import_Red,5,1478.86647728631,1478.86647728631,0,0,0,0,1,NaN
A_8_semana,E4_volatilidad,E_Export_Red,5,11009.6179582047,11009.6179582047,0,0,0,NaN,1,NaN
A_8_semana,E4_volatilidad,Autarquia_pct,5,86.144058194593,86.144058194593,0,0,0,0,1,NaN
A_8_semana,E4_volatilidad,Autoconsumo_pct,5,46.0107240013719,46.0107240013719,0,0,0,0,1,NaN
A_8_semana,E4_volatilidad,coste_H2_kg,5,1.85752587338234,1.85752587338234,0,0,0,0,1,NaN
A_8_semana,E4_volatilidad,kg_H2_EL,5,166.995266482699,166.995266482699,0,0,0,0,1,NaN
A_8_semana,E4_volatilidad,E_Comp,5,260.39880335841,260.39880335841,0,0,0,0,1,NaN
A_8_semana,E4_volatilidad,t_run_El_pct,5,36.3910773957054,36.3910773957054,0,0,0,NaN,1,NaN
A_8_semana,E4_volatilidad,Conmutaciones_El,5,32.6,32.6,0,0,0,0,1,NaN
A_8_semana,E4_volatilidad,LOH_High_media,5,73.9760642560408,73.9760642560408,0,0,0,0,1,NaN
A_8_semana,E4_volatilidad,LOH_High_min,5,22.3728818639044,22.3728818639044,0,0,0,0,1,NaN
A_8_semana,E4_volatilidad,pct_tiempo_critico,5,40.9592576731851,40.9592576731851,0,0,0,0,1,NaN
A_8_semana,TODOS,Coste_Neto,20,-390.84732222864,-390.922500013982,-0.075177785342062,0,-0.0192345657924411,1,0.329876800921124,NaN
A_8_semana,TODOS,Coste_corregido,20,-376.72070143246,-376.79584821997,-0.0751467875098797,0,-0.0199476129727244,1,0.329876800921124,NaN
A_8_semana,TODOS,Coste_total_H2,20,-375.04069323406,-375.16384025581,-0.123147021750345,0,-0.0328356426307825,3,0.176796219391306,NaN
A_8_semana,TODOS,V_terminal,20,-14.1266207961795,-14.1266517940117,-3.09978321825e-05,0,-0.000219428500486707,0,0.329876800921124,NaN
A_8_semana,TODOS,E_Import_Red,20,1320.32199568236,1320.5953932422,0.273397559835792,0,0.0207068851939026,0,0.329876800921125,NaN
A_8_semana,TODOS,E_Export_Red,20,14013.8609636433,14014.0257966726,0.164833029272199,0,0.00117621424744995,NaN,0.329876800921124,NaN
A_8_semana,TODOS,Autarquia_pct,20,87.6524265794056,87.6502310863418,-0.00219549306372926,0,-0.00250477157268468,0,0.329876800921124,NaN
A_8_semana,TODOS,Autoconsumo_pct,20,45.5954824389406,45.5941430777041,-0.00133936123654195,0,-0.00293748670898604,0,0.329876800921124,NaN
A_8_semana,TODOS,coste_H2_kg,20,3.11633217669612,3.11576025986268,-0.000571916833432029,0,-0.0183522423478734,1,0.329876800921124,NaN
A_8_semana,TODOS,kg_H2_EL,20,167.884805061268,167.885871451528,0.00106639025974857,0,0.00063519164784413,1,0.329876800921124,NaN
A_8_semana,TODOS,E_Comp,20,261.075556546122,261.256126624733,0.180570078611332,0,0.0691639159943463,0,0.329876800921124,NaN
A_8_semana,TODOS,t_run_El_pct,20,36.7335371469293,36.7624888186362,0.0289516717068921,0,0.0788153658905462,NaN,0.329876800921124,NaN
A_8_semana,TODOS,Conmutaciones_El,20,32.1,32.1,0,0,0,0,1,NaN
A_8_semana,TODOS,LOH_High_media,20,73.9158633635564,73.9876711570093,0.0718077934528882,0,0.0971480142221979,1,0.329876800921124,NaN
A_8_semana,TODOS,LOH_High_min,20,21.7995380237983,21.9231650376743,0.123627013876019,0,0.567108411843667,1,0.329876800921124,NaN
A_8_semana,TODOS,pct_tiempo_critico,20,38.8248365991458,38.7603277772358,-0.0645088219100167,0,-0.16615349235349,1,0.329876800921124,NaN
A_factor3,E1_lab_soleado,Coste_Neto,1,-739.566994894536,311.287236583815,1050.85423147835,1050.85423147835,142.090471685828,0,NaN,NaN
A_factor3,E1_lab_soleado,Coste_corregido,1,-723.052183367253,433.973257450038,1157.02544081729,1157.02544081729,160.019631699198,0,NaN,NaN
A_factor3,E1_lab_soleado,Coste_total_H2,1,-723.052183367253,4218.31172493162,4941.36390829888,4941.36390829888,683.403497281061,0,NaN,NaN
A_factor3,E1_lab_soleado,V_terminal,1,-16.5148115272833,-122.686020866222,-106.171209338939,-106.171209338939,-642.884777483163,0,NaN,NaN
A_factor3,E1_lab_soleado,E_Import_Red,1,761.788965960518,5430.0917619284,4668.30279596788,4668.30279596788,612.807877846032,0,NaN,NaN
A_factor3,E1_lab_soleado,E_Export_Red,1,20972.4508831362,5808.09212745996,-15164.3587556762,-15164.3587556762,-72.306087830058,NaN,NaN,NaN
A_factor3,E1_lab_soleado,Autarquia_pct,1,92.3672348889105,81.8522888040714,-10.5149460848391,-10.5149460848391,-11.3838485015659,0,NaN,NaN
A_factor3,E1_lab_soleado,Autoconsumo_pct,1,30.9347525646575,80.8731310353032,49.9383784706457,49.9383784706457,161.43131698328,1,NaN,NaN
A_factor3,E1_lab_soleado,coste_H2_kg,1,2.50539923483423,2.82118358724809,0.315784352413863,0.315784352413863,12.6041529838161,0,NaN,NaN
A_factor3,E1_lab_soleado,kg_H2_EL,1,156.543833929031,341.328794908248,184.784960979217,184.784960979217,118.040395677922,1,NaN,NaN
A_factor3,E1_lab_soleado,E_Comp,1,256.245005486153,9.53278250812254,-246.71222297803,-246.71222297803,-96.2798172436427,1,NaN,NaN
A_factor3,E1_lab_soleado,t_run_El_pct,1,32.3433658343819,73.3752093663866,41.0318435320047,41.0318435320047,126.863245285334,NaN,NaN,NaN
A_factor3,E1_lab_soleado,Conmutaciones_El,1,34,24,-10,-10,-29.4117647058824,1,NaN,NaN
A_factor3,E1_lab_soleado,LOH_High_media,1,77.4437798011801,3.85501357861484,-73.5887662225653,-73.5887662225653,-95.02217790956,0,NaN,NaN
A_factor3,E1_lab_soleado,LOH_High_min,1,33.1142278724496,-32.4790303200371,-65.5932581924867,-65.5932581924867,-198.081798691308,0,NaN,NaN
A_factor3,E1_lab_soleado,pct_tiempo_critico,1,35.8850266451279,95.1947830774089,59.309756432281,59.309756432281,165.277169831316,0,NaN,NaN
A_factor3,E2_lab_nublado,Coste_Neto,1,-33.3057981693337,618.111734493165,651.417532662498,651.417532662498,1955.86825258039,0,NaN,NaN
A_factor3,E2_lab_nublado,Coste_corregido,1,0.769145483855951,790.167321543536,789.39817605968,789.39817605968,102633.14192553,0,NaN,NaN
A_factor3,E2_lab_nublado,Coste_total_H2,1,16.7692235638653,4718.66649252595,4701.89726896208,4701.89726896208,28038.8489726731,0,NaN,NaN
A_factor3,E2_lab_nublado,V_terminal,1,-34.0749436531897,-172.055587050371,-137.980643397181,-137.980643397181,-404.932858588206,0,NaN,NaN
A_factor3,E2_lab_nublado,E_Import_Red,1,1951.70317535038,5939.10629139545,3987.40311604507,3987.40311604507,204.30376741736,0,NaN,NaN
A_factor3,E2_lab_nublado,E_Export_Red,1,4060.18157439649,198.444956716976,-3861.73661767951,-3861.73661767951,-95.1124117707353,NaN,NaN,NaN
A_factor3,E2_lab_nublado,Autarquia_pct,1,80.5804002553293,67.8889136890969,-12.6914865662324,-12.6914865662324,-15.7500912455358,0,NaN,NaN
A_factor3,E2_lab_nublado,Autoconsumo_pct,1,67.0087370348,98.3875229146271,31.3787858798271,31.3787858798271,46.8279022533002,1,NaN,NaN
A_factor3,E2_lab_nublado,coste_H2_kg,1,4.69521341421812,4.27276669569943,-0.422446718518688,-0.422446718518688,-8.99739119928879,1,NaN,NaN
A_factor3,E2_lab_nublado,kg_H2_EL,1,159.32914639097,119.036290404241,-40.2928559867285,-40.2928559867285,-25.2890678820659,0,NaN,NaN
A_factor3,E2_lab_nublado,E_Comp,1,217.881659676992,0,-217.881659676992,-217.881659676992,-100,1,NaN,NaN
A_factor3,E2_lab_nublado,t_run_El_pct,1,39.8043323341066,38.4653795215286,-1.33895281257802,-1.33895281257802,-3.36383688423466,NaN,NaN,NaN
A_factor3,E2_lab_nublado,Conmutaciones_El,1,27,20,-7,-7,-25.9259259259259,1,NaN,NaN
A_factor3,E2_lab_nublado,LOH_High_media,1,64.3893992157429,3.32372375245014,-61.0656754632928,-61.0656754632928,-94.8380885783486,0,NaN,NaN
A_factor3,E2_lab_nublado,LOH_High_min,1,-5.75207294586035,-32.4899936008744,-26.7379206550141,-26.7379206550141,-464.839735286333,0,NaN,NaN
A_factor3,E2_lab_nublado,pct_tiempo_critico,1,60.4962624069735,95.1947830774089,34.6985206704354,34.6985206704354,57.3564701187815,0,NaN,NaN
A_factor3,E3_finde_soleado,Coste_Neto,1,-846.320824290809,75.3708486633638,921.691672954173,921.691672954173,108.905706500431,0,NaN,NaN
A_factor3,E3_finde_soleado,Coste_corregido,1,-821.47449153205,232.000437986607,1053.47492951866,1053.47492951866,128.241952778585,0,NaN,NaN
A_factor3,E3_finde_soleado,Coste_total_H2,1,-821.47449153205,4245.62002435459,5067.09451588664,5067.09451588664,616.829197755917,0,NaN,NaN
A_factor3,E3_finde_soleado,V_terminal,1,-24.8463327587592,-156.629589323243,-131.783256564484,-131.783256564484,-530.393188580417,0,NaN,NaN
A_factor3,E3_finde_soleado,E_Import_Red,1,910.795008417565,3918.19958799425,3007.40457957668,3007.40457957668,330.195549139187,0,NaN,NaN
A_factor3,E3_finde_soleado,E_Export_Red,1,21319.3599280021,6927.55489614,-14391.8050318621,-14391.8050318621,-67.5058026153921,NaN,NaN,NaN
A_factor3,E3_finde_soleado,Autarquia_pct,1,91.4228325637591,86.2679491545233,-5.15488340923577,-5.15488340923577,-5.63850765140175,0,NaN,NaN
A_factor3,E3_finde_soleado,Autoconsumo_pct,1,31.6854191097108,77.8017252430418,46.116306133331,46.116306133331,145.544251675047,1,NaN,NaN
A_factor3,E3_finde_soleado,coste_H2_kg,1,3.32159666274495,2.92860388044996,-0.392992782294991,-0.392992782294991,-11.8314419900165,1,NaN,NaN
A_factor3,E3_finde_soleado,kg_H2_EL,1,171.070289946091,323.043302482977,151.973012536886,151.973012536886,88.8365902605165,1,NaN,NaN
A_factor3,E3_finde_soleado,E_Comp,1,274.048444408265,14.7925028426913,-259.255941565574,-259.255941565574,-94.6022306842019,1,NaN,NaN
A_factor3,E3_finde_soleado,t_run_El_pct,1,35.7836709926075,68.7111959140279,32.9275249214204,32.9275249214204,92.0182977543665,NaN,NaN,NaN
A_factor3,E3_finde_soleado,Conmutaciones_El,1,36,24,-12,-12,-33.3333333333333,1,NaN,NaN
A_factor3,E3_finde_soleado,LOH_High_media,1,78.2587263487791,4.61748293926525,-73.6412434095138,-73.6412434095138,-94.0997213286013,0,NaN,NaN
A_factor3,E3_finde_soleado,LOH_High_min,1,29.9813863442752,-50.0674483543283,-80.0488346986035,-80.0488346986035,-266.995107495716,0,NaN,NaN
A_factor3,E3_finde_soleado,pct_tiempo_critico,1,30.5989904117222,94.0231580304927,63.4241676187705,63.4241676187705,207.275360282714,0,NaN,NaN
A_factor3,E4_volatilidad,Coste_Neto,1,-134.146517659382,552.440493970386,686.587011629768,686.587011629768,511.818736415593,0,NaN,NaN
A_factor3,E4_volatilidad,Coste_corregido,1,-103.220450684235,687.897922727644,791.118373411879,791.118373411879,766.435689989391,0,NaN,NaN
A_factor3,E4_volatilidad,Coste_total_H2,1,-103.220450684235,4545.03674547323,4648.25719615746,4648.25719615746,4503.23280449247,0,NaN,NaN
A_factor3,E4_volatilidad,V_terminal,1,-30.9260669751464,-135.457428757258,-104.531361782111,-104.531361782111,-338.004059378508,0,NaN,NaN
A_factor3,E4_volatilidad,E_Import_Red,1,1222.45885758891,8253.020965659,7030.56210807009,7030.56210807009,575.116460110296,0,NaN,NaN
A_factor3,E4_volatilidad,E_Export_Red,1,11487.458037519,1145.68458891023,-10341.7734486088,-10341.7734486088,-90.0266483222979,NaN,NaN,NaN
A_factor3,E4_volatilidad,Autarquia_pct,1,87.7473174230454,70.1118633086891,-17.6354541143563,-17.6354541143563,-20.0979980155207,0,NaN,NaN
A_factor3,E4_volatilidad,Autoconsumo_pct,1,43.6674783026343,94.3817595022039,50.7142811995696,50.7142811995696,116.137416610361,1,NaN,NaN
A_factor3,E4_volatilidad,coste_H2_kg,1,1.73416467797617,2.33361242387708,0.599447745900906,0.599447745900906,34.5669447379404,0,NaN,NaN
A_factor3,E4_volatilidad,kg_H2_EL,1,156.752593895726,295.599896361878,138.847302466151,138.847302466151,88.5773555737866,1,NaN,NaN
A_factor3,E4_volatilidad,E_Comp,1,248.998441247038,2.37573908331275,-246.622702163725,-246.622702163725,-99.0458819455196,1,NaN,NaN
A_factor3,E4_volatilidad,t_run_El_pct,1,33.9992824085939,67.8654631854114,33.8661807768175,33.8661807768175,99.6085163499134,NaN,NaN,NaN
A_factor3,E4_volatilidad,Conmutaciones_El,1,33,24,-9,-9,-27.2727272727273,1,NaN,NaN
A_factor3,E4_volatilidad,LOH_High_media,1,73.942229384885,3.49603780888235,-70.4461915760026,-70.4461915760026,-95.2719334567467,0,NaN,NaN
A_factor3,E4_volatilidad,LOH_High_min,1,33.1211069869018,-32.4736228998136,-65.5947298867154,-65.5947298867154,-198.045101308527,0,NaN,NaN
A_factor3,E4_volatilidad,pct_tiempo_critico,1,38.9645519766006,95.1947830774089,56.2302311008084,56.2302311008084,144.311247655501,0,NaN,NaN
A_factor3,TODOS,Coste_Neto,4,-438.335033753515,389.302578427683,827.637612181198,804.13934229197,188.813931912774,0,0.0032400326396409,NaN
A_factor3,TODOS,Coste_corregido,4,-411.744495024921,536.009734926956,947.754229951877,922.296651465268,230.180182468381,0,0.00203627490307179,NaN
A_factor3,TODOS,Coste_total_H2,4,-407.744475504918,4431.90874682135,4839.65322232627,4821.63058863048,1186.93287415684,0,1.88658613367032e-05,NaN
A_factor3,TODOS,V_terminal,4,-26.5905387285947,-146.707156499274,-120.116617770679,-118.977232951711,-451.726905560996,0,0.00080145442984314,NaN
A_factor3,TODOS,E_Import_Red,4,1211.68650182934,5885.10465174427,4673.41814991493,4327.85295600647,385.695321591785,0,0.0120928256141803,NaN
A_factor3,TODOS,E_Export_Red,4,14459.8626057635,3519.94414230679,-10939.9184634567,-12366.7892402354,-75.6571397787431,NaN,0.0241535978554746,NaN
A_factor3,TODOS,Autarquia_pct,4,88.0294462827611,76.5302537390952,-11.4991925436659,-11.6032163255357,-13.0628931900004,0,0.02117239747913,NaN
A_factor3,TODOS,Autoconsumo_pct,4,43.3240967529507,87.861034673794,44.5369379208433,48.0273423019883,102.799460943892,4,0.00219343176123799,NaN
A_factor3,TODOS,coste_H2_kg,4,3.06409349744337,3.08904164681864,0.0249481493752723,-0.0386042149405641,0.81420979471053,2,0.928649242116819,NaN
A_factor3,TODOS,kg_H2_EL,4,160.923966040454,269.752071039336,108.828104998881,145.410157501519,67.6270338574201,3,0.120800668819038,NaN
A_factor3,TODOS,E_Comp,4,249.293387704612,6.67525610853165,-242.61813159608,-246.667462570878,-97.3223292563053,4,0.000103428880728673,NaN
A_factor3,TODOS,t_run_El_pct,4,35.4826628924225,62.1043119968386,26.6216491044162,33.396852849119,75.0272018341143,NaN,0.0676299977303372,NaN
A_factor3,TODOS,Conmutaciones_El,4,32.5,23,-9.5,-9.5,-29.2307692307692,4,0.00277963107647849,NaN
A_factor3,TODOS,LOH_High_media,4,73.5085336876468,3.82306451980315,-69.6854691678436,-72.0174788992839,-94.7991555156736,0,0.000169412340554898,NaN
A_factor3,TODOS,LOH_High_min,4,22.6161620644416,-36.8775237937634,-59.4936858582049,-65.5939940396011,-263.058275266538,0,0.0138076465878287,NaN
A_factor3,TODOS,pct_tiempo_critico,4,41.4862078601061,94.9018768156799,53.4156689555738,57.7699937665447,128.755245925814,0,0.00362331671889771,NaN
A_factorB,E1_lab_soleado,Coste_Neto,1,-739.566994894536,-219.312087401916,520.25490749262,520.25490749262,70.3458795598104,0,NaN,NaN
A_factorB,E1_lab_soleado,Coste_corregido,1,-723.052183367253,-196.05448137563,526.997701991623,526.997701991623,72.8851546422826,0,NaN,NaN
A_factorB,E1_lab_soleado,Coste_total_H2,1,-723.052183367253,-196.05448137563,526.997701991623,526.997701991623,72.8851546422826,0,NaN,NaN
A_factorB,E1_lab_soleado,V_terminal,1,-16.5148115272833,-23.2576060262861,-6.74279449900275,-6.74279449900275,-40.8287705122357,0,NaN,NaN
A_factorB,E1_lab_soleado,E_Import_Red,1,761.788965960518,2414.52751643346,1652.73855047294,1652.73855047294,216.954908028768,0,NaN,NaN
A_factorB,E1_lab_soleado,E_Export_Red,1,20972.4508831362,12719.5051999543,-8252.94568318186,-8252.94568318186,-39.3513649366465,NaN,NaN,NaN
A_factorB,E1_lab_soleado,Autarquia_pct,1,92.3672348889105,87.8755539461574,-4.49168094275316,-4.49168094275316,-4.86285093210301,0,NaN,NaN
A_factorB,E1_lab_soleado,Autoconsumo_pct,1,30.9347525646575,58.112870127337,27.1781175626795,27.1781175626795,87.8562629711482,1,NaN,NaN
A_factorB,E1_lab_soleado,coste_H2_kg,1,2.50539923483423,2.64982809995005,0.144428865115824,0.144428865115824,5.76470460706358,0,NaN,NaN
A_factorB,E1_lab_soleado,kg_H2_EL,1,156.543833929031,223.372050296228,66.828216367197,66.828216367197,42.6897787603013,1,NaN,NaN
A_factorB,E1_lab_soleado,E_Comp,1,256.245005486153,338.146536632262,81.9015311461093,81.9015311461093,31.9621960985051,0,NaN,NaN
A_factorB,E1_lab_soleado,t_run_El_pct,1,32.3433658343819,46.0885481340143,13.7451822996324,13.7451822996324,42.49768675906,NaN,NaN,NaN
A_factorB,E1_lab_soleado,Conmutaciones_El,1,34,41,7,7,20.5882352941176,0,NaN,NaN
A_factorB,E1_lab_soleado,LOH_High_media,1,77.4437798011801,73.8985864512211,-3.54519334995898,-3.54519334995898,-4.5777638424422,0,NaN,NaN
A_factorB,E1_lab_soleado,LOH_High_min,1,33.1142278724496,3.86350616425771,-29.2507217081919,-29.2507217081919,-88.3327910312773,0,NaN,NaN
A_factorB,E1_lab_soleado,pct_tiempo_critico,1,35.8850266451279,26.1216499311344,-9.76337671399353,-9.76337671399353,-27.2073832090051,1,NaN,NaN
A_factorB,E2_lab_nublado,Coste_Neto,1,-33.3057981693337,368.576381223994,401.882179393328,401.882179393328,1206.64329180785,0,NaN,NaN
A_factorB,E2_lab_nublado,Coste_corregido,1,0.769145483855951,503.222224626531,502.453079142676,502.453079142676,65326.1430625233,0,NaN,NaN
A_factorB,E2_lab_nublado,Coste_total_H2,1,16.7692235638653,2026.74965940414,2009.98043584028,2009.98043584028,11986.1270152748,0,NaN,NaN
A_factorB,E2_lab_nublado,V_terminal,1,-34.0749436531897,-134.645843402538,-100.570899749348,-100.570899749348,-295.146195318605,0,NaN,NaN
A_factorB,E2_lab_nublado,E_Import_Red,1,1951.70317535038,3548.79817222943,1597.09499687905,1597.09499687905,81.8308345782307,0,NaN,NaN
A_factorB,E2_lab_nublado,E_Export_Red,1,4060.18157439649,436.257525047534,-3623.92404934896,-3623.92404934896,-89.255221298511,NaN,NaN,NaN
A_factorB,E2_lab_nublado,Autarquia_pct,1,80.5804002553293,77.3610223880428,-3.21937786728651,-3.21937786728651,-3.99523687780838,0,NaN,NaN
A_factorB,E2_lab_nublado,Autoconsumo_pct,1,67.0087370348,96.455161803563,29.446424768763,29.446424768763,43.9441572424658,1,NaN,NaN
A_factorB,E2_lab_nublado,coste_H2_kg,1,4.69521341421812,4.53472580008397,-0.160487614134153,-0.160487614134153,-3.41811116930621,1,NaN,NaN
A_factorB,E2_lab_nublado,kg_H2_EL,1,159.32914639097,151.581139465219,-7.74800692575047,-7.74800692575047,-4.86289363952157,0,NaN,NaN
A_factorB,E2_lab_nublado,E_Comp,1,217.881659676992,34.1415601857754,-183.740099491216,-183.740099491216,-84.3302275940113,1,NaN,NaN
A_factorB,E2_lab_nublado,t_run_El_pct,1,39.8043323341066,44.069536922062,4.26520458795538,4.26520458795538,10.715428039728,NaN,NaN,NaN
A_factorB,E2_lab_nublado,Conmutaciones_El,1,27,23,-4,-4,-14.8148148148148,1,NaN,NaN
A_factorB,E2_lab_nublado,LOH_High_media,1,64.3893992157429,13.2749377433989,-51.1144614723441,-51.1144614723441,-79.3833489594772,0,NaN,NaN
A_factorB,E2_lab_nublado,LOH_High_min,1,-5.75207294586035,-29.0316035193523,-23.2795305734919,-23.2795305734919,-404.715496354157,0,NaN,NaN
A_factorB,E2_lab_nublado,pct_tiempo_critico,1,60.4962624069735,92.1627113711783,31.6664489642048,31.6664489642048,52.3444717149245,0,NaN,NaN
A_factorB,E3_finde_soleado,Coste_Neto,1,-846.320824290809,-239.293171281687,607.027653009122,607.027653009122,71.725477571439,0,NaN,NaN
A_factorB,E3_finde_soleado,Coste_corregido,1,-821.47449153205,-245.231156129261,576.243335402789,576.243335402789,70.1474411369847,0,NaN,NaN
A_factorB,E3_finde_soleado,Coste_total_H2,1,-821.47449153205,-245.231156129261,576.243335402789,576.243335402789,70.1474411369847,0,NaN,NaN
A_factorB,E3_finde_soleado,V_terminal,1,-24.8463327587592,5.93798484757367,30.7843176063329,30.7843176063329,123.898838131274,1,NaN,NaN
A_factorB,E3_finde_soleado,E_Import_Red,1,910.795008417565,2927.32127086463,2016.52626244707,2016.52626244707,221.402867144674,0,NaN,NaN
A_factorB,E3_finde_soleado,E_Export_Red,1,21319.3599280021,14050.0720743846,-7269.28785361748,-7269.28785361748,-34.097120542862,NaN,NaN,NaN
A_factorB,E3_finde_soleado,Autarquia_pct,1,91.4228325637591,85.4062391326887,-6.01659343107039,-6.01659343107039,-6.58106215083017,0,NaN,NaN
A_factorB,E3_finde_soleado,Autoconsumo_pct,1,31.6854191097108,54.9787241042237,23.2933049945129,23.2933049945129,73.5142713872895,1,NaN,NaN
A_factorB,E3_finde_soleado,coste_H2_kg,1,3.32159666274495,3.60009045251252,0.278493789767572,0.278493789767572,8.38433494623717,0,NaN,NaN
A_factorB,E3_finde_soleado,kg_H2_EL,1,171.070289946091,236.252047579286,65.1817576331956,65.1817576331956,38.102324871102,1,NaN,NaN
A_factorB,E3_finde_soleado,E_Comp,1,274.048444408265,358.004707015581,83.9562626073159,83.9562626073159,30.6355552532317,0,NaN,NaN
A_factorB,E3_finde_soleado,t_run_El_pct,1,35.7836709926075,48.7132131064598,12.9295421138523,12.9295421138523,36.1325200998059,NaN,NaN,NaN
A_factorB,E3_finde_soleado,Conmutaciones_El,1,36,35,-1,-1,-2.77777777777778,1,NaN,NaN
A_factorB,E3_finde_soleado,LOH_High_media,1,78.2587263487791,72.2194847905038,-6.03924155827529,-6.03924155827529,-7.71701999258197,0,NaN,NaN
A_factorB,E3_finde_soleado,LOH_High_min,1,29.9813863442752,3.7558956074517,-26.2254907368235,-26.2254907368235,-87.4725752694592,0,NaN,NaN
A_factorB,E3_finde_soleado,pct_tiempo_critico,1,30.5989904117222,37.5341641300196,6.93517371829742,6.93517371829742,22.6647141784149,0,NaN,NaN
A_factorB,E4_volatilidad,Coste_Neto,1,-134.146517659382,274.526186351086,408.672704010468,408.672704010468,304.646524666521,0,NaN,NaN
A_factorB,E4_volatilidad,Coste_corregido,1,-103.220450684235,325.19960304544,428.420053729675,428.420053729675,415.053461682963,0,NaN,NaN
A_factorB,E4_volatilidad,Coste_total_H2,1,-103.220450684235,333.03964130464,436.260091988875,436.260091988875,422.648892827886,0,NaN,NaN
A_factorB,E4_volatilidad,V_terminal,1,-30.9260669751464,-50.6734166943538,-19.7473497192073,-19.7473497192073,-63.8534144515602,0,NaN,NaN
A_factorB,E4_volatilidad,E_Import_Red,1,1222.45885758891,4132.81363981178,2910.35478222288,2910.35478222288,238.073843070928,0,NaN,NaN
A_factorB,E4_volatilidad,E_Export_Red,1,11487.458037519,4736.17010525455,-6751.28793226449,-6751.28793226449,-58.7709474995616,NaN,NaN,NaN
A_factorB,E4_volatilidad,Autarquia_pct,1,87.7473174230454,79.097737745618,-8.64957967742738,-8.64957967742738,-9.85737220401419,0,NaN,NaN
A_factorB,E4_volatilidad,Autoconsumo_pct,1,43.6674783026343,76.7746350545723,33.107156751938,33.107156751938,75.8165070180862,1,NaN,NaN
A_factorB,E4_volatilidad,coste_H2_kg,1,1.73416467797617,2.21500708304946,0.48084240507329,0.48084240507329,27.7276092161241,0,NaN,NaN
A_factorB,E4_volatilidad,kg_H2_EL,1,156.752593895726,221.581719433494,64.8291255377673,64.8291255377673,41.3576094191414,1,NaN,NaN
A_factorB,E4_volatilidad,E_Comp,1,248.998441247038,297.744931490336,48.7464902432983,48.7464902432983,19.5770262653715,0,NaN,NaN
A_factorB,E4_volatilidad,t_run_El_pct,1,33.9992824085939,48.5875519385715,14.5882695299776,14.5882695299776,42.907580679674,NaN,NaN,NaN
A_factorB,E4_volatilidad,Conmutaciones_El,1,33,34,1,1,3.03030303030303,0,NaN,NaN
A_factorB,E4_volatilidad,LOH_High_media,1,73.942229384885,65.670982472406,-8.27124691247896,-8.27124691247896,-11.1860934966207,0,NaN,NaN
A_factorB,E4_volatilidad,LOH_High_min,1,33.1211069869018,-2.48742524485134,-35.6085322317532,-35.6085322317532,-107.510090909205,0,NaN,NaN
A_factorB,E4_volatilidad,pct_tiempo_critico,1,38.9645519766006,41.6780064847776,2.71345450817707,2.71345450817707,6.96390532042196,0,NaN,NaN
A_factorB,TODOS,Coste_Neto,4,-438.335033753515,46.1243272228691,484.459360976384,464.463805751544,110.52261938269,0,0.00220663454625858,NaN
A_factorB,TODOS,Coste_corregido,4,-411.744495024921,96.78404754177,508.528542566691,514.725390567149,123.505851009839,0,0.000483393890152062,NaN
A_factorB,TODOS,Coste_total_H2,4,-407.744475504918,479.625915800973,887.370391305891,551.620518697206,217.629040885727,0,0.0990157254923294,NaN
A_factorB,TODOS,V_terminal,4,-26.5905387285947,-50.6597203189009,-24.0691815903063,-13.245072109105,-90.5178410861717,1,0.448220495784914,NaN
A_factorB,TODOS,E_Import_Red,4,1211.68650182934,3255.86514983483,2044.17864800548,1834.63240646,168.705242232152,0,0.00667233119540223,NaN
A_factorB,TODOS,E_Export_Red,4,14459.8626057635,7985.50122616025,-6474.3613796032,-7010.28789294099,-44.7747088345268,NaN,0.00747528375560313,NaN
A_factorB,TODOS,Autarquia_pct,4,88.0294462827611,82.4351383031267,-5.59430797963436,-5.25413718691178,-6.35504165465812,0,0.0173072082593511,NaN
A_factorB,TODOS,Autoconsumo_pct,4,43.3240967529507,71.580347772424,28.2562510194733,28.3122711657212,65.2206350211996,4,0.000834017458588132,NaN
A_factorB,TODOS,coste_H2_kg,4,3.06409349744337,3.249912858899,0.185819361455633,0.211461327441698,6.06441551508392,1,0.261181467274674,NaN
A_factorB,TODOS,kg_H2_EL,4,160.923966040454,208.196739193557,47.2727731531023,65.0054415854814,29.375843956778,3,0.082006225905751,NaN
A_factorB,TODOS,E_Comp,4,249.293387704612,257.009433830989,7.71604612637684,65.3240106947038,3.09516678216897,1,0.912104114333806,NaN
A_factorB,TODOS,t_run_El_pct,4,35.4826628924225,46.8647125252769,11.3820496328544,13.3373622067424,32.0777774412336,NaN,0.0177071614397162,NaN
A_factorB,TODOS,Conmutaciones_El,4,32.5,33.25,0.75,0,2.30769230769231,2,0.76798613866158,NaN
A_factorB,TODOS,LOH_High_media,4,73.5085336876468,56.2659978643824,-17.2425358232643,-7.15524423537713,-23.4565090041538,0,0.225461913481092,NaN
A_factorB,TODOS,LOH_High_min,4,22.6161620644416,-5.97490674812355,-28.5910688125651,-27.7381062225077,-126.418747491722,0,0.00167995347730399,NaN
A_factorB,TODOS,pct_tiempo_critico,4,41.4862078601061,49.3741329792775,7.88792511917143,4.82431411323724,19.0133673961476,1,0.430608180179816,NaN
B_prima2_semana,E1_lab_soleado,Coste_Neto,5,-662.338420791027,-661.261412732901,1.07700805812597,1.32144954688715,0.162606912768204,0,0.0113450243140742,NaN
B_prima2_semana,E1_lab_soleado,Coste_corregido,5,-656.752663913508,-655.424964803962,1.3276991095453,1.38082662560487,0.202161206569564,0,0.00720425344999898,NaN
B_prima2_semana,E1_lab_soleado,Coste_total_H2,5,-656.752663913508,-655.424964803962,1.3276991095453,1.38082662560487,0.202161206569564,0,0.00720425344999898,NaN
B_prima2_semana,E1_lab_soleado,V_terminal,5,-5.58575687751912,-5.83644792893841,-0.25069105141929,-0.215127819682095,-4.488040867447,0,0.0479231300317016,NaN
B_prima2_semana,E1_lab_soleado,E_Import_Red,5,832.162671999616,853.100283309555,20.937611309939,27.7530177437675,2.5160478851602,0,0.0218884978705065,NaN
B_prima2_semana,E1_lab_soleado,E_Export_Red,5,20260.4752698316,20281.6298860448,21.1546162131192,28.3635066344141,0.10441322788029,NaN,0.0207557342416933,NaN
B_prima2_semana,E1_lab_soleado,Autarquia_pct,5,92.232764167151,92.0322671486617,-0.200497018489313,-0.278303987968528,-0.217381556651557,0,0.0235141713097848,NaN
B_prima2_semana,E1_lab_soleado,Autoconsumo_pct,5,33.2793889724294,33.209723828794,-0.0696651436353378,-0.0934050395328363,-0.209334202899736,0,0.0207557342416929,NaN
B_prima2_semana,E1_lab_soleado,coste_H2_kg,5,2.65247449662331,2.65956346716751,0.00708897054419371,0.00794670106070949,0.267258763589177,0,0.0129810715967857,NaN
B_prima2_semana,E1_lab_soleado,kg_H2_EL,5,167.699079757558,167.701083492951,0.00200373539274779,0.000217200401522177,0.0011948398259815,3,0.407875801695412,NaN
B_prima2_semana,E1_lab_soleado,E_Comp,5,275.895320382492,275.897859412847,0.00253903035535359,0.0177435801239767,0.000920287575676733,2,0.934419717655747,NaN
B_prima2_semana,E1_lab_soleado,t_run_El_pct,5,35.0874089163212,35.0881694970742,0.000760580753008355,0.0580356183273452,0.00216767432107124,NaN,0.987457172065641,NaN
B_prima2_semana,E1_lab_soleado,Conmutaciones_El,5,33.6,33.2,-0.4,0,-1.19047619047619,2,0.177807808356221,NaN
B_prima2_semana,E1_lab_soleado,LOH_High_media,5,79.3425066641885,79.3899191032912,0.0474124391027658,0.0500899313531562,0.059756669024128,5,0.00477886868059474,NaN
B_prima2_semana,E1_lab_soleado,LOH_High_min,5,34.6589992848366,34.6805309764013,0.0215316915646575,-0.00230543861534827,0.0621243890733962,1,0.421486240935638,NaN
B_prima2_semana,E1_lab_soleado,pct_tiempo_critico,5,27.9433400407737,27.8500862267093,-0.0932538140644603,-0.0856480065343774,-0.333724651127561,5,0.000483288216032607,NaN
B_prima2_semana,E2_lab_nublado,Coste_Neto,5,59.7207796240564,60.9182062805523,1.19742665649597,1.2168595626282,2.00504190339409,1,0.143255258818091,NaN
B_prima2_semana,E2_lab_nublado,Coste_corregido,5,80.977585437669,82.0744432734751,1.09685783580607,1.25532423006362,1.35452030321447,1,0.120374889218671,NaN
B_prima2_semana,E2_lab_nublado,Coste_total_H2,5,87.6976182312709,88.474474505477,0.776856274206076,0.995872432793419,0.885835088653602,1,0.135209076420398,NaN
B_prima2_semana,E2_lab_nublado,V_terminal,5,-21.2568058136127,-21.1562369929228,0.100568820689896,-0.0384646674354165,0.473113512781364,2,0.477974522848108,NaN
B_prima2_semana,E2_lab_nublado,E_Import_Red,5,2107.97464609918,2118.3201987305,10.3455526313135,13.2445273486137,0.490781644383532,1,0.161346797897401,NaN
B_prima2_semana,E2_lab_nublado,E_Export_Red,5,3553.46395567477,3562.54233004029,9.07837436552099,10.05062279598,0.255479568071124,NaN,0.200510702217158,NaN
B_prima2_semana,E2_lab_nublado,Autarquia_pct,5,80.3466398254363,80.2531998196892,-0.0934400057470697,-0.10902038886401,-0.116296096451676,1,0.184115118570847,NaN
B_prima2_semana,E2_lab_nublado,Autoconsumo_pct,5,71.1261031924534,71.0523362856042,-0.0737669068492224,-0.0816669731514281,-0.103712847377036,1,0.200510702217182,NaN
B_prima2_semana,E2_lab_nublado,coste_H2_kg,5,4.87710279318205,4.87097780711244,-0.00612498606961083,-0.00189874300648007,-0.125586569103552,4,0.28281042172098,NaN
B_prima2_semana,E2_lab_nublado,kg_H2_EL,5,168.494191279616,168.514133047658,0.0199417680423494,0.00191366339686283,0.011835285175651,4,0.26080838103804,NaN
B_prima2_semana,E2_lab_nublado,E_Comp,5,229.451289577216,229.9861943433,0.534904766083838,0.394896758416195,0.23312345163518,0,0.0843886190461911,NaN
B_prima2_semana,E2_lab_nublado,t_run_El_pct,5,40.9900777280461,40.9578357178642,-0.0322420101818608,0.0175264260475743,-0.0786580850023621,NaN,0.7105765264641,NaN
B_prima2_semana,E2_lab_nublado,Conmutaciones_El,5,26.8,27.4,0.6,1,2.23880597014925,1,0.208,NaN
B_prima2_semana,E2_lab_nublado,LOH_High_media,5,61.9288610944948,62.1033810268538,0.174519932359063,0.129272905356892,0.281807107824524,5,0.0336800555438752,NaN
B_prima2_semana,E2_lab_nublado,LOH_High_min,5,0.619269624317942,0.699090021490216,0.0798203971722744,0.0341790976319958,12.8894416967711,4,0.256336868814476,NaN
B_prima2_semana,E2_lab_nublado,pct_tiempo_critico,5,62.5957298351028,62.334850636821,-0.260879198281745,-0.17427219862401,-0.416768362584771,5,0.0660684384412198,NaN
B_prima2_semana,E3_finde_soleado,Coste_Neto,5,-884.85386208525,-884.284557339422,0.569304745828003,0.612213278683953,0.0643388439856473,0,0.0342323263209539,NaN
B_prima2_semana,E3_finde_soleado,Coste_corregido,5,-870.478424999096,-869.857136192739,0.621288806356938,0.578933777841939,0.0713732573392136,0,0.0287599036405057,NaN
B_prima2_semana,E3_finde_soleado,Coste_total_H2,5,-870.478424999096,-869.857136192739,0.621288806356938,0.578933777841939,0.0713732573392136,0,0.0287599036405057,NaN
B_prima2_semana,E3_finde_soleado,V_terminal,5,-14.3754370861533,-14.4274211466822,-0.0519840605289378,-0.0795030168336375,-0.361617251826102,1,0.126419747594558,NaN
B_prima2_semana,E3_finde_soleado,E_Import_Red,5,862.284187344347,863.951488870311,1.66730152596385,2.34169280136325,0.193358703596176,1,0.106557799352718,NaN
B_prima2_semana,E3_finde_soleado,E_Export_Red,5,21231.8866708621,21234.0011143525,2.11444349035955,2.99148564178176,0.00995881111809693,NaN,0.0683423072579341,NaN
B_prima2_semana,E3_finde_soleado,Autarquia_pct,5,91.886244130442,91.8712367226165,-0.0150074078254903,-0.0206750157905873,-0.0163325946854305,1,0.117833098704884,NaN
B_prima2_semana,E3_finde_soleado,Autoconsumo_pct,5,31.9657135895078,31.9589381834287,-0.00677540607916498,-0.00958575156795405,-0.0211958543024326,1,0.0683423072579767,NaN
B_prima2_semana,E3_finde_soleado,coste_H2_kg,5,3.07822554359675,3.07775882331127,-0.000466720285482936,0.000813993017206194,-0.0151619911820235,2,0.728077887180732,NaN
B_prima2_semana,E3_finde_soleado,kg_H2_EL,5,168.350682725199,168.358709904556,0.00802717935710575,-0.000394136836064263,0.00476812996963525,2,0.393663403976634,NaN
B_prima2_semana,E3_finde_soleado,E_Comp,5,278.556812866371,278.60939377963,0.0525809132586801,0.0139013710958125,0.0188761900014645,2,0.185321346689865,NaN
B_prima2_semana,E3_finde_soleado,t_run_El_pct,5,34.4655845476446,34.4408160700793,-0.0247684775653468,-0.0603504293147665,-0.0718643768571728,NaN,0.495953699452148,NaN
B_prima2_semana,E3_finde_soleado,Conmutaciones_El,5,35.4,35.2,-0.2,0,-0.564971751412429,1,0.373900966300059,NaN
B_prima2_semana,E3_finde_soleado,LOH_High_media,5,80.4160214395017,80.4367976639036,0.0207762244019193,0.0237701742945688,0.0258359267593829,5,0.0486963900870498,NaN
B_prima2_semana,E3_finde_soleado,LOH_High_min,5,29.5470013221343,29.5741363794919,0.0271350573576189,0,0.0918369247077925,2,0.385004199533559,NaN
B_prima2_semana,E3_finde_soleado,pct_tiempo_critico,5,23.8010188475217,23.7557146896252,-0.0453041578965639,-0.0180224569734513,-0.190345456162189,5,0.125435772597553,NaN
B_prima2_semana,E4_volatilidad,Coste_Neto,5,-75.9177856623385,-74.6741322165293,1.24365344580922,1.29433950926165,1.63815821939361,0,0.00126811553523898,NaN
B_prima2_semana,E4_volatilidad,Coste_corregido,5,-60.6293022549056,-59.2180711041234,1.41123115078211,1.38158701909126,2.32763877909865,0,0.00126989779099063,NaN
B_prima2_semana,E4_volatilidad,Coste_total_H2,5,-60.6293022549056,-59.2180711041234,1.41123115078211,1.38158701909126,2.32763877909865,0,0.00126989779099063,NaN
B_prima2_semana,E4_volatilidad,V_terminal,5,-15.2884834074329,-15.4560611124058,-0.16757770497289,-0.171026709031828,-1.09610417532597,0,0.0132333617744684,NaN
B_prima2_semana,E4_volatilidad,E_Import_Red,5,1478.86647728631,1504.80618219217,25.9397049058607,15.4569375079427,1.75402616154093,0,0.0345858406154644,NaN
B_prima2_semana,E4_volatilidad,E_Export_Red,5,11009.6179582047,11035.7621354703,26.1441772656068,15.7480388560816,0.237466707426694,NaN,0.0334007366473956,NaN
B_prima2_semana,E4_volatilidad,Autarquia_pct,5,86.144058194593,85.9077949972366,-0.236263197356456,-0.155222755409355,-0.27426522769888,0,0.0302096095934685,NaN
B_prima2_semana,E4_volatilidad,Autoconsumo_pct,5,46.0107240013719,45.8825174452945,-0.128206556077447,-0.0772256784445915,-0.278644943890959,0,0.0334007366473952,NaN
B_prima2_semana,E4_volatilidad,coste_H2_kg,5,1.85752587338234,1.8573194109617,-0.000206462420643039,-0.0016026879402915,-0.0111149149307457,3,0.927748042162005,NaN
B_prima2_semana,E4_volatilidad,kg_H2_EL,5,166.995266482699,166.996560598432,0.00129411573385596,-4.20855022298383e-06,0.000774941566376695,2,0.357717994639417,NaN
B_prima2_semana,E4_volatilidad,E_Comp,5,260.39880335841,260.555934568672,0.157131210262793,0.200720495666644,0.0603425239426002,0,0.0599861271734003,NaN
B_prima2_semana,E4_volatilidad,t_run_El_pct,5,36.3910773957054,36.3632996638564,-0.0277777318489854,-0.0314152919720669,-0.0763311609242531,NaN,0.578618983859457,NaN
B_prima2_semana,E4_volatilidad,Conmutaciones_El,5,32.6,32.6,0,0,0,0,1,NaN
B_prima2_semana,E4_volatilidad,LOH_High_media,5,73.9760642560408,74.0412283474628,0.0651640914220195,0.0437317692481827,0.088088075619268,5,0.0428705974267276,NaN
B_prima2_semana,E4_volatilidad,LOH_High_min,5,22.3728818639044,23.5561141806025,1.18323231669808,0.00306651808824654,5.28868978031418,3,0.243897173332905,NaN
B_prima2_semana,E4_volatilidad,pct_tiempo_critico,5,40.9592576731851,40.8574390584672,-0.101818614717899,-0.0540673709203503,-0.248585107499537,5,0.0435578251129385,NaN
B_prima2_semana,TODOS,Coste_Neto,20,-390.84732222864,-389.825474002075,1.02184822656479,1.15563273380141,0.261444346282875,1,1.89101642302791e-05,0.000363481868201754
B_prima2_semana,TODOS,Coste_corregido,20,-376.72070143246,-375.606432206838,1.11426922562261,1.15580306304309,0.295781256879608,1,2.48128611124443e-06,0.000235745358564439
B_prima2_semana,TODOS,Coste_total_H2,20,-375.04069323406,-374.006424398837,1.03426883522261,1.06075408005545,0.275775096911185,1,1.32002964270406e-06,0.000235745358564439
B_prima2_semana,TODOS,V_terminal,20,-14.1266207961795,-14.2190417952373,-0.0924209990578055,-0.0882886478233988,-0.654232886910934,3,0.0703386937070256,0.0105491877123423
B_prima2_semana,TODOS,E_Import_Red,20,1320.32199568236,1335.04453827563,14.7225425932693,11.9176577394666,1.1150721294816,2,0.000418753489155765,0.000481928896718161
B_prima2_semana,TODOS,E_Export_Red,20,14013.8609636433,14028.483866477,14.6229028336516,11.0978999592362,0.104345996236072,NaN,0.000448470526331235,0.000553830376860923
B_prima2_semana,TODOS,Autarquia_pct,20,87.6524265794056,87.516124672051,-0.136301907354582,-0.108037408955155,-0.155502719860362,2,0.000422229749437175,0.000635624201131428
B_prima2_semana,TODOS,Autoconsumo_pct,20,45.5954824389406,45.5258789357803,-0.069603503160293,-0.0707872410313648,-0.152654384682743,2,0.00103658486861091,0.000953358041013402
B_prima2_semana,TODOS,coste_H2_kg,20,3.11633217669612,3.11640487713823,7.27004421142263e-05,0.000986487296973815,0.00233288487850811,9,0.966456810332506,0.588284480889313
B_prima2_semana,TODOS,kg_H2_EL,20,167.884805061268,167.892621760899,0.00781669963151472,0.000132985482736103,0.00465598993825683,11,0.0905031881696297,0.211064231877061
B_prima2_semana,TODOS,E_Comp,20,261.075556546122,261.262345526112,0.186788979990166,0.0566954143326512,0.0715459472580565,4,0.0205898833301053,0.00160712458710071
B_prima2_semana,TODOS,t_run_El_pct,20,36.7335371469293,36.7125302372185,-0.0210069097107962,-0.0118220704000116,-0.057187277192423,NaN,0.413426766704274,0.667686215745583
B_prima2_semana,TODOS,Conmutaciones_El,20,32.1,32.1,0,0,0,4,1,1
B_prima2_semana,TODOS,LOH_High_media,20,73.9158633635564,73.9928315353779,0.0769681718214418,0.0469108503006694,0.104129436252233,20,0.00077983756965283,9.56917315705946e-05
B_prima2_semana,TODOS,LOH_High_min,20,21.7995380237983,22.1274678894965,0.327929865698158,0.000477684271519507,1.5042973174026,10,0.169206830932894,0.165028888868398
B_prima2_semana,TODOS,pct_tiempo_critico,20,38.8248365991458,38.6995226529057,-0.125313946240167,-0.0849866319665455,-0.322767478802278,20,0.000883993825517182,9.56917315705946e-05
C,E1_lab_soleado,Coste_Neto,5,-662.338420791027,-658.068997543572,4.26942324745451,4.16674140734983,0.644598458044388,0,0.00123260016603566,NaN
C,E1_lab_soleado,Coste_corregido,5,-656.752663913508,-656.314362452915,0.438301460592288,0.540289424937896,0.0667376753343495,1,0.512394072929155,NaN
C,E1_lab_soleado,Coste_total_H2,5,-656.752663913508,-656.314362452915,0.438301460592288,0.540289424937896,0.0667376753343495,1,0.512394072929155,NaN
C,E1_lab_soleado,V_terminal,5,-5.58575687751912,-1.75463509065688,3.83112178686224,3.98267070427286,68.587335089382,5,0.000260646371328388,NaN
C,E1_lab_soleado,E_Import_Red,5,832.162671999616,900.724956314163,68.5622843145472,78.8539180333913,8.23904828004336,0,0.00767730214458906,NaN
C,E1_lab_soleado,E_Export_Red,5,20260.4752698316,20284.5690031809,24.0937333492351,32.6565537408787,0.118919882324337,NaN,0.166802197366177,NaN
C,E1_lab_soleado,Autarquia_pct,5,92.232764167151,91.5766811612497,-0.656083005901306,-0.758673344436644,-0.711333994839733,0,0.00874409458140235,NaN
C,E1_lab_soleado,Autoconsumo_pct,5,33.2793889724294,33.2000449003093,-0.0793440721200618,-0.107542650931315,-0.238418055649385,1,0.166802197366179,NaN
C,E1_lab_soleado,coste_H2_kg,5,2.65247449662331,2.72506097546685,0.0725864788435327,0.0746996255962147,2.73655708795458,0,6.46506892623133e-05,NaN
C,E1_lab_soleado,kg_H2_EL,5,167.699079757558,167.702784596406,0.00370483884762507,0.000840905277527781,0.00220921835288609,4,0.335667827008917,NaN
C,E1_lab_soleado,E_Comp,5,275.895320382492,276.207125793455,0.311805410963768,0.57939039971194,0.113015838953518,2,0.265490396578886,NaN
C,E1_lab_soleado,t_run_El_pct,5,35.0874089163212,36.2233528053029,1.13594388898166,1.05125487557064,3.23746872187325,NaN,0.00245495330385848,NaN
C,E1_lab_soleado,Conmutaciones_El,5,33.6,32.4,-1.2,-1,-3.57142857142857,4,0.07048399691022,NaN
C,E1_lab_soleado,LOH_High_media,5,79.3425066641885,79.7608855418634,0.418378877674877,0.441295954533487,0.527307360537065,5,0.00010675516652503,NaN
C,E1_lab_soleado,LOH_High_min,5,34.6589992848366,35.3990067439131,0.740007459076497,0.00299154032337157,2.13510913282557,3,0.368960371910247,NaN
C,E1_lab_soleado,pct_tiempo_critico,5,27.9433400407737,27.2485991259935,-0.694740914780233,-0.575561217656716,-2.48624865090035,5,0.00472918108610454,NaN
C,E2_lab_nublado,Coste_Neto,5,59.7207796240564,66.1402890696232,6.41950944556687,5.33324335818747,10.7492056968744,1,0.11415106655001,NaN
C,E2_lab_nublado,Coste_corregido,5,80.977585437669,78.9704362419795,-2.00714919568952,-5.51444329235596,-2.4786478688408,3,0.52992496308781,NaN
C,E2_lab_nublado,Coste_total_H2,5,87.6976182312709,86.1384712218186,-1.55914700945231,-5.51444329235596,-1.77786699444975,3,0.714232898934963,NaN
C,E2_lab_nublado,V_terminal,5,-21.2568058136127,-12.8301471723563,8.4266586412564,8.93131789884869,39.6421678550596,5,0.000992039125079724,NaN
C,E2_lab_nublado,E_Import_Red,5,2107.97464609918,2153.67477077633,45.7001246771435,53.4657137969684,2.16796367839204,1,0.0675156817227651,NaN
C,E2_lab_nublado,E_Export_Red,5,3553.46395567477,3522.58000529677,-30.8839503780011,-29.8750183981788,-0.869122376454118,NaN,0.149454943548893,NaN
C,E2_lab_nublado,Autarquia_pct,5,80.3466398254363,79.9942326939142,-0.352407131522048,-0.402675093965556,-0.438608425053866,1,0.107131568160508,NaN
C,E2_lab_nublado,Autoconsumo_pct,5,71.1261031924534,71.3770526905621,0.250949498108658,0.242751357298843,0.352823347329513,4,0.149454943548888,NaN
C,E2_lab_nublado,coste_H2_kg,5,4.87710279318205,4.92895944141298,0.0518566482309263,0.0474819983827235,1.06326748543047,0,0.00915744393980567,NaN
C,E2_lab_nublado,kg_H2_EL,5,168.494191279616,169.304404509653,0.810213230037732,0.719025049823955,0.480855288769679,5,0.0645574860733864,NaN
C,E2_lab_nublado,E_Comp,5,229.451289577216,233.744073814427,4.29278423721094,4.56952553351857,1.87089130992498,0,0.0140090280112903,NaN
C,E2_lab_nublado,t_run_El_pct,5,40.9900777280461,42.0574701430719,1.06739241502577,0.949237848482397,2.60402632585261,NaN,0.0289997509418758,NaN
C,E2_lab_nublado,Conmutaciones_El,5,26.8,28.6,1.8,2,6.71641791044776,0,0.00858091872192479,NaN
C,E2_lab_nublado,LOH_High_media,5,61.9288610944948,63.1391527840427,1.21029168954797,1.44506722316552,1.95432576694934,5,0.00625192470762737,NaN
C,E2_lab_nublado,LOH_High_min,5,0.619269624317942,0.447341257472832,-0.171928366845109,0.0941418718814093,-27.7630873683607,3,0.736092247503343,NaN
C,E2_lab_nublado,pct_tiempo_critico,5,62.5957298351028,61.3955334068561,-1.20019642824664,-0.916334463732703,-1.91737748151247,5,0.0137199751387527,NaN
C,E3_finde_soleado,Coste_Neto,5,-884.85386208525,-887.28942666263,-2.43556457738048,-2.3658504943769,-0.275250488441201,5,0.0215062522373726,NaN
C,E3_finde_soleado,Coste_corregido,5,-870.478424999096,-877.333851982156,-6.85542698306015,-7.02629695709265,-0.787547030021711,5,0.000407055733002037,NaN
C,E3_finde_soleado,Coste_total_H2,5,-870.478424999096,-877.333851982156,-6.85542698306015,-7.02629695709265,-0.787547030021711,5,0.000407055733002037,NaN
C,E3_finde_soleado,V_terminal,5,-14.3754370861533,-9.95557468047363,4.41986240567966,4.48719756962112,30.7459340484121,5,2.54496369089807e-06,NaN
C,E3_finde_soleado,E_Import_Red,5,862.284187344347,871.077130740309,8.79294339596225,6.55031468311495,1.01972685165927,0,0.0523547970860656,NaN
C,E3_finde_soleado,E_Export_Red,5,21231.8866708621,21199.3333905562,-32.5532803058901,-34.8554462782959,-0.153322598271802,NaN,0.000577503208363472,NaN
C,E3_finde_soleado,Autarquia_pct,5,91.886244130442,91.7998790385085,-0.0863650919334816,-0.0674351306178238,-0.0939913180158691,0,0.0481455059916183,NaN
C,E3_finde_soleado,Autoconsumo_pct,5,31.9657135895078,32.0700255251481,0.104311935640246,0.111688869285341,0.326324439303257,5,0.00057750320836325,NaN
C,E3_finde_soleado,coste_H2_kg,5,3.07822554359675,3.12426296376828,0.0460374201715214,0.0447159113115885,1.4955830727637,0,2.84842523146089e-05,NaN
C,E3_finde_soleado,kg_H2_EL,5,168.350682725199,168.364900930424,0.0142182052253531,0.000243679474380087,0.00844558809931392,3,0.195577028775993,NaN
C,E3_finde_soleado,E_Comp,5,278.556812866371,278.601250200849,0.0444373344782093,-0.0754353269560966,0.015952700643343,3,0.715569685537641,NaN
C,E3_finde_soleado,t_run_El_pct,5,34.4655845476446,35.3816544615502,0.916069913905565,1.00810018501954,2.65792652563083,NaN,0.00132888084268767,NaN
C,E3_finde_soleado,Conmutaciones_El,5,35.4,35.4,0,0,0,2,1,NaN
C,E3_finde_soleado,LOH_High_media,5,80.4160214395017,80.7235542778527,0.307532838350986,0.328366151148828,0.382427323369072,5,0.000539508334681749,NaN
C,E3_finde_soleado,LOH_High_min,5,29.5470013221343,29.8934515301423,0.346450208007995,0,1.17253931873101,2,0.374596109670794,NaN
C,E3_finde_soleado,pct_tiempo_critico,5,23.8010188475217,23.3698026292946,-0.431216218227154,-0.426421252610364,-1.81175529077006,5,0.00208272950478272,NaN
C,E4_volatilidad,Coste_Neto,5,-75.9177856623385,-72.6059486382607,3.31183702407782,3.22032721053662,4.36239939716889,0,0.0183701443567916,NaN
C,E4_volatilidad,Coste_corregido,5,-60.6293022549056,-61.4304422573739,-0.801140002468344,-0.670225766503975,-1.32137427394445,4,0.0628154145238411,NaN
C,E4_volatilidad,Coste_total_H2,5,-60.6293022549056,-61.4304422573739,-0.801140002468344,-0.670225766503975,-1.32137427394445,4,0.0628154145238411,NaN
C,E4_volatilidad,V_terminal,5,-15.2884834074329,-11.1755063808868,4.11297702654616,3.88904818333469,26.9024527609228,5,0.00291299109296261,NaN
C,E4_volatilidad,E_Import_Red,5,1478.86647728631,1575.34104834476,96.4745710584487,89.0710931569863,6.52354844336437,0,0.0142511638476173,NaN
C,E4_volatilidad,E_Export_Red,5,11009.6179582047,11050.101508427,40.4835502222839,42.1817481686594,0.367710763225115,NaN,0.0788928245417446,NaN
C,E4_volatilidad,Autarquia_pct,5,86.144058194593,85.2438530666729,-0.900205127920148,-0.781318902065664,-1.04499967471541,0,0.0133864122294451,NaN
C,E4_volatilidad,Autoconsumo_pct,5,46.0107240013719,45.8121996225376,-0.198524378834266,-0.206852049964667,-0.431474146827914,1,0.0788928245417462,NaN
C,E4_volatilidad,coste_H2_kg,5,1.85752587338234,1.91752733690327,0.0600014635209261,0.0615661305279693,3.2301818446098,0,0.000884714013045684,NaN
C,E4_volatilidad,kg_H2_EL,5,166.995266482699,167.00524647618,0.00997999348102212,-0.000556687915860721,0.00597621339288446,2,0.329232988742209,NaN
C,E4_volatilidad,E_Comp,5,260.39880335841,261.713459699924,1.31465634151473,1.1108034427015,0.504862666248607,0,0.00611949046427296,NaN
C,E4_volatilidad,t_run_El_pct,5,36.3910773957054,37.1417375301959,0.750660134490519,0.644178829069396,2.06275875354849,NaN,0.00461322917479134,NaN
C,E4_volatilidad,Conmutaciones_El,5,32.6,32.6,0,0,0,1,1,NaN
C,E4_volatilidad,LOH_High_media,5,73.9760642560408,74.5457959441147,0.569731688073878,0.522914939238845,0.770156798423288,5,0.00106410592275474,NaN
C,E4_volatilidad,LOH_High_min,5,22.3728818639044,25.9822589768464,3.60937711294195,3.6571423212673,16.1328215779174,5,0.0205147345142467,NaN
C,E4_volatilidad,pct_tiempo_critico,5,40.9592576731851,40.0773808244365,-0.881876848748598,-0.574403812163013,-2.15305867060657,5,0.0178985721925882,NaN
C,TODOS,Coste_Neto,20,-390.84732222864,-387.95602094371,2.89130128492968,3.22259211409714,0.739752102801491,6,0.0152394206822439,0.0144735765347585
C,TODOS,Coste_corregido,20,-376.72070143246,-379.027055112616,-2.30635368015643,-1.19084017603797,-0.612218460888039,13,0.0249497983732365,0.0382688764522297
C,TODOS,Coste_total_H2,20,-375.04069323406,-377.235046367657,-2.19435313359713,-1.19084017603797,-0.585097343617497,13,0.0675456431083914,0.0418880664903521
C,TODOS,V_terminal,20,-14.1266207961795,-8.92896583109338,5.19765496508612,4.4892921586703,36.7933353636264,20,4.16572976114082e-09,9.56917315705946e-05
C,TODOS,E_Import_Red,20,1320.32199568236,1375.20447654389,54.8824808615254,60.8177181209999,4.15674972021967,1,5.0013702445062e-05,0.000129926100333739
C,TODOS,E_Export_Red,20,14013.8609636433,14014.1459768652,0.285013221906956,-12.6138166280698,0.0020337951307379,NaN,0.977387972080262,1
C,TODOS,Autarquia_pct,20,87.6524265794056,87.1536614900863,-0.498765089319246,-0.413613564343322,-0.569025991388165,1,7.78992432102221e-05,0.000175476155215645
C,TODOS,Autoconsumo_pct,20,45.5954824389406,45.6148306846393,0.0193482456986441,0.0442585591901832,0.0424345673380129,11,0.731919053067405,0.837314554360899
C,TODOS,coste_H2_kg,20,3.11633217669612,3.17395267938784,0.0576205026917266,0.0574913160323229,1.84898462117138,0,6.87450096847897e-12,9.56917315705946e-05
C,TODOS,kg_H2_EL,20,167.884805061268,168.094334128166,0.209529066897933,0.000995239183652075,0.12480525966687,14,0.0680815204962515,0.0130419205139312
C,TODOS,E_Comp,20,261.075556546122,262.566477377164,1.49092083104191,0.761679016885097,0.571068716951494,5,0.00434584023590934,0.00108844053343019
C,TODOS,t_run_El_pct,20,36.7335371469293,37.7010537350302,0.967516588100879,0.984621387861459,2.63387809409952,NaN,6.56823062605838e-09,9.56917315705946e-05
C,TODOS,Conmutaciones_El,20,32.1,32.25,0.15,0,0.467289719626168,7,0.634155049665859,0.592162588779202
C,TODOS,LOH_High_media,20,73.9158633635564,74.5423471369684,0.626483773411929,0.452090075442165,0.847563357720057,20,3.78864388883571e-06,9.56917315705946e-05
C,TODOS,LOH_High_min,20,21.7995380237983,22.9305146270937,1.13097660329533,0.0636549091746557,5.1880760136323,13,0.0230518637737303,0.0080269529452589
C,TODOS,pct_tiempo_critico,20,38.8248365991458,38.0228289966452,-0.802007602500657,-0.600445435771435,-2.0657076056266,20,6.60912893746257e-07,9.56917315705946e-05
C_factor3,E1_lab_soleado,Coste_Neto,1,-739.566994894536,331.197259830401,1070.76425472494,1070.76425472494,144.782590639761,0,NaN,NaN
C_factor3,E1_lab_soleado,Coste_corregido,1,-723.052183367253,451.726136852602,1174.77832021985,1174.77832021985,162.474901154287,0,NaN,NaN
C_factor3,E1_lab_soleado,Coste_total_H2,1,-723.052183367253,4236.06460433419,4959.11678770144,4959.11678770144,685.858766736149,0,NaN,NaN
C_factor3,E1_lab_soleado,V_terminal,1,-16.5148115272833,-120.528877022201,-104.014065494917,-104.014065494917,-629.82290365882,0,NaN,NaN
C_factor3,E1_lab_soleado,E_Import_Red,1,761.788965960518,5926.6196522142,5164.83068625368,5164.83068625368,677.987069521478,0,NaN,NaN
C_factor3,E1_lab_soleado,E_Export_Red,1,20972.4508831362,5791.54036002421,-15180.910523112,-15180.910523112,-72.3850093043672,NaN,NaN,NaN
C_factor3,E1_lab_soleado,Autarquia_pct,1,92.3672348889105,80.5071239111362,-11.8601109777743,-11.8601109777743,-12.8401710758565,0,NaN,NaN
C_factor3,E1_lab_soleado,Autoconsumo_pct,1,30.9347525646575,80.9276383468144,49.9928857821569,49.9928857821569,161.607517880305,1,NaN,NaN
C_factor3,E1_lab_soleado,coste_H2_kg,1,2.50539923483423,2.77895331916702,0.273554084332793,0.273554084332793,10.9185825767562,0,NaN,NaN
C_factor3,E1_lab_soleado,kg_H2_EL,1,156.543833929031,350.871474231384,194.327640302352,194.327640302352,124.136246969938,1,NaN,NaN
C_factor3,E1_lab_soleado,E_Comp,1,256.245005486153,9.53278250812254,-246.71222297803,-246.71222297803,-96.2798172436427,1,NaN,NaN
C_factor3,E1_lab_soleado,t_run_El_pct,1,32.3433658343819,73.7717034198025,41.4283375854207,41.4283375854207,128.089135180177,NaN,NaN,NaN
C_factor3,E1_lab_soleado,Conmutaciones_El,1,34,24,-10,-10,-29.4117647058824,1,NaN,NaN
C_factor3,E1_lab_soleado,LOH_High_media,1,77.4437798011801,3.85501357861484,-73.5887662225653,-73.5887662225653,-95.02217790956,0,NaN,NaN
C_factor3,E1_lab_soleado,LOH_High_min,1,33.1142278724496,-32.4790303200371,-65.5932581924867,-65.5932581924867,-198.081798691308,0,NaN,NaN
C_factor3,E1_lab_soleado,pct_tiempo_critico,1,35.8850266451279,95.1947830774089,59.309756432281,59.309756432281,165.277169831316,0,NaN,NaN
C_factor3,E2_lab_nublado,Coste_Neto,1,-33.3057981693337,596.562128388886,629.867926558219,629.867926558219,1891.16598664244,0,NaN,NaN
C_factor3,E2_lab_nublado,Coste_corregido,1,0.769145483855951,751.808234574823,751.039089090967,751.039089090967,97645.9076800125,0,NaN,NaN
C_factor3,E2_lab_nublado,Coste_total_H2,1,16.7692235638653,4680.30740555724,4663.53818199337,4663.53818199337,27810.1020254896,0,NaN,NaN
C_factor3,E2_lab_nublado,V_terminal,1,-34.0749436531897,-155.246106185938,-121.171162532748,-121.171162532748,-355.601945423629,0,NaN,NaN
C_factor3,E2_lab_nublado,E_Import_Red,1,1951.70317535038,6510.87551390867,4559.17233855829,4559.17233855829,233.599678277912,0,NaN,NaN
C_factor3,E2_lab_nublado,E_Export_Red,1,4060.18157439649,135.955052690872,-3924.22652170562,-3924.22652170562,-96.6515031360123,NaN,NaN,NaN
C_factor3,E2_lab_nublado,Autarquia_pct,1,80.5804002553293,65.7279589926151,-14.8524412627142,-14.8524412627142,-18.4318286030503,0,NaN,NaN
C_factor3,E2_lab_nublado,Autoconsumo_pct,1,67.0087370348,98.8952885942203,31.8865515594203,31.8865515594203,47.5856626619608,1,NaN,NaN
C_factor3,E2_lab_nublado,coste_H2_kg,1,4.69521341421812,4.14394610800315,-0.551267306214973,-0.551267306214973,-11.7410489701196,1,NaN,NaN
C_factor3,E2_lab_nublado,kg_H2_EL,1,159.32914639097,129.10039802911,-30.2287483618595,-30.2287483618595,-18.9725163578563,0,NaN,NaN
C_factor3,E2_lab_nublado,E_Comp,1,217.881659676992,0,-217.881659676992,-217.881659676992,-100,1,NaN,NaN
C_factor3,E2_lab_nublado,t_run_El_pct,1,39.8043323341066,38.9458681450593,-0.858464189047311,-0.858464189047311,-2.15671043503908,NaN,NaN,NaN
C_factor3,E2_lab_nublado,Conmutaciones_El,1,27,17,-10,-10,-37.037037037037,1,NaN,NaN
C_factor3,E2_lab_nublado,LOH_High_media,1,64.3893992157429,3.32376128853735,-61.0656379272056,-61.0656379272056,-94.838030282903,0,NaN,NaN
C_factor3,E2_lab_nublado,LOH_High_min,1,-5.75207294586035,-32.4899936008744,-26.7379206550141,-26.7379206550141,-464.839735286333,0,NaN,NaN
C_factor3,E2_lab_nublado,pct_tiempo_critico,1,60.4962624069735,95.1947830774089,34.6985206704354,34.6985206704354,57.3564701187815,0,NaN,NaN
C_factor3,E3_finde_soleado,Coste_Neto,1,-846.320824290809,91.5667520505444,937.887576341353,937.887576341353,110.819390167703,0,NaN,NaN
C_factor3,E3_finde_soleado,Coste_corregido,1,-821.47449153205,238.929170047593,1060.40366157964,1060.40366157964,129.085403443507,0,NaN,NaN
C_factor3,E3_finde_soleado,Coste_total_H2,1,-821.47449153205,4250.94874860758,5072.42324013963,5072.42324013963,617.477875749929,0,NaN,NaN
C_factor3,E3_finde_soleado,V_terminal,1,-24.8463327587592,-147.362417997049,-122.51608523829,-122.51608523829,-493.095244388121,0,NaN,NaN
C_factor3,E3_finde_soleado,E_Import_Red,1,910.795008417565,4186.01428979029,3275.21928137272,3275.21928137272,359.600047332622,0,NaN,NaN
C_factor3,E3_finde_soleado,E_Export_Red,1,21319.3599280021,6886.37266104348,-14432.9872669586,-14432.9872669586,-67.6989708682645,NaN,NaN,NaN
C_factor3,E3_finde_soleado,Autarquia_pct,1,91.4228325637591,85.4344903051669,-5.98834225859223,-5.98834225859223,-6.55016049127104,0,NaN,NaN
C_factor3,E3_finde_soleado,Autoconsumo_pct,1,31.6854191097108,77.9336873254047,46.2482682156939,46.2482682156939,145.960727410798,1,NaN,NaN
C_factor3,E3_finde_soleado,coste_H2_kg,1,3.32159666274495,2.93000724923747,-0.391589413507476,-0.391589413507476,-11.7891921647064,1,NaN,NaN
C_factor3,E3_finde_soleado,kg_H2_EL,1,171.070289946091,327.097419363195,156.027129417104,156.027129417104,91.2064447112781,1,NaN,NaN
C_factor3,E3_finde_soleado,E_Comp,1,274.048444408265,15.0875483660047,-258.96089604226,-258.96089604226,-94.4945688713606,1,NaN,NaN
C_factor3,E3_finde_soleado,t_run_El_pct,1,35.7836709926075,68.6273666875551,32.8436956949476,32.8436956949476,91.7840310507347,NaN,NaN,NaN
C_factor3,E3_finde_soleado,Conmutaciones_El,1,36,23,-13,-13,-36.1111111111111,1,NaN,NaN
C_factor3,E3_finde_soleado,LOH_High_media,1,78.2587263487791,4.62672690873056,-73.6319994400485,-73.6319994400485,-94.0879092663604,0,NaN,NaN
C_factor3,E3_finde_soleado,LOH_High_min,1,29.9813863442752,-50.0554639423484,-80.0368502866237,-80.0368502866237,-266.955134654426,0,NaN,NaN
C_factor3,E3_finde_soleado,pct_tiempo_critico,1,30.5989904117222,94.0223313122829,63.4233409005607,63.4233409005607,207.272658500078,0,NaN,NaN
C_factor3,E4_volatilidad,Coste_Neto,1,-134.146517659382,613.130167156423,747.276684815805,747.276684815805,557.060069731555,0,NaN,NaN
C_factor3,E4_volatilidad,Coste_corregido,1,-103.220450684235,736.164659920824,839.385110605059,839.385110605059,813.196517783909,0,NaN,NaN
C_factor3,E4_volatilidad,Coste_total_H2,1,-103.220450684235,4592.82348032401,4696.04393100825,4696.04393100825,4549.52860589036,0,NaN,NaN
C_factor3,E4_volatilidad,V_terminal,1,-30.9260669751464,-123.034492764401,-92.1084257892544,-92.1084257892544,-297.834269916304,0,NaN,NaN
C_factor3,E4_volatilidad,E_Import_Red,1,1222.45885758891,9707.5471999091,8485.08834232019,8485.08834232019,694.100115488188,0,NaN,NaN
C_factor3,E4_volatilidad,E_Export_Red,1,11487.458037519,1535.38245766176,-9952.07557985729,-9952.07557985729,-86.6342714580801,NaN,NaN,NaN
C_factor3,E4_volatilidad,Autarquia_pct,1,87.7473174230454,65.9067825529391,-21.8405348701064,-21.8405348701064,-24.8902593395639,0,NaN,NaN
C_factor3,E4_volatilidad,Autoconsumo_pct,1,43.6674783026343,92.470748069112,48.8032697664777,48.8032697664777,111.76113589214,1,NaN,NaN
C_factor3,E4_volatilidad,coste_H2_kg,1,1.73416467797617,2.25545692153158,0.521292243555409,0.521292243555409,30.0601350134622,0,NaN,NaN
C_factor3,E4_volatilidad,kg_H2_EL,1,156.752593895726,312.652142896759,155.899549001032,155.899549001032,99.4558017360392,1,NaN,NaN
C_factor3,E4_volatilidad,E_Comp,1,248.998441247038,2.40729023638704,-246.591151010651,-246.591151010651,-99.0332107203841,1,NaN,NaN
C_factor3,E4_volatilidad,t_run_El_pct,1,33.9992824085939,68.960368782459,34.9610863738651,34.9610863738651,102.828894897582,NaN,NaN,NaN
C_factor3,E4_volatilidad,Conmutaciones_El,1,33,22,-11,-11,-33.3333333333333,1,NaN,NaN
C_factor3,E4_volatilidad,LOH_High_media,1,73.942229384885,3.4982493571916,-70.4439800276934,-70.4439800276934,-95.268942542992,0,NaN,NaN
C_factor3,E4_volatilidad,LOH_High_min,1,33.1211069869018,-32.483715187945,-65.6048221748468,-65.6048221748468,-198.075572174538,0,NaN,NaN
C_factor3,E4_volatilidad,pct_tiempo_critico,1,38.9645519766006,95.1947830774089,56.2302311008084,56.2302311008084,144.311247655501,0,NaN,NaN
C_factor3,TODOS,Coste_Neto,4,-438.335033753515,408.114076856564,846.449110610079,842.582130578579,193.105511864255,0,0.00327131473657283,NaN
C_factor3,TODOS,Coste_corregido,4,-411.744495024921,544.657050348961,956.401545373881,949.894386092351,232.280347868645,0,0.00226047112822703,NaN
C_factor3,TODOS,Coste_total_H2,4,-407.744475504918,4440.03605970575,4847.78053521067,4827.58035935484,1188.92611094425,0,1.92863875227989e-05,NaN
C_factor3,TODOS,V_terminal,4,-26.5905387285947,-136.542973492397,-109.952434763802,-112.592614013833,-413.502095185318,0,0.000632198280528407,NaN
C_factor3,TODOS,E_Import_Red,4,1211.68650182934,6582.76416395556,5371.07766212622,4862.00151240599,443.272880734187,0,0.0168444552579361,NaN
C_factor3,TODOS,E_Export_Red,4,14459.8626057635,3587.31263285508,-10872.5499729084,-12192.5314234079,-75.1912398432801,NaN,0.0246112327621342,NaN
C_factor3,TODOS,Autarquia_pct,4,88.0294462827611,74.3940889404643,-13.6353573422968,-13.3562761202443,-15.4895411911355,0,0.025655518565149,NaN
C_factor3,TODOS,Autoconsumo_pct,4,43.3240967529507,87.5568405838879,44.2327438309372,47.5257689910858,102.097324920974,4,0.00181419347588063,NaN
C_factor3,TODOS,coste_H2_kg,4,3.06409349744337,3.02709089948481,-0.0370025979585614,-0.059017664587341,-1.20761974102408,2,0.895021534112931,NaN
C_factor3,TODOS,kg_H2_EL,4,160.923966040454,279.930358630112,119.006392589657,155.963339209068,73.9519386190995,3,0.0999645291683233,NaN
C_factor3,TODOS,E_Comp,4,249.293387704612,6.75690527762857,-242.536482426983,-246.65168699434,-97.2895770161241,4,0.00010185599890522,NaN
C_factor3,TODOS,t_run_El_pct,4,35.4826628924225,62.576326758719,27.0936638662965,33.9023910344064,76.3574705439668,NaN,0.0649171772007047,NaN
C_factor3,TODOS,Conmutaciones_El,4,32.5,21.5,-11,-10.5,-33.8461538461538,4,0.000577197676414398,NaN
C_factor3,TODOS,LOH_High_media,4,73.5085336876468,3.82593778326859,-69.6825959043782,-72.0163731251293,-94.7952467675035,0,0.000169251893942235,NaN
C_factor3,TODOS,LOH_High_min,4,22.6161620644416,-36.8770507628012,-59.4932128272428,-65.5990401836668,-263.056183704933,0,0.0138034688786246,NaN
C_factor3,TODOS,pct_tiempo_critico,4,41.4862078601061,94.9016701361274,53.4154622760214,57.7699937665447,128.754747737227,0,0.00362318106959725,NaN
C_factorB,E1_lab_soleado,Coste_Neto,1,-739.566994894536,-207.515772860444,532.051222034092,532.051222034092,71.940909438497,0,NaN,NaN
C_factorB,E1_lab_soleado,Coste_corregido,1,-723.052183367253,-188.262007017231,534.790176350022,534.790176350022,73.9628741399417,0,NaN,NaN
C_factorB,E1_lab_soleado,Coste_total_H2,1,-723.052183367253,-188.262007017231,534.790176350022,534.790176350022,73.9628741399417,0,NaN,NaN
C_factorB,E1_lab_soleado,V_terminal,1,-16.5148115272833,-19.2537658432126,-2.73895431592925,-2.73895431592925,-16.5848354454688,0,NaN,NaN
C_factorB,E1_lab_soleado,E_Import_Red,1,761.788965960518,2880.0077086072,2118.21874264668,2118.21874264668,278.058469903916,0,NaN,NaN
C_factorB,E1_lab_soleado,E_Export_Red,1,20972.4508831362,13135.07807348,-7837.37280965619,-7837.37280965619,-37.3698470118157,NaN,NaN,NaN
C_factorB,E1_lab_soleado,Autarquia_pct,1,92.3672348889105,85.5536850264561,-6.81354986245449,-6.81354986245449,-7.37658745620036,0,NaN,NaN
C_factorB,E1_lab_soleado,Autoconsumo_pct,1,30.9347525646575,56.7443298695769,25.8095773049195,25.8095773049195,83.4323056277054,1,NaN,NaN
C_factorB,E1_lab_soleado,coste_H2_kg,1,2.50539923483423,2.72693542014822,0.221536185313997,0.221536185313997,8.84235064151981,0,NaN,NaN
C_factorB,E1_lab_soleado,kg_H2_EL,1,156.543833929031,223.794240793679,67.250406864648,67.250406864648,42.9594735076795,1,NaN,NaN
C_factorB,E1_lab_soleado,E_Comp,1,256.245005486153,347.64853454891,91.4035290627579,91.4035290627579,35.6703651215935,0,NaN,NaN
C_factorB,E1_lab_soleado,t_run_El_pct,1,32.3433658343819,48.3015074379837,15.9581416036018,15.9581416036018,49.3397678068431,NaN,NaN,NaN
C_factorB,E1_lab_soleado,Conmutaciones_El,1,34,46,12,12,35.2941176470588,0,NaN,NaN
C_factorB,E1_lab_soleado,LOH_High_media,1,77.4437798011801,75.6212517196205,-1.82252808155962,-1.82252808155962,-2.35335631375246,0,NaN,NaN
C_factorB,E1_lab_soleado,LOH_High_min,1,33.1142278724496,3.86382515603939,-29.2504027164102,-29.2504027164102,-88.3318277239554,0,NaN,NaN
C_factorB,E1_lab_soleado,pct_tiempo_critico,1,35.8850266451279,23.3483410245684,-12.5366856205595,-12.5366856205595,-34.9357010224252,1,NaN,NaN
C_factorB,E2_lab_nublado,Coste_Neto,1,-33.3057981693337,991.635259582136,1024.94105775147,1024.94105775147,3077.36524595643,0,NaN,NaN
C_factorB,E2_lab_nublado,Coste_corregido,1,0.769145483855951,1118.47023309038,1117.70108760653,1117.70108760653,145317.252856139,0,NaN,NaN
C_factorB,E2_lab_nublado,Coste_total_H2,1,16.7692235638653,1169.51048216558,1152.74125860172,1152.74125860172,6874.14807377052,0,NaN,NaN
C_factorB,E2_lab_nublado,V_terminal,1,-34.0749436531897,-126.834973508246,-92.7600298550563,-92.7600298550563,-272.223575185203,0,NaN,NaN
C_factorB,E2_lab_nublado,E_Import_Red,1,1951.70317535038,8001.62249173632,6049.91931638594,6049.91931638594,309.981527559887,0,NaN,NaN
C_factorB,E2_lab_nublado,E_Export_Red,1,4060.18157439649,961.965074272833,-3098.21650012366,-3098.21650012366,-76.3073385599554,NaN,NaN,NaN
C_factorB,E2_lab_nublado,Autarquia_pct,1,80.5804002553293,58.6290947007726,-21.9513055545567,-21.9513055545567,-27.2414948113948,0,NaN,NaN
C_factorB,E2_lab_nublado,Autoconsumo_pct,1,67.0087370348,92.1834917608603,25.1747547260603,25.1747547260603,37.5693616087499,1,NaN,NaN
C_factorB,E2_lab_nublado,coste_H2_kg,1,4.69521341421812,5.7592442605338,1.06403084631568,1.06403084631568,22.6620337021011,0,NaN,NaN
C_factorB,E2_lab_nublado,kg_H2_EL,1,159.32914639097,219.999197793091,60.6700514021217,60.6700514021217,38.0784387391661,1,NaN,NaN
C_factorB,E2_lab_nublado,E_Comp,1,217.881659676992,257.532985951699,39.6513262747071,39.6513262747071,18.1985607845516,0,NaN,NaN
C_factorB,E2_lab_nublado,t_run_El_pct,1,39.8043323341066,52.761156148882,12.9568238147754,12.9568238147754,32.5512904123587,NaN,NaN,NaN
C_factorB,E2_lab_nublado,Conmutaciones_El,1,27,32,5,5,18.5185185185185,0,NaN,NaN
C_factorB,E2_lab_nublado,LOH_High_media,1,64.3893992157429,52.0508101159611,-12.3385890997818,-12.3385890997818,-19.1624541462798,0,NaN,NaN
C_factorB,E2_lab_nublado,LOH_High_min,1,-5.75207294586035,-6.83924187524675,-1.08716892938639,-1.08716892938639,-18.9004718754272,0,NaN,NaN
C_factorB,E2_lab_nublado,pct_tiempo_critico,1,60.4962624069735,73.2956790746047,12.7994166676312,12.7994166676312,21.1573676759174,0,NaN,NaN
C_factorB,E3_finde_soleado,Coste_Neto,1,-846.320824290809,-237.732110782533,608.588713508276,608.588713508276,71.9099301400571,0,NaN,NaN
C_factorB,E3_finde_soleado,Coste_corregido,1,-821.47449153205,-250.800738692469,570.673752839581,570.673752839581,69.4694429008105,0,NaN,NaN
C_factorB,E3_finde_soleado,Coste_total_H2,1,-821.47449153205,-250.800738692469,570.673752839581,570.673752839581,69.4694429008105,0,NaN,NaN
C_factorB,E3_finde_soleado,V_terminal,1,-24.8463327587592,13.0686279099365,37.9149606686958,37.9149606686958,152.59781407914,1,NaN,NaN
C_factorB,E3_finde_soleado,E_Import_Red,1,910.795008417565,3006.18611715432,2095.39110873675,2095.39110873675,230.061769044753,0,NaN,NaN
C_factorB,E3_finde_soleado,E_Export_Red,1,21319.3599280021,14058.3870494733,-7260.97287852879,-7260.97287852879,-34.0581185506973,NaN,NaN,NaN
C_factorB,E3_finde_soleado,Autarquia_pct,1,91.4228325637591,85.0135817262046,-6.40925083755452,-6.40925083755452,-7.0105581481351,0,NaN,NaN
C_factorB,E3_finde_soleado,Autoconsumo_pct,1,31.6854191097108,54.9520800567375,23.2666609470267,23.2666609470267,73.4301820861697,1,NaN,NaN
C_factorB,E3_finde_soleado,coste_H2_kg,1,3.32159666274495,3.62316128242198,0.301564619677032,0.301564619677032,9.07890542700091,0,NaN,NaN
C_factorB,E3_finde_soleado,kg_H2_EL,1,171.070289946091,236.251880999123,65.1815910530328,65.1815910530328,38.1022274958285,1,NaN,NaN
C_factorB,E3_finde_soleado,E_Comp,1,274.048444408265,359.575801291981,85.5273568837165,85.5273568837165,31.2088459645849,0,NaN,NaN
C_factorB,E3_finde_soleado,t_run_El_pct,1,35.7836709926075,48.827300219411,13.0436292268035,13.0436292268035,36.4513446077073,NaN,NaN,NaN
C_factorB,E3_finde_soleado,Conmutaciones_El,1,36,37,1,1,2.77777777777778,0,NaN,NaN
C_factorB,E3_finde_soleado,LOH_High_media,1,78.2587263487791,72.6857365833096,-5.57298976546946,-5.57298976546946,-7.12123749705825,0,NaN,NaN
C_factorB,E3_finde_soleado,LOH_High_min,1,29.9813863442752,3.69188935003389,-26.2894969942413,-26.2894969942413,-87.6860619197523,0,NaN,NaN
C_factorB,E3_finde_soleado,pct_tiempo_critico,1,30.5989904117222,36.8736162803964,6.27462586867416,6.27462586867416,20.5059898521044,0,NaN,NaN
C_factorB,E4_volatilidad,Coste_Neto,1,-134.146517659382,276.528382248304,410.674899907685,410.674899907685,306.139068738594,0,NaN,NaN
C_factorB,E4_volatilidad,Coste_corregido,1,-103.220450684235,316.571177714938,419.791628399174,419.791628399174,406.69424093426,0,NaN,NaN
C_factorB,E4_volatilidad,Coste_total_H2,1,-103.220450684235,323.131209727738,426.351660411974,426.351660411974,413.049601688175,0,NaN,NaN
C_factorB,E4_volatilidad,V_terminal,1,-30.9260669751464,-40.0427954666346,-9.1167284914882,-9.1167284914882,-29.4791073782994,0,NaN,NaN
C_factorB,E4_volatilidad,E_Import_Red,1,1222.45885758891,4759.74672937908,3537.28787179017,3537.28787179017,289.3584393316,0,NaN,NaN
C_factorB,E4_volatilidad,E_Export_Red,1,11487.458037519,5203.41948013691,-6284.03855738214,-6284.03855738214,-54.7034734478065,NaN,NaN,NaN
C_factorB,E4_volatilidad,Autarquia_pct,1,87.7473174230454,75.9456412342424,-11.801676188803,-11.801676188803,-13.4496147978007,0,NaN,NaN
C_factorB,E4_volatilidad,Autoconsumo_pct,1,43.6674783026343,74.4833243518326,30.8158460491983,30.8158460491983,70.569328129349,1,NaN,NaN
C_factorB,E4_volatilidad,coste_H2_kg,1,1.73416467797617,2.1410099978932,0.40684531991703,0.40684531991703,23.4605931653407,0,NaN,NaN
C_factorB,E4_volatilidad,kg_H2_EL,1,156.752593895726,221.65294840465,64.9003545089236,64.9003545089236,41.4030497971192,1,NaN,NaN
C_factorB,E4_volatilidad,E_Comp,1,248.998441247038,312.092365201361,63.0939239543233,63.0939239543233,25.3390839068451,0,NaN,NaN
C_factorB,E4_volatilidad,t_run_El_pct,1,33.9992824085939,49.0397667993274,15.0404843907335,15.0404843907335,44.2376524597817,NaN,NaN,NaN
C_factorB,E4_volatilidad,Conmutaciones_El,1,33,37,4,4,12.1212121212121,0,NaN,NaN
C_factorB,E4_volatilidad,LOH_High_media,1,73.942229384885,68.8578611665582,-5.08436821832679,-5.08436821832679,-6.87613595184096,0,NaN,NaN
C_factorB,E4_volatilidad,LOH_High_min,1,33.1211069869018,-2.48490437700513,-35.606011363907,-35.606011363907,-107.502479847633,0,NaN,NaN
C_factorB,E4_volatilidad,pct_tiempo_critico,1,38.9645519766006,36.2208395819451,-2.74371239465543,-2.74371239465543,-7.04156022710878,1,NaN,NaN
C_factorB,TODOS,Coste_Neto,4,-438.335033753515,205.728939546866,644.063973300381,570.319967771184,146.934176760909,0,0.0169150961741451,NaN
C_factorB,TODOS,Coste_corregido,4,-411.744495024921,248.994666273905,660.739161298825,552.731964594801,160.473101470084,0,0.0239586783946615,NaN
C_factorB,TODOS,Coste_total_H2,4,-407.744475504918,263.394736545905,671.139212050823,552.731964594801,164.597990253513,0,0.0261432966820196,NaN
C_factorB,TODOS,V_terminal,4,-26.5905387285947,-43.2657267270392,-16.6751879984445,-5.92784140370872,-62.7109821604047,1,0.586007008594918,NaN
C_factorB,TODOS,E_Import_Red,4,1211.68650182934,4661.89076171923,3450.20425988989,2827.75330721842,284.743970877033,0,0.0340313460544921,NaN
C_factorB,TODOS,E_Export_Red,4,14459.8626057635,8339.71241934076,-6120.15018642269,-6772.50571795546,-42.3250922452286,NaN,0.0102503423773861,NaN
C_factorB,TODOS,Autarquia_pct,4,88.0294462827611,76.2855006719189,-11.7439456108422,-9.30761302562877,-13.3409286400817,0,0.0475905667013934,NaN
C_factorB,TODOS,Autoconsumo_pct,4,43.3240967529507,69.5908065097518,26.2667097568012,25.4921660154899,60.6284071115972,4,0.000500844648715137,NaN
C_factorB,TODOS,coste_H2_kg,4,3.06409349744337,3.5625877402493,0.498494242805935,0.354204969797031,16.2688979047758,0,0.0809078477843597,NaN
C_factorB,TODOS,kg_H2_EL,4,160.923966040454,225.424566997636,64.5006009571815,65.0409727809782,40.0814139399018,4,2.15701021559767e-05,NaN
C_factorB,TODOS,E_Comp,4,249.293387704612,319.212421748488,69.9190340438762,74.3106404190199,28.0468867175584,0,0.00958115569724804,NaN
C_factorB,TODOS,t_run_El_pct,4,35.4826628924225,49.732432651401,14.2497697589786,14.0420568087685,40.1598093192202,NaN,0.000312769880812303,NaN
C_factorB,TODOS,Conmutaciones_El,4,32.5,38,5.5,4.5,16.9230769230769,0,0.0991140291537471,NaN
C_factorB,TODOS,LOH_High_media,4,73.5085336876468,67.3039148963623,-6.20461879128442,-5.32867899189812,-8.44067821791841,0,0.0672612389200453,NaN
C_factorB,TODOS,LOH_High_min,4,22.6161620644416,-0.442107936544647,-23.0582700009862,-27.7699498553257,-101.954831837891,0,0.0557292420474471,NaN
C_factorB,TODOS,pct_tiempo_critico,4,41.4862078601061,42.4346189903787,0.948411130272602,1.76545673700936,2.28608778481441,2,0.874290872155959,NaN
E,E1_lab_soleado,Coste_Neto,5,-662.338420791027,-712.376303892564,-50.0378831015369,-38.0826732267137,-7.55473056232748,5,0.00615456486680532,NaN
E,E1_lab_soleado,Coste_corregido,5,-656.752663913508,-705.751145322646,-48.9984814091389,-38.2719579641895,-7.46072061849936,5,0.00585574349389639,NaN
E,E1_lab_soleado,Coste_total_H2,5,-656.752663913508,-705.751145322646,-48.9984814091389,-38.2719579641895,-7.46072061849936,5,0.00585574349389639,NaN
E,E1_lab_soleado,V_terminal,5,-5.58575687751912,-6.62515856991712,-1.03940169239799,-0.660422631185938,-18.6080725529114,1,0.159662749729251,NaN
E,E1_lab_soleado,E_Import_Red,5,832.162671999616,301.075873408081,-531.086798591536,-452.848889995298,-63.8200698566999,5,0.00425634615745629,NaN
E,E1_lab_soleado,E_Export_Red,5,20260.4752698316,19742.684515368,-517.79075446365,-389.108660092628,-2.55566933928077,NaN,0.0055708330716191,NaN
E,E1_lab_soleado,Autarquia_pct,5,92.232764167151,97.2124228706157,4.97965870346464,4.24847049841486,5.39901275694192,5,0.00495283083986919,NaN
E,E1_lab_soleado,Autoconsumo_pct,5,33.2793889724294,34.9845471714418,1.70515819901241,1.28138985940556,5.12376654639022,5,0.0055708330716191,NaN
E,E1_lab_soleado,coste_H2_kg,5,2.65247449662331,2.52412853788286,-0.128345958740449,-0.115582991987307,-4.8387254582028,5,0.00547552537486351,NaN
E,E1_lab_soleado,kg_H2_EL,5,167.699079757558,167.437463450639,-0.261616306919706,0.000101566366538464,-0.156003424287076,3,0.376583672010629,NaN
E,E1_lab_soleado,E_Comp,5,275.895320382492,274.084552986636,-1.81076739585536,-2.09501210767189,-0.656324070065767,5,0.00294478849400703,NaN
E,E1_lab_soleado,t_run_El_pct,5,35.0874089163212,34.9901537861214,-0.0972551301998536,-0.0927577831385875,-0.277179572968166,NaN,0.796170851412437,NaN
E,E1_lab_soleado,Conmutaciones_El,5,33.6,32.2,-1.4,-1,-4.16666666666667,3,0.134701935318967,NaN
E,E1_lab_soleado,LOH_High_media,5,79.3425066641885,78.285300965207,-1.05720569898154,-0.886138776869018,-1.33245815317644,0,0.00974347228911188,NaN
E,E1_lab_soleado,LOH_High_min,5,34.6589992848366,32.3583745510205,-2.30062473381613,-1.7672928969745,-6.63788563226827,0,0.102117595808353,NaN
E,E1_lab_soleado,pct_tiempo_critico,5,27.9433400407737,30.152231891151,2.20889185037723,1.99288691652296,7.90489557495314,0,0.00858053219192789,NaN
E,E2_lab_nublado,Coste_Neto,5,59.7207796240564,-44.0319252286199,-103.752704852676,-107.720934098371,-173.729655750983,5,0.000792902972251541,NaN
E,E2_lab_nublado,Coste_corregido,5,80.977585437669,5.54666254952361,-75.4309228881454,-64.2421250741096,-93.1503730081048,5,0.00293203486895899,NaN
E,E2_lab_nublado,Coste_total_H2,5,87.6976182312709,30.1227824804036,-57.5748357508673,-54.6884504855748,-65.6515386758103,5,0.0403339371822544,NaN
E,E2_lab_nublado,V_terminal,5,-21.2568058136127,-49.5785877781435,-28.3217819645308,-21.93814370133,-133.236301883107,0,0.0432757320662109,NaN
E,E2_lab_nublado,E_Import_Red,5,2107.97464609918,1162.13673640136,-945.837909697826,-1065.43009112482,-44.8695107148515,5,0.000512713714937663,NaN
E,E2_lab_nublado,E_Export_Red,5,3553.46395567477,2868.49911771187,-684.964837962906,-589.308263296754,-19.2759754005395,NaN,0.00233137848478049,NaN
E,E2_lab_nublado,Autarquia_pct,5,80.3466398254363,89.0621269266407,8.71548710120442,9.15250426603659,10.8473573009898,5,0.00070013141523817,NaN
E,E2_lab_nublado,Autoconsumo_pct,5,71.1261031924534,76.6918284382533,5.56572524579983,4.78846167979036,7.82515138041523,5,0.00233137848478071,NaN
E,E2_lab_nublado,coste_H2_kg,5,4.87710279318205,4.78796778200536,-0.089135011176694,-0.105827274422612,-1.82762215513071,4,0.266435479463432,NaN
E,E2_lab_nublado,kg_H2_EL,5,168.494191279616,166.137373774441,-2.35681750517484,-1.71429606250766,-1.39875297022181,0,0.0389140347955064,NaN
E,E2_lab_nublado,E_Comp,5,229.451289577216,206.460071679299,-22.9912178979168,-16.0607993913202,-10.0200865901779,5,0.078613808211099,NaN
E,E2_lab_nublado,t_run_El_pct,5,40.9900777280461,40.9129614534368,-0.0771162746093339,-0.141368813874315,-0.188134004333858,NaN,0.851854710629991,NaN
E,E2_lab_nublado,Conmutaciones_El,5,26.8,26.4,-0.4,1,-1.49253731343284,2,0.789282179206409,NaN
E,E2_lab_nublado,LOH_High_media,5,61.9288610944948,56.1342242332251,-5.79463686126964,-4.7323018869555,-9.35692463717012,0,0.0327241335444866,NaN
E,E2_lab_nublado,LOH_High_min,5,0.619269624317942,-2.62477999541725,-3.24404961973519,-2.18713604800026,-523.850919267703,2,0.128513703354695,NaN
E,E2_lab_nublado,pct_tiempo_critico,5,62.5957298351028,71.6072228716553,9.01149303655252,6.72832882220762,14.3963383129994,0,0.0374633715301962,NaN
E,E3_finde_soleado,Coste_Neto,5,-884.85386208525,-929.42643730237,-44.5725752171205,-48.7620709575376,-5.03728097112902,5,0.0141144785133691,NaN
E,E3_finde_soleado,Coste_corregido,5,-870.478424999096,-907.270306190927,-36.7918811918308,-26.4320581605319,-4.22662758032964,5,0.0168053749325026,NaN
E,E3_finde_soleado,Coste_total_H2,5,-870.478424999096,-907.270306190927,-36.7918811918308,-26.4320581605319,-4.22662758032964,5,0.0168053749325026,NaN
E,E3_finde_soleado,V_terminal,5,-14.3754370861533,-22.1561311114429,-7.78069402528964,-7.71659962900082,-54.1249214104534,2,0.132265807489647,NaN
E,E3_finde_soleado,E_Import_Red,5,862.284187344347,315.409156882601,-546.875030461746,-605.104939841547,-63.4216698494734,5,0.00548485991096537,NaN
E,E3_finde_soleado,E_Export_Red,5,21231.8866708621,20797.9012743892,-433.985396472885,-378.884127659661,-2.04402653047537,NaN,0.00530865142948711,NaN
E,E3_finde_soleado,Autarquia_pct,5,91.886244130442,97.0286206520791,5.14237652163712,5.69305998078087,5.59645959011775,5,0.00520745523597066,NaN
E,E3_finde_soleado,Autoconsumo_pct,5,31.9657135895078,33.3563524535579,1.39063886405006,1.21407539787609,4.35040769590862,5,0.00530865142948711,NaN
E,E3_finde_soleado,coste_H2_kg,5,3.07822554359675,2.97206211018261,-0.106163433414141,-0.105118399046765,-3.44885168128695,5,0.000702658602566686,NaN
E,E3_finde_soleado,kg_H2_EL,5,168.350682725199,167.771132038753,-0.579550686445799,-0.401872641038096,-0.344252055925314,0,0.120321667302354,NaN
E,E3_finde_soleado,E_Comp,5,278.556812866371,277.751189531776,-0.805623334595424,-0.870442112806302,-0.289213294159097,3,0.150327079202244,NaN
E,E3_finde_soleado,t_run_El_pct,5,34.4655845476446,34.3962394242073,-0.0693451234372944,0.150462714182019,-0.201201065780367,NaN,0.896322324916217,NaN
E,E3_finde_soleado,Conmutaciones_El,5,35.4,34.6,-0.8,-1,-2.25988700564972,3,0.373900966300059,NaN
E,E3_finde_soleado,LOH_High_media,5,80.4160214395017,79.66285242566,-0.753169013841668,-0.764483016334182,-0.93659074443056,0,0.00122648720640917,NaN
E,E3_finde_soleado,LOH_High_min,5,29.5470013221343,27.8475164849456,-1.69948483718871,-1.7643062556777,-5.75180140502308,0,0.0985978333977671,NaN
E,E3_finde_soleado,pct_tiempo_critico,5,23.8010188475217,25.2998589618734,1.49884011435166,1.3624316097361,6.29737795660679,0,0.00181678657447026,NaN
E,E4_volatilidad,Coste_Neto,5,-75.9177856623385,-148.800504303981,-72.8827186416429,-72.8616357046144,-96.0021660349859,5,0.0018447573371223,NaN
E,E4_volatilidad,Coste_corregido,5,-60.6293022549056,-126.85214814015,-66.2228458852448,-72.3134944434992,-109.22580901034,5,0.0015475771345983,NaN
E,E4_volatilidad,Coste_total_H2,5,-60.6293022549056,-126.85214814015,-66.2228458852448,-72.3134944434992,-109.22580901034,5,0.0015475771345983,NaN
E,E4_volatilidad,V_terminal,5,-15.2884834074329,-21.948356163831,-6.65987275639808,-9.5285276441373,-43.5613695545511,0,0.0561110383248336,NaN
E,E4_volatilidad,E_Import_Red,5,1478.86647728631,633.1967230388,-845.669754247512,-789.890875135419,-57.1836448547605,5,0.00356327679620883,NaN
E,E4_volatilidad,E_Export_Red,5,11009.6179582047,10257.869971321,-751.747986883726,-789.001594581854,-6.82810238954295,NaN,0.00258750075788927,NaN
E,E4_volatilidad,Autarquia_pct,5,86.144058194593,94.0862765408632,7.94221834627021,7.91598917972955,9.21969374640946,5,0.00386333349700796,NaN
E,E4_volatilidad,Autoconsumo_pct,5,46.0107240013719,49.6971670459312,3.68644304455927,3.86912833987054,8.01213874497899,5,0.00258750075788927,NaN
E,E4_volatilidad,coste_H2_kg,5,1.85752587338234,1.72029268193821,-0.137233191444137,-0.123944118601444,-7.38795585087874,5,0.0019076118938266,NaN
E,E4_volatilidad,kg_H2_EL,5,166.995266482699,166.544127892985,-0.451138589713452,-0.00978172645551467,-0.270150525350484,0,0.176387921759312,NaN
E,E4_volatilidad,E_Comp,5,260.39880335841,256.95011506948,-3.44868828892978,-2.77612124817148,-1.3243871494229,5,0.00698664171115615,NaN
E,E4_volatilidad,t_run_El_pct,5,36.3910773957054,37.4588666354718,1.06778923976647,1.15128777895539,2.93420617410048,NaN,0.0296714293319826,NaN
E,E4_volatilidad,Conmutaciones_El,5,32.6,33,0.4,0,1.22699386503067,0,0.177807808356221,NaN
E,E4_volatilidad,LOH_High_media,5,73.9760642560408,72.0291875906935,-1.9468766653473,-1.61538713651288,-2.63176567302757,0,0.00348332103168025,NaN
E,E4_volatilidad,LOH_High_min,5,22.3728818639044,16.2062452105663,-6.16663665333815,-4.51596258729494,-27.5629965368349,0,0.0526205716898134,NaN
E,E4_volatilidad,pct_tiempo_critico,5,40.9592576731851,43.8333269951604,2.87406932197533,2.43170894228018,7.0168979743422,0,0.0135423111213491,NaN
E,TODOS,Coste_Neto,20,-390.84732222864,-458.658792681884,-67.8114704532441,-71.2786143212225,-17.3498618505503,20,1.26655648191587e-08,9.56917315705946e-05
E,TODOS,Coste_corregido,20,-376.72070143246,-433.58173427605,-56.86103284359,-53.8469884518149,-15.0936841610718,20,4.63814764373183e-09,9.56917315705946e-05
E,TODOS,Coste_total_H2,20,-375.04069323406,-427.43770429333,-52.3970110592704,-46.9307104695814,-13.9710202131506,20,7.61525533743423e-08,9.56917315705946e-05
E,TODOS,V_terminal,20,-14.1266207961795,-25.0770584058336,-10.9504376096541,-8.45809625811429,-77.5163272777567,3,0.00489546664868956,0.000315046961090167
E,TODOS,E_Import_Red,20,1320.32199568236,602.95462243271,-717.367373249655,-667.101042289648,-54.3327594022932,20,9.09003983196044e-10,9.56917315705946e-05
E,TODOS,E_Export_Red,20,14013.8609636433,13416.7387196975,-597.122243945792,-558.199652720282,-4.2609402611809,NaN,8.13668687982272e-10,9.56917315705946e-05
E,TODOS,Autarquia_pct,20,87.6524265794056,94.3473617475497,6.6949351681441,6.28229488319876,7.63804885889732,20,1.05691411178555e-09,9.56917315705946e-05
E,TODOS,Autoconsumo_pct,20,45.5954824389406,48.682473777296,3.08699133835539,2.48573832388604,6.77038858507386,20,1.79143122913672e-06,9.56917315705946e-05
E,TODOS,coste_H2_kg,20,3.11633217669612,3.00111277800226,-0.115219398693855,-0.111883127599255,-3.6972759051639,19,3.89795703337192e-06,0.000553830376860923
E,TODOS,kg_H2_EL,20,167.884805061268,166.972524289204,-0.912280772063448,-0.363081824096838,-0.54339686770969,3,0.00473809896289179,0.00072854180016988
E,TODOS,E_Comp,20,261.075556546122,253.811482316798,-7.26407422932434,-2.47724760042469,-2.78236473970364,18,0.0290770669862901,0.000151093078387285
E,TODOS,t_run_El_pct,20,36.7335371469293,36.9395553248093,0.206018177879998,0.207340927015665,0.560844922327931,NaN,0.349223498216221,0.322508682620795
E,TODOS,Conmutaciones_El,20,32.1,31.55,-0.55,0,-1.71339563862928,8,0.224595744783219,0.247324778343984
E,TODOS,LOH_High_media,20,73.9158633635564,71.5278913036964,-2.38797205986004,-1.4839262385413,-3.23066247378422,0,0.00119926486665833,9.56917315705946e-05
E,TODOS,LOH_High_min,20,21.7995380237983,18.4468390627788,-3.35269896101955,-2.38399972239529,-15.3796789517257,2,0.000620017039666854,0.000672715036471695
E,TODOS,pct_tiempo_critico,20,38.8248365991458,42.72316017996,3.89832358081418,2.05646154685591,10.0407984225746,0,0.000818753458706079,9.56917315705946e-05
E0,E1_lab_soleado,Coste_Neto,5,-662.338420791027,-708.957521988363,-46.619101197336,-36.7338827567039,-7.03856212080511,5,0.00985494930789077,NaN
E0,E1_lab_soleado,Coste_corregido,5,-656.752663913508,-701.97854958417,-45.2258856706622,-36.6543279113029,-6.88628888098706,5,0.0112956059086695,NaN
E0,E1_lab_soleado,Coste_total_H2,5,-656.752663913508,-701.97854958417,-45.2258856706622,-36.6543279113029,-6.88628888098706,5,0.0112956059086695,NaN
E0,E1_lab_soleado,V_terminal,5,-5.58575687751912,-6.97897240419286,-1.39321552667374,-0.479167127859593,-24.9422872714168,0,0.125502881846228,NaN
E0,E1_lab_soleado,E_Import_Red,5,832.162671999616,354.050345357851,-478.112326641766,-385.514007664248,-57.4541904761124,5,0.00709949928072495,NaN
E0,E1_lab_soleado,E_Export_Red,5,20260.4752698316,19786.4195568918,-474.055712939829,-385.190413031767,-2.33980549136332,NaN,0.00873741344218426,NaN
E0,E1_lab_soleado,Autarquia_pct,5,92.232764167151,96.7201741805862,4.48741001343512,3.69620210319708,4.86531012483016,5,0.00800967093890104,NaN
E0,E1_lab_soleado,Autoconsumo_pct,5,33.2793889724294,34.8405214931236,1.56113252069426,1.26848651757494,4.69098913440868,5,0.00873741344218426,NaN
E0,E1_lab_soleado,coste_H2_kg,5,2.65247449662331,2.56965908821024,-0.0828154084130771,-0.0606287269222316,-3.12219433282031,5,0.0207018761466311,NaN
E0,E1_lab_soleado,kg_H2_EL,5,167.699079757558,167.698889075031,-0.000190682527090758,-5.42329377140049e-05,-0.000113705172005968,2,0.646253028901069,NaN
E0,E1_lab_soleado,E_Comp,5,275.895320382492,274.0882248208,-1.80709556169153,-2.25657631578815,-0.654993190600781,5,0.017939475507678,NaN
E0,E1_lab_soleado,t_run_El_pct,5,35.0874089163212,34.487145358556,-0.600263557765283,-0.404265204587958,-1.7107662728725,NaN,0.0511792303692402,NaN
E0,E1_lab_soleado,Conmutaciones_El,5,33.6,33,-0.6,-1,-1.78571428571429,3,0.426317207940369,NaN
E0,E1_lab_soleado,LOH_High_media,5,79.3425066641885,78.4789092728684,-0.863597391320113,-0.742283941464834,-1.08844228349783,0,0.0130173805970295,NaN
E0,E1_lab_soleado,LOH_High_min,5,34.6589992848366,33.6022611610818,-1.05673812375487,-0.0298342884134613,-3.04895740084797,0,0.259137639800344,NaN
E0,E1_lab_soleado,pct_tiempo_critico,5,27.9433400407737,30.0277611974848,2.08442115671105,1.92509602332007,7.45945600515026,0,0.0125511693106803,NaN
E0,E2_lab_nublado,Coste_Neto,5,59.7207796240564,-35.2247951277523,-94.9455747518087,-99.9109051341698,-158.982477036457,5,0.000641880939533213,NaN
E0,E2_lab_nublado,Coste_corregido,5,80.977585437669,16.0467109865369,-64.9308744511321,-54.3333820946143,-80.1837620869931,5,0.00135164242927011,NaN
E0,E2_lab_nublado,Coste_total_H2,5,87.6976182312709,37.9668179561369,-49.730800275134,-54.3333820946143,-56.7071276029264,5,0.0341323210423308,NaN
E0,E2_lab_nublado,V_terminal,5,-21.2568058136127,-51.2715061142892,-30.0147003006766,-25.5769690037907,-141.200425707683,0,0.0198209948257169,NaN
E0,E2_lab_nublado,E_Import_Red,5,2107.97464609918,1222.82448720001,-885.150158899172,-958.061717013716,-41.9905505285439,5,0.000564084813463817,NaN
E0,E2_lab_nublado,E_Export_Red,5,3553.46395567477,2909.77808974728,-643.685865927496,-599.867373483449,-18.1143209543339,NaN,0.0016959855959624,NaN
E0,E2_lab_nublado,Autarquia_pct,5,80.3466398254363,88.5493967383658,8.20275691292951,8.86047016983827,10.2092096579908,5,0.000758068513759147,NaN
E0,E2_lab_nublado,Autoconsumo_pct,5,71.1261031924534,76.3564135321956,5.23031033974214,4.87426039949408,7.35357358969876,5,0.0016959855959624,NaN
E0,E2_lab_nublado,coste_H2_kg,5,4.87710279318205,4.84816413623001,-0.0289386569520419,0.00993134078262514,-0.593357535799669,2,0.673994038534584,NaN
E0,E2_lab_nublado,kg_H2_EL,5,168.494191279616,166.974309082678,-1.51988219693799,-1.33319388609985,-0.902038334612825,1,0.0931559720094679,NaN
E0,E2_lab_nublado,E_Comp,5,229.451289577216,210.20393885015,-19.2473507270656,-15.7639899636367,-8.3884256055089,5,0.079404879363917,NaN
E0,E2_lab_nublado,t_run_El_pct,5,40.9900777280461,40.1321757073814,-0.857902020664648,-1.07093076896367,-2.09295046073469,NaN,0.0282934639108774,NaN
E0,E2_lab_nublado,Conmutaciones_El,5,26.8,26,-0.8,1,-2.98507462686567,2,0.512225258699542,NaN
E0,E2_lab_nublado,LOH_High_media,5,61.9288610944948,57.1543921085326,-4.77446898596215,-4.31718708626467,-7.7096024399302,0,0.0260945483708481,NaN
E0,E2_lab_nublado,LOH_High_min,5,0.619269624317942,-2.20538042600316,-2.8246500503211,-1.18218431733826,-456.126045812782,2,0.154082202010381,NaN
E0,E2_lab_nublado,pct_tiempo_critico,5,62.5957298351028,70.6713117207147,8.07558188561196,6.51784636599476,12.9011705860538,0,0.0276320340977769,NaN
E0,E3_finde_soleado,Coste_Neto,5,-884.85386208525,-924.098515237967,-39.2446531527179,-43.3162141078242,-4.43515645173699,5,0.0210078258569193,NaN
E0,E3_finde_soleado,Coste_corregido,5,-870.478424999096,-899.91603985597,-29.4376148568743,-20.8300746562347,-3.38177420731649,5,0.0234285054159871,NaN
E0,E3_finde_soleado,Coste_total_H2,5,-870.478424999096,-899.91603985597,-29.4376148568743,-20.8300746562347,-3.38177420731649,5,0.0234285054159871,NaN
E0,E3_finde_soleado,V_terminal,5,-14.3754370861533,-24.1824753819969,-9.80703829584365,-11.1819559834712,-68.2208007803114,0,0.0756855505280454,NaN
E0,E3_finde_soleado,E_Import_Red,5,862.284187344347,373.502859182531,-488.781328161816,-601.984705300619,-56.684482370848,5,0.00936599916445835,NaN
E0,E3_finde_soleado,E_Export_Red,5,21231.8866708621,20843.9878587666,-387.898812095548,-338.268709092157,-1.82696346353377,NaN,0.00655138635743935,NaN
E0,E3_finde_soleado,Autarquia_pct,5,91.886244130442,96.4817169009742,4.59547277053218,5.82833049182845,5.00126304434474,5,0.00906009896808957,NaN
E0,E3_finde_soleado,Autoconsumo_pct,5,31.9657135895078,33.2086751449035,1.24296155539561,1.08392959113081,3.88842111068527,5,0.00655138635743935,NaN
E0,E3_finde_soleado,coste_H2_kg,5,3.07822554359675,3.0155725256366,-0.0626530179601537,-0.0568358604236372,-2.03536151178015,5,0.000727669660559149,NaN
E0,E3_finde_soleado,kg_H2_EL,5,168.350682725199,168.349197908441,-0.00148481675763605,-0.000349837989404023,-0.000881978459249697,1,0.137755729472068,NaN
E0,E3_finde_soleado,E_Comp,5,278.556812866371,277.83244726746,-0.72436559891072,-1.09568519177043,-0.260042320077165,4,0.116693272044737,NaN
E0,E3_finde_soleado,t_run_El_pct,5,34.4655845476446,34.1233893462478,-0.342195201396824,-0.342426682495571,-0.992860576392602,NaN,0.0805925799498131,NaN
E0,E3_finde_soleado,Conmutaciones_El,5,35.4,34.8,-0.6,-1,-1.69491525423729,3,0.07048399691022,NaN
E0,E3_finde_soleado,LOH_High_media,5,80.4160214395017,79.8351866216846,-0.580834817817072,-0.54302281963156,-0.722287434045769,0,0.000473199626867427,NaN
E0,E3_finde_soleado,LOH_High_min,5,29.5470013221343,28.487920621425,-1.05908070070926,-0.00167993690889467,-3.58439318143556,1,0.373671861236616,NaN
E0,E3_finde_soleado,pct_tiempo_critico,5,23.8010188475217,25.1508512717406,1.34983242421887,1.2475177785751,5.6713220256091,0,0.000184322876914278,NaN
E0,E4_volatilidad,Coste_Neto,5,-75.9177856623385,-148.450671298131,-72.5328856357923,-70.8175102906263,-95.5413609643446,5,0.0023643029231335,NaN
E0,E4_volatilidad,Coste_corregido,5,-60.6293022549056,-124.930700062813,-64.3013978079072,-70.0543450590422,-106.056635020411,5,0.00173461978328837,NaN
E0,E4_volatilidad,Coste_total_H2,5,-60.6293022549056,-124.930700062813,-64.3013978079072,-70.0543450590422,-106.056635020411,5,0.00173461978328837,NaN
E0,E4_volatilidad,V_terminal,5,-15.2884834074329,-23.519971235318,-8.23148782788503,-9.29884321896994,-53.8411012297208,0,0.0601417578056929,NaN
E0,E4_volatilidad,E_Import_Red,5,1478.86647728631,643.486590619199,-835.379886667113,-759.782125000943,-56.4878506273275,5,0.00495402997990912,NaN
E0,E4_volatilidad,E_Export_Red,5,11009.6179582047,10267.1153852373,-742.50257296746,-762.352214552157,-6.74412659718245,NaN,0.00345538980391069,NaN
E0,E4_volatilidad,Autarquia_pct,5,86.144058194593,94.0133696580532,7.86931146346013,7.61569682988249,9.13506007075257,5,0.00539486584044591,NaN
E0,E4_volatilidad,Autoconsumo_pct,5,46.0107240013719,49.6518291236216,3.64110512224973,3.73844435618667,7.91360101645251,5,0.00345538980391069,NaN
E0,E4_volatilidad,coste_H2_kg,5,1.85752587338234,1.78088450616149,-0.0766413672208524,-0.0757231156575604,-4.12599190778954,5,0.00761785859952746,NaN
E0,E4_volatilidad,kg_H2_EL,5,166.995266482699,166.995066090843,-0.000200391855742055,-7.74256617432911e-05,-0.00011999852448681,2,0.926668107173445,NaN
E0,E4_volatilidad,E_Comp,5,260.39880335841,257.490809486851,-2.90799387155827,-2.67259449269596,-1.11674625000321,5,0.00501889490031249,NaN
E0,E4_volatilidad,t_run_El_pct,5,36.3910773957054,36.1186902799433,-0.272387115762042,-0.193617404733125,-0.748499729206115,NaN,0.0642853040335267,NaN
E0,E4_volatilidad,Conmutaciones_El,5,32.6,32.4,-0.2,0,-0.613496932515337,2,0.621308295037497,NaN
E0,E4_volatilidad,LOH_High_media,5,73.9760642560408,72.5978979005094,-1.37816635553137,-1.3996252884734,-1.86298956208505,0,0.00159218145064766,NaN
E0,E4_volatilidad,LOH_High_min,5,22.3728818639044,16.6858433161889,-5.68703854771558,-5.14010823218494,-25.4193383861327,0,0.0407668825824505,NaN
E0,E4_volatilidad,pct_tiempo_critico,5,40.9592576731851,43.7614025109085,2.80214483772348,2.64698636410984,6.84129790652425,0,0.0113030395900642,NaN
E0,TODOS,Coste_Neto,20,-390.84732222864,-454.182875913053,-63.3355536844137,-68.162472734753,-16.204678932753,20,2.1329049193497e-08,9.56917315705946e-05
E0,TODOS,Coste_corregido,20,-376.72070143246,-427.694644629104,-50.973943196644,-50.6642331083671,-13.530964187213,20,9.30182841862859e-09,9.56917315705946e-05
E0,TODOS,Coste_total_H2,20,-375.04069323406,-422.214617886704,-47.1739246526444,-45.4041127802337,-12.5783482975816,20,1.45348221680663e-07,9.56917315705946e-05
E0,TODOS,V_terminal,20,-14.1266207961795,-26.4882312839492,-12.3616104877697,-10.2403996012206,-87.5057854679083,0,0.0013201348220373,9.56917315705946e-05
E0,TODOS,E_Import_Red,20,1320.32199568236,648.466070589898,-671.855925092467,-637.70136572053,-50.8857632675611,20,5.16080622681159e-09,9.56917315705946e-05
E0,TODOS,E_Export_Red,20,14013.8609636433,13451.8252226607,-562.035740982583,-554.612515021166,-4.01057026640049,NaN,3.21361226518491e-09,9.56917315705946e-05
E0,TODOS,Autarquia_pct,20,87.6524265794056,93.9411643694948,6.28873779008924,5.9171135977733,7.17463056700681,20,6.36093377970326e-09,9.56917315705946e-05
E0,TODOS,Autoconsumo_pct,20,45.5954824389406,48.5143598234611,2.91887738452044,2.35407571280317,6.40168110608164,20,2.17556966353172e-06,9.56917315705946e-05
E0,TODOS,coste_H2_kg,20,3.11633217669612,3.05357006405959,-0.0627621126365313,-0.0631459282969793,-2.0139737703787,17,0.00132730807125636,0.00207038653113262
E0,TODOS,kg_H2_EL,20,167.884805061268,167.504365539248,-0.380439522019616,-0.000391388587871688,-0.226607477597974,6,0.0987000593199689,0.0216782152709683
E0,TODOS,E_Comp,20,261.075556546122,254.903855106316,-6.17170143980652,-2.210860125262,-2.36395222955934,19,0.0269314935846083,0.000129926100333739
E0,TODOS,t_run_El_pct,20,36.7335371469293,36.2153501730321,-0.518186973897199,-0.381282438355758,-1.41066451571086,NaN,6.95333203564186e-05,0.000129926100333739
E0,TODOS,Conmutaciones_El,20,32.1,31.55,-0.55,-0.5,-1.71339563862928,10,0.102067338561221,0.121163343204996
E0,TODOS,LOH_High_media,20,73.9158633635564,72.0165964758988,-1.89926688765768,-1.09925377104457,-2.56949834748747,0,0.00130593893255426,9.56917315705946e-05
E0,TODOS,LOH_High_min,20,21.7995380237983,19.1426611681731,-2.6568768556252,-0.585814289813957,-12.1877667899417,3,0.00298414994510554,0.00265603082309645
E0,TODOS,pct_tiempo_critico,20,38.8248365991458,42.4028316752122,3.57799507606634,1.89153126400254,9.21573762951796,0,0.00041309456754135,9.56917315705946e-05
E0_8,E1_lab_soleado,Coste_Neto,5,-662.338420791027,-708.957521988363,-46.619101197336,-36.7338827567039,-7.03856212080511,5,0.00985494930789077,NaN
E0_8,E1_lab_soleado,Coste_corregido,5,-656.752663913508,-701.97854958417,-45.2258856706622,-36.6543279113029,-6.88628888098706,5,0.0112956059086695,NaN
E0_8,E1_lab_soleado,Coste_total_H2,5,-656.752663913508,-701.97854958417,-45.2258856706622,-36.6543279113029,-6.88628888098706,5,0.0112956059086695,NaN
E0_8,E1_lab_soleado,V_terminal,5,-5.58575687751912,-6.97897240419286,-1.39321552667374,-0.479167127859593,-24.9422872714168,0,0.125502881846228,NaN
E0_8,E1_lab_soleado,E_Import_Red,5,832.162671999616,354.050345357851,-478.112326641766,-385.514007664248,-57.4541904761124,5,0.00709949928072495,NaN
E0_8,E1_lab_soleado,E_Export_Red,5,20260.4752698316,19786.4195568918,-474.055712939829,-385.190413031767,-2.33980549136332,NaN,0.00873741344218426,NaN
E0_8,E1_lab_soleado,Autarquia_pct,5,92.232764167151,96.7201741805862,4.48741001343512,3.69620210319708,4.86531012483016,5,0.00800967093890104,NaN
E0_8,E1_lab_soleado,Autoconsumo_pct,5,33.2793889724294,34.8405214931236,1.56113252069426,1.26848651757494,4.69098913440868,5,0.00873741344218426,NaN
E0_8,E1_lab_soleado,coste_H2_kg,5,2.65247449662331,2.56965908821024,-0.0828154084130771,-0.0606287269222316,-3.12219433282031,5,0.0207018761466311,NaN
E0_8,E1_lab_soleado,kg_H2_EL,5,167.699079757558,167.698889075031,-0.000190682527090758,-5.42329377140049e-05,-0.000113705172005968,2,0.646253028901069,NaN
E0_8,E1_lab_soleado,E_Comp,5,275.895320382492,274.0882248208,-1.80709556169153,-2.25657631578815,-0.654993190600781,5,0.017939475507678,NaN
E0_8,E1_lab_soleado,t_run_El_pct,5,35.0874089163212,34.487145358556,-0.600263557765283,-0.404265204587958,-1.7107662728725,NaN,0.0511792303692402,NaN
E0_8,E1_lab_soleado,Conmutaciones_El,5,33.6,33,-0.6,-1,-1.78571428571429,3,0.426317207940369,NaN
E0_8,E1_lab_soleado,LOH_High_media,5,79.3425066641885,78.4789092728684,-0.863597391320113,-0.742283941464834,-1.08844228349783,0,0.0130173805970295,NaN
E0_8,E1_lab_soleado,LOH_High_min,5,34.6589992848366,33.6022611610818,-1.05673812375487,-0.0298342884134613,-3.04895740084797,0,0.259137639800344,NaN
E0_8,E1_lab_soleado,pct_tiempo_critico,5,27.9433400407737,30.0277611974848,2.08442115671105,1.92509602332007,7.45945600515026,0,0.0125511693106803,NaN
E0_8,E2_lab_nublado,Coste_Neto,5,59.7207796240564,-35.3412024182238,-95.0619820422802,-99.9109051341698,-159.17739627764,5,0.000625302657792703,NaN
E0_8,E2_lab_nublado,Coste_corregido,5,80.977585437669,15.941554439604,-65.036030998065,-54.3333820946143,-80.3136209193657,5,0.0013154819709329,NaN
E0_8,E2_lab_nublado,Coste_total_H2,5,87.6976182312709,37.605660159924,-50.0919580713468,-54.3333820946143,-57.1189492732258,5,0.032421909266624,NaN
E0_8,E2_lab_nublado,V_terminal,5,-21.2568058136127,-51.2827568578279,-30.0259510442152,-25.633222721484,-141.253353431807,0,0.0197842732365217,NaN
E0_8,E2_lab_nublado,E_Import_Red,5,2107.97464609918,1222.91319016387,-885.061455935317,-958.061717013716,-41.9863425574462,5,0.000565715922078436,NaN
E0_8,E2_lab_nublado,E_Export_Red,5,3553.46395567477,2909.95488029687,-643.509075377907,-599.867373483449,-18.1093457934262,NaN,0.00170820614932232,NaN
E0_8,E2_lab_nublado,Autarquia_pct,5,80.3466398254363,88.5485747023719,8.20193487693561,8.86047016983827,10.2081865461398,5,0.000760454478579531,NaN
E0_8,E2_lab_nublado,Autoconsumo_pct,5,71.1261031924534,76.3549770093691,5.22887381691567,4.87426039949408,7.35155390527631,5,0.00170820614932232,NaN
E0_8,E2_lab_nublado,coste_H2_kg,5,4.87710279318205,4.85026509485612,-0.0268376983259349,0.00993134078262514,-0.550279529958907,2,0.703043365034624,NaN
E0_8,E2_lab_nublado,kg_H2_EL,5,168.494191279616,166.974133498406,-1.52005778120985,-1.33319388609985,-0.902142542520839,1,0.0931545538850287,NaN
E0_8,E2_lab_nublado,E_Comp,5,229.451289577216,210.395252023544,-19.0560375536721,-15.7639899636367,-8.30504704888977,5,0.0770405907894345,NaN
E0_8,E2_lab_nublado,t_run_El_pct,5,40.9900777280461,40.2249996279768,-0.765078100069279,-1.07093076896367,-1.86649585088686,NaN,0.0197342273012482,NaN
E0_8,E2_lab_nublado,Conmutaciones_El,5,26.8,26.2,-0.6,1,-2.23880597014925,2,0.645547083245607,NaN
E0_8,E2_lab_nublado,LOH_High_media,5,61.9288610944948,57.2123650929949,-4.7164960014999,-4.31718708626467,-7.61599021545574,0,0.0239250947180232,NaN
E0_8,E2_lab_nublado,LOH_High_min,5,0.619269624317942,-2.15813470257298,-2.77740432689092,-1.18218431733826,-448.496780372512,2,0.152976486104003,NaN
E0_8,E2_lab_nublado,pct_tiempo_critico,5,62.5957298351028,70.6642350128389,8.06850517773615,6.51784636599476,12.8898651697027,0,0.0275556832486175,NaN
E0_8,E3_finde_soleado,Coste_Neto,5,-884.85386208525,-924.098515237967,-39.2446531527179,-43.3162141078242,-4.43515645173699,5,0.0210078258569193,NaN
E0_8,E3_finde_soleado,Coste_corregido,5,-870.478424999096,-899.91603985597,-29.4376148568743,-20.8300746562347,-3.38177420731649,5,0.0234285054159871,NaN
E0_8,E3_finde_soleado,Coste_total_H2,5,-870.478424999096,-899.91603985597,-29.4376148568743,-20.8300746562347,-3.38177420731649,5,0.0234285054159871,NaN
E0_8,E3_finde_soleado,V_terminal,5,-14.3754370861533,-24.1824753819969,-9.80703829584365,-11.1819559834712,-68.2208007803114,0,0.0756855505280454,NaN
E0_8,E3_finde_soleado,E_Import_Red,5,862.284187344347,373.502859182531,-488.781328161816,-601.984705300619,-56.684482370848,5,0.00936599916445835,NaN
E0_8,E3_finde_soleado,E_Export_Red,5,21231.8866708621,20843.9878587666,-387.898812095548,-338.268709092157,-1.82696346353377,NaN,0.00655138635743935,NaN
E0_8,E3_finde_soleado,Autarquia_pct,5,91.886244130442,96.4817169009742,4.59547277053218,5.82833049182845,5.00126304434474,5,0.00906009896808957,NaN
E0_8,E3_finde_soleado,Autoconsumo_pct,5,31.9657135895078,33.2086751449035,1.24296155539561,1.08392959113081,3.88842111068527,5,0.00655138635743935,NaN
E0_8,E3_finde_soleado,coste_H2_kg,5,3.07822554359675,3.0155725256366,-0.0626530179601537,-0.0568358604236372,-2.03536151178015,5,0.000727669660559149,NaN
E0_8,E3_finde_soleado,kg_H2_EL,5,168.350682725199,168.349197908441,-0.00148481675763605,-0.000349837989404023,-0.000881978459249697,1,0.137755729472068,NaN
E0_8,E3_finde_soleado,E_Comp,5,278.556812866371,277.83244726746,-0.72436559891072,-1.09568519177043,-0.260042320077165,4,0.116693272044737,NaN
E0_8,E3_finde_soleado,t_run_El_pct,5,34.4655845476446,34.1233893462478,-0.342195201396824,-0.342426682495571,-0.992860576392602,NaN,0.0805925799498131,NaN
E0_8,E3_finde_soleado,Conmutaciones_El,5,35.4,34.8,-0.6,-1,-1.69491525423729,3,0.07048399691022,NaN
E0_8,E3_finde_soleado,LOH_High_media,5,80.4160214395017,79.8351866216846,-0.580834817817072,-0.54302281963156,-0.722287434045769,0,0.000473199626867427,NaN
E0_8,E3_finde_soleado,LOH_High_min,5,29.5470013221343,28.487920621425,-1.05908070070926,-0.00167993690889467,-3.58439318143556,1,0.373671861236616,NaN
E0_8,E3_finde_soleado,pct_tiempo_critico,5,23.8010188475217,25.1508512717406,1.34983242421887,1.2475177785751,5.6713220256091,0,0.000184322876914278,NaN
E0_8,E4_volatilidad,Coste_Neto,5,-75.9177856623385,-148.450671298131,-72.5328856357923,-70.8175102906263,-95.5413609643446,5,0.0023643029231335,NaN
E0_8,E4_volatilidad,Coste_corregido,5,-60.6293022549056,-124.930700062813,-64.3013978079072,-70.0543450590422,-106.056635020411,5,0.00173461978328837,NaN
E0_8,E4_volatilidad,Coste_total_H2,5,-60.6293022549056,-124.930700062813,-64.3013978079072,-70.0543450590422,-106.056635020411,5,0.00173461978328837,NaN
E0_8,E4_volatilidad,V_terminal,5,-15.2884834074329,-23.519971235318,-8.23148782788503,-9.29884321896994,-53.8411012297208,0,0.0601417578056929,NaN
E0_8,E4_volatilidad,E_Import_Red,5,1478.86647728631,643.486590619199,-835.379886667113,-759.782125000943,-56.4878506273275,5,0.00495402997990912,NaN
E0_8,E4_volatilidad,E_Export_Red,5,11009.6179582047,10267.1153852373,-742.50257296746,-762.352214552157,-6.74412659718245,NaN,0.00345538980391069,NaN
E0_8,E4_volatilidad,Autarquia_pct,5,86.144058194593,94.0133696580532,7.86931146346013,7.61569682988249,9.13506007075257,5,0.00539486584044591,NaN
E0_8,E4_volatilidad,Autoconsumo_pct,5,46.0107240013719,49.6518291236216,3.64110512224973,3.73844435618667,7.91360101645251,5,0.00345538980391069,NaN
E0_8,E4_volatilidad,coste_H2_kg,5,1.85752587338234,1.78088450616149,-0.0766413672208524,-0.0757231156575604,-4.12599190778954,5,0.00761785859952746,NaN
E0_8,E4_volatilidad,kg_H2_EL,5,166.995266482699,166.995066090843,-0.000200391855742055,-7.74256617432911e-05,-0.00011999852448681,2,0.926668107173445,NaN
E0_8,E4_volatilidad,E_Comp,5,260.39880335841,257.490809486851,-2.90799387155827,-2.67259449269596,-1.11674625000321,5,0.00501889490031249,NaN
E0_8,E4_volatilidad,t_run_El_pct,5,36.3910773957054,36.1186902799433,-0.272387115762042,-0.193617404733125,-0.748499729206115,NaN,0.0642853040335267,NaN
E0_8,E4_volatilidad,Conmutaciones_El,5,32.6,32.4,-0.2,0,-0.613496932515337,2,0.621308295037497,NaN
E0_8,E4_volatilidad,LOH_High_media,5,73.9760642560408,72.5978979005094,-1.37816635553137,-1.3996252884734,-1.86298956208505,0,0.00159218145064766,NaN
E0_8,E4_volatilidad,LOH_High_min,5,22.3728818639044,16.6858433161889,-5.68703854771558,-5.14010823218494,-25.4193383861327,0,0.0407668825824505,NaN
E0_8,E4_volatilidad,pct_tiempo_critico,5,40.9592576731851,43.7614025109085,2.80214483772348,2.64698636410984,6.84129790652425,0,0.0113030395900642,NaN
E0_8,TODOS,Coste_Neto,20,-390.84732222864,-454.211977735671,-63.3646555070316,-68.162472734753,-16.2121247615877,20,2.13183100061798e-08,9.56917315705946e-05
E0_8,TODOS,Coste_corregido,20,-376.72070143246,-427.720933765837,-51.0002323333772,-50.9271244756992,-13.5379426029553,20,9.2265102225042e-09,9.56917315705946e-05
E0_8,TODOS,Coste_total_H2,20,-375.04069323406,-422.304907335757,-47.2642141016976,-45.4041127802337,-12.6024228715364,20,1.34501826787314e-07,9.56917315705946e-05
E0_8,TODOS,V_terminal,20,-14.1266207961795,-26.4910439698339,-12.3644231736544,-10.2403996012206,-87.5256960036638,0,0.00131961363038213,9.56917315705946e-05
E0_8,TODOS,E_Import_Red,20,1320.32199568236,648.488246330862,-671.833749351503,-637.479608310893,-50.884083696893,20,5.16388487525887e-09,9.56917315705946e-05
E0_8,TODOS,E_Export_Red,20,14013.8609636433,13451.8694202981,-561.991543345186,-554.612515021166,-4.01025488124352,NaN,3.22552007325783e-09,9.56917315705946e-05
E0_8,TODOS,Autarquia_pct,20,87.6524265794056,93.9409588604963,6.28853228109076,5.9171135977733,7.17439610801179,20,6.36652242036462e-09,9.56917315705946e-05
E0_8,TODOS,Autoconsumo_pct,20,45.5954824389406,48.5140006927545,2.91851825381382,2.35407571280317,6.40089346071107,20,2.17891181031327e-06,9.56917315705946e-05
E0_8,TODOS,coste_H2_kg,20,3.11633217669612,3.05409530371611,-0.0622368729800045,-0.0631459282969793,-1.9971193522119,17,0.00172865347368067,0.00234534072287745
E0_8,TODOS,kg_H2_EL,20,167.884805061268,167.50432164318,-0.38048341808758,-0.000391388587871688,-0.226633624138126,6,0.0986990865466622,0.0216782152709683
E0_8,TODOS,E_Comp,20,261.075556546122,254.951683399664,-6.12387314645815,-2.210860125262,-2.34563251630043,19,0.025758543806522,0.000129926100333739
E0_8,TODOS,t_run_El_pct,20,36.7335371469293,36.238556153181,-0.494980993748357,-0.381282438355758,-1.34749069159471,NaN,3.48384077739627e-05,0.000129926100333739
E0_8,TODOS,Conmutaciones_El,20,32.1,31.6,-0.5,-0.5,-1.55763239875389,10,0.153586670831697,0.187795669331835
E0_8,TODOS,LOH_High_media,20,73.9158633635564,72.0310897220143,-1.88477364154211,-1.09925377104457,-2.54989058610034,0,0.00113100338869243,9.56917315705946e-05
E0_8,TODOS,LOH_High_min,20,21.7995380237983,19.1544725990307,-2.64506542476766,-0.585814289813957,-12.1335847662463,3,0.00297992405298531,0.00265603082309645
E0_8,TODOS,pct_tiempo_critico,20,38.8248365991458,42.4010624982432,3.57622589909739,1.89153126400254,9.21118081196527,0,0.00040967565667871,9.56917315705946e-05
E_8,E1_lab_soleado,Coste_Neto,5,-662.338420791027,-712.376303892564,-50.0378831015369,-38.0826732267137,-7.55473056232748,5,0.00615456486680532,NaN
E_8,E1_lab_soleado,Coste_corregido,5,-656.752663913508,-705.751145322646,-48.9984814091389,-38.2719579641895,-7.46072061849936,5,0.00585574349389639,NaN
E_8,E1_lab_soleado,Coste_total_H2,5,-656.752663913508,-705.751145322646,-48.9984814091389,-38.2719579641895,-7.46072061849936,5,0.00585574349389639,NaN
E_8,E1_lab_soleado,V_terminal,5,-5.58575687751912,-6.62515856991712,-1.03940169239799,-0.660422631185938,-18.6080725529114,1,0.159662749729251,NaN
E_8,E1_lab_soleado,E_Import_Red,5,832.162671999616,301.075873408081,-531.086798591536,-452.848889995298,-63.8200698566999,5,0.00425634615745629,NaN
E_8,E1_lab_soleado,E_Export_Red,5,20260.4752698316,19742.684515368,-517.79075446365,-389.108660092628,-2.55566933928077,NaN,0.0055708330716191,NaN
E_8,E1_lab_soleado,Autarquia_pct,5,92.232764167151,97.2124228706157,4.97965870346464,4.24847049841486,5.39901275694192,5,0.00495283083986919,NaN
E_8,E1_lab_soleado,Autoconsumo_pct,5,33.2793889724294,34.9845471714418,1.70515819901241,1.28138985940556,5.12376654639022,5,0.0055708330716191,NaN
E_8,E1_lab_soleado,coste_H2_kg,5,2.65247449662331,2.52412853788286,-0.128345958740449,-0.115582991987307,-4.8387254582028,5,0.00547552537486351,NaN
E_8,E1_lab_soleado,kg_H2_EL,5,167.699079757558,167.437463450639,-0.261616306919706,0.000101566366538464,-0.156003424287076,3,0.376583672010629,NaN
E_8,E1_lab_soleado,E_Comp,5,275.895320382492,274.084552986636,-1.81076739585536,-2.09501210767189,-0.656324070065767,5,0.00294478849400703,NaN
E_8,E1_lab_soleado,t_run_El_pct,5,35.0874089163212,34.9901537861214,-0.0972551301998536,-0.0927577831385875,-0.277179572968166,NaN,0.796170851412437,NaN
E_8,E1_lab_soleado,Conmutaciones_El,5,33.6,32.2,-1.4,-1,-4.16666666666667,3,0.134701935318967,NaN
E_8,E1_lab_soleado,LOH_High_media,5,79.3425066641885,78.285300965207,-1.05720569898154,-0.886138776869018,-1.33245815317644,0,0.00974347228911188,NaN
E_8,E1_lab_soleado,LOH_High_min,5,34.6589992848366,32.3583745510205,-2.30062473381613,-1.7672928969745,-6.63788563226827,0,0.102117595808353,NaN
E_8,E1_lab_soleado,pct_tiempo_critico,5,27.9433400407737,30.152231891151,2.20889185037723,1.99288691652296,7.90489557495314,0,0.00858053219192789,NaN
E_8,E2_lab_nublado,Coste_Neto,5,59.7207796240564,-43.9732980081436,-103.6940776322,-107.720934098371,-173.631486870996,5,0.00080047621096635,NaN
E_8,E2_lab_nublado,Coste_corregido,5,80.977585437669,5.60976494578301,-75.367820491886,-63.9266130928125,-93.0724472513434,5,0.00295550693210145,NaN
E_8,E2_lab_nublado,Coste_total_H2,5,87.6976182312709,30.185884876663,-57.5117333546079,-54.6884504855748,-65.5795841603604,5,0.0405974231357842,NaN
E_8,E2_lab_nublado,V_terminal,5,-21.2568058136127,-49.5830629539266,-28.3262571403139,-21.93814370133,-133.257354791161,0,0.0432476162809672,NaN
E_8,E2_lab_nublado,E_Import_Red,5,2107.97464609918,1164.66354684597,-943.311099253217,-1065.43009112482,-44.7496416049794,5,0.000547599033194679,NaN
E_8,E2_lab_nublado,E_Export_Red,5,3553.46395567477,2870.99206482273,-682.471890852047,-589.308263296754,-19.2058199932536,NaN,0.00251104857273199,NaN
E_8,E2_lab_nublado,Autarquia_pct,5,80.3466398254363,89.0400143790185,8.69337455358222,9.15250426603659,10.8198358667764,5,0.000752005889429919,NaN
E_8,E2_lab_nublado,Autoconsumo_pct,5,71.1261031924534,76.6715718383486,5.54546864589521,4.78846167979036,7.79667154109406,5,0.00251104857273199,NaN
E_8,E2_lab_nublado,coste_H2_kg,5,4.87710279318205,4.79010451190563,-0.0869982812764249,-0.105827274422612,-1.78381069593292,4,0.286031157884417,NaN
E_8,E2_lab_nublado,kg_H2_EL,5,168.494191279616,166.137498896035,-2.35669238358061,-1.71429606250766,-1.39867871152287,0,0.0389104039732873,NaN
E_8,E2_lab_nublado,E_Comp,5,229.451289577216,206.66148947309,-22.7898001041259,-16.0607993913202,-9.93230421416155,5,0.0764607187089479,NaN
E_8,E2_lab_nublado,t_run_El_pct,5,40.9900777280461,40.9982126352304,0.00813490718434622,-0.141368813874315,0.0198460399082878,NaN,0.982174693382228,NaN
E_8,E2_lab_nublado,Conmutaciones_El,5,26.8,26.6,-0.2,1,-0.746268656716418,2,0.89785945241419,NaN
E_8,E2_lab_nublado,LOH_High_media,5,61.9288610944948,56.1955618534723,-5.73329924102246,-4.7323018869555,-9.25787934687552,0,0.0306337599226727,NaN
E_8,E2_lab_nublado,LOH_High_min,5,0.619269624317942,-2.62589333133142,-3.24516295564936,-2.18713604800026,-524.030701364298,2,0.12854077282165,NaN
E_8,E2_lab_nublado,pct_tiempo_critico,5,62.5957298351028,71.6005760572486,9.0048462221458,6.72832882220762,14.3857196742772,0,0.0373678142601019,NaN
E_8,E3_finde_soleado,Coste_Neto,5,-884.85386208525,-929.42643730237,-44.5725752171205,-48.7620709575376,-5.03728097112902,5,0.0141144785133691,NaN
E_8,E3_finde_soleado,Coste_corregido,5,-870.478424999096,-907.270306190927,-36.7918811918308,-26.4320581605319,-4.22662758032964,5,0.0168053749325026,NaN
E_8,E3_finde_soleado,Coste_total_H2,5,-870.478424999096,-907.270306190927,-36.7918811918308,-26.4320581605319,-4.22662758032964,5,0.0168053749325026,NaN
E_8,E3_finde_soleado,V_terminal,5,-14.3754370861533,-22.1561311114429,-7.78069402528964,-7.71659962900082,-54.1249214104534,2,0.132265807489647,NaN
E_8,E3_finde_soleado,E_Import_Red,5,862.284187344347,315.409156882601,-546.875030461746,-605.104939841547,-63.4216698494734,5,0.00548485991096537,NaN
E_8,E3_finde_soleado,E_Export_Red,5,21231.8866708621,20797.9012743892,-433.985396472885,-378.884127659661,-2.04402653047537,NaN,0.00530865142948711,NaN
E_8,E3_finde_soleado,Autarquia_pct,5,91.886244130442,97.0286206520791,5.14237652163712,5.69305998078087,5.59645959011775,5,0.00520745523597066,NaN
E_8,E3_finde_soleado,Autoconsumo_pct,5,31.9657135895078,33.3563524535579,1.39063886405006,1.21407539787609,4.35040769590862,5,0.00530865142948711,NaN
E_8,E3_finde_soleado,coste_H2_kg,5,3.07822554359675,2.97206211018261,-0.106163433414141,-0.105118399046765,-3.44885168128695,5,0.000702658602566686,NaN
E_8,E3_finde_soleado,kg_H2_EL,5,168.350682725199,167.771132038753,-0.579550686445799,-0.401872641038096,-0.344252055925314,0,0.120321667302354,NaN
E_8,E3_finde_soleado,E_Comp,5,278.556812866371,277.751189531776,-0.805623334595424,-0.870442112806302,-0.289213294159097,3,0.150327079202244,NaN
E_8,E3_finde_soleado,t_run_El_pct,5,34.4655845476446,34.3962394242073,-0.0693451234372944,0.150462714182019,-0.201201065780367,NaN,0.896322324916217,NaN
E_8,E3_finde_soleado,Conmutaciones_El,5,35.4,34.6,-0.8,-1,-2.25988700564972,3,0.373900966300059,NaN
E_8,E3_finde_soleado,LOH_High_media,5,80.4160214395017,79.66285242566,-0.753169013841668,-0.764483016334182,-0.93659074443056,0,0.00122648720640917,NaN
E_8,E3_finde_soleado,LOH_High_min,5,29.5470013221343,27.8475164849456,-1.69948483718871,-1.7643062556777,-5.75180140502308,0,0.0985978333977671,NaN
E_8,E3_finde_soleado,pct_tiempo_critico,5,23.8010188475217,25.2998589618734,1.49884011435166,1.3624316097361,6.29737795660679,0,0.00181678657447026,NaN
E_8,E4_volatilidad,Coste_Neto,5,-75.9177856623385,-148.800504303981,-72.8827186416429,-72.8616357046144,-96.0021660349859,5,0.0018447573371223,NaN
E_8,E4_volatilidad,Coste_corregido,5,-60.6293022549056,-126.85214814015,-66.2228458852448,-72.3134944434992,-109.22580901034,5,0.0015475771345983,NaN
E_8,E4_volatilidad,Coste_total_H2,5,-60.6293022549056,-126.85214814015,-66.2228458852448,-72.3134944434992,-109.22580901034,5,0.0015475771345983,NaN
E_8,E4_volatilidad,V_terminal,5,-15.2884834074329,-21.948356163831,-6.65987275639808,-9.5285276441373,-43.5613695545511,0,0.0561110383248336,NaN
E_8,E4_volatilidad,E_Import_Red,5,1478.86647728631,633.1967230388,-845.669754247512,-789.890875135419,-57.1836448547605,5,0.00356327679620883,NaN
E_8,E4_volatilidad,E_Export_Red,5,11009.6179582047,10257.869971321,-751.747986883726,-789.001594581854,-6.82810238954295,NaN,0.00258750075788927,NaN
E_8,E4_volatilidad,Autarquia_pct,5,86.144058194593,94.0862765408632,7.94221834627021,7.91598917972955,9.21969374640946,5,0.00386333349700796,NaN
E_8,E4_volatilidad,Autoconsumo_pct,5,46.0107240013719,49.6971670459312,3.68644304455927,3.86912833987054,8.01213874497899,5,0.00258750075788927,NaN
E_8,E4_volatilidad,coste_H2_kg,5,1.85752587338234,1.72029268193821,-0.137233191444137,-0.123944118601444,-7.38795585087874,5,0.0019076118938266,NaN
E_8,E4_volatilidad,kg_H2_EL,5,166.995266482699,166.544127892985,-0.451138589713452,-0.00978172645551467,-0.270150525350484,0,0.176387921759312,NaN
E_8,E4_volatilidad,E_Comp,5,260.39880335841,256.95011506948,-3.44868828892978,-2.77612124817148,-1.3243871494229,5,0.00698664171115615,NaN
E_8,E4_volatilidad,t_run_El_pct,5,36.3910773957054,37.4588666354718,1.06778923976647,1.15128777895539,2.93420617410048,NaN,0.0296714293319826,NaN
E_8,E4_volatilidad,Conmutaciones_El,5,32.6,33,0.4,0,1.22699386503067,0,0.177807808356221,NaN
E_8,E4_volatilidad,LOH_High_media,5,73.9760642560408,72.0291875906935,-1.9468766653473,-1.61538713651288,-2.63176567302757,0,0.00348332103168025,NaN
E_8,E4_volatilidad,LOH_High_min,5,22.3728818639044,16.2062452105663,-6.16663665333815,-4.51596258729494,-27.5629965368349,0,0.0526205716898134,NaN
E_8,E4_volatilidad,pct_tiempo_critico,5,40.9592576731851,43.8333269951604,2.87406932197533,2.43170894228018,7.0168979743422,0,0.0135423111213491,NaN
E_8,TODOS,Coste_Neto,20,-390.84732222864,-458.644135876765,-67.7968136481251,-71.2786143212225,-17.3461118427377,20,1.26511650044847e-08,9.56917315705946e-05
E_8,TODOS,Coste_corregido,20,-376.72070143246,-433.565958676985,-56.8452572445251,-53.8469884518149,-15.0894965496651,20,4.64480320871985e-09,9.56917315705946e-05
E_8,TODOS,Coste_total_H2,20,-375.04069323406,-427.421928694265,-52.3812354602056,-46.9307104695814,-13.9668138431887,20,7.70257784221684e-08,9.56917315705946e-05
E_8,TODOS,V_terminal,20,-14.1266207961795,-25.0781771997794,-10.9515564035999,-8.45809625811429,-77.5242470340942,3,0.0048939724360304,0.000315046961090167
E_8,TODOS,E_Import_Red,20,1320.32199568236,603.586325043862,-716.735670638503,-667.101042289648,-54.2849148148957,20,9.18542575334413e-10,9.56917315705946e-05
E_8,TODOS,E_Export_Red,20,14013.8609636433,13417.3619564752,-596.499007168077,-558.199652720282,-4.25649297303289,NaN,8.5614715317206e-10,9.56917315705946e-05
E_8,TODOS,Autarquia_pct,20,87.6524265794056,94.3418336106441,6.68940703123855,6.27984901453015,7.63174197485396,20,1.07837383467313e-09,9.56917315705946e-05
E_8,TODOS,Autoconsumo_pct,20,45.5954824389406,48.6774096273199,3.08192718837924,2.48573832388604,6.75928189268841,20,1.82114024971369e-06,9.56917315705946e-05
E_8,TODOS,coste_H2_kg,20,3.11633217669612,3.00164696047733,-0.114685216218788,-0.111883127599255,-3.6801345208448,19,5.43216568016369e-06,0.00072854180016988
E_8,TODOS,kg_H2_EL,20,167.884805061268,166.972555569603,-0.912249491664892,-0.363081824096838,-0.543378235649126,3,0.00473714591574526,0.00072854180016988
E_8,TODOS,E_Comp,20,261.075556546122,253.861836765246,-7.2137197808766,-2.47724760042469,-2.76307743103564,18,0.0279751916495055,0.000151093078387285
E_8,TODOS,t_run_El_pct,20,36.7335371469293,36.9608681202577,0.227330973328418,0.207340927015665,0.618864914693958,NaN,0.290888285979397,0.30458604753525
E_8,TODOS,Conmutaciones_El,20,32.1,31.6,-0.5,0,-1.55763239875389,8,0.280535295946525,0.313628453103726
E_8,TODOS,LOH_High_media,20,73.9158633635564,71.5432257087582,-2.37263765479824,-1.4839262385413,-3.20991671723887,0,0.0010562994449741,9.56917315705946e-05
E_8,TODOS,LOH_High_min,20,21.7995380237983,18.4465607288002,-3.35297729499809,-2.38399972239529,-15.3809557401523,2,0.000620096790851399,0.000672715036471695
E_8,TODOS,pct_tiempo_critico,20,38.8248365991458,42.7214984763583,3.8966618772125,2.05646154685591,10.0365184210414,0,0.000812911812812844,9.56917315705946e-05
E_sinLSTM,E1_lab_soleado,Coste_Neto,5,-662.338420791027,-712.376303892564,-50.0378831015369,-38.0826732267137,-7.55473056232748,5,0.00615456486680532,NaN
E_sinLSTM,E1_lab_soleado,Coste_corregido,5,-656.752663913508,-705.751145322646,-48.9984814091389,-38.2719579641895,-7.46072061849936,5,0.00585574349389639,NaN
E_sinLSTM,E1_lab_soleado,Coste_total_H2,5,-656.752663913508,-705.751145322646,-48.9984814091389,-38.2719579641895,-7.46072061849936,5,0.00585574349389639,NaN
E_sinLSTM,E1_lab_soleado,V_terminal,5,-5.58575687751912,-6.62515856991712,-1.03940169239799,-0.660422631185938,-18.6080725529114,1,0.159662749729251,NaN
E_sinLSTM,E1_lab_soleado,E_Import_Red,5,832.162671999616,301.075873408081,-531.086798591536,-452.848889995298,-63.8200698566999,5,0.00425634615745629,NaN
E_sinLSTM,E1_lab_soleado,E_Export_Red,5,20260.4752698316,19742.684515368,-517.79075446365,-389.108660092628,-2.55566933928077,NaN,0.0055708330716191,NaN
E_sinLSTM,E1_lab_soleado,Autarquia_pct,5,92.232764167151,97.2124228706157,4.97965870346464,4.24847049841486,5.39901275694192,5,0.00495283083986919,NaN
E_sinLSTM,E1_lab_soleado,Autoconsumo_pct,5,33.2793889724294,34.9845471714418,1.70515819901241,1.28138985940556,5.12376654639022,5,0.0055708330716191,NaN
E_sinLSTM,E1_lab_soleado,coste_H2_kg,5,2.65247449662331,2.52412853788286,-0.128345958740449,-0.115582991987307,-4.8387254582028,5,0.00547552537486351,NaN
E_sinLSTM,E1_lab_soleado,kg_H2_EL,5,167.699079757558,167.437463450639,-0.261616306919706,0.000101566366538464,-0.156003424287076,3,0.376583672010629,NaN
E_sinLSTM,E1_lab_soleado,E_Comp,5,275.895320382492,274.084552986636,-1.81076739585536,-2.09501210767189,-0.656324070065767,5,0.00294478849400703,NaN
E_sinLSTM,E1_lab_soleado,t_run_El_pct,5,35.0874089163212,34.9901537861214,-0.0972551301998536,-0.0927577831385875,-0.277179572968166,NaN,0.796170851412437,NaN
E_sinLSTM,E1_lab_soleado,Conmutaciones_El,5,33.6,32.2,-1.4,-1,-4.16666666666667,3,0.134701935318967,NaN
E_sinLSTM,E1_lab_soleado,LOH_High_media,5,79.3425066641885,78.285300965207,-1.05720569898154,-0.886138776869018,-1.33245815317644,0,0.00974347228911188,NaN
E_sinLSTM,E1_lab_soleado,LOH_High_min,5,34.6589992848366,32.3583745510205,-2.30062473381613,-1.7672928969745,-6.63788563226827,0,0.102117595808353,NaN
E_sinLSTM,E1_lab_soleado,pct_tiempo_critico,5,27.9433400407737,30.152231891151,2.20889185037723,1.99288691652296,7.90489557495314,0,0.00858053219192789,NaN
E_sinLSTM,E2_lab_nublado,Coste_Neto,5,59.7207796240564,-44.0319252286199,-103.752704852676,-107.720934098371,-173.729655750983,5,0.000792902972251541,NaN
E_sinLSTM,E2_lab_nublado,Coste_corregido,5,80.977585437669,5.54666254952361,-75.4309228881454,-64.2421250741096,-93.1503730081048,5,0.00293203486895899,NaN
E_sinLSTM,E2_lab_nublado,Coste_total_H2,5,87.6976182312709,30.1227824804036,-57.5748357508673,-54.6884504855748,-65.6515386758103,5,0.0403339371822544,NaN
E_sinLSTM,E2_lab_nublado,V_terminal,5,-21.2568058136127,-49.5785877781435,-28.3217819645308,-21.93814370133,-133.236301883107,0,0.0432757320662109,NaN
E_sinLSTM,E2_lab_nublado,E_Import_Red,5,2107.97464609918,1162.13673640136,-945.837909697826,-1065.43009112482,-44.8695107148515,5,0.000512713714937663,NaN
E_sinLSTM,E2_lab_nublado,E_Export_Red,5,3553.46395567477,2868.49911771187,-684.964837962906,-589.308263296754,-19.2759754005395,NaN,0.00233137848478049,NaN
E_sinLSTM,E2_lab_nublado,Autarquia_pct,5,80.3466398254363,89.0621269266407,8.71548710120442,9.15250426603659,10.8473573009898,5,0.00070013141523817,NaN
E_sinLSTM,E2_lab_nublado,Autoconsumo_pct,5,71.1261031924534,76.6918284382533,5.56572524579983,4.78846167979036,7.82515138041523,5,0.00233137848478071,NaN
E_sinLSTM,E2_lab_nublado,coste_H2_kg,5,4.87710279318205,4.78796778200536,-0.089135011176694,-0.105827274422612,-1.82762215513071,4,0.266435479463432,NaN
E_sinLSTM,E2_lab_nublado,kg_H2_EL,5,168.494191279616,166.137373774441,-2.35681750517484,-1.71429606250766,-1.39875297022181,0,0.0389140347955064,NaN
E_sinLSTM,E2_lab_nublado,E_Comp,5,229.451289577216,206.460071679299,-22.9912178979168,-16.0607993913202,-10.0200865901779,5,0.078613808211099,NaN
E_sinLSTM,E2_lab_nublado,t_run_El_pct,5,40.9900777280461,40.9129614534368,-0.0771162746093339,-0.141368813874315,-0.188134004333858,NaN,0.851854710629991,NaN
E_sinLSTM,E2_lab_nublado,Conmutaciones_El,5,26.8,26.4,-0.4,1,-1.49253731343284,2,0.789282179206409,NaN
E_sinLSTM,E2_lab_nublado,LOH_High_media,5,61.9288610944948,56.1342242332251,-5.79463686126964,-4.7323018869555,-9.35692463717012,0,0.0327241335444866,NaN
E_sinLSTM,E2_lab_nublado,LOH_High_min,5,0.619269624317942,-2.62477999541725,-3.24404961973519,-2.18713604800026,-523.850919267703,2,0.128513703354695,NaN
E_sinLSTM,E2_lab_nublado,pct_tiempo_critico,5,62.5957298351028,71.6072228716553,9.01149303655252,6.72832882220762,14.3963383129994,0,0.0374633715301962,NaN
E_sinLSTM,E3_finde_soleado,Coste_Neto,5,-884.85386208525,-929.42643730237,-44.5725752171205,-48.7620709575376,-5.03728097112902,5,0.0141144785133691,NaN
E_sinLSTM,E3_finde_soleado,Coste_corregido,5,-870.478424999096,-907.270306190927,-36.7918811918308,-26.4320581605319,-4.22662758032964,5,0.0168053749325026,NaN
E_sinLSTM,E3_finde_soleado,Coste_total_H2,5,-870.478424999096,-907.270306190927,-36.7918811918308,-26.4320581605319,-4.22662758032964,5,0.0168053749325026,NaN
E_sinLSTM,E3_finde_soleado,V_terminal,5,-14.3754370861533,-22.1561311114429,-7.78069402528964,-7.71659962900082,-54.1249214104534,2,0.132265807489647,NaN
E_sinLSTM,E3_finde_soleado,E_Import_Red,5,862.284187344347,315.409156882601,-546.875030461746,-605.104939841547,-63.4216698494734,5,0.00548485991096537,NaN
E_sinLSTM,E3_finde_soleado,E_Export_Red,5,21231.8866708621,20797.9012743892,-433.985396472885,-378.884127659661,-2.04402653047537,NaN,0.00530865142948711,NaN
E_sinLSTM,E3_finde_soleado,Autarquia_pct,5,91.886244130442,97.0286206520791,5.14237652163712,5.69305998078087,5.59645959011775,5,0.00520745523597066,NaN
E_sinLSTM,E3_finde_soleado,Autoconsumo_pct,5,31.9657135895078,33.3563524535579,1.39063886405006,1.21407539787609,4.35040769590862,5,0.00530865142948711,NaN
E_sinLSTM,E3_finde_soleado,coste_H2_kg,5,3.07822554359675,2.97206211018261,-0.106163433414141,-0.105118399046765,-3.44885168128695,5,0.000702658602566686,NaN
E_sinLSTM,E3_finde_soleado,kg_H2_EL,5,168.350682725199,167.771132038753,-0.579550686445799,-0.401872641038096,-0.344252055925314,0,0.120321667302354,NaN
E_sinLSTM,E3_finde_soleado,E_Comp,5,278.556812866371,277.751189531776,-0.805623334595424,-0.870442112806302,-0.289213294159097,3,0.150327079202244,NaN
E_sinLSTM,E3_finde_soleado,t_run_El_pct,5,34.4655845476446,34.3962394242073,-0.0693451234372944,0.150462714182019,-0.201201065780367,NaN,0.896322324916217,NaN
E_sinLSTM,E3_finde_soleado,Conmutaciones_El,5,35.4,34.6,-0.8,-1,-2.25988700564972,3,0.373900966300059,NaN
E_sinLSTM,E3_finde_soleado,LOH_High_media,5,80.4160214395017,79.66285242566,-0.753169013841668,-0.764483016334182,-0.93659074443056,0,0.00122648720640917,NaN
E_sinLSTM,E3_finde_soleado,LOH_High_min,5,29.5470013221343,27.8475164849456,-1.69948483718871,-1.7643062556777,-5.75180140502308,0,0.0985978333977671,NaN
E_sinLSTM,E3_finde_soleado,pct_tiempo_critico,5,23.8010188475217,25.2998589618734,1.49884011435166,1.3624316097361,6.29737795660679,0,0.00181678657447026,NaN
E_sinLSTM,E4_volatilidad,Coste_Neto,5,-75.9177856623385,-148.800504303981,-72.8827186416429,-72.8616357046144,-96.0021660349859,5,0.0018447573371223,NaN
E_sinLSTM,E4_volatilidad,Coste_corregido,5,-60.6293022549056,-126.85214814015,-66.2228458852448,-72.3134944434992,-109.22580901034,5,0.0015475771345983,NaN
E_sinLSTM,E4_volatilidad,Coste_total_H2,5,-60.6293022549056,-126.85214814015,-66.2228458852448,-72.3134944434992,-109.22580901034,5,0.0015475771345983,NaN
E_sinLSTM,E4_volatilidad,V_terminal,5,-15.2884834074329,-21.948356163831,-6.65987275639808,-9.5285276441373,-43.5613695545511,0,0.0561110383248336,NaN
E_sinLSTM,E4_volatilidad,E_Import_Red,5,1478.86647728631,633.1967230388,-845.669754247512,-789.890875135419,-57.1836448547605,5,0.00356327679620883,NaN
E_sinLSTM,E4_volatilidad,E_Export_Red,5,11009.6179582047,10257.869971321,-751.747986883726,-789.001594581854,-6.82810238954295,NaN,0.00258750075788927,NaN
E_sinLSTM,E4_volatilidad,Autarquia_pct,5,86.144058194593,94.0862765408632,7.94221834627021,7.91598917972955,9.21969374640946,5,0.00386333349700796,NaN
E_sinLSTM,E4_volatilidad,Autoconsumo_pct,5,46.0107240013719,49.6971670459312,3.68644304455927,3.86912833987054,8.01213874497899,5,0.00258750075788927,NaN
E_sinLSTM,E4_volatilidad,coste_H2_kg,5,1.85752587338234,1.72029268193821,-0.137233191444137,-0.123944118601444,-7.38795585087874,5,0.0019076118938266,NaN
E_sinLSTM,E4_volatilidad,kg_H2_EL,5,166.995266482699,166.544127892985,-0.451138589713452,-0.00978172645551467,-0.270150525350484,0,0.176387921759312,NaN
E_sinLSTM,E4_volatilidad,E_Comp,5,260.39880335841,256.95011506948,-3.44868828892978,-2.77612124817148,-1.3243871494229,5,0.00698664171115615,NaN
E_sinLSTM,E4_volatilidad,t_run_El_pct,5,36.3910773957054,37.4588666354718,1.06778923976647,1.15128777895539,2.93420617410048,NaN,0.0296714293319826,NaN
E_sinLSTM,E4_volatilidad,Conmutaciones_El,5,32.6,33,0.4,0,1.22699386503067,0,0.177807808356221,NaN
E_sinLSTM,E4_volatilidad,LOH_High_media,5,73.9760642560408,72.0291875906935,-1.9468766653473,-1.61538713651288,-2.63176567302757,0,0.00348332103168025,NaN
E_sinLSTM,E4_volatilidad,LOH_High_min,5,22.3728818639044,16.2062452105663,-6.16663665333815,-4.51596258729494,-27.5629965368349,0,0.0526205716898134,NaN
E_sinLSTM,E4_volatilidad,pct_tiempo_critico,5,40.9592576731851,43.8333269951604,2.87406932197533,2.43170894228018,7.0168979743422,0,0.0135423111213491,NaN
E_sinLSTM,TODOS,Coste_Neto,20,-390.84732222864,-458.658792681884,-67.8114704532441,-71.2786143212225,-17.3498618505503,20,1.26655648191587e-08,9.56917315705946e-05
E_sinLSTM,TODOS,Coste_corregido,20,-376.72070143246,-433.58173427605,-56.86103284359,-53.8469884518149,-15.0936841610718,20,4.63814764373183e-09,9.56917315705946e-05
E_sinLSTM,TODOS,Coste_total_H2,20,-375.04069323406,-427.43770429333,-52.3970110592704,-46.9307104695814,-13.9710202131506,20,7.61525533743423e-08,9.56917315705946e-05
E_sinLSTM,TODOS,V_terminal,20,-14.1266207961795,-25.0770584058336,-10.9504376096541,-8.45809625811429,-77.5163272777567,3,0.00489546664868956,0.000315046961090167
E_sinLSTM,TODOS,E_Import_Red,20,1320.32199568236,602.95462243271,-717.367373249655,-667.101042289648,-54.3327594022932,20,9.09003983196044e-10,9.56917315705946e-05
E_sinLSTM,TODOS,E_Export_Red,20,14013.8609636433,13416.7387196975,-597.122243945792,-558.199652720282,-4.2609402611809,NaN,8.13668687982272e-10,9.56917315705946e-05
E_sinLSTM,TODOS,Autarquia_pct,20,87.6524265794056,94.3473617475497,6.6949351681441,6.28229488319876,7.63804885889732,20,1.05691411178555e-09,9.56917315705946e-05
E_sinLSTM,TODOS,Autoconsumo_pct,20,45.5954824389406,48.682473777296,3.08699133835539,2.48573832388604,6.77038858507386,20,1.79143122913672e-06,9.56917315705946e-05
E_sinLSTM,TODOS,coste_H2_kg,20,3.11633217669612,3.00111277800226,-0.115219398693855,-0.111883127599255,-3.6972759051639,19,3.89795703337192e-06,0.000553830376860923
E_sinLSTM,TODOS,kg_H2_EL,20,167.884805061268,166.972524289204,-0.912280772063448,-0.363081824096838,-0.54339686770969,3,0.00473809896289179,0.00072854180016988
E_sinLSTM,TODOS,E_Comp,20,261.075556546122,253.811482316798,-7.26407422932434,-2.47724760042469,-2.78236473970364,18,0.0290770669862901,0.000151093078387285
E_sinLSTM,TODOS,t_run_El_pct,20,36.7335371469293,36.9395553248093,0.206018177879998,0.207340927015665,0.560844922327931,NaN,0.349223498216221,0.322508682620795
E_sinLSTM,TODOS,Conmutaciones_El,20,32.1,31.55,-0.55,0,-1.71339563862928,8,0.224595744783219,0.247324778343984
E_sinLSTM,TODOS,LOH_High_media,20,73.9158633635564,71.5278913036964,-2.38797205986004,-1.4839262385413,-3.23066247378422,0,0.00119926486665833,9.56917315705946e-05
E_sinLSTM,TODOS,LOH_High_min,20,21.7995380237983,18.4468390627788,-3.35269896101955,-2.38399972239529,-15.3796789517257,2,0.000620017039666854,0.000672715036471695
E_sinLSTM,TODOS,pct_tiempo_critico,20,38.8248365991458,42.72316017996,3.89832358081418,2.05646154685591,10.0407984225746,0,0.000818753458706079,9.56917315705946e-05
E_sinLSTM_8,E1_lab_soleado,Coste_Neto,5,-662.338420791027,-712.376303892564,-50.0378831015369,-38.0826732267137,-7.55473056232748,5,0.00615456486680532,NaN
E_sinLSTM_8,E1_lab_soleado,Coste_corregido,5,-656.752663913508,-705.751145322646,-48.9984814091389,-38.2719579641895,-7.46072061849936,5,0.00585574349389639,NaN
E_sinLSTM_8,E1_lab_soleado,Coste_total_H2,5,-656.752663913508,-705.751145322646,-48.9984814091389,-38.2719579641895,-7.46072061849936,5,0.00585574349389639,NaN
E_sinLSTM_8,E1_lab_soleado,V_terminal,5,-5.58575687751912,-6.62515856991712,-1.03940169239799,-0.660422631185938,-18.6080725529114,1,0.159662749729251,NaN
E_sinLSTM_8,E1_lab_soleado,E_Import_Red,5,832.162671999616,301.075873408081,-531.086798591536,-452.848889995298,-63.8200698566999,5,0.00425634615745629,NaN
E_sinLSTM_8,E1_lab_soleado,E_Export_Red,5,20260.4752698316,19742.684515368,-517.79075446365,-389.108660092628,-2.55566933928077,NaN,0.0055708330716191,NaN
E_sinLSTM_8,E1_lab_soleado,Autarquia_pct,5,92.232764167151,97.2124228706157,4.97965870346464,4.24847049841486,5.39901275694192,5,0.00495283083986919,NaN
E_sinLSTM_8,E1_lab_soleado,Autoconsumo_pct,5,33.2793889724294,34.9845471714418,1.70515819901241,1.28138985940556,5.12376654639022,5,0.0055708330716191,NaN
E_sinLSTM_8,E1_lab_soleado,coste_H2_kg,5,2.65247449662331,2.52412853788286,-0.128345958740449,-0.115582991987307,-4.8387254582028,5,0.00547552537486351,NaN
E_sinLSTM_8,E1_lab_soleado,kg_H2_EL,5,167.699079757558,167.437463450639,-0.261616306919706,0.000101566366538464,-0.156003424287076,3,0.376583672010629,NaN
E_sinLSTM_8,E1_lab_soleado,E_Comp,5,275.895320382492,274.084552986636,-1.81076739585536,-2.09501210767189,-0.656324070065767,5,0.00294478849400703,NaN
E_sinLSTM_8,E1_lab_soleado,t_run_El_pct,5,35.0874089163212,34.9901537861214,-0.0972551301998536,-0.0927577831385875,-0.277179572968166,NaN,0.796170851412437,NaN
E_sinLSTM_8,E1_lab_soleado,Conmutaciones_El,5,33.6,32.2,-1.4,-1,-4.16666666666667,3,0.134701935318967,NaN
E_sinLSTM_8,E1_lab_soleado,LOH_High_media,5,79.3425066641885,78.285300965207,-1.05720569898154,-0.886138776869018,-1.33245815317644,0,0.00974347228911188,NaN
E_sinLSTM_8,E1_lab_soleado,LOH_High_min,5,34.6589992848366,32.3583745510205,-2.30062473381613,-1.7672928969745,-6.63788563226827,0,0.102117595808353,NaN
E_sinLSTM_8,E1_lab_soleado,pct_tiempo_critico,5,27.9433400407737,30.152231891151,2.20889185037723,1.99288691652296,7.90489557495314,0,0.00858053219192789,NaN
E_sinLSTM_8,E2_lab_nublado,Coste_Neto,5,59.7207796240564,-43.9732980081436,-103.6940776322,-107.720934098371,-173.631486870996,5,0.00080047621096635,NaN
E_sinLSTM_8,E2_lab_nublado,Coste_corregido,5,80.977585437669,5.60976494578301,-75.367820491886,-63.9266130928125,-93.0724472513434,5,0.00295550693210145,NaN
E_sinLSTM_8,E2_lab_nublado,Coste_total_H2,5,87.6976182312709,30.185884876663,-57.5117333546079,-54.6884504855748,-65.5795841603604,5,0.0405974231357842,NaN
E_sinLSTM_8,E2_lab_nublado,V_terminal,5,-21.2568058136127,-49.5830629539266,-28.3262571403139,-21.93814370133,-133.257354791161,0,0.0432476162809672,NaN
E_sinLSTM_8,E2_lab_nublado,E_Import_Red,5,2107.97464609918,1164.66354684597,-943.311099253217,-1065.43009112482,-44.7496416049794,5,0.000547599033194679,NaN
E_sinLSTM_8,E2_lab_nublado,E_Export_Red,5,3553.46395567477,2870.99206482273,-682.471890852047,-589.308263296754,-19.2058199932536,NaN,0.00251104857273199,NaN
E_sinLSTM_8,E2_lab_nublado,Autarquia_pct,5,80.3466398254363,89.0400143790185,8.69337455358222,9.15250426603659,10.8198358667764,5,0.000752005889429919,NaN
E_sinLSTM_8,E2_lab_nublado,Autoconsumo_pct,5,71.1261031924534,76.6715718383486,5.54546864589521,4.78846167979036,7.79667154109406,5,0.00251104857273199,NaN
E_sinLSTM_8,E2_lab_nublado,coste_H2_kg,5,4.87710279318205,4.79010451190563,-0.0869982812764249,-0.105827274422612,-1.78381069593292,4,0.286031157884417,NaN
E_sinLSTM_8,E2_lab_nublado,kg_H2_EL,5,168.494191279616,166.137498896035,-2.35669238358061,-1.71429606250766,-1.39867871152287,0,0.0389104039732873,NaN
E_sinLSTM_8,E2_lab_nublado,E_Comp,5,229.451289577216,206.66148947309,-22.7898001041259,-16.0607993913202,-9.93230421416155,5,0.0764607187089479,NaN
E_sinLSTM_8,E2_lab_nublado,t_run_El_pct,5,40.9900777280461,40.9982126352304,0.00813490718434622,-0.141368813874315,0.0198460399082878,NaN,0.982174693382228,NaN
E_sinLSTM_8,E2_lab_nublado,Conmutaciones_El,5,26.8,26.6,-0.2,1,-0.746268656716418,2,0.89785945241419,NaN
E_sinLSTM_8,E2_lab_nublado,LOH_High_media,5,61.9288610944948,56.1955618534723,-5.73329924102246,-4.7323018869555,-9.25787934687552,0,0.0306337599226727,NaN
E_sinLSTM_8,E2_lab_nublado,LOH_High_min,5,0.619269624317942,-2.62589333133142,-3.24516295564936,-2.18713604800026,-524.030701364298,2,0.12854077282165,NaN
E_sinLSTM_8,E2_lab_nublado,pct_tiempo_critico,5,62.5957298351028,71.6005760572486,9.0048462221458,6.72832882220762,14.3857196742772,0,0.0373678142601019,NaN
E_sinLSTM_8,E3_finde_soleado,Coste_Neto,5,-884.85386208525,-929.42643730237,-44.5725752171205,-48.7620709575376,-5.03728097112902,5,0.0141144785133691,NaN
E_sinLSTM_8,E3_finde_soleado,Coste_corregido,5,-870.478424999096,-907.270306190927,-36.7918811918308,-26.4320581605319,-4.22662758032964,5,0.0168053749325026,NaN
E_sinLSTM_8,E3_finde_soleado,Coste_total_H2,5,-870.478424999096,-907.270306190927,-36.7918811918308,-26.4320581605319,-4.22662758032964,5,0.0168053749325026,NaN
E_sinLSTM_8,E3_finde_soleado,V_terminal,5,-14.3754370861533,-22.1561311114429,-7.78069402528964,-7.71659962900082,-54.1249214104534,2,0.132265807489647,NaN
E_sinLSTM_8,E3_finde_soleado,E_Import_Red,5,862.284187344347,315.409156882601,-546.875030461746,-605.104939841547,-63.4216698494734,5,0.00548485991096537,NaN
E_sinLSTM_8,E3_finde_soleado,E_Export_Red,5,21231.8866708621,20797.9012743892,-433.985396472885,-378.884127659661,-2.04402653047537,NaN,0.00530865142948711,NaN
E_sinLSTM_8,E3_finde_soleado,Autarquia_pct,5,91.886244130442,97.0286206520791,5.14237652163712,5.69305998078087,5.59645959011775,5,0.00520745523597066,NaN
E_sinLSTM_8,E3_finde_soleado,Autoconsumo_pct,5,31.9657135895078,33.3563524535579,1.39063886405006,1.21407539787609,4.35040769590862,5,0.00530865142948711,NaN
E_sinLSTM_8,E3_finde_soleado,coste_H2_kg,5,3.07822554359675,2.97206211018261,-0.106163433414141,-0.105118399046765,-3.44885168128695,5,0.000702658602566686,NaN
E_sinLSTM_8,E3_finde_soleado,kg_H2_EL,5,168.350682725199,167.771132038753,-0.579550686445799,-0.401872641038096,-0.344252055925314,0,0.120321667302354,NaN
E_sinLSTM_8,E3_finde_soleado,E_Comp,5,278.556812866371,277.751189531776,-0.805623334595424,-0.870442112806302,-0.289213294159097,3,0.150327079202244,NaN
E_sinLSTM_8,E3_finde_soleado,t_run_El_pct,5,34.4655845476446,34.3962394242073,-0.0693451234372944,0.150462714182019,-0.201201065780367,NaN,0.896322324916217,NaN
E_sinLSTM_8,E3_finde_soleado,Conmutaciones_El,5,35.4,34.6,-0.8,-1,-2.25988700564972,3,0.373900966300059,NaN
E_sinLSTM_8,E3_finde_soleado,LOH_High_media,5,80.4160214395017,79.66285242566,-0.753169013841668,-0.764483016334182,-0.93659074443056,0,0.00122648720640917,NaN
E_sinLSTM_8,E3_finde_soleado,LOH_High_min,5,29.5470013221343,27.8475164849456,-1.69948483718871,-1.7643062556777,-5.75180140502308,0,0.0985978333977671,NaN
E_sinLSTM_8,E3_finde_soleado,pct_tiempo_critico,5,23.8010188475217,25.2998589618734,1.49884011435166,1.3624316097361,6.29737795660679,0,0.00181678657447026,NaN
E_sinLSTM_8,E4_volatilidad,Coste_Neto,5,-75.9177856623385,-148.800504303981,-72.8827186416429,-72.8616357046144,-96.0021660349859,5,0.0018447573371223,NaN
E_sinLSTM_8,E4_volatilidad,Coste_corregido,5,-60.6293022549056,-126.85214814015,-66.2228458852448,-72.3134944434992,-109.22580901034,5,0.0015475771345983,NaN
E_sinLSTM_8,E4_volatilidad,Coste_total_H2,5,-60.6293022549056,-126.85214814015,-66.2228458852448,-72.3134944434992,-109.22580901034,5,0.0015475771345983,NaN
E_sinLSTM_8,E4_volatilidad,V_terminal,5,-15.2884834074329,-21.948356163831,-6.65987275639808,-9.5285276441373,-43.5613695545511,0,0.0561110383248336,NaN
E_sinLSTM_8,E4_volatilidad,E_Import_Red,5,1478.86647728631,633.1967230388,-845.669754247512,-789.890875135419,-57.1836448547605,5,0.00356327679620883,NaN
E_sinLSTM_8,E4_volatilidad,E_Export_Red,5,11009.6179582047,10257.869971321,-751.747986883726,-789.001594581854,-6.82810238954295,NaN,0.00258750075788927,NaN
E_sinLSTM_8,E4_volatilidad,Autarquia_pct,5,86.144058194593,94.0862765408632,7.94221834627021,7.91598917972955,9.21969374640946,5,0.00386333349700796,NaN
E_sinLSTM_8,E4_volatilidad,Autoconsumo_pct,5,46.0107240013719,49.6971670459312,3.68644304455927,3.86912833987054,8.01213874497899,5,0.00258750075788927,NaN
E_sinLSTM_8,E4_volatilidad,coste_H2_kg,5,1.85752587338234,1.72029268193821,-0.137233191444137,-0.123944118601444,-7.38795585087874,5,0.0019076118938266,NaN
E_sinLSTM_8,E4_volatilidad,kg_H2_EL,5,166.995266482699,166.544127892985,-0.451138589713452,-0.00978172645551467,-0.270150525350484,0,0.176387921759312,NaN
E_sinLSTM_8,E4_volatilidad,E_Comp,5,260.39880335841,256.95011506948,-3.44868828892978,-2.77612124817148,-1.3243871494229,5,0.00698664171115615,NaN
E_sinLSTM_8,E4_volatilidad,t_run_El_pct,5,36.3910773957054,37.4588666354718,1.06778923976647,1.15128777895539,2.93420617410048,NaN,0.0296714293319826,NaN
E_sinLSTM_8,E4_volatilidad,Conmutaciones_El,5,32.6,33,0.4,0,1.22699386503067,0,0.177807808356221,NaN
E_sinLSTM_8,E4_volatilidad,LOH_High_media,5,73.9760642560408,72.0291875906935,-1.9468766653473,-1.61538713651288,-2.63176567302757,0,0.00348332103168025,NaN
E_sinLSTM_8,E4_volatilidad,LOH_High_min,5,22.3728818639044,16.2062452105663,-6.16663665333815,-4.51596258729494,-27.5629965368349,0,0.0526205716898134,NaN
E_sinLSTM_8,E4_volatilidad,pct_tiempo_critico,5,40.9592576731851,43.8333269951604,2.87406932197533,2.43170894228018,7.0168979743422,0,0.0135423111213491,NaN
E_sinLSTM_8,TODOS,Coste_Neto,20,-390.84732222864,-458.644135876765,-67.7968136481251,-71.2786143212225,-17.3461118427377,20,1.26511650044847e-08,9.56917315705946e-05
E_sinLSTM_8,TODOS,Coste_corregido,20,-376.72070143246,-433.565958676985,-56.8452572445251,-53.8469884518149,-15.0894965496651,20,4.64480320871985e-09,9.56917315705946e-05
E_sinLSTM_8,TODOS,Coste_total_H2,20,-375.04069323406,-427.421928694265,-52.3812354602056,-46.9307104695814,-13.9668138431887,20,7.70257784221684e-08,9.56917315705946e-05
E_sinLSTM_8,TODOS,V_terminal,20,-14.1266207961795,-25.0781771997794,-10.9515564035999,-8.45809625811429,-77.5242470340942,3,0.0048939724360304,0.000315046961090167
E_sinLSTM_8,TODOS,E_Import_Red,20,1320.32199568236,603.586325043862,-716.735670638503,-667.101042289648,-54.2849148148957,20,9.18542575334413e-10,9.56917315705946e-05
E_sinLSTM_8,TODOS,E_Export_Red,20,14013.8609636433,13417.3619564752,-596.499007168077,-558.199652720282,-4.25649297303289,NaN,8.5614715317206e-10,9.56917315705946e-05
E_sinLSTM_8,TODOS,Autarquia_pct,20,87.6524265794056,94.3418336106441,6.68940703123855,6.27984901453015,7.63174197485396,20,1.07837383467313e-09,9.56917315705946e-05
E_sinLSTM_8,TODOS,Autoconsumo_pct,20,45.5954824389406,48.6774096273199,3.08192718837924,2.48573832388604,6.75928189268841,20,1.82114024971369e-06,9.56917315705946e-05
E_sinLSTM_8,TODOS,coste_H2_kg,20,3.11633217669612,3.00164696047733,-0.114685216218788,-0.111883127599255,-3.6801345208448,19,5.43216568016369e-06,0.00072854180016988
E_sinLSTM_8,TODOS,kg_H2_EL,20,167.884805061268,166.972555569603,-0.912249491664892,-0.363081824096838,-0.543378235649126,3,0.00473714591574526,0.00072854180016988
E_sinLSTM_8,TODOS,E_Comp,20,261.075556546122,253.861836765246,-7.2137197808766,-2.47724760042469,-2.76307743103564,18,0.0279751916495055,0.000151093078387285
E_sinLSTM_8,TODOS,t_run_El_pct,20,36.7335371469293,36.9608681202577,0.227330973328418,0.207340927015665,0.618864914693958,NaN,0.290888285979397,0.30458604753525
E_sinLSTM_8,TODOS,Conmutaciones_El,20,32.1,31.6,-0.5,0,-1.55763239875389,8,0.280535295946525,0.313628453103726
E_sinLSTM_8,TODOS,LOH_High_media,20,73.9158633635564,71.5432257087582,-2.37263765479824,-1.4839262385413,-3.20991671723887,0,0.0010562994449741,9.56917315705946e-05
E_sinLSTM_8,TODOS,LOH_High_min,20,21.7995380237983,18.4465607288002,-3.35297729499809,-2.38399972239529,-15.3809557401523,2,0.000620096790851399,0.000672715036471695
E_sinLSTM_8,TODOS,pct_tiempo_critico,20,38.8248365991458,42.7214984763583,3.8966618772125,2.05646154685591,10.0365184210414,0,0.000812911812812844,9.56917315705946e-05
