Version,Escenario,Fecha,Semilla,Archivo,Coste_Neto,coste_H2_kg,Autoconsumo_pct,Autarquia_pct,E_Import_Red,E_Export_Red,E_Comp,kg_H2_EL,kg_H2_Dem,Conmutaciones_El,Conmutaciones_FC,LOH_High_media,LOH_High_min,pct_tiempo_critico,pct_tiempo_LOH_negativo,mae_prevision_precio,balance_pct,t_run_El_pct,E_Bat_carga,E_Bat_desc,coste_energia_H2,Coste_Import,Ingreso_Export,precio_medio_import,dSOC_pct,d_kg_H2_high,d_kg_H2_low,dias_sim,dE_bat_kWh,precio_valoracion,V_terminal,Coste_corregido,kg_H2_no_servido,Coste_H2_deficit,Coste_total_H2,kg_H2_high_ini,kg_H2_high_fin,LOH_High_fin,bar_H2_high_fin,valor_H2_rem,valor_bat_rem,SOC_fin_pct
A,E1_lab_soleado,02-07-2025,1,A_E1_lab_soleado_s1_20260902_011739.mat,-217.655707229437,4.38944412511343,34.5448574130082,99.6823322525221,4.37532498263474,2874.84814236882,33.0922248143855,22.1374876101166,15.600076128,4,0,86.9949707384887,58.5722670292606,6.95246582794181,0,10.4585706562763,2.76644993038402e-15,30.8769574426222,219.008449560369,74.7196464702117,97.1712649349974,0.428428399780456,218.084135629218,97.9192177680167,14.166396842144,3.4046022637804,3.05595991596184,1,141.66396842144,97.9192177680167,39.7212805866096,-257.376987816047,0,0,-257.376987816047,16.0128675758634,19.4174698396438,97.0093320145218,679.065324101653,155.33975871715,82.4150774113522,84.166396842144
A,E1_lab_soleado,02-07-2025,2,A_E1_lab_soleado_s2_20260902_011801.mat,-240.994191428353,4.34605959146145,28.7973233106347,99.7619454080244,2.5305088547466,3127.28495763432,25.3787781514782,16.183512809333,13.4100654408,4,0,87.5740345829549,60.7446639203033,9.22327287878612,0,10.4585706562763,2.68594937465168e-15,22.4719621300679,230.728792564293,26.3893901841617,70.334511068541,0.264624216242882,241.258815644596,104.573519174419,20.0010824758989,1.03170439116502,1.71903037527721,1,200.010824758989,104.573519174419,27.0778873655432,-268.072078793896,0,0,-268.072078793896,16.0128675758634,17.0445719670284,85.1543766850112,596.080636795078,136.356575736227,94.1172992401191,90.0010824758989
A,E1_lab_soleado,02-07-2025,3,A_E1_lab_soleado_s3_20260902_011822.mat,-181.304271572243,4.59843011883674,36.6262159634968,84.452950773962,270.240968318288,2783.43302163139,41.2011242025218,27.6218714230422,25.4801243424,6,0,77.1753818772752,35.8780242076973,24.6154558396315,0,10.4585706562763,3.32275819611827e-15,43.6707908473282,204.355805422611,63.6727055036377,127.017245490353,29.8501297897837,211.154401362026,110.457455712734,13.8156719079919,-0.200118294859861,2.31670578462698,1,138.156719079919,110.457455712734,12.1334493523893,-193.437720924632,0,0,-193.437720924632,16.0128675758634,15.8127492810035,79.0002125782318,553.001488047622,126.501994248028,92.5806586781009,83.8156719079919
A,E1_lab_soleado,02-07-2025,4,A_E1_lab_soleado_s4_20260902_011842.mat,-160.431581148363,4.62688385844988,44.8748962412285,91.9842228071138,155.913076889113,2421.14363937368,44.7089522030774,31.5823912053207,32.8401602592,4,0,74.6504720720616,41.8955786490829,39.7298642376824,0,10.4585706562763,3.05741125628132e-15,48.0445828173285,204.417535617748,22.636538399657,146.128056079148,19.2656679338242,179.697249082187,123.566722677957,17.8166894571488,-4.20453976069204,2.96157329650861,1,178.166894571488,123.566722677957,-13.8223687588192,-146.609212389544,0,0,-146.609212389544,16.0128675758634,11.8083278151714,58.9941945587328,412.959361911129,94.4666225213709,108.512205126478,87.8166894571488
A,E1_lab_soleado,02-07-2025,5,A_E1_lab_soleado_s5_20260902_011903.mat,-194.00451926289,4.56057631908847,37.0713257982087,92.4150224162414,119.983263920629,2763.88340137396,41.2402904683031,27.5759231025768,27.900136152,5,0,80.2073147687004,54.7581377686537,23.5876899572922,0,10.4585706562763,2.99553206405412e-15,43.5272739898844,225.765937951898,59.4309400158622,125.762101878616,14.9689468311573,208.973466094047,124.758623344832,16.3134033146998,-3.36136076273242,3.04097492470188,1,163.134033146998,124.758623344832,-8.57374644536075,-185.430772817529,0,0,-185.430772817529,16.0128675758634,12.651506813131,63.2067017512887,442.446912259021,101.212054505048,107.683413737492,86.3134033146997
A,E1_lab_soleado,02-07-2025,6,A_E1_lab_soleado_s6_20260902_011923.mat,-177.25311190601,4.64663476284949,37.6468212619795,85.3564364440256,259.688909366616,2738.60712819551,45.5325535362857,29.1159872179391,27.4801341024,8,0,80.5589285737233,53.6389904737295,20.9048506383028,0,10.4585706562763,3.2054646350183e-15,46.7645050404509,204.877322497279,65.1061841781117,135.291358361557,30.1815271355931,207.434639041603,116.221856409679,13.727767465682,-0.200055545307048,1.81670761457045,1,137.27767465682,116.221856409679,12.7587552105412,-190.011867116551,0,0,-190.011867116551,16.0128675758634,15.8128120305564,79.0005260738753,553.003682517127,126.502496244451,97.3099656789951,83.727767465682
A,E1_lab_soleado,02-07-2025,7,A_E1_lab_soleado_s7_20260902_011944.mat,-218.915038318763,4.40798839828255,33.6990800733201,97.9284955979517,27.2684701500806,2911.99543619112,30.4147985514288,20.2578491365943,23.0201123376,6,0,84.4710461576893,51.1776555881925,4.41545815441951,0,10.4585706562763,3.04726899960098e-15,33.0898947928843,205.87146017034,14.8701028288354,89.2963639682659,3.08845102801013,222.003489346773,113.260883761057,18.7110461013025,-5.7691048036525,3.03934535612033,1,187.110461013025,113.260883761057,-27.0797718714734,-191.835266447289,0,0,-191.835266447289,16.0128675758634,10.2437627722109,51.1776555881925,358.243589117348,81.9501021776872,100.474914808014,88.7110461013025
A,E1_lab_soleado,02-07-2025,8,A_E1_lab_soleado_s8_20260902_012004.mat,-222.353675312109,4.55165373806902,32.0276738083707,97.8683017404257,29.044383847211,2985.40508753437,27.9396567549009,19.2352132940134,16.3600798368,6,0,84.8852750600754,60.8434092335325,3.23144408050833,0,10.4585706562763,2.64321759811701e-15,30.0910869087163,204.916189868299,131.68762384192,87.5520304922508,3.35132560405009,225.705000916159,115.386355643826,7.20574086036746,-0.19974096987373,3.0410872883691,1,72.0574086036746,115.386355643826,5.88506983933466,-228.238745151443,0,0,-228.238745151443,16.0128675758634,15.8131266059897,79.0020976871136,553.014683809795,126.505012847917,89.0848907265946,77.2057408603674
A,E1_lab_soleado,02-07-2025,9,A_E1_lab_soleado_s9_20260902_012025.mat,-183.84524804632,4.13460671095631,45.714473148166,99.8267033125187,3.35723203089284,2384.26867407852,52.4643024688279,32.8686010729116,26.6601301008,5,0,83.8753070915032,57.2885779572808,15.4894040578234,0,10.4585706562763,3.39760319871337e-15,40.2078679644912,205.930429545255,132.027042172206,135.898738575806,0.336040506538812,184.181288552858,100.094513410633,7.27478039970161,3.403541427725,2.73195324473957,1,72.7478039970161,100.094513410633,33.7818218602961,-217.627069906616,0,0,-217.627069906616,16.0128675758634,19.4164090035884,97.0040320965633,679.028224675943,155.331272028707,77.3478154302169,77.2747803997016
A,E1_lab_soleado,02-07-2025,10,A_E1_lab_soleado_s10_20260902_012045.mat,-221.632274700621,4.09199318161549,35.3318888240648,99.7548536636973,3.35346031971106,2840.2810220382,33.3313355198301,20.9956591647581,15.8200772016,3,0,87.6337980296025,62.7779801531292,3.27426765893913,0,10.4585706562763,3.25126729852643e-15,27.142046967049,232.524454500557,45.3052327491272,85.914094145713,0.350293923943491,221.982568624565,104.457453062594,18.3419904728044,3.40336337105029,1.71137396302701,1,183.419904728044,104.457453062594,44.47052544839,-266.102800149011,0,0,-266.102800149011,16.0128675758634,19.4162309469137,97.0031425286013,679.021997700209,155.32984757531,92.2797932326912,88.3419904728044
A_8,E1_lab_soleado,02-07-2025,1,A_8_E1_lab_soleado_s1_20260904_180839.mat,-217.655707229437,4.38944412511343,34.5448574130082,99.6823322525221,4.37532498263474,2874.84814236882,33.0922248143855,22.1374876101166,15.600076128,4,0,86.9949707384887,58.5722670292606,6.95246582794181,0,9.41130395253499,2.76644993038402e-15,30.8769574426222,219.008449560369,74.7196464702117,97.1712649349974,0.428428399780456,218.084135629218,97.9192177680167,14.166396842144,3.4046022637804,3.05595991596184,1,141.66396842144,97.9192177680167,39.7212805866096,-257.376987816047,0,0,-257.376987816047,16.0128675758634,19.4174698396438,97.0093320145218,679.065324101653,155.33975871715,82.4150774113522,84.166396842144
A_8,E1_lab_soleado,02-07-2025,2,A_8_E1_lab_soleado_s2_20260904_180856.mat,-240.994191428353,4.34605959146145,28.7973233106347,99.7619454080244,2.5305088547466,3127.28495763432,25.3787781514782,16.183512809333,13.4100654408,4,0,87.5740345829549,60.7446639203033,9.22327287878612,0,9.41130395253499,2.68594937465168e-15,22.4719621300679,230.728792564293,26.3893901841617,70.334511068541,0.264624216242882,241.258815644596,104.573519174419,20.0010824758989,1.03170439116502,1.71903037527721,1,200.010824758989,104.573519174419,27.0778873655432,-268.072078793896,0,0,-268.072078793896,16.0128675758634,17.0445719670284,85.1543766850112,596.080636795078,136.356575736227,94.1172992401191,90.0010824758989
A_8,E1_lab_soleado,02-07-2025,3,A_8_E1_lab_soleado_s3_20260904_180912.mat,-181.304271572243,4.59843011883674,36.6262159634968,84.452950773962,270.240968318288,2783.43302163139,41.2011242025218,27.6218714230422,25.4801243424,6,0,77.1753818772752,35.8780242076973,24.6154558396315,0,9.41130395253499,3.32275819611827e-15,43.6707908473282,204.355805422611,63.6727055036377,127.017245490353,29.8501297897837,211.154401362026,110.457455712734,13.8156719079919,-0.200118294859861,2.31670578462698,1,138.156719079919,110.457455712734,12.1334493523893,-193.437720924632,0,0,-193.437720924632,16.0128675758634,15.8127492810035,79.0002125782318,553.001488047622,126.501994248028,92.5806586781009,83.8156719079919
A_8,E1_lab_soleado,02-07-2025,4,A_8_E1_lab_soleado_s4_20260904_180927.mat,-160.431581148363,4.62688385844988,44.8748962412285,91.9842228071138,155.913076889113,2421.14363937368,44.7089522030774,31.5823912053207,32.8401602592,4,0,74.6504720720616,41.8955786490829,39.7298642376824,0,9.41130395253499,3.05741125628132e-15,48.0445828173285,204.417535617748,22.636538399657,146.128056079148,19.2656679338242,179.697249082187,123.566722677957,17.8166894571488,-4.20453976069204,2.96157329650861,1,178.166894571488,123.566722677957,-13.8223687588192,-146.609212389544,0,0,-146.609212389544,16.0128675758634,11.8083278151714,58.9941945587328,412.959361911129,94.4666225213709,108.512205126478,87.8166894571488
A_8,E1_lab_soleado,02-07-2025,5,A_8_E1_lab_soleado_s5_20260904_180943.mat,-194.00451926289,4.56057631908847,37.0713257982087,92.4150224162414,119.983263920629,2763.88340137396,41.2402904683031,27.5759231025768,27.900136152,5,0,80.2073147687004,54.7581377686537,23.5876899572922,0,9.41130395253499,2.99553206405412e-15,43.5272739898844,225.765937951898,59.4309400158622,125.762101878616,14.9689468311573,208.973466094047,124.758623344832,16.3134033146998,-3.36136076273242,3.04097492470188,1,163.134033146998,124.758623344832,-8.57374644536075,-185.430772817529,0,0,-185.430772817529,16.0128675758634,12.651506813131,63.2067017512887,442.446912259021,101.212054505048,107.683413737492,86.3134033146997
A_8,E1_lab_soleado,02-07-2025,6,A_8_E1_lab_soleado_s6_20260904_180959.mat,-177.25311190601,4.64663476284949,37.6468212619795,85.3564364440256,259.688909366616,2738.60712819551,45.5325535362857,29.1159872179391,27.4801341024,8,0,80.5589285737233,53.6389904737295,20.9048506383028,0,9.41130395253499,3.2054646350183e-15,46.7645050404509,204.877322497279,65.1061841781117,135.291358361557,30.1815271355931,207.434639041603,116.221856409679,13.727767465682,-0.200055545307048,1.81670761457045,1,137.27767465682,116.221856409679,12.7587552105412,-190.011867116551,0,0,-190.011867116551,16.0128675758634,15.8128120305564,79.0005260738753,553.003682517127,126.502496244451,97.3099656789951,83.727767465682
A_8,E1_lab_soleado,02-07-2025,7,A_8_E1_lab_soleado_s7_20260904_181015.mat,-218.915038318763,4.40798839828255,33.6990800733201,97.9284955979517,27.2684701500806,2911.99543619112,30.4147985514288,20.2578491365943,23.0201123376,6,0,84.4710461576893,51.1776555881925,4.41545815441951,0,9.41130395253499,3.04726899960098e-15,33.0898947928843,205.87146017034,14.8701028288354,89.2963639682659,3.08845102801013,222.003489346773,113.260883761057,18.7110461013025,-5.7691048036525,3.03934535612033,1,187.110461013025,113.260883761057,-27.0797718714734,-191.835266447289,0,0,-191.835266447289,16.0128675758634,10.2437627722109,51.1776555881925,358.243589117348,81.9501021776872,100.474914808014,88.7110461013025
A_8,E1_lab_soleado,02-07-2025,8,A_8_E1_lab_soleado_s8_20260904_181030.mat,-222.353675312109,4.55165373806902,32.0276738083707,97.8683017404257,29.044383847211,2985.40508753437,27.9396567549009,19.2352132940134,16.3600798368,6,0,84.8852750600754,60.8434092335325,3.23144408050833,0,9.41130395253499,2.64321759811701e-15,30.0910869087163,204.916189868299,131.68762384192,87.5520304922508,3.35132560405009,225.705000916159,115.386355643826,7.20574086036746,-0.19974096987373,3.0410872883691,1,72.0574086036746,115.386355643826,5.88506983933466,-228.238745151443,0,0,-228.238745151443,16.0128675758634,15.8131266059897,79.0020976871136,553.014683809795,126.505012847917,89.0848907265946,77.2057408603674
A_8,E1_lab_soleado,02-07-2025,9,A_8_E1_lab_soleado_s9_20260904_181045.mat,-183.84524804632,4.13460671095631,45.714473148166,99.8267033125187,3.35723203089284,2384.26867407852,52.4643024688279,32.8686010729116,26.6601301008,5,0,83.8753070915032,57.2885779572808,15.4894040578234,0,9.41130395253499,3.39760319871337e-15,40.2078679644912,205.930429545255,132.027042172206,135.898738575806,0.336040506538812,184.181288552858,100.094513410633,7.27478039970161,3.403541427725,2.73195324473957,1,72.7478039970161,100.094513410633,33.7818218602961,-217.627069906616,0,0,-217.627069906616,16.0128675758634,19.4164090035884,97.0040320965633,679.028224675943,155.331272028707,77.3478154302169,77.2747803997016
A_8,E1_lab_soleado,02-07-2025,10,A_8_E1_lab_soleado_s10_20260904_181101.mat,-221.632274700621,4.09199318161549,35.3318888240648,99.7548536636973,3.35346031971106,2840.2810220382,33.3313355198301,20.9956591647581,15.8200772016,3,0,87.6337980296025,62.7779801531292,3.27426765893913,0,9.41130395253499,3.25126729852643e-15,27.142046967049,232.524454500557,45.3052327491272,85.914094145713,0.350293923943491,221.982568624565,104.457453062594,18.3419904728044,3.40336337105029,1.71137396302701,1,183.419904728044,104.457453062594,44.47052544839,-266.102800149011,0,0,-266.102800149011,16.0128675758634,19.4162309469137,97.0031425286013,679.021997700209,155.32984757531,92.2797932326912,88.3419904728044
A_8_semana,E1_lab_soleado,02-07-2025,1,A_8_semana_E1_lab_soleado_s1_20260904_145426.mat,-739.566994894536,2.50539923483423,30.9347525646575,92.3672348889105,761.788965960518,20972.4508831362,256.245005486153,156.543833929031,159.1807767984,34,0,77.4437798011801,33.1142278724496,35.8850266451279,0,17.5982677559626,3.0223735708913e-15,32.3433658343819,413.550494589301,238.58179682632,392.204801743811,89.2534713443308,828.820466238867,117.162987825367,17.1459282233284,-4.32432814305541,1.71853693973398,7,171.459282233284,117.162987825367,-16.5148115272833,-723.052183367253,0,0,-723.052183367253,16.0128675758634,11.688539432808,58.3957339430018,408.770137601012,93.5083154624639,102.102773274602,87.1459282233284
A_8_semana,E1_lab_soleado,02-07-2025,2,A_8_semana_E1_lab_soleado_s2_20260904_145510.mat,-637.334258949183,2.81350119343533,33.0692510322342,92.9097292811683,752.804170802541,20324.2860544604,279.057471527299,167.275610431098,164.400802272,33,0,83.1531170908627,42.8412462226082,17.2388934542106,0,17.5982677559626,2.95215289619367e-15,35.2501070600082,516.937520340565,339.702659380763,470.630129580518,81.5997799477337,718.934038896917,108.394431264564,17.3628469996629,-0.199924983771378,3.04104809421989,7,173.628469996629,108.394431264564,15.338923460788,-652.673182409971,0,0,-652.673182409971,16.0128675758634,15.812942592092,79.0011783569722,553.008248498806,126.503540736736,94.6964611418162,87.3628469996629
A_8_semana,E1_lab_soleado,02-07-2025,3,A_8_semana_E1_lab_soleado_s3_20260904_145553.mat,-574.311286726885,3.09388710562288,32.0249168425494,87.7650234670988,1327.1823592213,20641.4100540413,272.565362507226,169.715289882156,176.3808607344,36,0,77.2300515668532,26.4122321364618,33.0965061235018,0,17.5982677559626,2.79291009802624e-15,37.6422988718603,567.428278671434,362.959374313258,525.079946993451,146.245325590529,720.556612317413,110.192336851385,20.0012497987976,-9.61955985904655,3.03248545618698,7,200.012497987976,110.192336851385,-57.1206187748723,-517.190667952012,0,0,-517.190667952012,16.0128675758634,6.39330771681685,31.9408510013717,223.585957009602,51.1464617345348,99.1744803487471,90.0012497987976
A_8_semana,E1_lab_soleado,02-07-2025,4,A_8_semana_E1_lab_soleado_s4_20260904_145637.mat,-697.163873679468,2.53447029373987,32.4272282182132,93.3190055264321,696.767701655724,20519.24361174,258.473893455695,157.081372806353,153.3207482016,33,0,80.2845438451779,32.2989128968987,20.7992380964979,0,17.5982677559626,2.92902239778372e-15,34.5459084889079,704.665256038004,590.101094710391,398.11807307758,81.2186256423287,778.382499321796,116.564854325666,11.2367409030735,0.688470294227749,3.02806625409397,7,112.367409030735,116.564854325666,17.2960439519802,-714.459917631448,0,0,-714.459917631448,16.0128675758634,16.7013378700912,83.439585275859,584.077096931013,133.610702960729,94.6934886925865,81.2367409030735
A_8_semana,E1_lab_soleado,02-07-2025,5,A_8_semana_E1_lab_soleado_s5_20260904_145721.mat,-663.315689705063,2.31511465548425,37.9407962044926,94.8028276721455,622.270162357999,18844.9857457803,313.134868936086,187.879291739153,186.680910998401,32,0,78.6010410168686,38.6283772957649,32.6970358845306,0,17.5982677559626,3.13543610987578e-15,35.6553643264479,576.731567009215,406.550216969513,434.962101767316,71.7976257104639,735.113315415526,115.380151666597,16.6731858591338,-0.530264239617251,1.71467419121628,7,166.731858591338,115.380151666597,13.0716785017919,-676.387368206854,0,0,-676.387368206854,16.0128675758634,15.4826033362462,77.3508093432732,541.455665402913,123.860826689969,100.00365329854,86.6731858591338
A_factor3,E1_lab_soleado,02-07-2025,1,A_factor3_E1_lab_soleado_s1_20260903_211456.mat,311.287236583815,2.82118358724809,80.8731310353032,81.8522888040714,5430.0917619284,5808.09212745996,9.53278250812254,341.328794908248,513.862507636799,24,0,3.85501357861484,-32.4790303200371,95.1947830774089,9.81430255571667,17.5982677559626,3.48366856953643e-15,73.3752093663866,2672.78999298385,2606.28289753189,962.951194050319,514.522503962613,203.235267378798,94.7539243388199,6.33386762009508,-16.0109312731802,-154.494175136383,7,63.3386762009508,94.7539243388199,-122.686020866222,433.973257450038,473.042308435198,3784.33846748159,4218.31172493162,16.0128675758634,0.00193630268317971,0.00967373357210969,0.0677161350047678,0.0154904214654377,72.3293351696399,76.3338676200951
A_factorB,E1_lab_soleado,02-07-2025,1,A_factorB_E1_lab_soleado_s1_20260903_213515.mat,-219.312087401916,2.64982809995005,58.112870127337,87.8755539461574,2414.52751643346,12719.5051999543,338.146536632262,223.372050296228,226.7611065888,41,0,73.8985864512211,3.86350616425771,26.1216499311344,0,17.5982677559626,3.68886123424354e-15,46.0885481340143,1775.42908369923,1628.80391678791,591.897535618402,288.550229720155,507.862317122071,119.505877550064,14.2732964783206,-4.82616142710645,1.47707232140766,7,142.732964783206,119.505877550064,-23.2576060262861,-196.05448137563,0,0,-196.05448137563,16.0128675758634,11.186706148757,55.8885838317627,391.220086822339,89.4936491900556,100.711542496784,84.2732964783206
A_semana,E1_lab_soleado,02-07-2025,1,A_semana_E1_lab_soleado_s1_20260903_105603.mat,-739.566994894536,2.50539923483423,30.9347525646575,92.3672348889105,761.788965960518,20972.4508831362,256.245005486153,156.543833929031,159.1807767984,34,0,77.4437798011801,33.1142278724496,35.8850266451279,0,17.5982677559626,3.0223735708913e-15,32.3433658343819,413.550494589301,238.58179682632,392.204801743811,89.2534713443308,828.820466238867,117.162987825367,17.1459282233284,-4.32432814305541,1.71853693973398,7,171.459282233284,117.162987825367,-16.5148115272833,-723.052183367253,0,0,-723.052183367253,16.0128675758634,11.688539432808,58.3957339430018,408.770137601012,93.5083154624639,102.102773274602,87.1459282233284
A_semana,E1_lab_soleado,02-07-2025,2,A_semana_E1_lab_soleado_s2_20260903_105649.mat,-637.334258949183,2.81350119343533,33.0692510322342,92.9097292811683,752.804170802541,20324.2860544604,279.057471527299,167.275610431098,164.400802272,33,0,83.1531170908627,42.8412462226082,17.2388934542106,0,17.5982677559626,2.95215289619367e-15,35.2501070600082,516.937520340565,339.702659380763,470.630129580518,81.5997799477337,718.934038896917,108.394431264564,17.3628469996629,-0.199924983771378,3.04104809421989,7,173.628469996629,108.394431264564,15.338923460788,-652.673182409971,0,0,-652.673182409971,16.0128675758634,15.812942592092,79.0011783569722,553.008248498806,126.503540736736,94.6964611418162,87.3628469996629
A_semana,E1_lab_soleado,02-07-2025,3,A_semana_E1_lab_soleado_s3_20260903_105734.mat,-574.311286726885,3.09388710562288,32.0249168425494,87.7650234670988,1327.1823592213,20641.4100540413,272.565362507226,169.715289882156,176.3808607344,36,0,77.2300515668532,26.4122321364618,33.0965061235018,0,17.5982677559626,2.79291009802624e-15,37.6422988718603,567.428278671434,362.959374313258,525.079946993451,146.245325590529,720.556612317413,110.192336851385,20.0012497987976,-9.61955985904655,3.03248545618698,7,200.012497987976,110.192336851385,-57.1206187748723,-517.190667952012,0,0,-517.190667952012,16.0128675758634,6.39330771681685,31.9408510013717,223.585957009602,51.1464617345348,99.1744803487471,90.0012497987976
A_semana,E1_lab_soleado,02-07-2025,4,A_semana_E1_lab_soleado_s4_20260903_105818.mat,-697.163873679468,2.53447029373987,32.4272282182132,93.3190055264321,696.767701655724,20519.24361174,258.473893455695,157.081372806353,153.3207482016,33,0,80.2845438451779,32.2989128968987,20.7992380964979,0,17.5982677559626,2.92902239778372e-15,34.5459084889079,704.665256038004,590.101094710391,398.11807307758,81.2186256423287,778.382499321796,116.564854325666,11.2367409030735,0.688470294227749,3.02806625409397,7,112.367409030735,116.564854325666,17.2960439519802,-714.459917631448,0,0,-714.459917631448,16.0128675758634,16.7013378700912,83.439585275859,584.077096931013,133.610702960729,94.6934886925865,81.2367409030735
A_semana,E1_lab_soleado,02-07-2025,5,A_semana_E1_lab_soleado_s5_20260903_105904.mat,-663.315689705063,2.31511465548425,37.9407962044926,94.8028276721455,622.270162357999,18844.9857457803,313.134868936086,187.879291739153,186.680910998401,32,0,78.6010410168686,38.6283772957649,32.6970358845306,0,17.5982677559626,3.13543610987578e-15,35.6553643264479,576.731567009215,406.550216969513,434.962101767316,71.7976257104639,735.113315415526,115.380151666597,16.6731858591338,-0.530264239617251,1.71467419121628,7,166.731858591338,115.380151666597,13.0716785017919,-676.387368206854,0,0,-676.387368206854,16.0128675758634,15.4826033362462,77.3508093432732,541.455665402913,123.860826689969,100.00365329854,86.6731858591338
A_semana_s6a10,E1_lab_soleado,02-07-2025,6,A_semana_s6a10_E1_lab_soleado_s6_20260903_115449.mat,-674.496899706991,2.51405628492878,37.7268370740612,98.792416885239,137.758853185062,18909.9568784498,298.030812771229,181.778218787641,176.600861808001,27,0,79.7826615464256,25.0303197343999,23.754259665576,0,17.5982677559626,3.11825480017246e-15,34.9645585903462,411.333833182417,225.205639240839,457.000673406229,15.1937438993924,689.690643606383,110.292322766229,18.2296671805633,3.40366245311693,1.71293501063122,7,182.296671805633,110.292322766229,45.324630654332,-719.821530361323,0,0,-719.821530361323,16.0128675758634,19.4165300289803,97.0046367372568,679.032457160797,155.332240231843,97.3105493023564,88.2296671805632
A_semana_s6a10,E1_lab_soleado,02-07-2025,7,A_semana_s6a10_E1_lab_soleado_s7_20260903_115535.mat,-645.212344351559,2.72032062159041,36.060050123791,96.8322492138781,351.528395436045,19416.0957651586,272.357398095168,173.544700021218,172.9608440448,29,0,73.793385839502,20.2747344874825,36.2944175026166,0,17.5982677559626,3.02007203908604e-15,34.6194864095793,506.383861823043,301.907126036532,472.097226235443,44.9909209118493,690.203265263408,127.986590830141,20.0025773087516,-1.14224251714451,1.71934954624596,7,200.025773087516,127.986590830141,13.902614960915,-659.114959312474,0,0,-659.114959312474,16.0128675758634,14.8706250587189,74.2933768147,520.0536377029,118.965000469751,115.191230356734,90.0025773087516
A_semana_s6a10,E1_lab_soleado,02-07-2025,8,A_semana_s6a10_E1_lab_soleado_s8_20260903_115620.mat,-627.777863869479,2.91547146287064,31.3222374770967,88.5394770088568,1206.12655095142,20854.7866656628,257.009929571481,158.579875842695,155.7207599136,31,0,80.5593059460241,31.7827371428172,27.7739289452233,0,17.5982677559626,2.98964874777518e-15,34.1565242120962,634.419208448667,441.121859422809,462.335102604945,138.943644233436,766.721508102916,115.19823033813,18.9154661481162,-0.199336613191351,3.0249488809051,7,189.154661481162,115.19823033813,18.0165611310233,-645.794425000502,0,0,-645.794425000502,16.0128675758634,15.8135309626721,79.0041178458663,553.028824921064,126.508247701376,102.429043499529,88.9154661481161
A_semana_s6a10,E1_lab_soleado,02-07-2025,9,A_semana_s6a10_E1_lab_soleado_s9_20260903_115704.mat,-632.871880091784,2.6524601367581,33.654077420403,88.1375813815052,1359.28309629594,20146.696844887,268.645098734964,180.552101314497,174.0208492176,38,0,73.816684581242,-3.48917724959989,32.370647535305,0.0254629208615727,17.5982677559626,2.94091830224465e-15,40.5182861800824,639.079336449584,519.086261925533,478.907251344613,138.152080545982,771.023960637765,101.635988060506,11.7746780072431,3.40460326258142,3.04998172454049,7,117.746780072431,101.635988060506,38.0074054008956,-670.879285492679,1.40000683200058,11.2000546560047,-659.679230836675,16.0128675758634,19.4174708384448,97.0093370045139,679.065359031597,155.339766707559,83.1125019759591,81.7746780072431
A_semana_s6a10,E1_lab_soleado,02-07-2025,10,A_semana_s6a10_E1_lab_soleado_s10_20260903_115749.mat,-689.496893189482,2.52659681302463,32.4391482591255,91.6736519959546,877.253290473057,20515.6239552291,284.015753532023,173.216613634825,168.0408200352,34,0,79.6803772488779,26.3861320277473,29.7059694015056,0,17.5982677559626,2.87734044722979e-15,36.5654157317862,536.59983572996,344.69989645079,437.648543972667,103.770335124644,793.267228314126,118.290049466428,18.785062926098,3.40366083914682,1.71139752971718,7,187.85062926098,118.290049466428,47.2280609179974,-736.724954107479,0,0,-736.724954107479,16.0128675758634,19.4165284150102,97.004628673891,679.032400717237,155.332227320082,105.02389485408,88.785062926098
A_umbral8,E1_lab_soleado,02-07-2025,1,A_umbral8_E1_lab_soleado_s1_20260903_233807.mat,-217.655707229437,4.38944412511343,34.5448574130082,99.6823322525221,4.37532498263474,2874.84814236882,33.0922248143855,22.1374876101166,15.600076128,4,0,86.9949707384887,58.5722670292606,6.95246582794181,0,9.41130395253499,2.76644993038402e-15,30.8769574426222,219.008449560369,74.7196464702117,97.1712649349974,0.428428399780456,218.084135629218,97.9192177680167,14.166396842144,3.4046022637804,3.05595991596184,1,141.66396842144,97.9192177680167,39.7212805866096,-257.376987816047,0,0,-257.376987816047,16.0128675758634,19.4174698396438,97.0093320145218,679.065324101653,155.33975871715,82.4150774113522,84.166396842144
A_umbral8,E1_lab_soleado,02-07-2025,2,A_umbral8_E1_lab_soleado_s2_20260903_233820.mat,-240.994191428353,4.34605959146145,28.7973233106347,99.7619454080244,2.5305088547466,3127.28495763432,25.3787781514782,16.183512809333,13.4100654408,4,0,87.5740345829549,60.7446639203033,9.22327287878612,0,9.41130395253499,2.68594937465168e-15,22.4719621300679,230.728792564293,26.3893901841617,70.334511068541,0.264624216242882,241.258815644596,104.573519174419,20.0010824758989,1.03170439116502,1.71903037527721,1,200.010824758989,104.573519174419,27.0778873655432,-268.072078793896,0,0,-268.072078793896,16.0128675758634,17.0445719670284,85.1543766850112,596.080636795078,136.356575736227,94.1172992401191,90.0010824758989
A_umbral8,E1_lab_soleado,02-07-2025,3,A_umbral8_E1_lab_soleado_s3_20260903_233833.mat,-181.304271572243,4.59843011883674,36.6262159634968,84.452950773962,270.240968318288,2783.43302163139,41.2011242025218,27.6218714230422,25.4801243424,6,0,77.1753818772752,35.8780242076973,24.6154558396315,0,9.41130395253499,3.32275819611827e-15,43.6707908473282,204.355805422611,63.6727055036377,127.017245490353,29.8501297897837,211.154401362026,110.457455712734,13.8156719079919,-0.200118294859861,2.31670578462698,1,138.156719079919,110.457455712734,12.1334493523893,-193.437720924632,0,0,-193.437720924632,16.0128675758634,15.8127492810035,79.0002125782318,553.001488047622,126.501994248028,92.5806586781009,83.8156719079919
A_umbral8,E1_lab_soleado,02-07-2025,4,A_umbral8_E1_lab_soleado_s4_20260903_233846.mat,-160.431581148363,4.62688385844988,44.8748962412285,91.9842228071138,155.913076889113,2421.14363937368,44.7089522030774,31.5823912053207,32.8401602592,4,0,74.6504720720616,41.8955786490829,39.7298642376824,0,9.41130395253499,3.05741125628132e-15,48.0445828173285,204.417535617748,22.636538399657,146.128056079148,19.2656679338242,179.697249082187,123.566722677957,17.8166894571488,-4.20453976069204,2.96157329650861,1,178.166894571488,123.566722677957,-13.8223687588192,-146.609212389544,0,0,-146.609212389544,16.0128675758634,11.8083278151714,58.9941945587328,412.959361911129,94.4666225213709,108.512205126478,87.8166894571488
A_umbral8,E1_lab_soleado,02-07-2025,5,A_umbral8_E1_lab_soleado_s5_20260903_233859.mat,-194.00451926289,4.56057631908847,37.0713257982087,92.4150224162414,119.983263920629,2763.88340137396,41.2402904683031,27.5759231025768,27.900136152,5,0,80.2073147687004,54.7581377686537,23.5876899572922,0,9.41130395253499,2.99553206405412e-15,43.5272739898844,225.765937951898,59.4309400158622,125.762101878616,14.9689468311573,208.973466094047,124.758623344832,16.3134033146998,-3.36136076273242,3.04097492470188,1,163.134033146998,124.758623344832,-8.57374644536075,-185.430772817529,0,0,-185.430772817529,16.0128675758634,12.651506813131,63.2067017512887,442.446912259021,101.212054505048,107.683413737492,86.3134033146997
A_umbral8,E1_lab_soleado,02-07-2025,6,A_umbral8_E1_lab_soleado_s6_20260903_233912.mat,-177.25311190601,4.64663476284949,37.6468212619795,85.3564364440256,259.688909366616,2738.60712819551,45.5325535362857,29.1159872179391,27.4801341024,8,0,80.5589285737233,53.6389904737295,20.9048506383028,0,9.41130395253499,3.2054646350183e-15,46.7645050404509,204.877322497279,65.1061841781117,135.291358361557,30.1815271355931,207.434639041603,116.221856409679,13.727767465682,-0.200055545307048,1.81670761457045,1,137.27767465682,116.221856409679,12.7587552105412,-190.011867116551,0,0,-190.011867116551,16.0128675758634,15.8128120305564,79.0005260738753,553.003682517127,126.502496244451,97.3099656789951,83.727767465682
A_umbral8,E1_lab_soleado,02-07-2025,7,A_umbral8_E1_lab_soleado_s7_20260903_233925.mat,-218.915038318763,4.40798839828255,33.6990800733201,97.9284955979517,27.2684701500806,2911.99543619112,30.4147985514288,20.2578491365943,23.0201123376,6,0,84.4710461576893,51.1776555881925,4.41545815441951,0,9.41130395253499,3.04726899960098e-15,33.0898947928843,205.87146017034,14.8701028288354,89.2963639682659,3.08845102801013,222.003489346773,113.260883761057,18.7110461013025,-5.7691048036525,3.03934535612033,1,187.110461013025,113.260883761057,-27.0797718714734,-191.835266447289,0,0,-191.835266447289,16.0128675758634,10.2437627722109,51.1776555881925,358.243589117348,81.9501021776872,100.474914808014,88.7110461013025
A_umbral8,E1_lab_soleado,02-07-2025,8,A_umbral8_E1_lab_soleado_s8_20260903_233938.mat,-222.353675312109,4.55165373806902,32.0276738083707,97.8683017404257,29.044383847211,2985.40508753437,27.9396567549009,19.2352132940134,16.3600798368,6,0,84.8852750600754,60.8434092335325,3.23144408050833,0,9.41130395253499,2.64321759811701e-15,30.0910869087163,204.916189868299,131.68762384192,87.5520304922508,3.35132560405009,225.705000916159,115.386355643826,7.20574086036746,-0.19974096987373,3.0410872883691,1,72.0574086036746,115.386355643826,5.88506983933466,-228.238745151443,0,0,-228.238745151443,16.0128675758634,15.8131266059897,79.0020976871136,553.014683809795,126.505012847917,89.0848907265946,77.2057408603674
A_umbral8,E1_lab_soleado,02-07-2025,9,A_umbral8_E1_lab_soleado_s9_20260903_233951.mat,-183.84524804632,4.13460671095631,45.714473148166,99.8267033125187,3.35723203089284,2384.26867407852,52.4643024688279,32.8686010729116,26.6601301008,5,0,83.8753070915032,57.2885779572808,15.4894040578234,0,9.41130395253499,3.39760319871337e-15,40.2078679644912,205.930429545255,132.027042172206,135.898738575806,0.336040506538812,184.181288552858,100.094513410633,7.27478039970161,3.403541427725,2.73195324473957,1,72.7478039970161,100.094513410633,33.7818218602961,-217.627069906616,0,0,-217.627069906616,16.0128675758634,19.4164090035884,97.0040320965633,679.028224675943,155.331272028707,77.3478154302169,77.2747803997016
A_umbral8,E1_lab_soleado,02-07-2025,10,A_umbral8_E1_lab_soleado_s10_20260903_234004.mat,-221.632274700621,4.09199318161549,35.3318888240648,99.7548536636973,3.35346031971106,2840.2810220382,33.3313355198301,20.9956591647581,15.8200772016,3,0,87.6337980296025,62.7779801531292,3.27426765893913,0,9.41130395253499,3.25126729852643e-15,27.142046967049,232.524454500557,45.3052327491272,85.914094145713,0.350293923943491,221.982568624565,104.457453062594,18.3419904728044,3.40336337105029,1.71137396302701,1,183.419904728044,104.457453062594,44.47052544839,-266.102800149011,0,0,-266.102800149011,16.0128675758634,19.4162309469137,97.0031425286013,679.021997700209,155.32984757531,92.2797932326912,88.3419904728044
B,E1_lab_soleado,02-07-2025,1,B_E1_lab_soleado_s1_20260902_225103.mat,-213.524717712609,4.40329324348312,34.7762304482799,96.6114541205457,46.6798679485784,2864.68603264977,33.0632900531099,22.1385905083505,15.600076128,4,0,87.0713295406062,58.5722670292606,6.76959757410215,0,9.41130395253499,2.21586529371024e-15,30.4788139026169,271.224335835297,74.7196217020567,97.4827060056591,3.57997091977669,217.104688632386,76.6919675891181,19.2293850585072,3.40483143525408,3.05682408877661,1,192.293850585072,76.6919675891181,40.511305863024,-254.036023575633,0,0,-254.036023575633,16.0128675758634,19.4176990111175,97.0104769511054,679.073338657738,155.34159208894,68.4317710690397,89.2293850585071
B,E1_lab_soleado,02-07-2025,2,B_E1_lab_soleado_s2_20260902_225118.mat,-236.899458171375,4.36116557463594,29.3544673311479,97.1354799249576,30.4556500768086,3102.8146961835,25.3480485873767,16.1831712101979,13.4100654408,4,0,87.6392601904803,60.7446639203033,9.06818208122591,0,9.41130395253499,2.70098334117032e-15,22.1073830164003,282.916846201728,26.389390127015,70.5774891703545,2.38897468840399,239.288432859779,78.4410998412129,25.0165560989251,1.03137014907265,1.71903097158998,1,250.165560989251,78.4410998412129,25.911896764333,-262.811354935708,0,0,-262.811354935708,16.0128675758634,17.0442377249361,85.152706817496,596.068947722472,136.353901799488,74.5320316352399,95.0165560989251
B,E1_lab_soleado,02-07-2025,3,B_E1_lab_soleado_s3_20260902_225137.mat,-177.058934628186,4.60910437853946,37.2365400172952,82.9231543868796,297.119645374586,2756.62704576824,41.1505983679892,27.6536987866076,25.4801243424,6,0,77.3803691514688,35.8788886149129,24.3180055786391,0,9.41130395253499,3.3431026671764e-15,43.262230761218,256.356607333764,63.6726774560292,127.458784160164,31.8264567553221,208.885391383508,107.116635506204,18.860294982819,-0.199287774317209,2.34733156051235,1,188.60294982819,107.116635506204,16.5879598943893,-193.646894522575,0,0,-193.646894522575,16.0128675758634,15.8135798015462,79.004361844008,553.030532908056,126.50863841237,95.1841582864839,88.860294982819
B,E1_lab_soleado,02-07-2025,4,B_E1_lab_soleado_s4_20260902_225154.mat,-156.252675849158,4.63255163306708,45.3781679116397,90.3407000393905,188.109135682893,2399.0394995062,44.7814259365476,31.6253845636246,32.8401602592,4,0,74.7486314271045,41.8918368072059,39.6268561706462,0,9.41130395253499,3.07100729074958e-15,47.7795395886622,256.35453485282,22.6365287395841,146.506226906593,21.7434283199454,177.996104169104,115.589432916217,22.826023627618,-4.16450884911326,2.96402794450155,1,228.26023627618,115.589432916217,-9.57004665126932,-146.682629197889,0,0,-146.682629197889,16.0128675758634,11.8483587267501,59.1941882769803,414.359317938862,94.7868698140011,107.297074309837,92.826023627618
B,E1_lab_soleado,02-07-2025,5,B_E1_lab_soleado_s5_20260902_225210.mat,-189.93352362963,4.56984416977909,37.3747720436555,89.9581503509989,158.869047439124,2750.55577209147,41.2551459758406,27.5753412876038,27.900136152,5,0,80.2771888922851,54.75693116671,23.4163956435689,0,9.41130395253499,2.58338689899949e-15,43.1545931181352,277.763668887592,59.4309243189532,126.015012612825,17.8652682700514,207.798791899682,112.452794034011,21.3401687128893,-3.36203343648854,3.04107605702666,1,213.401687128893,112.452794034011,-5.29841311961399,-184.635110510016,0,0,-184.635110510016,16.0128675758634,12.6508341393749,63.2033410852346,442.423387596642,101.206673114999,102.714571793024,91.3401687128893
B,E1_lab_soleado,02-07-2025,6,B_E1_lab_soleado_s6_20260902_225225.mat,-172.914088855452,4.65127388195991,38.2539281208923,83.7239664485199,289.443489680497,2711.94245439627,45.6028166159447,29.2136336864007,27.4801341024,8,0,80.8639137365029,54.9103575579096,20.6189743174269,0,9.41130395253499,3.20352585786443e-15,46.5480723602736,256.35453485282,65.1061488441282,135.8806113627,32.4673868319339,205.381475687386,112.17176405582,18.7222559056442,-0.199299661438095,1.91244737718123,1,187.222559056442,112.17176405582,17.3065789568607,-190.220667812313,0,0,-190.220667812313,16.0128675758634,15.8135679144253,79.0043024561647,553.030117193153,126.508543315402,99.5213195594801,88.7222559056442
B,E1_lab_soleado,02-07-2025,7,B_E1_lab_soleado_s7_20260902_225239.mat,-212.768745961754,4.43507430527263,33.9469806418324,93.2778084953862,90.0479563803358,2901.10742249636,31.1993080161778,20.7044699671972,23.0201123376,6,0,84.9792076727347,53.4486196275687,4.38883809215171,0,9.41130395253499,2.4444170104561e-15,32.8260089582297,256.337171585021,14.870096822829,91.8258627558052,8.44134467684163,221.210090638595,93.7427679223268,23.5718441184476,-5.31454672325151,3.02615478388924,1,235.718441184476,93.7427679223268,-22.62916457174,-190.139581390014,0,0,-190.139581390014,16.0128675758634,10.6983208526119,53.4486196275687,374.140337392981,85.5865668208951,87.7168366725977,93.5718441184476
B,E1_lab_soleado,02-07-2025,8,B_E1_lab_soleado_s8_20260902_225254.mat,-218.443778981191,4.556475841271,32.6496269571446,96.0440108773817,53.8981795062153,2958.08835146559,27.939143413147,19.2348580208018,16.3600798368,6,0,84.9199870837169,60.8434092335325,3.13075080149535,0,9.41130395253499,2.70714559696739e-15,30.2855291026724,257.141318728874,131.687541279538,87.6431658820611,5.13782316351652,223.581602144708,95.3246141258638,12.3116405929277,-0.200104794373665,3.04109900426785,1,123.116405929277,95.3246141258638,8.96158314400507,-227.405362125196,0,0,-227.405362125196,16.0128675758634,15.8127627814897,79.0002800264193,553.001960184935,126.502102251918,78.4632537758762,82.3116405929277
B,E1_lab_soleado,02-07-2025,9,B_E1_lab_soleado_s9_20260902_225312.mat,-179.860798937159,4.14602813206451,45.9757364986481,97.809288883657,42.4434168146168,2372.79375510169,52.4797240939354,32.8688584757534,26.6601301008,5,0,83.9993649731919,57.2885779572808,15.1884816147961,0,9.41130395253499,2.94096341846625e-15,39.9266212196618,256.339235939972,132.026995518763,136.275211909321,3.2576386345198,183.118437571679,76.7525067255643,12.2025229564602,3.40378781738609,2.73196466296914,1,122.025229564602,76.7525067255643,35.6594705666497,-215.520269503809,0,0,-215.520269503809,16.0128675758634,19.4166553932495,97.0052630549032,679.036841384322,155.333243145996,63.0924969607406,82.2025229564602
B,E1_lab_soleado,02-07-2025,10,B_E1_lab_soleado_s10_20260902_225327.mat,-217.768055539701,4.10096055046026,35.532375778893,96.6719896851105,45.5338497275331,2831.47545647258,33.3213380487251,20.9960604520785,15.8200772016,3,0,87.6818058170407,62.9445790703646,3.19787965417067,0,9.41130395253499,2.55588862899267e-15,26.7716808833231,283.252280114509,45.3052274432028,86.1040156290526,3.49556874006094,221.263624279762,76.7685746093914,23.2309294108838,3.40373072779699,1.71140676764626,1,232.309294108838,76.7685746093914,43.2804938619003,-261.048549401602,0,0,-261.048549401602,16.0128675758634,19.4165983036604,97.0049778363372,679.03484485436,155.332786429283,71.5720556038233,93.2309294108838
B_oraculo,E1_lab_soleado,02-07-2025,1,B_oraculo_E1_lab_soleado_s1_20260903_002900.mat,-217.269602383915,4.40307627970556,34.4786757017843,99.4584016092241,7.46048078483126,2877.75490205264,33.0626172451707,22.1373199708843,15.600076128,4,0,87.0696204618079,58.5722670292606,6.77191236212544,0,1.57674153496619e-06,2.73023169783235e-15,30.5170079050011,219.021103702889,74.7196464606389,97.4723084600527,0.768184410473071,218.037786794388,102.967145500187,14.1685745695941,3.40445177621082,3.05594816174191,1,141.685745695941,102.967145500187,40.3656933228254,-257.63529570674,0,0,-257.63529570674,16.0128675758634,19.4173193520742,97.0085801813159,679.060061269211,155.338554816594,86.6659786425075,84.1685745695941
B_oraculo,E1_lab_soleado,02-07-2025,2,B_oraculo_E1_lab_soleado_s2_20260903_002912.mat,-240.635904344526,4.36114301851655,28.7261687181057,99.4517913337868,5.82847856350307,3130.41013069282,25.3474487220171,16.1828606048409,13.4100654408,4,0,87.6383420434928,60.7446639203033,9.06933947523756,0,1.57674153496619e-06,2.68794011779168e-15,22.1073830164003,230.71063489039,26.3893901250419,70.5757695464285,0.626605118451169,241.262509462978,107.507493014534,20.0002713805648,1.03107338592453,1.71902078134268,1,200.002713805648,107.507493014534,27.60019840901,-268.236102753536,0,0,-268.236102753536,16.0128675758634,17.0439409617879,85.1512241941159,596.058569358811,136.351527694303,96.7570354675227,90.0002713805648
B_oraculo,E1_lab_soleado,02-07-2025,3,B_oraculo_E1_lab_soleado_s3_20260903_002925.mat,-180.887643350575,4.61070711347618,36.5377150753252,84.224417381014,274.23684228273,2787.3200594393,41.1712060193034,27.6218459532536,25.4801243424,6,0,77.2444110313957,35.8779131329651,24.4511058899781,0,1.57674153496619e-06,3.32476035261251e-15,43.2714899133112,204.315836966665,63.6727055183032,127.35624162401,30.2906225119882,211.178265862564,110.454241887599,13.8127370515744,-0.200138896938892,2.3167043303242,1,138.127370515744,110.454241887599,12.1299674193085,-193.017610769884,0,0,-193.017610769884,16.0128675758634,15.8127286789245,79.0001096506134,553.000767554294,126.501829431396,92.5747233155637,83.8127370515744
B_oraculo,E1_lab_soleado,02-07-2025,4,B_oraculo_E1_lab_soleado_s4_20260903_002938.mat,-160.214680914445,4.63138594370727,44.8040385380765,91.823446954035,159.048625522321,2424.2557727864,44.7067983612188,31.5816991897875,32.8401602592,4,0,74.7049300074808,41.8917096726604,39.6280135646578,0,1.57674153496619e-06,3.04592974010799e-15,47.7795395886622,204.339028623135,22.6365384051727,146.267037705973,19.611615316089,179.826296230534,123.305783069069,17.8100127261397,-4.20514064829443,2.96148803250829,1,178.100127261397,123.305783069069,-13.8764270953548,-146.33825381909,0,0,-146.33825381909,16.0128675758634,11.807726927569,58.9911925350188,412.938347745132,94.4618154205518,108.274823805015,87.8100127261397
B_oraculo,E1_lab_soleado,02-07-2025,5,B_oraculo_E1_lab_soleado_s5_20260903_002953.mat,-193.65306315847,4.57000764129858,37.0032348175247,92.2150352783866,123.164665054547,2766.87401787244,41.256441666841,27.5756436975524,27.900136152,5,0,80.2770772172835,54.7568360956315,23.4175530375806,0,1.57674153496619e-06,2.99284153082044e-15,43.1603800881934,225.726833442898,59.4309400191536,126.020902411542,15.3184863862162,208.971549544686,124.374035194526,16.310657947647,-3.36162698518971,3.04096845302373,1,163.10657947647,124.374035194526,-8.63541477087895,-185.017648387591,0,0,-185.017648387591,16.0128675758634,12.6512405906737,63.2053717086537,442.437601960576,101.20992472539,107.348048092433,86.310657947647
B_oraculo,E1_lab_soleado,02-07-2025,6,B_oraculo_E1_lab_soleado_s6_20260903_003007.mat,-177.05547028383,4.65052395926616,37.5761714836016,85.1762099756324,262.901825247095,2741.71012936701,45.532287814819,29.1154528844251,27.4801341024,8,0,80.5921455789448,53.6276176230943,20.8029999652782,0,1.57674153496619e-06,3.17308777414394e-15,46.4983044177729,204.874038990763,65.1061841741469,135.402111223904,30.5358382753698,207.5913085592,116.149206064545,13.7283955407794,-0.199630355722674,1.81575214320869,1,137.283955407794,116.149206064545,12.7538373376327,-189.809307621463,0,0,-189.809307621463,16.0128675758634,15.8132372201407,79.0026503134338,553.018552194036,126.505897761126,97.2498666711971,83.7283955407793
B_oraculo,E1_lab_soleado,02-07-2025,7,B_oraculo_E1_lab_soleado_s7_20260903_003020.mat,-218.771295993585,4.41082072772884,33.6313096329283,97.692220695923,30.3822709777371,2914.97197427457,30.4154967366286,20.2581727255979,23.0201123376,6,0,84.4846747420163,51.179278915029,4.41545815441951,0,1.57674153496619e-06,3.05702140862438e-15,32.8260089582297,205.853992397913,14.8701028295463,89.3551681639783,3.43156280670534,222.20285880029,112.946224764431,18.710386531397,-5.76877987718168,3.03933793802597,1,187.10386531397,112.946224764431,-27.1308313140125,-191.640464679572,0,0,-191.640464679572,16.0128675758634,10.2440876986817,51.179278915029,358.254952405203,81.9527015894538,100.195032561147,88.710386531397
B_oraculo,E1_lab_soleado,02-07-2025,8,B_oraculo_E1_lab_soleado_s8_20260903_003034.mat,-222.185403256204,4.55640174410589,32.0206671172141,97.8520507153233,29.2650464492153,2985.71282764858,27.9403788330667,19.2352934423541,16.3600798368,6,0,84.9213721400075,60.8434092335325,3.131908195507,0,1.57674153496619e-06,2.65296897780245e-15,30.2924734667423,204.86438216837,131.687623856869,87.6437245891307,3.37465715477357,225.560060410977,115.31357589436,7.20155325490279,-0.199666359677387,3.04109086135772,1,72.0155325490279,115.31357589436,5.8766008429295,-228.062004099133,0,0,-228.062004099133,16.0128675758634,15.813201216186,79.00247043832,553.01729306824,126.505609729488,89.0238717042173,77.2015532549028
B_oraculo,E1_lab_soleado,02-07-2025,9,B_oraculo_E1_lab_soleado_s9_20260903_003048.mat,-183.479940999672,4.14602827707087,45.6267014014898,99.6597847367991,6.59141543248338,2388.12368734275,52.4796587344767,32.8688340131464,26.6601301008,5,0,83.9992928285345,57.2885779572808,15.1884816147961,0,1.57674153496619e-06,3.41411683315227e-15,39.9266212196618,205.158847253336,132.027042782797,136.275115252854,0.691909499727639,184.171850499399,104.971308031628,7.19971145208187,3.40376471301803,2.73196359227581,1,71.9971145208187,104.971308031628,34.0319858613222,-217.511926860994,0,0,-217.511926860994,16.0128675758634,19.4166322888814,97.0051476258936,679.036033381255,155.333058311051,81.0375469078928,77.1997114520819
B_oraculo,E1_lab_soleado,02-07-2025,10,B_oraculo_E1_lab_soleado_s10_20260903_003101.mat,-221.405507905887,4.10096301004005,35.248510161067,99.5121735928701,6.67444076100992,2843.94308715576,33.321325632243,20.9960552089618,15.8200772016,3,0,87.6817907030702,62.9445542708413,3.19787965417067,0,1.57674153496619e-06,3.21388296813319e-15,26.7716808833231,231.925653319244,45.3052327430002,86.104045768711,0.714601738497233,222.120109644385,107.065410284517,18.2849827808059,3.40372571721064,1.71140659682083,1,182.849827808059,107.065410284517,44.849008388936,-266.254516294824,0,0,-266.254516294824,16.0128675758634,19.416593293074,97.0049528035374,679.034669624762,155.332746344592,94.5226790338853,88.2849827808059
B_prima2,E1_lab_soleado,02-07-2025,1,B_prima2_E1_lab_soleado_s1_20260903_101755.mat,-217.271228174853,4.40315829508066,34.4781801787998,99.4588573991069,7.45432052734254,2877.77666586332,33.0632900531101,22.1377337545672,15.600076128,4,0,87.0703520194273,58.5722670292606,6.76959757410215,0,9.41130395253499,2.74287719141185e-15,30.5170079050011,218.971333848921,74.7196464819679,97.4759460157096,0.767518622217068,218.03874679707,102.962921892317,14.1637221452921,3.40483083987909,3.05597800978366,1,141.637221452921,102.962921892317,40.3636906715845,-257.634918846438,0,0,-257.634918846438,16.0128675758634,19.4176984157425,97.0104739766225,679.073317836358,155.34158732594,86.6574274941241,84.1637221452921
B_prima2,E1_lab_soleado,02-07-2025,2,B_prima2_E1_lab_soleado_s2_20260903_101808.mat,-240.634054310622,4.36116557463594,28.7266298904262,99.4522731527779,5.82344572900967,3130.38987559389,25.3480485873767,16.1831712101979,13.4100654408,4,0,87.6392601904803,60.7446639203033,9.06818208122591,0,9.41130395253499,2.6648280180951e-15,22.1073830164003,230.709462441572,26.3893901250407,70.5774891703545,0.626047823423313,241.260102134045,107.504706415419,20.00015908333,1.03137014907265,1.71903097158998,1,200.0015908333,107.504706415419,27.6019622672169,-268.236016577839,0,0,-268.236016577839,16.0128675758634,17.0442377249361,85.152706817496,596.068947722472,136.353901799488,96.7544067959442,90.00015908333
B_prima2,E1_lab_soleado,02-07-2025,3,B_prima2_E1_lab_soleado_s3_20260903_101822.mat,-180.882738760604,4.61065647744428,36.5393180323856,84.2249269114752,274.229834635128,2787.24965613797,41.1717587871815,27.6220628711227,25.4801243424,6,0,77.2446220482118,35.8788886149129,24.4522632839898,0,9.41130395253499,3.31670443533953e-15,43.2714899133112,204.367506248131,63.672705493131,127.355843097115,30.2898449896845,211.172583750288,110.454229132239,13.8177742987075,-0.199933755700339,2.31671356343776,1,138.177742987075,110.454229132239,12.1366144307803,-193.019353191384,0,0,-193.019353191384,16.0128675758634,15.8129338201631,79.001134532572,553.007941728004,126.503470561305,92.5802764774375,83.8177742987074
B_prima2,E1_lab_soleado,02-07-2025,4,B_prima2_E1_lab_soleado_s4_20260903_101835.mat,-160.214670267882,4.63127131363733,44.8057980411959,91.8257641876064,159.000867620317,2424.17849384277,44.7058871991167,31.581081934109,32.8401602592,4,0,74.7038736091619,41.8918368072059,39.6291709586695,0,9.41130395253499,3.04483323805816e-15,47.7818543766855,204.401379046217,22.6365383947074,146.260558815069,19.6054577099571,179.820127977839,123.304092634095,17.8160601986278,-4.20579695848742,2.96153435109191,1,178.160601986278,123.304092634095,-13.8752374339435,-146.339432833938,0,0,-146.339432833938,16.0128675758634,11.807070617376,58.9879136210335,412.915395347234,94.4565649390079,108.280796214929,87.8160601986278
B_prima2,E1_lab_soleado,02-07-2025,5,B_prima2_E1_lab_soleado_s5_20260903_101848.mat,-193.647752647811,4.56994671274721,37.0048796437968,92.2153657895365,123.159497551734,2766.80177563805,41.256155619007,27.5756618366174,27.900136152,5,0,80.2766707951873,54.75693116671,23.4187104315922,0,9.41130395253499,2.9889283880196e-15,43.1603800881934,225.793118645778,59.4309400011311,126.019305162078,15.3179141577152,208.965666805526,124.374607417352,16.3171001149939,-3.36161033509721,3.04096973562623,1,163.171001149939,124.374607417352,-8.62798639184973,-185.019766255961,0,0,-185.019766255961,16.0128675758634,12.6512572407662,63.2054548922181,442.438184245526,101.21005792613,107.356554402066,86.3171001149939
B_prima2,E1_lab_soleado,02-07-2025,6,B_prima2_E1_lab_soleado_s6_20260903_101901.mat,-177.056674675567,4.65046763167442,37.5775578908767,85.1792494335538,262.849688474693,2741.64923712506,45.5323119907158,29.1157421830686,27.4801341024,8,0,80.5928231062772,53.6333102136094,20.8029999652782,0,9.41130395253499,3.1692920796788e-15,46.5029339938195,204.870862507282,65.1061841761133,135.401816594538,30.530005950404,207.586680625971,116.150055674665,13.7280814599909,-0.199824015722388,1.81623168920629,1,137.280814599909,116.150055674665,12.7520647071794,-189.808739382746,0,0,-189.808739382746,16.0128675758634,15.813043560141,79.001682791539,553.011779540773,126.504348481128,97.2502132311085,83.7280814599909
B_prima2,E1_lab_soleado,02-07-2025,7,B_prima2_E1_lab_soleado_s7_20260903_101913.mat,-218.770686706391,4.41082347000148,33.6312686946904,97.6917665584197,30.3882333193606,2914.97377231843,30.4154707914465,20.2581544923868,23.0201123376,6,0,84.4846732873862,51.179157914093,4.41545815441951,0,9.41130395253499,3.03311528135528e-15,32.8260089582297,205.858869307232,14.8701028290366,89.3551432939357,3.43237604410519,222.203062750497,112.950825671014,18.7108595240296,-5.76880409683125,3.03934414028731,1,187.108595240296,112.950825671014,-27.1297694843685,-191.640917222023,0,0,-191.640917222023,16.0128675758634,10.2440634790322,51.179157914093,358.254105398651,81.9525078322572,100.199648292244,88.7108595240296
B_prima2,E1_lab_soleado,02-07-2025,8,B_prima2_E1_lab_soleado_s8_20260903_101926.mat,-222.183361298487,4.55648429740557,32.0206918049482,97.8520605933614,29.2644073326771,2985.71174334132,27.9391285849785,19.2348605560105,16.3600798368,6,0,84.9198858369471,60.8434092335325,3.13075080149535,0,9.41130395253499,2.6682354087832e-15,30.2936308607539,204.888316431624,131.687623822867,87.6433400862477,3.37473412075717,225.558095419244,115.318724291706,7.20390182117093,-0.200114098199098,3.0411108132611,1,72.0390182117093,115.318724291706,5.87579012586838,-228.059151424355,0,0,-228.059151424355,16.0128675758634,15.8127534776643,79.0002335446739,553.001634812717,126.502027821314,89.0305546835954,77.2039018211709
B_prima2,E1_lab_soleado,02-07-2025,9,B_prima2_E1_lab_soleado_s9_20260903_101939.mat,-183.480828037588,4.14602813206451,45.6266373602731,99.6600496867017,6.58628731827787,2388.12650009001,52.4797240939354,32.8688584757534,26.6601301008,5,0,83.9993649731919,57.2885779572808,15.1884816147961,0,9.41130395253499,3.40797107405428e-15,39.9266212196618,205.149408727198,132.027042790641,136.275211909321,0.691341740426157,184.172169778014,104.966835945281,7.19878428119156,3.40378781738609,2.73196466296914,1,71.9878428119156,104.966835945281,34.0310050169324,-217.51183305452,0,0,-217.51183305452,16.0128675758634,19.4166553932495,97.0052630549032,679.036841384322,155.333243145996,81.0331212481896,77.1987842811915
B_prima2,E1_lab_soleado,02-07-2025,10,B_prima2_E1_lab_soleado_s10_20260903_101952.mat,-221.406398298693,4.10096055046026,35.2484454240261,99.5125501823517,6.66929025045699,2843.94593046423,33.3213380487251,20.9960604520785,15.8200772016,3,0,87.6818058170407,62.9445790703646,3.19787965417067,0,9.41130395253499,3.18924188138404e-15,26.7716808833231,231.91725194635,45.3052327437756,86.1040156290526,0.714031971075444,222.120430269768,107.062662481441,18.2841681766381,3.40373072779699,1.71140676764626,1,182.841681766381,107.062662481441,44.8478113586197,-266.254209657312,0,0,-266.254209657312,16.0128675758634,19.4165983036604,97.0049778363372,679.03484485436,155.332786429283,94.5193809995021,88.2841681766381
B_prima2_8,E1_lab_soleado,02-07-2025,1,B_prima2_8_E1_lab_soleado_s1_20260904_182414.mat,-217.271228174853,4.40315829508066,34.4781801787998,99.4588573991069,7.45432052734254,2877.77666586332,33.0632900531101,22.1377337545672,15.600076128,4,0,87.0703520194273,58.5722670292606,6.76959757410215,0,9.41130395253499,2.74287719141185e-15,30.5170079050011,218.971333848921,74.7196464819679,97.4759460157096,0.767518622217068,218.03874679707,102.962921892317,14.1637221452921,3.40483083987909,3.05597800978366,1,141.637221452921,102.962921892317,40.3636906715845,-257.634918846438,0,0,-257.634918846438,16.0128675758634,19.4176984157425,97.0104739766225,679.073317836358,155.34158732594,86.6574274941241,84.1637221452921
B_prima2_8,E1_lab_soleado,02-07-2025,2,B_prima2_8_E1_lab_soleado_s2_20260904_182428.mat,-240.634054310622,4.36116557463594,28.7266298904262,99.4522731527779,5.82344572900967,3130.38987559389,25.3480485873767,16.1831712101979,13.4100654408,4,0,87.6392601904803,60.7446639203033,9.06818208122591,0,9.41130395253499,2.6648280180951e-15,22.1073830164003,230.709462441572,26.3893901250407,70.5774891703545,0.626047823423313,241.260102134045,107.504706415419,20.00015908333,1.03137014907265,1.71903097158998,1,200.0015908333,107.504706415419,27.6019622672169,-268.236016577839,0,0,-268.236016577839,16.0128675758634,17.0442377249361,85.152706817496,596.068947722472,136.353901799488,96.7544067959442,90.00015908333
B_prima2_8,E1_lab_soleado,02-07-2025,3,B_prima2_8_E1_lab_soleado_s3_20260904_182441.mat,-180.882738760604,4.61065647744428,36.5393180323856,84.2249269114752,274.229834635128,2787.24965613797,41.1717587871815,27.6220628711227,25.4801243424,6,0,77.2446220482118,35.8788886149129,24.4522632839898,0,9.41130395253499,3.31670443533953e-15,43.2714899133112,204.367506248131,63.672705493131,127.355843097115,30.2898449896845,211.172583750288,110.454229132239,13.8177742987075,-0.199933755700339,2.31671356343776,1,138.177742987075,110.454229132239,12.1366144307803,-193.019353191384,0,0,-193.019353191384,16.0128675758634,15.8129338201631,79.001134532572,553.007941728004,126.503470561305,92.5802764774375,83.8177742987074
B_prima2_8,E1_lab_soleado,02-07-2025,4,B_prima2_8_E1_lab_soleado_s4_20260904_182455.mat,-160.214670267882,4.63127131363733,44.8057980411959,91.8257641876064,159.000867620317,2424.17849384277,44.7058871991167,31.581081934109,32.8401602592,4,0,74.7038736091619,41.8918368072059,39.6291709586695,0,9.41130395253499,3.04483323805816e-15,47.7818543766855,204.401379046217,22.6365383947074,146.260558815069,19.6054577099571,179.820127977839,123.304092634095,17.8160601986278,-4.20579695848742,2.96153435109191,1,178.160601986278,123.304092634095,-13.8752374339435,-146.339432833938,0,0,-146.339432833938,16.0128675758634,11.807070617376,58.9879136210335,412.915395347234,94.4565649390079,108.280796214929,87.8160601986278
B_prima2_8,E1_lab_soleado,02-07-2025,5,B_prima2_8_E1_lab_soleado_s5_20260904_182508.mat,-193.647752647811,4.56994671274721,37.0048796437968,92.2153657895365,123.159497551734,2766.80177563805,41.256155619007,27.5756618366174,27.900136152,5,0,80.2766707951873,54.75693116671,23.4187104315922,0,9.41130395253499,2.9889283880196e-15,43.1603800881934,225.793118645778,59.4309400011311,126.019305162078,15.3179141577152,208.965666805526,124.374607417352,16.3171001149939,-3.36161033509721,3.04096973562623,1,163.171001149939,124.374607417352,-8.62798639184973,-185.019766255961,0,0,-185.019766255961,16.0128675758634,12.6512572407662,63.2054548922181,442.438184245526,101.21005792613,107.356554402066,86.3171001149939
B_prima2_8,E1_lab_soleado,02-07-2025,6,B_prima2_8_E1_lab_soleado_s6_20260904_182522.mat,-177.056674675567,4.65046763167442,37.5775578908767,85.1792494335538,262.849688474693,2741.64923712506,45.5323119907158,29.1157421830686,27.4801341024,8,0,80.5928231062772,53.6333102136094,20.8029999652782,0,9.41130395253499,3.1692920796788e-15,46.5029339938195,204.870862507282,65.1061841761133,135.401816594538,30.530005950404,207.586680625971,116.150055674665,13.7280814599909,-0.199824015722388,1.81623168920629,1,137.280814599909,116.150055674665,12.7520647071794,-189.808739382746,0,0,-189.808739382746,16.0128675758634,15.813043560141,79.001682791539,553.011779540773,126.504348481128,97.2502132311085,83.7280814599909
B_prima2_8,E1_lab_soleado,02-07-2025,7,B_prima2_8_E1_lab_soleado_s7_20260904_182535.mat,-218.770686706391,4.41082347000148,33.6312686946904,97.6917665584197,30.3882333193606,2914.97377231843,30.4154707914465,20.2581544923868,23.0201123376,6,0,84.4846732873862,51.179157914093,4.41545815441951,0,9.41130395253499,3.03311528135528e-15,32.8260089582297,205.858869307232,14.8701028290366,89.3551432939357,3.43237604410519,222.203062750497,112.950825671014,18.7108595240296,-5.76880409683125,3.03934414028731,1,187.108595240296,112.950825671014,-27.1297694843685,-191.640917222023,0,0,-191.640917222023,16.0128675758634,10.2440634790322,51.179157914093,358.254105398651,81.9525078322572,100.199648292244,88.7108595240296
B_prima2_8,E1_lab_soleado,02-07-2025,8,B_prima2_8_E1_lab_soleado_s8_20260904_182551.mat,-222.183361298487,4.55648429740557,32.0206918049482,97.8520605933614,29.2644073326771,2985.71174334132,27.9391285849785,19.2348605560105,16.3600798368,6,0,84.9198858369471,60.8434092335325,3.13075080149535,0,9.41130395253499,2.6682354087832e-15,30.2936308607539,204.888316431624,131.687623822867,87.6433400862477,3.37473412075717,225.558095419244,115.318724291706,7.20390182117093,-0.200114098199098,3.0411108132611,1,72.0390182117093,115.318724291706,5.87579012586838,-228.059151424355,0,0,-228.059151424355,16.0128675758634,15.8127534776643,79.0002335446739,553.001634812717,126.502027821314,89.0305546835954,77.2039018211709
B_prima2_8,E1_lab_soleado,02-07-2025,9,B_prima2_8_E1_lab_soleado_s9_20260904_182606.mat,-183.480828037588,4.14602813206451,45.6266373602731,99.6600496867017,6.58628731827787,2388.12650009001,52.4797240939354,32.8688584757534,26.6601301008,5,0,83.9993649731919,57.2885779572808,15.1884816147961,0,9.41130395253499,3.40797107405428e-15,39.9266212196618,205.149408727198,132.027042790641,136.275211909321,0.691341740426157,184.172169778014,104.966835945281,7.19878428119156,3.40378781738609,2.73196466296914,1,71.9878428119156,104.966835945281,34.0310050169324,-217.51183305452,0,0,-217.51183305452,16.0128675758634,19.4166553932495,97.0052630549032,679.036841384322,155.333243145996,81.0331212481896,77.1987842811915
B_prima2_8,E1_lab_soleado,02-07-2025,10,B_prima2_8_E1_lab_soleado_s10_20260904_182621.mat,-221.406398298693,4.10096055046026,35.2484454240261,99.5125501823517,6.66929025045699,2843.94593046423,33.3213380487251,20.9960604520785,15.8200772016,3,0,87.6818058170407,62.9445790703646,3.19787965417067,0,9.41130395253499,3.18924188138404e-15,26.7716808833231,231.91725194635,45.3052327437756,86.1040156290526,0.714031971075444,222.120430269768,107.062662481441,18.2841681766381,3.40373072779699,1.71140676764626,1,182.841681766381,107.062662481441,44.8478113586197,-266.254209657312,0,0,-266.254209657312,16.0128675758634,19.4165983036604,97.0049778363372,679.03484485436,155.332786429283,94.5193809995021,88.2841681766381
B_prima2_8_or,E1_lab_soleado,02-07-2025,1,B_prima2_8_or_E1_lab_soleado_s1_20260904_183801.mat,-217.269602383915,4.40307627970556,34.4786757017843,99.4584016092241,7.46048078483126,2877.75490205264,33.0626172451707,22.1373199708843,15.600076128,4,0,87.0696204618079,58.5722670292606,6.77191236212544,0,1.57674153496619e-06,2.73023169783235e-15,30.5170079050011,219.021103702889,74.7196464606389,97.4723084600527,0.768184410473071,218.037786794388,102.967145500187,14.1685745695941,3.40445177621082,3.05594816174191,1,141.685745695941,102.967145500187,40.3656933228254,-257.63529570674,0,0,-257.63529570674,16.0128675758634,19.4173193520742,97.0085801813159,679.060061269211,155.338554816594,86.6659786425075,84.1685745695941
B_prima2_8_or,E1_lab_soleado,02-07-2025,2,B_prima2_8_or_E1_lab_soleado_s2_20260904_183820.mat,-240.635904344526,4.36114301851655,28.7261687181057,99.4517913337868,5.82847856350307,3130.41013069282,25.3474487220171,16.1828606048409,13.4100654408,4,0,87.6383420434928,60.7446639203033,9.06933947523756,0,1.57674153496619e-06,2.68794011779168e-15,22.1073830164003,230.71063489039,26.3893901250419,70.5757695464285,0.626605118451169,241.262509462978,107.507493014534,20.0002713805648,1.03107338592453,1.71902078134268,1,200.002713805648,107.507493014534,27.60019840901,-268.236102753536,0,0,-268.236102753536,16.0128675758634,17.0439409617879,85.1512241941159,596.058569358811,136.351527694303,96.7570354675227,90.0002713805648
B_prima2_8_or,E1_lab_soleado,02-07-2025,3,B_prima2_8_or_E1_lab_soleado_s3_20260904_183834.mat,-180.887643350575,4.61070711347618,36.5377150753252,84.224417381014,274.23684228273,2787.3200594393,41.1712060193034,27.6218459532536,25.4801243424,6,0,77.2444110313957,35.8779131329651,24.4511058899781,0,1.57674153496619e-06,3.32476035261251e-15,43.2714899133112,204.315836966665,63.6727055183032,127.35624162401,30.2906225119882,211.178265862564,110.454241887599,13.8127370515744,-0.200138896938892,2.3167043303242,1,138.127370515744,110.454241887599,12.1299674193085,-193.017610769884,0,0,-193.017610769884,16.0128675758634,15.8127286789245,79.0001096506134,553.000767554294,126.501829431396,92.5747233155637,83.8127370515744
B_prima2_8_or,E1_lab_soleado,02-07-2025,4,B_prima2_8_or_E1_lab_soleado_s4_20260904_183849.mat,-160.214680914445,4.63138594370727,44.8040385380765,91.823446954035,159.048625522321,2424.2557727864,44.7067983612188,31.5816991897875,32.8401602592,4,0,74.7049300074808,41.8917096726604,39.6280135646578,0,1.57674153496619e-06,3.04592974010799e-15,47.7795395886622,204.339028623135,22.6365384051727,146.267037705973,19.611615316089,179.826296230534,123.305783069069,17.8100127261397,-4.20514064829443,2.96148803250829,1,178.100127261397,123.305783069069,-13.8764270953548,-146.33825381909,0,0,-146.33825381909,16.0128675758634,11.807726927569,58.9911925350188,412.938347745132,94.4618154205518,108.274823805015,87.8100127261397
B_prima2_8_or,E1_lab_soleado,02-07-2025,5,B_prima2_8_or_E1_lab_soleado_s5_20260904_183904.mat,-193.65306315847,4.57000764129858,37.0032348175247,92.2150352783866,123.164665054547,2766.87401787244,41.256441666841,27.5756436975524,27.900136152,5,0,80.2770772172835,54.7568360956315,23.4175530375806,0,1.57674153496619e-06,2.99284153082044e-15,43.1603800881934,225.726833442898,59.4309400191536,126.020902411542,15.3184863862162,208.971549544686,124.374035194526,16.310657947647,-3.36162698518971,3.04096845302373,1,163.10657947647,124.374035194526,-8.63541477087895,-185.017648387591,0,0,-185.017648387591,16.0128675758634,12.6512405906737,63.2053717086537,442.437601960576,101.20992472539,107.348048092433,86.310657947647
B_prima2_8_or,E1_lab_soleado,02-07-2025,6,B_prima2_8_or_E1_lab_soleado_s6_20260904_183919.mat,-177.05547028383,4.65052395926616,37.5761714836016,85.1762099756324,262.901825247095,2741.71012936701,45.532287814819,29.1154528844251,27.4801341024,8,0,80.5921455789448,53.6276176230943,20.8029999652782,0,1.57674153496619e-06,3.17308777414394e-15,46.4983044177729,204.874038990763,65.1061841741469,135.402111223904,30.5358382753698,207.5913085592,116.149206064545,13.7283955407794,-0.199630355722674,1.81575214320869,1,137.283955407794,116.149206064545,12.7538373376327,-189.809307621463,0,0,-189.809307621463,16.0128675758634,15.8132372201407,79.0026503134338,553.018552194036,126.505897761126,97.2498666711971,83.7283955407793
B_prima2_8_or,E1_lab_soleado,02-07-2025,7,B_prima2_8_or_E1_lab_soleado_s7_20260904_183933.mat,-218.771295993585,4.41082072772884,33.6313096329283,97.692220695923,30.3822709777371,2914.97197427457,30.4154967366286,20.2581727255979,23.0201123376,6,0,84.4846747420163,51.179278915029,4.41545815441951,0,1.57674153496619e-06,3.05702140862438e-15,32.8260089582297,205.853992397913,14.8701028295463,89.3551681639783,3.43156280670534,222.20285880029,112.946224764431,18.710386531397,-5.76877987718168,3.03933793802597,1,187.10386531397,112.946224764431,-27.1308313140125,-191.640464679572,0,0,-191.640464679572,16.0128675758634,10.2440876986817,51.179278915029,358.254952405203,81.9527015894538,100.195032561147,88.710386531397
B_prima2_8_or,E1_lab_soleado,02-07-2025,8,B_prima2_8_or_E1_lab_soleado_s8_20260904_183947.mat,-222.185403256204,4.55640174410589,32.0206671172141,97.8520507153233,29.2650464492153,2985.71282764858,27.9403788330667,19.2352934423541,16.3600798368,6,0,84.9213721400075,60.8434092335325,3.131908195507,0,1.57674153496619e-06,2.65296897780245e-15,30.2924734667423,204.86438216837,131.687623856869,87.6437245891307,3.37465715477357,225.560060410977,115.31357589436,7.20155325490279,-0.199666359677387,3.04109086135772,1,72.0155325490279,115.31357589436,5.8766008429295,-228.062004099133,0,0,-228.062004099133,16.0128675758634,15.813201216186,79.00247043832,553.01729306824,126.505609729488,89.0238717042173,77.2015532549028
B_prima2_8_or,E1_lab_soleado,02-07-2025,9,B_prima2_8_or_E1_lab_soleado_s9_20260904_184002.mat,-183.479940999672,4.14602827707087,45.6267014014898,99.6597847367991,6.59141543248338,2388.12368734275,52.4796587344767,32.8688340131464,26.6601301008,5,0,83.9992928285345,57.2885779572808,15.1884816147961,0,1.57674153496619e-06,3.41411683315227e-15,39.9266212196618,205.158847253336,132.027042782797,136.275115252854,0.691909499727639,184.171850499399,104.971308031628,7.19971145208187,3.40376471301803,2.73196359227581,1,71.9971145208187,104.971308031628,34.0319858613222,-217.511926860994,0,0,-217.511926860994,16.0128675758634,19.4166322888814,97.0051476258936,679.036033381255,155.333058311051,81.0375469078928,77.1997114520819
B_prima2_8_or,E1_lab_soleado,02-07-2025,10,B_prima2_8_or_E1_lab_soleado_s10_20260904_184017.mat,-221.405507905887,4.10096301004005,35.248510161067,99.5121735928701,6.67444076100992,2843.94308715576,33.321325632243,20.9960552089618,15.8200772016,3,0,87.6817907030702,62.9445542708413,3.19787965417067,0,1.57674153496619e-06,3.21388296813319e-15,26.7716808833231,231.925653319244,45.3052327430002,86.104045768711,0.714601738497233,222.120109644385,107.065410284517,18.2849827808059,3.40372571721064,1.71140659682083,1,182.849827808059,107.065410284517,44.849008388936,-266.254516294824,0,0,-266.254516294824,16.0128675758634,19.416593293074,97.0049528035374,679.034669624762,155.332746344592,94.5226790338853,88.2849827808059
B_prima2_oraculo,E1_lab_soleado,02-07-2025,1,B_prima2_oraculo_E1_lab_soleado_s1_20260903_155823.mat,-217.269602383915,4.40307627970556,34.4786757017843,99.4584016092241,7.46048078483126,2877.75490205264,33.0626172451707,22.1373199708843,15.600076128,4,0,87.0696204618079,58.5722670292606,6.77191236212544,0,1.57674153496619e-06,2.73023169783235e-15,30.5170079050011,219.021103702889,74.7196464606389,97.4723084600527,0.768184410473071,218.037786794388,102.967145500187,14.1685745695941,3.40445177621082,3.05594816174191,1,141.685745695941,102.967145500187,40.3656933228254,-257.63529570674,0,0,-257.63529570674,16.0128675758634,19.4173193520742,97.0085801813159,679.060061269211,155.338554816594,86.6659786425075,84.1685745695941
B_prima2_oraculo,E1_lab_soleado,02-07-2025,2,B_prima2_oraculo_E1_lab_soleado_s2_20260903_155838.mat,-240.635904344526,4.36114301851655,28.7261687181057,99.4517913337868,5.82847856350307,3130.41013069282,25.3474487220171,16.1828606048409,13.4100654408,4,0,87.6383420434928,60.7446639203033,9.06933947523756,0,1.57674153496619e-06,2.68794011779168e-15,22.1073830164003,230.71063489039,26.3893901250419,70.5757695464285,0.626605118451169,241.262509462978,107.507493014534,20.0002713805648,1.03107338592453,1.71902078134268,1,200.002713805648,107.507493014534,27.60019840901,-268.236102753536,0,0,-268.236102753536,16.0128675758634,17.0439409617879,85.1512241941159,596.058569358811,136.351527694303,96.7570354675227,90.0002713805648
B_prima2_oraculo,E1_lab_soleado,02-07-2025,3,B_prima2_oraculo_E1_lab_soleado_s3_20260903_155853.mat,-180.887643350575,4.61070711347618,36.5377150753252,84.224417381014,274.23684228273,2787.3200594393,41.1712060193034,27.6218459532536,25.4801243424,6,0,77.2444110313957,35.8779131329651,24.4511058899781,0,1.57674153496619e-06,3.32476035261251e-15,43.2714899133112,204.315836966665,63.6727055183032,127.35624162401,30.2906225119882,211.178265862564,110.454241887599,13.8127370515744,-0.200138896938892,2.3167043303242,1,138.127370515744,110.454241887599,12.1299674193085,-193.017610769884,0,0,-193.017610769884,16.0128675758634,15.8127286789245,79.0001096506134,553.000767554294,126.501829431396,92.5747233155637,83.8127370515744
B_prima2_oraculo,E1_lab_soleado,02-07-2025,4,B_prima2_oraculo_E1_lab_soleado_s4_20260903_155907.mat,-160.214680914445,4.63138594370727,44.8040385380765,91.823446954035,159.048625522321,2424.2557727864,44.7067983612188,31.5816991897875,32.8401602592,4,0,74.7049300074808,41.8917096726604,39.6280135646578,0,1.57674153496619e-06,3.04592974010799e-15,47.7795395886622,204.339028623135,22.6365384051727,146.267037705973,19.611615316089,179.826296230534,123.305783069069,17.8100127261397,-4.20514064829443,2.96148803250829,1,178.100127261397,123.305783069069,-13.8764270953548,-146.33825381909,0,0,-146.33825381909,16.0128675758634,11.807726927569,58.9911925350188,412.938347745132,94.4618154205518,108.274823805015,87.8100127261397
B_prima2_oraculo,E1_lab_soleado,02-07-2025,5,B_prima2_oraculo_E1_lab_soleado_s5_20260903_155921.mat,-193.65306315847,4.57000764129858,37.0032348175247,92.2150352783866,123.164665054547,2766.87401787244,41.256441666841,27.5756436975524,27.900136152,5,0,80.2770772172835,54.7568360956315,23.4175530375806,0,1.57674153496619e-06,2.99284153082044e-15,43.1603800881934,225.726833442898,59.4309400191536,126.020902411542,15.3184863862162,208.971549544686,124.374035194526,16.310657947647,-3.36162698518971,3.04096845302373,1,163.10657947647,124.374035194526,-8.63541477087895,-185.017648387591,0,0,-185.017648387591,16.0128675758634,12.6512405906737,63.2053717086537,442.437601960576,101.20992472539,107.348048092433,86.310657947647
B_prima2_oraculo,E1_lab_soleado,02-07-2025,6,B_prima2_oraculo_E1_lab_soleado_s6_20260903_155934.mat,-177.05547028383,4.65052395926616,37.5761714836016,85.1762099756324,262.901825247095,2741.71012936701,45.532287814819,29.1154528844251,27.4801341024,8,0,80.5921455789448,53.6276176230943,20.8029999652782,0,1.57674153496619e-06,3.17308777414394e-15,46.4983044177729,204.874038990763,65.1061841741469,135.402111223904,30.5358382753698,207.5913085592,116.149206064545,13.7283955407794,-0.199630355722674,1.81575214320869,1,137.283955407794,116.149206064545,12.7538373376327,-189.809307621463,0,0,-189.809307621463,16.0128675758634,15.8132372201407,79.0026503134338,553.018552194036,126.505897761126,97.2498666711971,83.7283955407793
B_prima2_oraculo,E1_lab_soleado,02-07-2025,7,B_prima2_oraculo_E1_lab_soleado_s7_20260903_155947.mat,-218.771295993585,4.41082072772884,33.6313096329283,97.692220695923,30.3822709777371,2914.97197427457,30.4154967366286,20.2581727255979,23.0201123376,6,0,84.4846747420163,51.179278915029,4.41545815441951,0,1.57674153496619e-06,3.05702140862438e-15,32.8260089582297,205.853992397913,14.8701028295463,89.3551681639783,3.43156280670534,222.20285880029,112.946224764431,18.710386531397,-5.76877987718168,3.03933793802597,1,187.10386531397,112.946224764431,-27.1308313140125,-191.640464679572,0,0,-191.640464679572,16.0128675758634,10.2440876986817,51.179278915029,358.254952405203,81.9527015894538,100.195032561147,88.710386531397
B_prima2_oraculo,E1_lab_soleado,02-07-2025,8,B_prima2_oraculo_E1_lab_soleado_s8_20260903_160000.mat,-222.185403256204,4.55640174410589,32.0206671172141,97.8520507153233,29.2650464492153,2985.71282764858,27.9403788330667,19.2352934423541,16.3600798368,6,0,84.9213721400075,60.8434092335325,3.131908195507,0,1.57674153496619e-06,2.65296897780245e-15,30.2924734667423,204.86438216837,131.687623856869,87.6437245891307,3.37465715477357,225.560060410977,115.31357589436,7.20155325490279,-0.199666359677387,3.04109086135772,1,72.0155325490279,115.31357589436,5.8766008429295,-228.062004099133,0,0,-228.062004099133,16.0128675758634,15.813201216186,79.00247043832,553.01729306824,126.505609729488,89.0238717042173,77.2015532549028
B_prima2_oraculo,E1_lab_soleado,02-07-2025,9,B_prima2_oraculo_E1_lab_soleado_s9_20260903_160014.mat,-183.479940999672,4.14602827707087,45.6267014014898,99.6597847367991,6.59141543248338,2388.12368734275,52.4796587344767,32.8688340131464,26.6601301008,5,0,83.9992928285345,57.2885779572808,15.1884816147961,0,1.57674153496619e-06,3.41411683315227e-15,39.9266212196618,205.158847253336,132.027042782797,136.275115252854,0.691909499727639,184.171850499399,104.971308031628,7.19971145208187,3.40376471301803,2.73196359227581,1,71.9971145208187,104.971308031628,34.0319858613222,-217.511926860994,0,0,-217.511926860994,16.0128675758634,19.4166322888814,97.0051476258936,679.036033381255,155.333058311051,81.0375469078928,77.1997114520819
B_prima2_oraculo,E1_lab_soleado,02-07-2025,10,B_prima2_oraculo_E1_lab_soleado_s10_20260903_160028.mat,-221.405507905887,4.10096301004005,35.248510161067,99.5121735928701,6.67444076100992,2843.94308715576,33.321325632243,20.9960552089618,15.8200772016,3,0,87.6817907030702,62.9445542708413,3.19787965417067,0,1.57674153496619e-06,3.21388296813319e-15,26.7716808833231,231.925653319244,45.3052327430002,86.104045768711,0.714601738497233,222.120109644385,107.065410284517,18.2849827808059,3.40372571721064,1.71140659682083,1,182.849827808059,107.065410284517,44.849008388936,-266.254516294824,0,0,-266.254516294824,16.0128675758634,19.416593293074,97.0049528035374,679.034669624762,155.332746344592,94.5226790338853,88.2849827808059
B_prima2_semana,E1_lab_soleado,02-07-2025,1,B_prima2_semana_E1_lab_soleado_s1_20260903_111253.mat,-737.868126880363,2.51740163304556,30.8413475251246,92.08869974399,789.541983704285,21000.8143897706,256.241142408741,156.542782197765,159.1807767984,33,0,77.515831821158,33.1137062884669,35.7800334324844,0,17.5982677559626,3.01379645505822e-15,32.4050390128323,413.524147326131,238.581796851619,394.08105554615,90.3983679079342,828.266494788297,114.494694105833,17.1459309571483,-4.32534470111158,1.71850933468453,7,171.459309571483,114.494694105833,-16.9346945280068,-720.933432352356,0,0,-720.933432352356,16.0128675758634,11.6875228747518,58.3906552371355,408.734586659949,93.5001829980146,99.7774670750673,87.1459309571483
B_prima2_semana,E1_lab_soleado,02-07-2025,2,B_prima2_semana_E1_lab_soleado_s2_20260903_111336.mat,-636.746277899357,2.82220319976679,32.9588874463958,92.5981418271075,785.854134406493,20357.7992172917,279.136177036,167.275558928871,164.400802272,33,0,83.2032070222158,42.9590053595166,17.1545681968118,0,17.5982677559626,2.95365780311922e-15,35.3236849806796,490.062949204261,312.850851881701,472.085617651837,82.7197664314208,719.466044330778,105.260967410821,17.363298370248,-0.199978417617363,3.04104893400526,7,173.63298370248,105.260967410821,14.8492709141164,-651.595548813474,0,0,-651.595548813474,16.0128675758634,15.812889158246,79.0009114024334,553.006379817034,126.503113265968,91.9594530265248,87.3632983702479
B_prima2_semana,E1_lab_soleado,02-07-2025,3,B_prima2_semana_E1_lab_soleado_s3_20260903_111418.mat,-573.881550080766,3.09680491545855,31.986023513401,87.6579690380525,1338.76855978457,20653.220457472,272.585108654547,169.715567495367,176.3808607344,36,0,77.2515812907667,26.4099266978465,33.0108581169674,0,17.5982677559626,2.79184837585583e-15,37.7003344901877,567.418545139938,362.95937467817,525.576003649491,146.793873556803,720.675423637569,109.648432123641,20.0020281483406,-9.61928853809236,3.03248597152658,7,200.020281483406,109.648432123641,-57.2155890729125,-516.665961007854,0,0,-516.665961007854,16.0128675758634,6.39357903777104,31.9422065160059,223.595445612041,51.1486323021683,98.6858127441338,90.0020281483406
B_prima2_semana,E1_lab_soleado,02-07-2025,4,B_prima2_semana_E1_lab_soleado_s4_20260903_111459.mat,-695.84242413258,2.54241699480058,32.333531565626,93.0407015384636,725.836961705483,20547.6956700077,258.374256448738,157.091999903198,153.3207482016,33,0,80.3387985892808,32.2956823296278,20.7292977359495,0,17.5982677559626,2.92579764306625e-15,34.3775886613944,704.640807996126,590.101095521801,399.3933703011,82.4657317443787,778.308155876959,113.614676704547,11.236636340374,0.69888686084683,3.02815511469575,7,112.36636340374,113.614676704547,17.0809161322981,-712.923340264878,0,0,-712.923340264878,16.0128675758634,16.7117544367102,83.4916262563754,584.441383794628,133.694035493682,92.2967417437643,81.236636340374
B_prima2_semana,E1_lab_soleado,02-07-2025,5,B_prima2_semana_E1_lab_soleado_s5_20260903_111541.mat,-661.968684671437,2.31899059276605,37.9288290934228,94.7758235956951,625.49977694695,18848.6196956819,313.15261251621,187.879508939555,186.680910998401,31,0,78.6401767930349,38.6243342065488,32.5756736513332,0,17.5982677559626,3.13812761308453e-15,35.6342003402772,576.397091034163,406.550216986509,435.690813804333,72.1583905859974,734.127075257434,115.361177166522,16.6417255667829,-0.530053069172963,1.71467594077428,7,166.417255667829,115.361177166522,13.0378569098128,-675.00654158125,0,0,-675.00654158125,16.0128675758634,15.4828145066904,77.3518643470359,541.463050429251,123.862516053524,99.9509145312282,86.6417255667829
B_prima2_semana_s6a10,E1_lab_soleado,02-07-2025,6,B_prima2_semana_s6a10_E1_lab_soleado_s6_20260903_121535.mat,-674.14552666843,2.51527535327204,37.7177431740428,98.763954042755,141.01236126075,18912.718345013,298.144609721595,181.778328570101,176.600861808001,27,0,79.8076928173719,25.0452866306332,23.710443600457,0,17.5982677559626,3.12596053187256e-15,34.8218670273363,411.298424066755,225.205639239695,457.222549611362,15.5478216933037,689.693348361733,110.258572754156,18.227167052353,3.40376542757586,1.71293853068061,7,182.27167052353,110.258572754156,45.3174362415031,-719.462962909933,0,0,-719.462962909933,16.0128675758634,19.4166330034393,97.0051511958118,679.036058370682,155.333064027514,97.2780151733495,88.227167052353
B_prima2_semana_s6a10,E1_lab_soleado,02-07-2025,7,B_prima2_semana_s6a10_E1_lab_soleado_s7_20260903_121618.mat,-644.10388901814,2.72503639557231,36.0085352402759,96.6901818166635,367.299530999786,19431.7388476695,272.479214341918,173.544380743401,172.9608440448,28,0,73.8510993420303,20.4271552721271,36.1601584653465,0,17.5982677559626,3.01407018439625e-15,34.573520877115,506.337346159671,301.907125308417,472.914753772825,45.8161516016319,689.920040619772,124.737844006827,20.0003330604914,-1.14255506796108,1.71933902240539,7,200.003330604914,124.737844006827,13.3127452847687,-657.416634302909,0,0,-657.416634302909,16.0128675758634,14.8703125079023,74.2918153164108,520.042707214875,118.962500063219,112.26447505862,90.0003330604914
B_prima2_semana_s6a10,E1_lab_soleado,02-07-2025,8,B_prima2_semana_s6a10_E1_lab_soleado_s8_20260903_121702.mat,-626.407625768913,2.91840143327177,31.320427311664,88.5380880937791,1206.33830558084,20855.3363430626,256.881244841456,158.579734351891,155.7207599136,31,0,80.5825378354175,31.7837847207582,27.7549144263981,0,17.5982677559626,2.99052020461734e-15,33.9807639206946,633.509106951122,441.121859653787,462.799324020417,138.997422343989,765.405048112902,115.222588639481,18.8287011177862,-0.199568505639304,3.02504206069622,7,188.287011177862,115.222588639481,17.9288771064793,-644.336502875392,0,0,-644.336502875392,16.0128675758634,15.8132990702241,79.002959315344,553.020715207408,126.506392561793,102.350728882741,88.8287011177862
B_prima2_semana_s6a10,E1_lab_soleado,02-07-2025,9,B_prima2_semana_s6a10_E1_lab_soleado_s9_20260903_121746.mat,-631.618803165985,2.65419589891612,33.6202882460596,88.0484522575893,1369.49259975215,20156.9573134383,268.620093083971,180.551864974312,174.0208492176,38,0,73.8589543208487,-3.49449605941233,32.315092071607,0.0256282645035309,17.5982677559626,2.93074207443176e-15,40.5644170561887,639.058213753841,519.086262771601,479.220019556477,139.004752279092,770.623555445077,101.500915232583,11.7744416015009,3.40437740284648,3.04997239563972,7,117.744416015009,101.500915232583,37.9910686129163,-669.609871778901,1.40000683200058,11.2000546560047,-658.409817122896,16.0128675758634,19.4172449787099,97.0082086133179,679.057460293225,155.337959829679,83.0018066518576,81.7744416015009
B_prima2_semana_s6a10,E1_lab_soleado,02-07-2025,10,B_prima2_semana_s6a10_E1_lab_soleado_s10_20260903_121829.mat,-689.027054703955,2.52879010271404,32.4090905273403,91.5852539409986,886.585492040273,20524.7513286467,284.061197699649,173.216413227067,168.0408200352,34,0,79.6932509585526,26.5332957782061,29.6823252607056,0,17.5982677559626,2.87082513443897e-15,36.522426384877,536.582477020532,344.699896563394,438.027951396234,104.788455410685,793.81551011464,118.193289142977,18.7848183528151,3.40345190490894,1.71140577607524,7,187.848183528151,118.193289142977,47.2097704429247,-736.23682514688,0,0,-736.23682514688,16.0128675758634,19.4163194807723,97.0035848421755,679.025093895229,155.330555846179,104.93769707081,88.7848183528151
C,E1_lab_soleado,02-07-2025,1,C_E1_lab_soleado_s1_20260903_192914.mat,-217.655707229437,4.38944412511343,34.5448574130082,99.6823322525221,4.37532498263474,2874.84814236882,33.0922248143855,22.1374876101166,15.600076128,4,0,86.9949707384887,58.5722670292606,6.95246582794181,0,9.41130395253499,2.76644993038402e-15,30.8769574426222,219.008449560369,74.7196464702117,97.1712649349974,0.428428399780456,218.084135629218,97.9192177680167,14.166396842144,3.4046022637804,3.05595991596184,1,141.66396842144,97.9192177680167,39.7212805866096,-257.376987816047,0,0,-257.376987816047,16.0128675758634,19.4174698396438,97.0093320145218,679.065324101653,155.33975871715,82.4150774113522,84.166396842144
C,E1_lab_soleado,02-07-2025,1,C_E1_lab_soleado_s1_20260903_222103.mat,-214.599930434638,4.38944412511343,35.4076053089393,99.5412902356189,6.317935351667,2836.95548660607,33.0922248143855,22.1374876101166,15.600076128,4,0,86.9949707384887,58.5722670292606,6.95246582794181,0,9.41130395253499,3.66168210629576e-15,30.8769574426222,258.84369720071,74.7196279787766,97.1712649349974,0.598757183934533,215.198687618573,94.7710210071317,18.0421556329899,3.4046022637804,3.05595991596184,1,180.421556329899,94.7710210071317,42.6256797048154,-257.225610139454,0,0,-257.225610139454,16.0128675758634,19.4174698396438,97.0093320145218,679.065324101653,155.33975871715,83.4384498100724,88.0421556329899
C,E1_lab_soleado,02-07-2025,1,C_semana_E1_lab_soleado_s1_20260903_195135.mat,-733.471017738231,2.58009886043044,30.8127839192416,91.5302959872602,845.02162480605,21009.4880548,256.136690285309,156.542984315199,159.1807767984,33,0,77.8518745109998,33.1172194127729,35.4959730556001,0,17.5982677559626,3.75708302019979e-15,32.9787814504275,463.265728725958,238.581694872675,403.896375440025,93.2797218806737,826.750739618905,110.387378431982,21.9627576884817,-4.32514891704846,1.7185162388609,7,219.627576884817,110.387378431982,-12.7814901370725,-720.689527601159,0,0,-720.689527601159,16.0128675758634,11.6877186588149,58.391633370813,408.741433595691,93.5017492705195,101.515277346071,91.9627576884817
C,E1_lab_soleado,02-07-2025,2,C_E1_lab_soleado_s2_20260903_192928.mat,-240.994191428353,4.34605959146145,28.7973233106347,99.7619454080244,2.5305088547466,3127.28495763432,25.3787781514782,16.183512809333,13.4100654408,4,0,87.5740345829549,60.7446639203033,9.22327287878612,0,9.41130395253499,2.68594937465168e-15,22.4719621300679,230.728792564293,26.3893901841617,70.334511068541,0.264624216242882,241.258815644596,104.573519174419,20.0010824758989,1.03170439116502,1.71903037527721,1,200.010824758989,104.573519174419,27.0778873655432,-268.072078793896,0,0,-268.072078793896,16.0128675758634,17.0445719670284,85.1543766850112,596.080636795078,136.356575736227,94.1172992401191,90.0010824758989
C,E1_lab_soleado,02-07-2025,2,C_E1_lab_soleado_s2_20260903_222124.mat,-237.940494429729,4.34605959146145,29.703428965133,99.7608920703262,2.54170578377917,3087.48799051043,25.3787781514782,16.183512809333,13.4100654408,4,0,87.5740345829549,60.7446639203033,9.22327287878612,0,9.41130395253499,3.59292241623059e-15,22.4719621300679,270.536956618832,26.389390185774,70.334511068541,0.265605962898575,238.206100392627,104.499098437607,23.8407043873659,1.03170439116502,1.71903037527721,1,238.407043873659,104.499098437607,30.6756241606953,-268.616118590424,0,0,-268.616118590424,16.0128675758634,17.0445719670284,85.1543766850112,596.080636795078,136.356575736227,98.0626900522973,93.8407043873658
C,E1_lab_soleado,02-07-2025,2,C_semana_E1_lab_soleado_s2_20260903_195234.mat,-634.043895807197,2.88162057017277,32.8850429267175,91.9991188430876,849.021132085503,20380.222948755,279.752808244519,167.275804181,164.400802272,32,0,83.5944130453961,46.5073012973932,16.6633322365538,0,17.5982677559626,3.77690225843696e-15,36.7828426209613,536.195257857504,312.850742360322,482.025398220162,85.0649295388167,719.108825346014,100.191769467347,21.8318626033249,-0.199669915890055,3.04097911663829,7,218.318626033249,100.191769467347,18.0889971778357,-652.132892985033,0,0,-652.132892985033,16.0128675758634,15.8131976599733,79.0024526715451,553.017168700816,126.505581279787,92.007968077094,91.8318626033249
C,E1_lab_soleado,02-07-2025,3,C_E1_lab_soleado_s3_20260903_192942.mat,-181.304271572243,4.59843011883674,36.6262159634968,84.452950773962,270.240968318288,2783.43302163139,41.2011242025218,27.6218714230422,25.4801243424,6,0,77.1753818772752,35.8780242076973,24.6154558396315,0,9.41130395253499,3.32275819611827e-15,43.6707908473282,204.355805422611,63.6727055036377,127.017245490353,29.8501297897837,211.154401362026,110.457455712734,13.8156719079919,-0.200118294859861,2.31670578462698,1,138.156719079919,110.457455712734,12.1334493523893,-193.437720924632,0,0,-193.437720924632,16.0128675758634,15.8127492810035,79.0002125782318,553.001488047622,126.501994248028,92.5806586781009,83.8156719079919
C,E1_lab_soleado,02-07-2025,3,C_E1_lab_soleado_s3_20260903_222145.mat,-178.249682994343,4.59843011883674,37.494112957656,84.3550934640189,271.941937666976,2745.31421288981,41.2011242025218,27.6218714230422,25.4801243424,6,0,77.1753818772752,35.8780242076973,24.6154558396315,0,9.41130395253499,3.88880343854829e-15,43.6707908473282,244.175562487272,63.6726844780331,127.017245490353,29.9992712669068,208.24895426125,110.314986810325,17.6917181414605,-0.200118294859861,2.31670578462698,1,176.917181414605,110.314986810325,15.964008521966,-194.213691516309,0,0,-194.213691516309,16.0128675758634,15.8127492810035,79.0002125782318,553.001488047622,126.501994248028,96.7371073014998,87.6917181414605
C,E1_lab_soleado,02-07-2025,3,C_semana_E1_lab_soleado_s3_20260903_195345.mat,-570.144545319535,3.17761412538959,31.946297617439,87.1296472963089,1395.35208166633,20665.2836793207,272.153253216368,169.716439455245,176.3808607344,33,0,77.5475498588405,26.4454000829297,32.5454157648549,0,17.5982677559626,3.66192879139977e-15,38.6208025449693,617.569927697851,362.959253472505,539.293355323816,148.621896654788,718.766441974322,106.51211160792,24.8380183518101,-9.61848701448344,3.03253993101759,7,248.380183518101,106.51211160792,-53.1379480705994,-517.006597248935,0,0,-517.006597248935,16.0128675758634,6.39438056137996,31.9462109136199,223.623476395339,51.1550444910397,101.01397595362,94.8380183518101
C,E1_lab_soleado,02-07-2025,4,C_E1_lab_soleado_s4_20260903_192957.mat,-160.431581148363,4.62688385844988,44.8748962412285,91.9842228071138,155.913076889113,2421.14363937368,44.7089522030774,31.5823912053207,32.8401602592,4,0,74.6504720720616,41.8955786490829,39.7298642376824,0,9.41130395253499,3.05741125628132e-15,48.0445828173285,204.417535617748,22.636538399657,146.128056079148,19.2656679338242,179.697249082187,123.566722677957,17.8166894571488,-4.20453976069204,2.96157329650861,1,178.166894571488,123.566722677957,-13.8223687588192,-146.609212389544,0,0,-146.609212389544,16.0128675758634,11.8083278151714,58.9941945587328,412.959361911129,94.4666225213709,108.512205126478,87.8166894571488
C,E1_lab_soleado,02-07-2025,4,C_E1_lab_soleado_s4_20260903_222206.mat,-157.385491816114,4.62688385844988,45.7699880004209,91.9614935214752,156.355179105048,2381.83041233817,44.7089522030774,31.5823912053207,32.8401602592,4,0,74.6504720720616,41.8955786490829,39.7298642376824,0,9.41130395253499,3.79094886521884e-15,48.0445828173285,244.172857626385,22.6365311568519,146.128056079148,19.3016609086089,176.687152724723,123.447531569395,21.6646527316319,-4.20453976069204,2.96157329650861,1,216.646527316319,123.447531569395,-9.56628696728335,-147.81920484883,0,0,-147.81920484883,16.0128675758634,11.8083278151714,58.9941945587328,412.959361911129,94.4666225213709,113.157751118858,91.6646527316318
C,E1_lab_soleado,02-07-2025,4,C_semana_E1_lab_soleado_s4_20260903_195457.mat,-692.594696165493,2.6116798776126,32.3196855672819,92.5603321819954,775.621619689115,20551.9001654809,259.053283855407,157.098562386155,153.3207482016,33,0,80.7353087448099,32.2967356307049,19.7536049047538,0,17.5982677559626,3.70146121587397e-15,35.5971633644786,754.476771851012,590.100892876922,410.291154185789,83.7125555899519,776.307251755445,107.929631491584,16.1044615635066,0.705552388284339,3.0279713124911,7,161.044615635066,107.929631491584,21.2877565235515,-713.882452689044,0,0,-713.882452689044,16.0128675758634,16.7184199641477,83.5249271122324,584.674489785627,133.747359713182,92.9322280633055,86.1044615635065
C,E1_lab_soleado,02-07-2025,5,C_E1_lab_soleado_s5_20260903_193012.mat,-194.00451926289,4.56057631908847,37.0713257982087,92.4150224162414,119.983263920629,2763.88340137396,41.2402904683031,27.5759231025768,27.900136152,5,0,80.2073147687004,54.7581377686537,23.5876899572922,0,9.41130395253499,2.99553206405412e-15,43.5272739898844,225.765937951898,59.4309400158622,125.762101878616,14.9689468311573,208.973466094047,124.758623344832,16.3134033146998,-3.36136076273242,3.04097492470188,1,163.134033146998,124.758623344832,-8.57374644536075,-185.430772817529,0,0,-185.430772817529,16.0128675758634,12.651506813131,63.2067017512887,442.446912259021,101.212054505048,107.683413737492,86.3134033146997
C,E1_lab_soleado,02-07-2025,5,C_E1_lab_soleado_s5_20260903_222226.mat,-190.952435099513,4.56057631908847,37.9668995844206,92.3848898895183,120.459916470552,2724.54900328257,41.2402904683031,27.5759231025768,27.900136152,5,0,80.2073147687004,54.7581377686537,23.5876899572922,0,9.41130395253499,3.6449490855395e-15,43.5272739898844,265.576976831721,59.4309282543697,125.762101878616,15.0093125059931,205.961747605506,124.600057394713,20.1753527603946,-3.36136076273242,3.04097492470188,1,201.753527603946,124.600057394713,-4.26623509472554,-186.686200004788,0,0,-186.686200004788,16.0128675758634,12.651506813131,63.2067017512887,442.446912259021,101.212054505048,112.358541295337,90.1753527603946
C,E1_lab_soleado,02-07-2025,5,C_semana_E1_lab_soleado_s5_20260903_195609.mat,-660.090832687405,2.37429144372882,38.0364144708666,94.6640114975965,638.608323323819,18815.9501675477,313.939593365674,187.880132644431,186.680910998401,31,0,79.0752815492705,38.6283772957649,31.7846696682049,0,17.5982677559626,3.72830614989814e-15,37.1371740456778,627.40201179615,406.550071729085,446.082191384308,72.3317415483776,732.422574235782,113.264639539782,21.5868826907144,-0.529470665970219,1.71471067398571,7,215.868826907144,113.264639539782,17.7695090530003,-677.860341740405,0,0,-677.860341740405,16.0128675758634,15.4833969098932,77.3547740230198,541.483418161139,123.867175279145,103.735552545361,91.5868826907144
C,E1_lab_soleado,02-07-2025,6,C_E1_lab_soleado_s6_20260903_193026.mat,-177.25311190601,4.64663476284949,37.6468212619795,85.3564364440256,259.688909366616,2738.60712819551,45.5325535362857,29.1159872179391,27.4801341024,8,0,80.5589285737233,53.6389904737295,20.9048506383028,0,9.41130395253499,3.2054646350183e-15,46.7645050404509,204.877322497279,65.1061841781117,135.291358361557,30.1815271355931,207.434639041603,116.221856409679,13.727767465682,-0.200055545307048,1.81670761457045,1,137.27767465682,116.221856409679,12.7587552105412,-190.011867116551,0,0,-190.011867116551,16.0128675758634,15.8128120305564,79.0005260738753,553.003682517127,126.502496244451,97.3099656789951,83.727767465682
C,E1_lab_soleado,02-07-2025,6,C_E1_lab_soleado_s6_20260903_222247.mat,-174.236903289227,4.64670707329264,38.540851576115,85.3459509983591,259.901814504324,2699.34052077199,45.5361549762645,29.1200716267271,27.4801341024,8,0,80.5676843860712,53.6868784654667,20.8979062742329,0,9.41130395253499,3.78205623851913e-15,46.8108008009167,244.172857626385,65.10615780088,135.312442802701,30.1929234435558,204.429826732783,116.170498852187,17.5533923329099,-0.199484921651846,1.82017327683868,1,175.533923329099,116.170498852187,16.7567977215459,-190.993701010773,0,0,-190.993701010773,16.0128675758634,15.8133826542116,79.0033768994504,553.023638296153,126.507061233692,101.711212635154,87.5533923329099
C,E1_lab_soleado,02-07-2025,7,C_E1_lab_soleado_s7_20260903_193040.mat,-218.915038318763,4.40798839828255,33.6990800733201,97.9284955979517,27.2684701500806,2911.99543619112,30.4147985514288,20.2578491365943,23.0201123376,6,0,84.4710461576893,51.1776555881925,4.41545815441951,0,9.41130395253499,3.04726899960098e-15,33.0898947928843,205.87146017034,14.8701028288354,89.2963639682659,3.08845102801013,222.003489346773,113.260883761057,18.7110461013025,-5.7691048036525,3.03934535612033,1,187.110461013025,113.260883761057,-27.0797718714734,-191.835266447289,0,0,-191.835266447289,16.0128675758634,10.2437627722109,51.1776555881925,358.243589117348,81.9501021776872,100.474914808014,88.7110461013025
C,E1_lab_soleado,02-07-2025,7,C_E1_lab_soleado_s7_20260903_222308.mat,-216.044728255155,4.40814188487701,34.5538718573827,97.8667189517709,28.0827555118417,2874.45221994561,30.438631010193,20.2583981623553,23.0201123376,6,0,84.481389295135,51.2471316701283,4.41545815441951,0,9.41130395253499,3.77254943015509e-15,33.0922095809076,244.178243815624,14.8700983268335,89.3018934599939,3.15836342182889,219.203091676984,112.466293433958,22.4140642532931,-5.75519841240591,3.02598152651251,1,224.140642532931,112.466293433958,-23.3541467530212,-192.690581502134,0,0,-192.690581502134,16.0128675758634,10.2576691634575,51.2471316701283,358.729921690898,82.06135330766,103.934672677355,92.4140642532931
C,E1_lab_soleado,02-07-2025,8,C_E1_lab_soleado_s8_20260903_193054.mat,-222.353675312109,4.55165373806902,32.0276738083707,97.8683017404257,29.044383847211,2985.40508753437,27.9396567549009,19.2352132940134,16.3600798368,6,0,84.8852750600754,60.8434092335325,3.23144408050833,0,9.41130395253499,2.64321759811701e-15,30.0910869087163,204.916189868299,131.68762384192,87.5520304922508,3.35132560405009,225.705000916159,115.386355643826,7.20574086036746,-0.19974096987373,3.0410872883691,1,72.0574086036746,115.386355643826,5.88506983933466,-228.238745151443,0,0,-228.238745151443,16.0128675758634,15.8131266059897,79.0020976871136,553.014683809795,126.505012847917,89.0848907265946,77.2057408603674
C,E1_lab_soleado,02-07-2025,8,C_E1_lab_soleado_s8_20260903_222329.mat,-219.299561080681,4.55165373806902,32.9143289563399,97.8043830113126,29.9152763832665,2946.46240397557,27.9396567549009,19.2352132940134,16.3600798368,6,0,84.8852750600754,60.8434092335325,3.23144408050833,0,9.41130395253499,3.70349521764847e-15,30.0910869087163,244.729704457669,131.68756233644,87.5520304922508,3.4276868783761,222.727247959057,114.579816494472,11.1108243691618,-0.19974096987373,3.0410872883691,1,111.108243691618,114.579816494472,9.85975819689805,-229.159319277579,0,0,-229.159319277579,16.0128675758634,15.8131266059897,79.0020976871136,553.014683809795,126.505012847917,92.9366337193394,81.1108243691618
C,E1_lab_soleado,02-07-2025,9,C_E1_lab_soleado_s9_20260903_193109.mat,-183.84524804632,4.13460671095631,45.714473148166,99.8267033125187,3.35723203089284,2384.26867407852,52.4643024688279,32.8686010729116,26.6601301008,5,0,83.8753070915032,57.2885779572808,15.4894040578234,0,9.41130395253499,3.39760319871337e-15,40.2078679644912,205.930429545255,132.027042172206,135.898738575806,0.336040506538812,184.181288552858,100.094513410633,7.27478039970161,3.403541427725,2.73195324473957,1,72.7478039970161,100.094513410633,33.7818218602961,-217.627069906616,0,0,-217.627069906616,16.0128675758634,19.4164090035884,97.0040320965633,679.028224675943,155.331272028707,77.3478154302169,77.2747803997016
C,E1_lab_soleado,02-07-2025,9,C_E1_lab_soleado_s9_20260903_222349.mat,-180.991194840625,4.13460671095631,46.543668590069,99.7329092798382,5.1742796351969,2347.84967197113,52.4643024688279,32.8686010729116,26.6601301008,5,0,83.8753070915032,57.2885779572808,15.4894040578234,0,9.41130395253499,3.75547378877372e-15,40.2078679644912,244.166444638372,132.027007553624,135.898738575806,0.495360247068686,181.486555087694,95.7351132898009,11.0250538670327,3.403541427725,2.73195324473957,1,110.250538670327,95.7351132898009,36.7276944506788,-217.718889291304,0,0,-217.718889291304,16.0128675758634,19.4164090035884,97.0040320965633,679.028224675943,155.331272028707,77.569427112726,81.0250538670327
C,E1_lab_soleado,02-07-2025,10,C_E1_lab_soleado_s10_20260903_193123.mat,-221.632274700621,4.09199318161549,35.3318888240648,99.7548536636973,3.35346031971106,2840.2810220382,33.3313355198301,20.9956591647581,15.8200772016,3,0,87.6337980296025,62.7779801531292,3.27426765893913,0,9.41130395253499,3.25126729852643e-15,27.142046967049,232.524454500557,45.3052327491272,85.914094145713,0.350293923943491,221.982568624565,104.457453062594,18.3419904728044,3.40336337105029,1.71137396302701,1,183.419904728044,104.457453062594,44.47052544839,-266.102800149011,0,0,-266.102800149011,16.0128675758634,19.4162309469137,97.0031425286013,679.021997700209,155.32984757531,92.2797932326912,88.3419904728044
C,E1_lab_soleado,02-07-2025,10,C_E1_lab_soleado_s10_20260903_222410.mat,-218.739879164826,4.09199318161549,36.2095735430455,99.7548533750585,3.35346426812305,2801.73232770767,33.3313355198301,20.9956591647581,15.8200772016,3,0,87.6337980296025,62.7779801531292,3.27426765893913,0,9.41130395253499,3.85948651436563e-15,27.142046967049,271.073148799584,45.3052287692147,85.914094145713,0.350294392054089,219.09017355688,104.4574696632,22.0704746608844,3.40336337105029,1.71137396302701,1,220.704746608844,104.4574696632,47.9757404044782,-266.715619569304,0,0,-266.715619569304,16.0128675758634,19.4162309469137,97.0031425286013,679.021997700209,155.32984757531,96.1744881376576,92.0704746608844
C_factor3,E1_lab_soleado,02-07-2025,1,C_factor3_E1_lab_soleado_s1_20260903_212111.mat,331.197259830401,2.77895331916702,80.9276383468144,80.5071239111362,5926.6196522142,5791.54036002421,9.53278250812254,350.871474231384,513.862507636799,24,0,3.85501357861484,-32.4790303200371,95.1947830774089,9.81430255571667,17.5982677559626,4.06149346496769e-15,73.7717034198025,2641.43978380862,2544.24757848128,975.05544791633,531.305744523309,200.108484692908,89.6473497037746,9.36827988063766,-16.0109312731802,-145.063694841589,7,93.6827988063766,89.6473497037746,-120.528877022201,451.726136852602,473.042308435198,3784.33846748159,4236.06460433419,16.0128675758634,0.00193630268317971,0.00967373357210969,0.0677161350047678,0.0154904214654377,71.1515594184658,79.3682798806376
C_factorB,E1_lab_soleado,02-07-2025,1,C_factorB_E1_lab_soleado_s1_20260903_213014.mat,-207.515772860444,2.72693542014822,56.7443298695769,85.5536850264561,2880.0077086072,13135.07807348,347.64853454891,223.794240793679,226.7611065888,46,0,75.6212517196205,3.86382515603939,23.3483410245684,0,17.5982677559626,4.07880180396295e-15,48.3015074379837,1709.78175062708,1534.64368123939,610.272442045465,304.1101463132,511.625919173644,105.593518171614,17.0724155352156,-4.4347992029591,1.50295161659274,7,170.724155352156,105.593518171614,-19.2537658432126,-188.262007017231,0,0,-188.262007017231,16.0128675758634,11.5780683729043,57.8438225036281,404.906757525397,92.6245469832345,91.9428269206412,87.0724155352156
C_umbral8,E1_lab_soleado,02-07-2025,1,C_umbral8_E1_lab_soleado_s1_20260903_234942.mat,-214.599930434638,4.38944412511343,35.4076053089393,99.5412902356189,6.317935351667,2836.95548660607,33.0922248143855,22.1374876101166,15.600076128,4,0,86.9949707384887,58.5722670292606,6.95246582794181,0,9.41130395253499,3.66168210629576e-15,30.8769574426222,258.84369720071,74.7196279787766,97.1712649349974,0.598757183934533,215.198687618573,94.7710210071317,18.0421556329899,3.4046022637804,3.05595991596184,1,180.421556329899,94.7710210071317,42.6256797048154,-257.225610139454,0,0,-257.225610139454,16.0128675758634,19.4174698396438,97.0093320145218,679.065324101653,155.33975871715,83.4384498100724,88.0421556329899
C_umbral8,E1_lab_soleado,02-07-2025,2,C_umbral8_E1_lab_soleado_s2_20260903_234955.mat,-237.940494429729,4.34605959146145,29.703428965133,99.7608920703262,2.54170578377917,3087.48799051043,25.3787781514782,16.183512809333,13.4100654408,4,0,87.5740345829549,60.7446639203033,9.22327287878612,0,9.41130395253499,3.59292241623059e-15,22.4719621300679,270.536956618832,26.389390185774,70.334511068541,0.265605962898575,238.206100392627,104.499098437607,23.8407043873659,1.03170439116502,1.71903037527721,1,238.407043873659,104.499098437607,30.6756241606953,-268.616118590424,0,0,-268.616118590424,16.0128675758634,17.0445719670284,85.1543766850112,596.080636795078,136.356575736227,98.0626900522973,93.8407043873658
C_umbral8,E1_lab_soleado,02-07-2025,3,C_umbral8_E1_lab_soleado_s3_20260903_235015.mat,-178.249682994343,4.59843011883674,37.494112957656,84.3550934640189,271.941937666976,2745.31421288981,41.2011242025218,27.6218714230422,25.4801243424,6,0,77.1753818772752,35.8780242076973,24.6154558396315,0,9.41130395253499,3.88880343854829e-15,43.6707908473282,244.175562487272,63.6726844780331,127.017245490353,29.9992712669068,208.24895426125,110.314986810325,17.6917181414605,-0.200118294859861,2.31670578462698,1,176.917181414605,110.314986810325,15.964008521966,-194.213691516309,0,0,-194.213691516309,16.0128675758634,15.8127492810035,79.0002125782318,553.001488047622,126.501994248028,96.7371073014998,87.6917181414605
C_umbral8,E1_lab_soleado,02-07-2025,4,C_umbral8_E1_lab_soleado_s4_20260903_235036.mat,-157.385491816114,4.62688385844988,45.7699880004209,91.9614935214752,156.355179105048,2381.83041233817,44.7089522030774,31.5823912053207,32.8401602592,4,0,74.6504720720616,41.8955786490829,39.7298642376824,0,9.41130395253499,3.79094886521884e-15,48.0445828173285,244.172857626385,22.6365311568519,146.128056079148,19.3016609086089,176.687152724723,123.447531569395,21.6646527316319,-4.20453976069204,2.96157329650861,1,216.646527316319,123.447531569395,-9.56628696728335,-147.81920484883,0,0,-147.81920484883,16.0128675758634,11.8083278151714,58.9941945587328,412.959361911129,94.4666225213709,113.157751118858,91.6646527316318
C_umbral8,E1_lab_soleado,02-07-2025,5,C_umbral8_E1_lab_soleado_s5_20260903_235057.mat,-190.952435099513,4.56057631908847,37.9668995844206,92.3848898895183,120.459916470552,2724.54900328257,41.2402904683031,27.5759231025768,27.900136152,5,0,80.2073147687004,54.7581377686537,23.5876899572922,0,9.41130395253499,3.6449490855395e-15,43.5272739898844,265.576976831721,59.4309282543697,125.762101878616,15.0093125059931,205.961747605506,124.600057394713,20.1753527603946,-3.36136076273242,3.04097492470188,1,201.753527603946,124.600057394713,-4.26623509472554,-186.686200004788,0,0,-186.686200004788,16.0128675758634,12.651506813131,63.2067017512887,442.446912259021,101.212054505048,112.358541295337,90.1753527603946
C_umbral8,E1_lab_soleado,02-07-2025,6,C_umbral8_E1_lab_soleado_s6_20260903_235117.mat,-174.236903289227,4.64670707329264,38.540851576115,85.3459509983591,259.901814504324,2699.34052077199,45.5361549762645,29.1200716267271,27.4801341024,8,0,80.5676843860712,53.6868784654667,20.8979062742329,0,9.41130395253499,3.78205623851913e-15,46.8108008009167,244.172857626385,65.10615780088,135.312442802701,30.1929234435558,204.429826732783,116.170498852187,17.5533923329099,-0.199484921651846,1.82017327683868,1,175.533923329099,116.170498852187,16.7567977215459,-190.993701010773,0,0,-190.993701010773,16.0128675758634,15.8133826542116,79.0033768994504,553.023638296153,126.507061233692,101.711212635154,87.5533923329099
C_umbral8,E1_lab_soleado,02-07-2025,7,C_umbral8_E1_lab_soleado_s7_20260903_235138.mat,-216.044728255155,4.40814188487701,34.5538718573827,97.8667189517709,28.0827555118417,2874.45221994561,30.438631010193,20.2583981623553,23.0201123376,6,0,84.481389295135,51.2471316701283,4.41545815441951,0,9.41130395253499,3.77254943015509e-15,33.0922095809076,244.178243815624,14.8700983268335,89.3018934599939,3.15836342182889,219.203091676984,112.466293433958,22.4140642532931,-5.75519841240591,3.02598152651251,1,224.140642532931,112.466293433958,-23.3541467530212,-192.690581502134,0,0,-192.690581502134,16.0128675758634,10.2576691634575,51.2471316701283,358.729921690898,82.06135330766,103.934672677355,92.4140642532931
C_umbral8,E1_lab_soleado,02-07-2025,8,C_umbral8_E1_lab_soleado_s8_20260903_235159.mat,-219.299561080681,4.55165373806902,32.9143289563399,97.8043830113126,29.9152763832665,2946.46240397557,27.9396567549009,19.2352132940134,16.3600798368,6,0,84.8852750600754,60.8434092335325,3.23144408050833,0,9.41130395253499,3.70349521764847e-15,30.0910869087163,244.729704457669,131.68756233644,87.5520304922508,3.4276868783761,222.727247959057,114.579816494472,11.1108243691618,-0.19974096987373,3.0410872883691,1,111.108243691618,114.579816494472,9.85975819689805,-229.159319277579,0,0,-229.159319277579,16.0128675758634,15.8131266059897,79.0020976871136,553.014683809795,126.505012847917,92.9366337193394,81.1108243691618
C_umbral8,E1_lab_soleado,02-07-2025,9,C_umbral8_E1_lab_soleado_s9_20260903_235220.mat,-180.991194840625,4.13460671095631,46.543668590069,99.7329092798382,5.1742796351969,2347.84967197113,52.4643024688279,32.8686010729116,26.6601301008,5,0,83.8753070915032,57.2885779572808,15.4894040578234,0,9.41130395253499,3.75547378877372e-15,40.2078679644912,244.166444638372,132.027007553624,135.898738575806,0.495360247068686,181.486555087694,95.7351132898009,11.0250538670327,3.403541427725,2.73195324473957,1,110.250538670327,95.7351132898009,36.7276944506788,-217.718889291304,0,0,-217.718889291304,16.0128675758634,19.4164090035884,97.0040320965633,679.028224675943,155.331272028707,77.569427112726,81.0250538670327
C_umbral8,E1_lab_soleado,02-07-2025,10,C_umbral8_E1_lab_soleado_s10_20260903_235240.mat,-218.739879164826,4.09199318161549,36.2095735430455,99.7548533750585,3.35346426812305,2801.73232770767,33.3313355198301,20.9956591647581,15.8200772016,3,0,87.6337980296025,62.7779801531292,3.27426765893913,0,9.41130395253499,3.85948651436563e-15,27.142046967049,271.073148799584,45.3052287692147,85.914094145713,0.350294392054089,219.09017355688,104.4574696632,22.0704746608844,3.40336337105029,1.71137396302701,1,220.704746608844,104.4574696632,47.9757404044782,-266.715619569304,0,0,-266.715619569304,16.0128675758634,19.4162309469137,97.0031425286013,679.021997700209,155.32984757531,96.1744881376576,92.0704746608844
E,E1_lab_soleado,02-07-2025,1,E_E1_lab_soleado_s1_20260904_020234.mat,-813.312480630058,2.38981624284692,32.998123186117,98.6181484242672,137.936389121418,20345.8848369814,255.294642874013,156.542625057368,159.1807767984,32,0,76.3413197166127,28.1842491972338,38.0050628223168,0,1.17775939620236e-06,3.07600515178876e-15,32.0454165915731,1015.85830527085,839.66253496058,374.108108059992,13.2831720281068,826.595652658165,96.2992587577055,17.1459219880084,-4.32505574749207,1.71805227255062,7,171.459219880084,96.2992587577055,-19.7401897764727,-793.572290853585,0,0,-793.572290853585,16.0128675758634,11.6878118283713,58.3920988442503,408.744691909752,93.5024946269707,83.9208769120204,87.1459219880084
E,E1_lab_soleado,02-07-2025,2,E_E1_lab_soleado_s2_20260904_020349.mat,-667.060572322036,2.70490846037278,34.35010223241,97.1581997795831,299.955280807244,19935.3409643926,277.678951466767,165.960983624249,164.400802272,32,0,82.5622097520338,38.0726560355995,18.461113655566,0,1.17775939620236e-06,2.96160358548901e-15,33.9467031304512,737.817466089781,562.176457932729,448.909268697021,30.320857706535,697.381430028571,101.084593759893,17.1616299726492,-0.200094779370419,1.74204601245312,7,171.616299726492,101.084593759893,14.0122293114223,-681.072801633458,0,0,-681.072801633458,16.0128675758634,15.812772796493,79.0003300611964,553.002310428375,126.502182371944,88.1069795723538,87.1616299726492
E,E1_lab_soleado,02-07-2025,3,E_E1_lab_soleado_s3_20260904_020504.mat,-646.510591150233,2.87810688505236,34.8003999928147,95.5199392646647,485.980442609475,19798.602908517,270.08983777359,169.715391448522,176.3808607344,32,0,75.3223473863843,26.3779899226896,37.0361490804413,0,1.17775939620236e-06,2.8062398205143e-15,37.5495410887217,1306.26511822042,1100.37658651506,488.459036627348,51.765849392192,698.276440542425,106.518379863674,20.0014960494917,-9.619472999054,3.03248361763244,7,200.014960494917,106.518379863674,-57.7810414060582,-588.729549744175,0,0,-588.729549744175,16.0128675758634,6.39339457680941,31.9412849523409,223.588994666386,51.1471566144753,95.8681354449868,90.0014960494917
E,E1_lab_soleado,02-07-2025,4,E_E1_lab_soleado_s4_20260904_020619.mat,-735.246546906181,2.4075902217581,33.7086180776187,97.0865685563102,303.719313821802,20130.1349516474,256.378881348023,157.088159772819,153.3207482016,33,0,79.4857257310044,32.2958932007891,22.5689110963772,0,1.17775939620236e-06,2.93189268060607e-15,35.1928981598906,920.701496436448,805.772463947652,378.203917423014,35.8131005127026,771.059647418884,117.915123875576,11.2364794427628,0.695096362585918,3.02814067244103,7,112.364794427628,117.915123875576,17.485328689456,-752.731875595637,0,0,-752.731875595637,16.0128675758634,16.7079639384493,83.4726889948614,584.30882296403,133.663711507595,95.7900953670906,81.2364794427628
E,E1_lab_soleado,02-07-2025,5,E_E1_lab_soleado_s5_20260904_020734.mat,-699.75132845431,2.24022087938415,39.0654923682486,97.6792583282532,277.787940680464,18503.4589153015,310.980451470788,187.880157350235,186.680910998401,32,0,77.7149022399995,36.8610843987904,34.6899228010536,0,1.17775939620236e-06,3.16399179012288e-15,36.2162099599703,816.49029708465,645.811155368048,420.893051317977,31.7168671541486,731.468195608459,114.176544440537,16.6734031459857,-0.52944045817333,1.71469900768205,7,166.734031459857,114.176544440537,12.897880332067,-712.649208786377,0,0,-712.649208786377,16.0128675758634,15.4834271176901,77.3549249406328,541.484474584429,123.867416941521,98.9606966611019,86.6734031459857
E0,E1_lab_soleado,02-07-2025,1,E0_E1_lab_soleado_s1_20260904_011313.mat,-810.480892543429,2.40206474801756,32.8955425569247,98.290022272024,170.717820108151,20377.0346161711,255.562555331983,156.543242398153,159.1807767984,32,0,76.4557801453595,28.9506076764224,37.810122668448,0,17.5982677559626,3.0772642437258e-15,31.7158867131503,1015.85912760066,839.662534959686,376.027004104971,16.6513384026422,827.132230946072,97.5372014010834,17.1462885085035,-4.32448008973239,1.7180866630092,7,171.462885085035,97.5372014010834,-19.5442317580443,-790.936660785385,0,0,-790.936660785385,16.0128675758634,11.688387486131,58.3949748201214,408.76482374085,93.5070998890481,85.0000509361082,87.1462885085034
E0,E1_lab_soleado,02-07-2025,2,E0_E1_lab_soleado_s2_20260904_011359.mat,-658.523443697652,2.76276155401986,33.9389430471903,95.7115890607396,455.40346078245,20060.1941450786,278.351670378473,167.275556198161,164.400802272,34,0,82.7840490558426,41.7539535388353,17.9973247398731,0,17.5982677559626,2.97768281028274e-15,34.8458418554202,843.223551963706,701.271385473389,462.142475591567,49.9094972799669,708.432940977619,109.594022834642,13.8601837790118,-0.199976809646984,3.04104891018258,7,138.601837790118,109.594022834642,12.0711252009483,-670.5945688986,0,0,-670.5945688986,16.0128675758634,15.8128907662164,79.0009194358247,553.006436050773,126.503126129731,91.905748959943,83.8601837790118
E0,E1_lab_soleado,02-07-2025,3,E0_E1_lab_soleado_s3_20260904_011444.mat,-644.300903588168,2.93309183557492,34.6636851383359,95.0821711344134,533.7603695609,19840.1179349163,270.088290501218,169.715805623602,176.3808607344,34,0,75.6597169670686,26.3823978480484,36.86716787836,0,17.5982677559626,2.82582766865447e-15,36.2168713345381,1445.08789918951,1238.88133849866,497.792043842608,58.4686066528049,702.769510240973,109.540928827115,20.0048208302652,-9.61910947966066,3.03252425506697,7,200.048208302652,109.540928827115,-57.2307559443798,-587.070147643788,0,0,-587.070147643788,16.0128675758634,6.39375809620275,31.943101088728,223.601707621096,51.150064769622,98.5921167266535,90.0048208302652
E0,E1_lab_soleado,02-07-2025,4,E0_E1_lab_soleado_s4_20260904_011530.mat,-733.897756436171,2.47384156681764,33.6957147357881,97.0152076296292,311.253693991476,20134.0531987083,255.560315272028,157.079915601049,153.3207482016,34,0,79.542259903713,32.2959694463379,22.6572046011829,0,17.5982677559626,2.96142547783178e-15,34.3600622353468,1134.12300382097,1018.76561184439,388.590824526082,36.0735062993769,769.971262735548,115.897439920391,11.236705445504,0.686967569764782,3.02812888326039,7,112.36705445504,115.897439920391,17.2164891065791,-751.114245542751,0,0,-751.114245542751,16.0128675758634,16.6998351456282,83.43207769132,584.02454383924,133.598681165025,94.1512618870078,81.236705445504
E0,E1_lab_soleado,02-07-2025,5,E0_E1_lab_soleado_s5_20260904_011615.mat,-697.584613676393,2.27653573662119,39.0087219873792,97.5018808061246,299.116382346277,18520.6978895847,310.878292620298,187.879925554192,186.680910998401,31,0,77.9527402923582,38.6283772957649,34.80698609956,0,17.5982677559626,3.17661088972866e-15,35.2970646543243,932.704568725293,761.807752397446,427.715364717847,33.5462570013506,731.130870677744,112.151185896983,16.6737127163495,-0.529659814508189,1.71469539293437,7,166.737127163495,112.151185896983,12.5925113739323,-710.177125050325,0,0,-710.177125050325,16.0128675758634,15.4832077613552,77.3538290403073,541.476803282151,123.865662090842,97.2055966723299,86.6737127163495
E0_8,E1_lab_soleado,02-07-2025,1,E0_8_E1_lab_soleado_s1_20260904_161846.mat,-810.480892543429,2.40206474801756,32.8955425569247,98.290022272024,170.717820108151,20377.0346161711,255.562555331983,156.543242398153,159.1807767984,32,0,76.4557801453595,28.9506076764224,37.810122668448,0,17.5982677559626,3.0772642437258e-15,31.7158867131503,1015.85912760066,839.662534959686,376.027004104971,16.6513384026422,827.132230946072,97.5372014010834,17.1462885085035,-4.32448008973239,1.7180866630092,7,171.462885085035,97.5372014010834,-19.5442317580443,-790.936660785385,0,0,-790.936660785385,16.0128675758634,11.688387486131,58.3949748201214,408.76482374085,93.5070998890481,85.0000509361082,87.1462885085034
E0_8,E1_lab_soleado,02-07-2025,2,E0_8_E1_lab_soleado_s2_20260904_161930.mat,-658.523443697652,2.76276155401986,33.9389430471903,95.7115890607396,455.40346078245,20060.1941450786,278.351670378473,167.275556198161,164.400802272,34,0,82.7840490558426,41.7539535388353,17.9973247398731,0,17.5982677559626,2.97768281028274e-15,34.8458418554202,843.223551963706,701.271385473389,462.142475591567,49.9094972799669,708.432940977619,109.594022834642,13.8601837790118,-0.199976809646984,3.04104891018258,7,138.601837790118,109.594022834642,12.0711252009483,-670.5945688986,0,0,-670.5945688986,16.0128675758634,15.8128907662164,79.0009194358247,553.006436050773,126.503126129731,91.905748959943,83.8601837790118
E0_8,E1_lab_soleado,02-07-2025,3,E0_8_E1_lab_soleado_s3_20260904_162014.mat,-644.300903588168,2.93309183557492,34.6636851383359,95.0821711344134,533.7603695609,19840.1179349163,270.088290501218,169.715805623602,176.3808607344,34,0,75.6597169670686,26.3823978480484,36.86716787836,0,17.5982677559626,2.82582766865447e-15,36.2168713345381,1445.08789918951,1238.88133849866,497.792043842608,58.4686066528049,702.769510240973,109.540928827115,20.0048208302652,-9.61910947966066,3.03252425506697,7,200.048208302652,109.540928827115,-57.2307559443798,-587.070147643788,0,0,-587.070147643788,16.0128675758634,6.39375809620275,31.943101088728,223.601707621096,51.150064769622,98.5921167266535,90.0048208302652
E0_8,E1_lab_soleado,02-07-2025,4,E0_8_E1_lab_soleado_s4_20260904_162058.mat,-733.897756436171,2.47384156681764,33.6957147357881,97.0152076296292,311.253693991476,20134.0531987083,255.560315272028,157.079915601049,153.3207482016,34,0,79.542259903713,32.2959694463379,22.6572046011829,0,17.5982677559626,2.96142547783178e-15,34.3600622353468,1134.12300382097,1018.76561184439,388.590824526082,36.0735062993769,769.971262735548,115.897439920391,11.236705445504,0.686967569764782,3.02812888326039,7,112.36705445504,115.897439920391,17.2164891065791,-751.114245542751,0,0,-751.114245542751,16.0128675758634,16.6998351456282,83.43207769132,584.02454383924,133.598681165025,94.1512618870078,81.236705445504
E0_8,E1_lab_soleado,02-07-2025,5,E0_8_E1_lab_soleado_s5_20260904_162142.mat,-697.584613676393,2.27653573662119,39.0087219873792,97.5018808061246,299.116382346277,18520.6978895847,310.878292620298,187.879925554192,186.680910998401,31,0,77.9527402923582,38.6283772957649,34.80698609956,0,17.5982677559626,3.17661088972866e-15,35.2970646543243,932.704568725293,761.807752397446,427.715364717847,33.5462570013506,731.130870677744,112.151185896983,16.6737127163495,-0.529659814508189,1.71469539293437,7,166.737127163495,112.151185896983,12.5925113739323,-710.177125050325,0,0,-710.177125050325,16.0128675758634,15.4832077613552,77.3538290403073,541.476803282151,123.865662090842,97.2055966723299,86.6737127163495
E_8,E1_lab_soleado,02-07-2025,1,E_8_E1_lab_soleado_s1_20260904_170434.mat,-813.312480630058,2.38981624284692,32.998123186117,98.6181484242672,137.936389121418,20345.8848369814,255.294642874013,156.542625057368,159.1807767984,32,0,76.3413197166127,28.1842491972338,38.0050628223168,0,1.17775939620236e-06,3.07600515178876e-15,32.0454165915731,1015.85830527085,839.66253496058,374.108108059992,13.2831720281068,826.595652658165,96.2992587577055,17.1459219880084,-4.32505574749207,1.71805227255062,7,171.459219880084,96.2992587577055,-19.7401897764727,-793.572290853585,0,0,-793.572290853585,16.0128675758634,11.6878118283713,58.3920988442503,408.744691909752,93.5024946269707,83.9208769120204,87.1459219880084
E_8,E1_lab_soleado,02-07-2025,2,E_8_E1_lab_soleado_s2_20260904_170519.mat,-667.060572322036,2.70490846037278,34.35010223241,97.1581997795831,299.955280807244,19935.3409643926,277.678951466767,165.960983624249,164.400802272,32,0,82.5622097520338,38.0726560355995,18.461113655566,0,1.17775939620236e-06,2.96160358548901e-15,33.9467031304512,737.817466089781,562.176457932729,448.909268697021,30.320857706535,697.381430028571,101.084593759893,17.1616299726492,-0.200094779370419,1.74204601245312,7,171.616299726492,101.084593759893,14.0122293114223,-681.072801633458,0,0,-681.072801633458,16.0128675758634,15.812772796493,79.0003300611964,553.002310428375,126.502182371944,88.1069795723538,87.1616299726492
E_8,E1_lab_soleado,02-07-2025,3,E_8_E1_lab_soleado_s3_20260904_170602.mat,-646.510591150233,2.87810688505236,34.8003999928147,95.5199392646647,485.980442609475,19798.602908517,270.08983777359,169.715391448522,176.3808607344,32,0,75.3223473863843,26.3779899226896,37.0361490804413,0,1.17775939620236e-06,2.8062398205143e-15,37.5495410887217,1306.26511822042,1100.37658651506,488.459036627348,51.765849392192,698.276440542425,106.518379863674,20.0014960494917,-9.619472999054,3.03248361763244,7,200.014960494917,106.518379863674,-57.7810414060582,-588.729549744175,0,0,-588.729549744175,16.0128675758634,6.39339457680941,31.9412849523409,223.588994666386,51.1471566144753,95.8681354449868,90.0014960494917
E_8,E1_lab_soleado,02-07-2025,4,E_8_E1_lab_soleado_s4_20260904_170646.mat,-735.246546906181,2.4075902217581,33.7086180776187,97.0865685563102,303.719313821802,20130.1349516474,256.378881348023,157.088159772819,153.3207482016,33,0,79.4857257310044,32.2958932007891,22.5689110963772,0,1.17775939620236e-06,2.93189268060607e-15,35.1928981598906,920.701496436448,805.772463947652,378.203917423014,35.8131005127026,771.059647418884,117.915123875576,11.2364794427628,0.695096362585918,3.02814067244103,7,112.364794427628,117.915123875576,17.485328689456,-752.731875595637,0,0,-752.731875595637,16.0128675758634,16.7079639384493,83.4726889948614,584.30882296403,133.663711507595,95.7900953670906,81.2364794427628
E_8,E1_lab_soleado,02-07-2025,5,E_8_E1_lab_soleado_s5_20260904_170730.mat,-699.75132845431,2.24022087938415,39.0654923682486,97.6792583282532,277.787940680464,18503.4589153015,310.980451470788,187.880157350235,186.680910998401,32,0,77.7149022399995,36.8610843987904,34.6899228010536,0,1.17775939620236e-06,3.16399179012288e-15,36.2162099599703,816.49029708465,645.811155368048,420.893051317977,31.7168671541486,731.468195608459,114.176544440537,16.6734031459857,-0.52944045817333,1.71469900768205,7,166.734031459857,114.176544440537,12.897880332067,-712.649208786377,0,0,-712.649208786377,16.0128675758634,15.4834271176901,77.3549249406328,541.484474584429,123.867416941521,98.9606966611019,86.6734031459857
E_sinLSTM,E1_lab_soleado,02-07-2025,1,E_sinLSTM_E1_lab_soleado_s1_20260904_013217.mat,-813.312480630058,2.38981624284692,32.998123186117,98.6181484242672,137.936389121418,20345.8848369814,255.294642874013,156.542625057368,159.1807767984,32,0,76.3413197166127,28.1842491972338,38.0050628223168,0,1.17775939620236e-06,3.07600515178876e-15,32.0454165915731,1015.85830527085,839.66253496058,374.108108059992,13.2831720281068,826.595652658165,96.2992587577055,17.1459219880084,-4.32505574749207,1.71805227255062,7,171.459219880084,96.2992587577055,-19.7401897764727,-793.572290853585,0,0,-793.572290853585,16.0128675758634,11.6878118283713,58.3920988442503,408.744691909752,93.5024946269707,83.9208769120204,87.1459219880084
E_sinLSTM,E1_lab_soleado,02-07-2025,2,E_sinLSTM_E1_lab_soleado_s2_20260904_013332.mat,-667.060572322036,2.70490846037278,34.35010223241,97.1581997795831,299.955280807244,19935.3409643926,277.678951466767,165.960983624249,164.400802272,32,0,82.5622097520338,38.0726560355995,18.461113655566,0,1.17775939620236e-06,2.96160358548901e-15,33.9467031304512,737.817466089781,562.176457932729,448.909268697021,30.320857706535,697.381430028571,101.084593759893,17.1616299726492,-0.200094779370419,1.74204601245312,7,171.616299726492,101.084593759893,14.0122293114223,-681.072801633458,0,0,-681.072801633458,16.0128675758634,15.812772796493,79.0003300611964,553.002310428375,126.502182371944,88.1069795723538,87.1616299726492
E_sinLSTM,E1_lab_soleado,02-07-2025,3,E_sinLSTM_E1_lab_soleado_s3_20260904_013446.mat,-646.510591150233,2.87810688505236,34.8003999928147,95.5199392646647,485.980442609475,19798.602908517,270.08983777359,169.715391448522,176.3808607344,32,0,75.3223473863843,26.3779899226896,37.0361490804413,0,1.17775939620236e-06,2.8062398205143e-15,37.5495410887217,1306.26511822042,1100.37658651506,488.459036627348,51.765849392192,698.276440542425,106.518379863674,20.0014960494917,-9.619472999054,3.03248361763244,7,200.014960494917,106.518379863674,-57.7810414060582,-588.729549744175,0,0,-588.729549744175,16.0128675758634,6.39339457680941,31.9412849523409,223.588994666386,51.1471566144753,95.8681354449868,90.0014960494917
E_sinLSTM,E1_lab_soleado,02-07-2025,4,E_sinLSTM_E1_lab_soleado_s4_20260904_013600.mat,-735.246546906181,2.4075902217581,33.7086180776187,97.0865685563102,303.719313821802,20130.1349516474,256.378881348023,157.088159772819,153.3207482016,33,0,79.4857257310044,32.2958932007891,22.5689110963772,0,1.17775939620236e-06,2.93189268060607e-15,35.1928981598906,920.701496436448,805.772463947652,378.203917423014,35.8131005127026,771.059647418884,117.915123875576,11.2364794427628,0.695096362585918,3.02814067244103,7,112.364794427628,117.915123875576,17.485328689456,-752.731875595637,0,0,-752.731875595637,16.0128675758634,16.7079639384493,83.4726889948614,584.30882296403,133.663711507595,95.7900953670906,81.2364794427628
E_sinLSTM,E1_lab_soleado,02-07-2025,5,E_sinLSTM_E1_lab_soleado_s5_20260904_013713.mat,-699.75132845431,2.24022087938415,39.0654923682486,97.6792583282532,277.787940680464,18503.4589153015,310.980451470788,187.880157350235,186.680910998401,32,0,77.7149022399995,36.8610843987904,34.6899228010536,0,1.17775939620236e-06,3.16399179012288e-15,36.2162099599703,816.49029708465,645.811155368048,420.893051317977,31.7168671541486,731.468195608459,114.176544440537,16.6734031459857,-0.52944045817333,1.71469900768205,7,166.734031459857,114.176544440537,12.897880332067,-712.649208786377,0,0,-712.649208786377,16.0128675758634,15.4834271176901,77.3549249406328,541.484474584429,123.867416941521,98.9606966611019,86.6734031459857
E_sinLSTM_8,E1_lab_soleado,02-07-2025,1,E_sinLSTM_8_E1_lab_soleado_s1_20260904_164515.mat,-813.312480630058,2.38981624284692,32.998123186117,98.6181484242672,137.936389121418,20345.8848369814,255.294642874013,156.542625057368,159.1807767984,32,0,76.3413197166127,28.1842491972338,38.0050628223168,0,1.17775939620236e-06,3.07600515178876e-15,32.0454165915731,1015.85830527085,839.66253496058,374.108108059992,13.2831720281068,826.595652658165,96.2992587577055,17.1459219880084,-4.32505574749207,1.71805227255062,7,171.459219880084,96.2992587577055,-19.7401897764727,-793.572290853585,0,0,-793.572290853585,16.0128675758634,11.6878118283713,58.3920988442503,408.744691909752,93.5024946269707,83.9208769120204,87.1459219880084
E_sinLSTM_8,E1_lab_soleado,02-07-2025,2,E_sinLSTM_8_E1_lab_soleado_s2_20260904_164559.mat,-667.060572322036,2.70490846037278,34.35010223241,97.1581997795831,299.955280807244,19935.3409643926,277.678951466767,165.960983624249,164.400802272,32,0,82.5622097520338,38.0726560355995,18.461113655566,0,1.17775939620236e-06,2.96160358548901e-15,33.9467031304512,737.817466089781,562.176457932729,448.909268697021,30.320857706535,697.381430028571,101.084593759893,17.1616299726492,-0.200094779370419,1.74204601245312,7,171.616299726492,101.084593759893,14.0122293114223,-681.072801633458,0,0,-681.072801633458,16.0128675758634,15.812772796493,79.0003300611964,553.002310428375,126.502182371944,88.1069795723538,87.1616299726492
E_sinLSTM_8,E1_lab_soleado,02-07-2025,3,E_sinLSTM_8_E1_lab_soleado_s3_20260904_164643.mat,-646.510591150233,2.87810688505236,34.8003999928147,95.5199392646647,485.980442609475,19798.602908517,270.08983777359,169.715391448522,176.3808607344,32,0,75.3223473863843,26.3779899226896,37.0361490804413,0,1.17775939620236e-06,2.8062398205143e-15,37.5495410887217,1306.26511822042,1100.37658651506,488.459036627348,51.765849392192,698.276440542425,106.518379863674,20.0014960494917,-9.619472999054,3.03248361763244,7,200.014960494917,106.518379863674,-57.7810414060582,-588.729549744175,0,0,-588.729549744175,16.0128675758634,6.39339457680941,31.9412849523409,223.588994666386,51.1471566144753,95.8681354449868,90.0014960494917
E_sinLSTM_8,E1_lab_soleado,02-07-2025,4,E_sinLSTM_8_E1_lab_soleado_s4_20260904_164727.mat,-735.246546906181,2.4075902217581,33.7086180776187,97.0865685563102,303.719313821802,20130.1349516474,256.378881348023,157.088159772819,153.3207482016,33,0,79.4857257310044,32.2958932007891,22.5689110963772,0,1.17775939620236e-06,2.93189268060607e-15,35.1928981598906,920.701496436448,805.772463947652,378.203917423014,35.8131005127026,771.059647418884,117.915123875576,11.2364794427628,0.695096362585918,3.02814067244103,7,112.364794427628,117.915123875576,17.485328689456,-752.731875595637,0,0,-752.731875595637,16.0128675758634,16.7079639384493,83.4726889948614,584.30882296403,133.663711507595,95.7900953670906,81.2364794427628
E_sinLSTM_8,E1_lab_soleado,02-07-2025,5,E_sinLSTM_8_E1_lab_soleado_s5_20260904_164811.mat,-699.75132845431,2.24022087938415,39.0654923682486,97.6792583282532,277.787940680464,18503.4589153015,310.980451470788,187.880157350235,186.680910998401,32,0,77.7149022399995,36.8610843987904,34.6899228010536,0,1.17775939620236e-06,3.16399179012288e-15,36.2162099599703,816.49029708465,645.811155368048,420.893051317977,31.7168671541486,731.468195608459,114.176544440537,16.6734031459857,-0.52944045817333,1.71469900768205,7,166.734031459857,114.176544440537,12.897880332067,-712.649208786377,0,0,-712.649208786377,16.0128675758634,15.4834271176901,77.3549249406328,541.484474584429,123.867416941521,98.9606966611019,86.6734031459857
A,E2_lab_nublado,11-02-2025,1,A_E2_lab_nublado_s1_20260902_012105.mat,77.5088156192442,7.12226527675083,90.8696657197484,52.3749707526052,549.479213955099,71.5725479149695,21.0074185984393,18.1123813847341,15.600076128,5,0,68.3478545927164,31.6582906808792,53.4773903079825,0,24.4825658894636,5.19187836668154e-15,43.5735697503501,226.317917499512,118.274232770934,129.00118501576,86.6888576245823,9.18004200533808,157.765490346039,10.6265706941612,-0.199420358894983,2.68219644084386,1,106.265706941612,157.765490346039,13.4931923551909,64.0156232640533,0,0,64.0156232640533,16.0128675758634,15.8134472169684,79.0036994538289,553.025896176802,126.507577735747,127.200904604839,80.6265706941612
A,E2_lab_nublado,11-02-2025,2,A_E2_lab_nublado_s2_20260902_012125.mat,28.6715856399603,6.56550566679623,91.6785624835627,67.3096429652691,263.429787003797,65.2316188088375,13.1489012692571,11.4690571125753,13.4100654408,4,0,67.3677816950243,42.2792903464403,50.4357588453837,0,24.4825658894636,3.99329389249543e-15,32.7345748313098,243.952695900595,67.6894011546384,75.3001594654226,37.5229781698836,8.8513925299233,142.440149220266,17.2828174960856,-3.83426150752039,1.92597151487045,1,172.828174960856,142.440149220266,-8.51818813236159,37.1897737723219,0,0,37.1897737723219,16.0128675758634,12.178606068343,60.8440980887153,425.908686621007,97.4288485467441,124.325775485077,87.2828174960856
A,E2_lab_nublado,11-02-2025,3,A_E2_lab_nublado_s3_20260902_012145.mat,92.950848961637,6.70691975389364,91.4608336454278,47.2910430170854,722.729586557346,66.9383917726261,19.7294411255836,20.7858049028059,25.4801243424,4,0,55.8464914144014,9.08034790967841,65.8082661080311,0,24.4825658894636,6.20725015216258e-15,42.1546046920753,228.142166423919,159.622876032278,139.408725503208,101.646014818339,8.69516585670218,140.641834385833,6.74746677991234,-6.61803255133336,1.9789108081047,1,67.4746677991234,140.641834385833,-44.4034754622078,137.354324423845,0,0,137.354324423845,16.0128675758634,9.39483502453005,46.9364277448525,328.554994213967,75.1586801962404,107.939045123926,76.7474667799123
A,E2_lab_nublado,11-02-2025,4,A_E2_lab_nublado_s4_20260902_012205.mat,76.1373402957606,6.4073718835539,92.7372107371772,47.8734817229935,635.152345293614,56.9328916723285,15.7592952720668,17.802601136639,32.8401602592,4,0,45.6735403684237,-0.839154689814364,70.3221027534403,0.0416661844191618,24.4825658894636,5.23009522613691e-15,46.7702920105091,223.210526777164,79.5748313047312,114.067885977026,83.6208861728508,7.48354587709023,131.654849096393,14.1072251512341,-15.0707356034016,0.20999173581074,1,141.072251512341,131.654849096393,-103.850323441122,179.987663736882,0.2800013664,2.2400109312,182.227674668082,16.0128675758634,0.942131972461781,4.70687448327809,32.9481213829466,7.53705577969424,110.731240352021,84.1072251512341
A,E2_lab_nublado,11-02-2025,5,A_E2_lab_nublado_s5_20260902_012225.mat,-4.2566652895587,5.90746119049865,91.2289719885762,94.4233237609769,32.6283598267746,68.7559516817468,3.69583333333352,8.54865962323341,27.900136152,3,0,46.0029965821144,-5.4575008964909,61.3638731033206,0.489577666925151,24.4825658894636,3.23933423218878e-15,33.8584044166155,225.693842318504,63.0091364186744,50.5008749550342,4.7111714805813,8.96783677014,144.388853917056,15.9627294231388,-15.5902781206953,-3.53366779106369,1,159.627294231388,144.388853917056,-103.978663104407,99.7219978148478,3.3600163968,26.8801311744,126.602128989248,16.0128675758634,0.422589455168125,2.11124935950937,14.7787455165656,3.380715641345,124.12059980989,85.9627294231387
A,E2_lab_nublado,11-02-2025,6,A_E2_lab_nublado_s6_20260902_012245.mat,73.8986900773178,7.15645589269753,91.1073520037596,54.9099007568065,517.821120188181,69.7093288444571,9.69712164185828,17.5202636077536,27.4801341024,5,0,47.5228522919503,1.31282448615875,64.4888369347577,0,24.4825658894636,4.91619399311537e-15,48.0272219071539,205.063263903021,121.467272599569,125.382993737323,83.3515482710468,9.45285819372899,160.965910854999,8.23177835562792,-10.7616396504089,0.91889342132285,1,82.3177835562792,160.965910854999,-74.1677958945405,148.066485971858,0,0,148.066485971858,16.0128675758634,5.25122792545445,26.2350407911685,183.64528553818,42.0098234036356,125.926494608201,78.2317783556279
A,E2_lab_nublado,11-02-2025,7,A_E2_lab_nublado_s7_20260902_012306.mat,79.1752797035964,7.01662317306776,91.3851310708554,50.4484759037027,589.062269275226,67.5318230731196,21.8403759784874,18.0517482319131,23.0201123376,6,0,71.5854917912193,40.2953251390188,36.5713359799076,0,24.4825658894636,5.57693985521111e-15,45.5064177497946,234.140010563491,117.498513697593,126.662314958426,88.0959345361995,8.92065483260315,149.552838691556,11.4684269055485,-7.94732125864506,3.03739029126366,1,114.684269055485,149.552838691556,-48.142347877698,127.317627581294,0,0,127.317627581294,16.0128675758634,8.06554631721834,40.2953251390188,282.067275973131,64.5243705377467,121.838345074603,81.4684269055485
A,E2_lab_nublado,11-02-2025,8,A_E2_lab_nublado_s8_20260902_012326.mat,69.1970893914796,6.26714764843293,91.0248978245581,51.8279707544366,618.598199656823,70.3556858682579,22.9812910021728,17.8757538235677,16.3600798368,3,0,64.502628727066,38.2225372459657,52.576937766924,0,24.4825658894636,5.59405578274161e-15,37.7761831460284,289.947150604748,241.95014868833,112.029988539338,78.7502221727364,9.55313278125688,127.304318403164,4.7228799841405,-0.232864663361017,1.73072164061614,1,47.228799841405,127.304318403164,3.54826984864046,65.6488195428391,0,0,65.6488195428391,16.0128675758634,15.7800029125024,78.8366123069074,551.856286148352,126.240023300019,95.1254530550246,74.7228799841405
A,E2_lab_nublado,11-02-2025,9,A_E2_lab_nublado_s9_20260902_012346.mat,-2.05345379549205,5.59960462089824,91.3848315392743,91.3853378154581,62.6158018832335,67.5341710965083,2.24166666666667,9.88454598494376,26.6601301008,2,0,36.8939365503533,-7.37096661527602,74.2109466325621,0.557863913612111,24.4825658894636,2.77480898485041e-15,28.8897119246305,222.8085862411,170.680022946794,55.3495493727722,6.96984588418237,9.02329967967442,111.311293228821,5.13452664742812,-15.2819264005734,-1.29641608500383,1,51.3452664742812,111.311293228821,-117.1116339934,115.058180197908,3.84001873920007,30.7201499136006,145.778330111508,16.0128675758634,0.730941175289998,3.65176903800423,25.5623832660296,5.84752940231999,83.6332132726054,75.1345266474281
A,E2_lab_nublado,11-02-2025,10,A_E2_lab_nublado_s10_20260902_012406.mat,85.2756732757638,6.92270174305241,93.2127745175181,48.0354566341714,627.500339535616,53.2049546209228,19.5545609648502,18.3196920193025,15.8200772016,4,0,69.0944224973267,26.0849946481149,32.1396743093251,0,24.4825658894636,5.2364662375505e-15,45.9508570502656,259.097850844269,108.458830256881,126.821763874209,92.3264684312316,7.05079515546785,147.133734620061,14.7878854754424,-0.19929531423578,2.66952500433778,1,147.878854754424,147.133734620061,17.9878088403342,67.2878644354296,0,0,67.2878644354296,16.0128675758634,15.8135722616276,79.0043241747097,553.030269222968,126.508578093021,124.751582405399,84.7878854754424
A_8,E2_lab_nublado,11-02-2025,1,A_8_E2_lab_nublado_s1_20260904_181116.mat,77.5088156192442,7.12226527675083,90.8696657197484,52.3749707526052,549.479213955099,71.5725479149695,21.0074185984393,18.1123813847341,15.600076128,5,0,68.3478545927164,31.6582906808792,53.4773903079825,0,24.0583492914836,5.19187836668154e-15,43.5735697503501,226.317917499512,118.274232770934,129.00118501576,86.6888576245823,9.18004200533808,157.765490346039,10.6265706941612,-0.199420358894983,2.68219644084386,1,106.265706941612,157.765490346039,13.4931923551909,64.0156232640533,0,0,64.0156232640533,16.0128675758634,15.8134472169684,79.0036994538289,553.025896176802,126.507577735747,127.200904604839,80.6265706941612
A_8,E2_lab_nublado,11-02-2025,2,A_8_E2_lab_nublado_s2_20260904_181131.mat,28.6715856399603,6.56550566679623,91.6785624835627,67.3096429652691,263.429787003797,65.2316188088375,13.1489012692571,11.4690571125753,13.4100654408,4,0,67.3677816950243,42.2792903464403,50.4357588453837,0,24.0583492914836,3.99329389249543e-15,32.7345748313098,243.952695900595,67.6894011546384,75.3001594654226,37.5229781698836,8.8513925299233,142.440149220266,17.2828174960856,-3.83426150752039,1.92597151487045,1,172.828174960856,142.440149220266,-8.51818813236159,37.1897737723219,0,0,37.1897737723219,16.0128675758634,12.178606068343,60.8440980887153,425.908686621007,97.4288485467441,124.325775485077,87.2828174960856
A_8,E2_lab_nublado,11-02-2025,3,A_8_E2_lab_nublado_s3_20260904_181146.mat,92.950848961637,6.70691975389364,91.4608336454278,47.2910430170854,722.729586557346,66.9383917726261,19.7294411255836,20.7858049028059,25.4801243424,4,0,55.8464914144014,9.08034790967841,65.8082661080311,0,24.0583492914836,6.20725015216258e-15,42.1546046920753,228.142166423919,159.622876032278,139.408725503208,101.646014818339,8.69516585670218,140.641834385833,6.74746677991234,-6.61803255133336,1.9789108081047,1,67.4746677991234,140.641834385833,-44.4034754622078,137.354324423845,0,0,137.354324423845,16.0128675758634,9.39483502453005,46.9364277448525,328.554994213967,75.1586801962404,107.939045123926,76.7474667799123
A_8,E2_lab_nublado,11-02-2025,4,A_8_E2_lab_nublado_s4_20260904_181202.mat,76.1373402957606,6.4073718835539,92.7372107371772,47.8734817229935,635.152345293614,56.9328916723285,15.7592952720668,17.802601136639,32.8401602592,4,0,45.6735403684237,-0.839154689814364,70.3221027534403,0.0416661844191618,24.0583492914836,5.23009522613691e-15,46.7702920105091,223.210526777164,79.5748313047312,114.067885977026,83.6208861728508,7.48354587709023,131.654849096393,14.1072251512341,-15.0707356034016,0.20999173581074,1,141.072251512341,131.654849096393,-103.850323441122,179.987663736882,0.2800013664,2.2400109312,182.227674668082,16.0128675758634,0.942131972461781,4.70687448327809,32.9481213829466,7.53705577969424,110.731240352021,84.1072251512341
A_8,E2_lab_nublado,11-02-2025,5,A_8_E2_lab_nublado_s5_20260904_181217.mat,-4.2566652895587,5.90746119049865,91.2289719885762,94.4233237609769,32.6283598267746,68.7559516817468,3.69583333333352,8.54865962323341,27.900136152,3,0,46.0029965821144,-5.4575008964909,61.3638731033206,0.489577666925151,24.0583492914836,3.23933423218878e-15,33.8584044166155,225.693842318504,63.0091364186744,50.5008749550342,4.7111714805813,8.96783677014,144.388853917056,15.9627294231388,-15.5902781206953,-3.53366779106369,1,159.627294231388,144.388853917056,-103.978663104407,99.7219978148478,3.3600163968,26.8801311744,126.602128989248,16.0128675758634,0.422589455168125,2.11124935950937,14.7787455165656,3.380715641345,124.12059980989,85.9627294231387
A_8,E2_lab_nublado,11-02-2025,6,A_8_E2_lab_nublado_s6_20260904_181232.mat,73.8986900773178,7.15645589269753,91.1073520037596,54.9099007568065,517.821120188181,69.7093288444571,9.69712164185828,17.5202636077536,27.4801341024,5,0,47.5228522919503,1.31282448615875,64.4888369347577,0,24.0583492914836,4.91619399311537e-15,48.0272219071539,205.063263903021,121.467272599569,125.382993737323,83.3515482710468,9.45285819372899,160.965910854999,8.23177835562792,-10.7616396504089,0.91889342132285,1,82.3177835562792,160.965910854999,-74.1677958945405,148.066485971858,0,0,148.066485971858,16.0128675758634,5.25122792545445,26.2350407911685,183.64528553818,42.0098234036356,125.926494608201,78.2317783556279
A_8,E2_lab_nublado,11-02-2025,7,A_8_E2_lab_nublado_s7_20260904_181247.mat,79.1752797035964,7.01662317306776,91.3851310708554,50.4484759037027,589.062269275226,67.5318230731196,21.8403759784874,18.0517482319131,23.0201123376,6,0,71.5854917912193,40.2953251390188,36.5713359799076,0,24.0583492914836,5.57693985521111e-15,45.5064177497946,234.140010563491,117.498513697593,126.662314958426,88.0959345361995,8.92065483260315,149.552838691556,11.4684269055485,-7.94732125864506,3.03739029126366,1,114.684269055485,149.552838691556,-48.142347877698,127.317627581294,0,0,127.317627581294,16.0128675758634,8.06554631721834,40.2953251390188,282.067275973131,64.5243705377467,121.838345074603,81.4684269055485
A_8,E2_lab_nublado,11-02-2025,8,A_8_E2_lab_nublado_s8_20260904_181302.mat,69.1970893914796,6.26714764843293,91.0248978245581,51.8279707544366,618.598199656823,70.3556858682579,22.9812910021728,17.8757538235677,16.3600798368,3,0,64.502628727066,38.2225372459657,52.576937766924,0,24.0583492914836,5.59405578274161e-15,37.7761831460284,289.947150604748,241.95014868833,112.029988539338,78.7502221727364,9.55313278125688,127.304318403164,4.7228799841405,-0.232864663361017,1.73072164061614,1,47.228799841405,127.304318403164,3.54826984864046,65.6488195428391,0,0,65.6488195428391,16.0128675758634,15.7800029125024,78.8366123069074,551.856286148352,126.240023300019,95.1254530550246,74.7228799841405
A_8,E2_lab_nublado,11-02-2025,9,A_8_E2_lab_nublado_s9_20260904_181318.mat,118.829434510467,7.07607320189178,93.0035197121925,45.5578071038551,808.933982816817,54.8452997737828,13.9319723838825,24.9054005873789,26.6601301008,5,0,43.4705571953133,-7.37096661527602,74.2109466325621,0.557863913612111,24.0583492914836,6.03148791960657e-15,54.4588604298561,222.8085862411,170.680022946794,176.232437678732,125.822231662598,6.99279715213138,155.540791134115,5.13452664742812,-3.43779531314166,1.70370139608779,1,51.3452664742812,155.540791134115,-20.3147074735718,139.144141984039,3.8400187392,30.7201499136,169.864291897639,16.0128675758634,12.5750722627217,62.8248361045661,439.773852731963,100.600578101774,116.864837162282,75.1345266474281
A_8,E2_lab_nublado,11-02-2025,10,A_8_E2_lab_nublado_s10_20260904_181333.mat,85.2756732757638,6.92270174305241,93.2127745175181,48.0354566341714,627.500339535616,53.2049546209228,19.5545609648502,18.3196920193025,15.8200772016,4,0,69.0944224973267,26.0849946481149,32.1396743093251,0,24.0583492914836,5.2364662375505e-15,45.9508570502656,259.097850844269,108.458830256881,126.821763874209,92.3264684312316,7.05079515546785,147.133734620061,14.7878854754424,-0.19929531423578,2.66952500433778,1,147.878854754424,147.133734620061,17.9878088403342,67.2878644354296,0,0,67.2878644354296,16.0128675758634,15.8135722616276,79.0043241747097,553.030269222968,126.508578093021,124.751582405399,84.7878854754424
A_8_semana,E2_lab_nublado,11-02-2025,1,A_8_semana_E2_lab_nublado_s1_20260904_145804.mat,-33.3057981693337,4.69521341421812,67.0087370348,80.5804002553293,1951.70317535038,4060.18157439649,217.881659676992,159.32914639097,162.9407951472,27,0,64.3893992157429,-5.75207294586035,60.4962624069735,0.0401785049958581,22.1842060379755,2.98156879004322e-15,39.8043323341066,654.240643641,506.052168802611,748.084345410804,278.813938085675,312.119736255008,142.856732318233,14.5326506109382,-6.59496580712506,3.02585577156739,7,145.326506109382,142.856732318233,-34.0749436531897,0.769145483855951,1.9400094672,15.5200757376,16.2892212214559,16.0128675758634,9.41790176873834,47.0516687863412,329.361681504389,75.3432141499068,120.760582404775,84.5326506109382
A_8_semana,E2_lab_nublado,11-02-2025,2,A_8_semana_E2_lab_nublado_s2_20260904_145846.mat,-16.9137439772849,4.71331847433856,71.1358619115825,85.5777630559577,1445.46319158777,3552.26296583575,215.711258865009,155.484182502476,158.5207735776,22,0,65.0531949347937,14.4320915199739,56.6621086936034,0,22.1842060379755,2.94992662009835e-15,36.1355222626947,945.23099931475,767.653725235604,732.846469856349,220.350065808259,237.263809785544,152.442529903661,17.3658730434994,-5.71885522723893,2.71802231924831,7,173.658730434994,152.442529903661,-21.9251632312799,5.01141925399505,0,0,5.01141925399505,16.0128675758634,10.2940123486245,51.4287015731818,360.000911012272,82.3520987889957,133.182747139931,87.3658730434994
A_8_semana,E2_lab_nublado,11-02-2025,3,A_8_semana_E2_lab_nublado_s3_20260904_145929.mat,145.729100000122,4.99403840216839,73.2419021870265,78.0807328874834,2499.15854228937,3293.07598259373,241.032601672027,180.818512975629,188.460919684801,30,0,60.9065574617427,-1.52873590931622,65.1789596908735,0.0105819930853289,22.1842060379755,3.18990952038115e-15,42.1829659673182,910.383233732661,799.113736101794,903.014597623274,388.582221387968,242.853121387845,155.485222250848,10.9060398223356,-9.06056337128718,1.5080821656433,7,109.060398223356,155.485222250848,-57.2229547394254,202.952054739548,0.50000244,4.00001952,206.952074259548,16.0128675758634,6.95230420457623,34.7335874559063,243.135112191344,55.6184336366098,125.796935832118,80.9060398223356
A_8_semana,E2_lab_nublado,11-02-2025,4,A_8_semana_E2_lab_nublado_s4_20260904_150012.mat,105.241226480205,5.33395505813985,62.9234678062958,73.1570404041558,2814.06444102995,4562.94907576551,231.042855609211,163.652674690068,161.1207862656,33,0,64.3403895127735,-4.88027834368446,51.9972685230348,0.0340607902434024,22.1842060379755,3.08363367293113e-15,43.0389500017361,905.196022631941,830.677605641821,872.916011941205,417.608000437833,312.366773957628,148.400297572784,7.3015454842516,-0.199767186874263,2.70198400084425,7,73.015454842516,148.400297572784,8.15382620844328,97.0874002717616,1.6400080032,13.1200640256,110.207464297362,16.0128675758634,15.8131003889891,79.0019667074478,553.013766952135,126.504803111913,114.71572352699,77.3015454842516
A_8_semana,E2_lab_nublado,11-02-2025,5,A_8_semana_E2_lab_nublado_s5_20260904_150055.mat,96.3495580797322,4.63755028037671,81.2937597978315,84.2933526629805,1834.95183143516,2302.14684036783,245.19947363507,183.20776764413,182.840892259201,22,0,56.3909202164788,3.29788407799726,77.3538734228283,0,22.1842060379755,3.06963777215309e-15,44.3676515085127,898.002850139133,741.00387196046,849.635234205229,266.825821856233,170.4762637765,145.41298430027,15.3717596297925,-2.66658682308577,3.02920440899857,7,153.717596297925,145.41298430027,-1.21541360925517,97.5649716889874,0,0,97.5649716889874,16.0128675758634,13.3462807527776,66.6777799269124,466.744459488387,106.770246022221,124.141623427335,85.3717596297925
A_factor3,E2_lab_nublado,11-02-2025,1,A_factor3_E2_lab_nublado_s1_20260903_211546.mat,618.111734493165,4.27276669569943,98.3875229146271,67.8889136890969,5939.10629139545,198.444956716976,0,119.036290404241,512.642501683199,20,0,3.32372375245014,-32.4899936008744,95.1947830774089,10.1886405611102,22.1842060379755,3.66110962302324e-15,38.4653795215286,3193.61661374649,3641.61741393414,508.614297218848,639.286642826136,21.1749083329709,107.640209058447,-45.4026889818312,-16.008899080749,-372.969444198225,7,-454.026889818312,107.640209058447,-172.055587050371,790.167321543536,491.062396372802,3928.49917098241,4718.66649252595,16.0128675758634,0.00396849511444874,0.0198265306105725,0.138785714274007,0.0317479609155899,26.4765970027133,24.5973110181688
A_factorB,E2_lab_nublado,11-02-2025,1,A_factorB_E2_lab_nublado_s1_20260903_213634.mat,368.576381223994,4.53472580008397,96.455161803563,77.3610223880428,3548.79817222943,436.257525047534,34.1415601857754,151.581139465219,241.8211800816,23,3,13.2749377433989,-29.0316035193523,92.1627113711783,3.95072098095076,22.1842060379755,3.81244466916528e-15,44.069536922062,3243.21628596946,3302.7300247933,687.378903939056,413.155221282052,44.5788400580581,116.42116604859,-6.25175505294386,-16.0119142355641,-84.6121735194962,7,-62.5175505294386,116.42116604859,-134.645843402538,503.222224626531,190.440929347201,1523.52743477761,2026.74965940414,16.0128675758634,0.000953340299334478,0.00476287108385994,0.0333400975870196,0.00762672239467582,74.2164501028743,63.7482449470561
A_semana,E2_lab_nublado,11-02-2025,1,A_semana_E2_lab_nublado_s1_20260903_105946.mat,-33.3057981693337,4.69521341421812,67.0087370348,80.5804002553293,1951.70317535038,4060.18157439649,217.881659676992,159.32914639097,162.9407951472,27,0,64.3893992157429,-5.75207294586035,60.4962624069735,0.0401785049958581,22.1842060379755,2.98156879004322e-15,39.8043323341066,654.240643641,506.052168802611,748.084345410804,278.813938085675,312.119736255008,142.856732318233,14.5326506109382,-6.59496580712506,3.02585577156739,7,145.326506109382,142.856732318233,-34.0749436531897,0.769145483855951,2.00000976000116,16.0000780800093,16.7692235638653,16.0128675758634,9.41790176873834,47.0516687863412,329.361681504389,75.3432141499068,120.760582404775,84.5326506109382
A_semana,E2_lab_nublado,11-02-2025,2,A_semana_E2_lab_nublado_s2_20260903_110029.mat,-16.9137439772849,4.71331847433856,71.1358619115825,85.5777630559577,1445.46319158777,3552.26296583575,215.711258865009,155.484182502476,158.5207735776,22,0,65.0531949347937,14.4320915199739,56.6621086936034,0,22.1842060379755,2.94992662009835e-15,36.1355222626947,945.23099931475,767.653725235604,732.846469856349,220.350065808259,237.263809785544,152.442529903661,17.3658730434994,-5.71885522723893,2.71802231924831,7,173.658730434994,152.442529903661,-21.9251632312799,5.01141925399505,0,0,5.01141925399505,16.0128675758634,10.2940123486245,51.4287015731818,360.000911012272,82.3520987889957,133.182747139931,87.3658730434994
A_semana,E2_lab_nublado,11-02-2025,3,A_semana_E2_lab_nublado_s3_20260903_110111.mat,145.729100000122,4.99403840216839,73.2419021870265,78.0807328874834,2499.15854228937,3293.07598259373,241.032601672027,180.818512975629,188.460919684801,30,0,60.9065574617427,-1.52873590931622,65.1789596908735,0.0105819930853289,22.1842060379755,3.18990952038115e-15,42.1829659673182,910.383233732661,799.113736101794,903.014597623274,388.582221387968,242.853121387845,155.485222250848,10.9060398223356,-9.06056337128718,1.5080821656433,7,109.060398223356,155.485222250848,-57.2229547394254,202.952054739548,0.600002928,4.800023424,207.752078163548,16.0128675758634,6.95230420457623,34.7335874559063,243.135112191344,55.6184336366098,125.796935832118,80.9060398223356
A_semana,E2_lab_nublado,11-02-2025,4,A_semana_E2_lab_nublado_s4_20260903_110153.mat,105.241226480205,5.33395505813985,62.9234678062958,73.1570404041558,2814.06444102995,4562.94907576551,231.042855609211,163.652674690068,161.1207862656,33,0,64.3403895127735,-4.88027834368446,51.9972685230348,0.0340607902434024,22.1842060379755,3.08363367293113e-15,43.0389500017361,905.196022631941,830.677605641821,872.916011941205,417.608000437833,312.366773957628,148.400297572784,7.3015454842516,-0.199767186874263,2.70198400084425,7,73.015454842516,148.400297572784,8.15382620844328,97.0874002717616,1.600007808,12.800062464,109.887462735762,16.0128675758634,15.8131003889891,79.0019667074478,553.013766952135,126.504803111913,114.71572352699,77.3015454842516
A_semana,E2_lab_nublado,11-02-2025,5,A_semana_E2_lab_nublado_s5_20260903_110236.mat,97.8531137865734,4.64898861704535,81.3205470225624,84.3372625242551,1829.48388023845,2298.85017978239,241.588072062843,183.186439838935,182.840892259201,22,0,54.954764347421,0.825343800476882,78.6440498610287,0,22.1842060379755,3.09171709040101e-15,43.7886180743749,897.990301508535,741.003872304576,851.631673608274,268.261631094914,170.408517308341,146.632410371362,15.3722750204244,-2.68768216310478,3.02922428387542,7,153.722750204244,146.632410371362,-1.21479365261152,99.0679074391849,0,0,99.0679074391849,16.0128675758634,13.3251854127586,66.5723879854924,466.006715898447,106.601483302069,125.183424651316,85.3722750204244
A_semana_s6a10,E2_lab_nublado,11-02-2025,6,A_semana_s6a10_E2_lab_nublado_s6_20260903_115832.mat,74.8876962808371,4.8440054440768,75.9451434020038,84.2672532461522,1713.02515624966,2960.39244199156,132.674681098525,179.51107671817,187.280913926401,21,0,36.4153730293981,-13.4936621762856,78.4160409787682,0.769839996957677,22.1842060379755,2.95908088746847e-15,43.0449023728466,689.119730262434,517.925844792927,869.552632894904,259.370734985106,184.483038704269,151.410931730243,16.7692628032844,-10.1429266154215,2.46448385362529,7,167.692628032844,151.410931730243,-58.2919655741005,133.179661854938,36.6001786080002,292.801428864001,425.981090718939,16.0128675758634,5.86994096044192,29.3261200475539,205.282840332877,46.9595276835354,131.378149265916,86.7692628032844
A_semana_s6a10,E2_lab_nublado,11-02-2025,7,A_semana_s6a10_E2_lab_nublado_s7_20260903_115915.mat,134.109925443639,4.72075575895952,79.9578478388507,82.3271769751267,2068.45169546816,2466.55537260836,221.493611450476,190.104977786664,190.060927492801,24,0,49.032659617943,-5.8606398687405,71.0385730182324,0.0555554636979767,22.1842060379755,3.08227653913108e-15,45.7762139943552,804.208275165954,599.611648668926,897.439168693267,315.123525505955,181.013600062315,152.347539077838,20.0018189409455,-2.98547529567022,3.02905415143433,7,200.018189409455,152.347539077838,3.54124866923998,130.568676774399,2.600012688,20.800101504,151.368778278399,16.0128675758634,13.0273922801932,65.0846188215767,455.592331751037,104.219138241545,137.115556281822,90.0018189409455
A_semana_s6a10,E2_lab_nublado,11-02-2025,8,A_semana_s6a10_E2_lab_nublado_s8_20260903_115957.mat,49.8318543756777,4.75225959905864,73.6795742914961,82.4982825303064,1887.87098646269,3239.21238191651,220.551510124167,166.055749910748,163.1807963184,34,0,63.3439657448935,9.16078530281233,57.4724578828408,0,22.1842060379755,3.02071732319865e-15,40.2972217307842,740.590480609845,571.868587850549,789.140031492235,288.928988305961,239.097133930284,153.04487985555,16.5235888376876,-0.199772437490426,3.04100353949213,7,165.235888376876,153.04487985555,21.1614765160942,28.6703778595835,0,0,28.6703778595835,16.0128675758634,15.813095138373,79.0019404754634,553.013583328244,126.504761106984,132.419922583349,86.5235888376876
A_semana_s6a10,E2_lab_nublado,11-02-2025,9,A_semana_s6a10_E2_lab_nublado_s9_20260903_120040.mat,84.436288335876,5.00896177760395,66.3574248757204,75.2298850767242,2653.79519702865,4140.33751235694,205.327548004067,167.05249573509,164.50080276,29,0,61.4018495023136,-6.35111279693166,63.4183805913019,0.0443120960448147,22.1842060379755,3.08841242145976e-15,41.2509238575994,1010.7776584813,904.178659029148,836.759565990413,399.299443559056,314.86315522318,150.463548960423,10.4437735120997,0.320377386262415,2.20138219980791,7,104.437735120997,150.463548960423,16.7056841346237,67.7306042012523,2.200010736,17.600085888,85.3306900892523,16.0128675758634,16.3332449621258,81.6005996914398,571.204197840079,130.665959697007,121.03855654399,80.4437735120996
A_semana_s6a10,E2_lab_nublado,11-02-2025,10,A_semana_s6a10_E2_lab_nublado_s10_20260903_120123.mat,36.356895195489,4.71918107731784,71.7957059843093,80.6786845262084,2080.50724928257,3471.05701901019,228.030753842273,176.950334205702,172.520841897601,28,0,60.4325556362209,7.12836546268173,64.1662298838792,0,22.1842060379755,2.97333566015789e-15,44.19602480816,783.476586648686,635.125373686211,835.060668808617,301.749322744292,265.392427548803,145.036419771355,14.5379611526094,1.3389658391311,3.03851575507874,7,145.379611526094,145.036419771355,29.6885312401943,6.66836395529468,0,0,6.66836395529468,16.0128675758634,17.3518334149945,86.6894493833165,606.826145683215,138.814667319956,122.610832203444,84.5379611526094
A_umbral8,E2_lab_nublado,11-02-2025,1,A_umbral8_E2_lab_nublado_s1_20260903_234017.mat,77.5088156192442,7.12226527675083,90.8696657197484,52.3749707526052,549.479213955099,71.5725479149695,21.0074185984393,18.1123813847341,15.600076128,5,0,68.3478545927164,31.6582906808792,53.4773903079825,0,24.0583492914836,5.19187836668154e-15,43.5735697503501,226.317917499512,118.274232770934,129.00118501576,86.6888576245823,9.18004200533808,157.765490346039,10.6265706941612,-0.199420358894983,2.68219644084386,1,106.265706941612,157.765490346039,13.4931923551909,64.0156232640533,0,0,64.0156232640533,16.0128675758634,15.8134472169684,79.0036994538289,553.025896176802,126.507577735747,127.200904604839,80.6265706941612
A_umbral8,E2_lab_nublado,11-02-2025,2,A_umbral8_E2_lab_nublado_s2_20260903_234030.mat,28.6715856399603,6.56550566679623,91.6785624835627,67.3096429652691,263.429787003797,65.2316188088375,13.1489012692571,11.4690571125753,13.4100654408,4,0,67.3677816950243,42.2792903464403,50.4357588453837,0,24.0583492914836,3.99329389249543e-15,32.7345748313098,243.952695900595,67.6894011546384,75.3001594654226,37.5229781698836,8.8513925299233,142.440149220266,17.2828174960856,-3.83426150752039,1.92597151487045,1,172.828174960856,142.440149220266,-8.51818813236159,37.1897737723219,0,0,37.1897737723219,16.0128675758634,12.178606068343,60.8440980887153,425.908686621007,97.4288485467441,124.325775485077,87.2828174960856
A_umbral8,E2_lab_nublado,11-02-2025,3,A_umbral8_E2_lab_nublado_s3_20260903_234043.mat,92.950848961637,6.70691975389364,91.4608336454278,47.2910430170854,722.729586557346,66.9383917726261,19.7294411255836,20.7858049028059,25.4801243424,4,0,55.8464914144014,9.08034790967841,65.8082661080311,0,24.0583492914836,6.20725015216258e-15,42.1546046920753,228.142166423919,159.622876032278,139.408725503208,101.646014818339,8.69516585670218,140.641834385833,6.74746677991234,-6.61803255133336,1.9789108081047,1,67.4746677991234,140.641834385833,-44.4034754622078,137.354324423845,0,0,137.354324423845,16.0128675758634,9.39483502453005,46.9364277448525,328.554994213967,75.1586801962404,107.939045123926,76.7474667799123
A_umbral8,E2_lab_nublado,11-02-2025,4,A_umbral8_E2_lab_nublado_s4_20260903_234056.mat,76.1373402957606,6.4073718835539,92.7372107371772,47.8734817229935,635.152345293614,56.9328916723285,15.7592952720668,17.802601136639,32.8401602592,4,0,45.6735403684237,-0.839154689814364,70.3221027534403,0.0416661844191618,24.0583492914836,5.23009522613691e-15,46.7702920105091,223.210526777164,79.5748313047312,114.067885977026,83.6208861728508,7.48354587709023,131.654849096393,14.1072251512341,-15.0707356034016,0.20999173581074,1,141.072251512341,131.654849096393,-103.850323441122,179.987663736882,0.2800013664,2.2400109312,182.227674668082,16.0128675758634,0.942131972461781,4.70687448327809,32.9481213829466,7.53705577969424,110.731240352021,84.1072251512341
A_umbral8,E2_lab_nublado,11-02-2025,5,A_umbral8_E2_lab_nublado_s5_20260903_234109.mat,-4.2566652895587,5.90746119049865,91.2289719885762,94.4233237609769,32.6283598267746,68.7559516817468,3.69583333333352,8.54865962323341,27.900136152,3,0,46.0029965821144,-5.4575008964909,61.3638731033206,0.489577666925151,24.0583492914836,3.23933423218878e-15,33.8584044166155,225.693842318504,63.0091364186744,50.5008749550342,4.7111714805813,8.96783677014,144.388853917056,15.9627294231388,-15.5902781206953,-3.53366779106369,1,159.627294231388,144.388853917056,-103.978663104407,99.7219978148478,3.3600163968,26.8801311744,126.602128989248,16.0128675758634,0.422589455168125,2.11124935950937,14.7787455165656,3.380715641345,124.12059980989,85.9627294231387
A_umbral8,E2_lab_nublado,11-02-2025,6,A_umbral8_E2_lab_nublado_s6_20260903_234122.mat,73.8986900773178,7.15645589269753,91.1073520037596,54.9099007568065,517.821120188181,69.7093288444571,9.69712164185828,17.5202636077536,27.4801341024,5,0,47.5228522919503,1.31282448615875,64.4888369347577,0,24.0583492914836,4.91619399311537e-15,48.0272219071539,205.063263903021,121.467272599569,125.382993737323,83.3515482710468,9.45285819372899,160.965910854999,8.23177835562792,-10.7616396504089,0.91889342132285,1,82.3177835562792,160.965910854999,-74.1677958945405,148.066485971858,0,0,148.066485971858,16.0128675758634,5.25122792545445,26.2350407911685,183.64528553818,42.0098234036356,125.926494608201,78.2317783556279
A_umbral8,E2_lab_nublado,11-02-2025,7,A_umbral8_E2_lab_nublado_s7_20260903_234135.mat,79.1752797035964,7.01662317306776,91.3851310708554,50.4484759037027,589.062269275226,67.5318230731196,21.8403759784874,18.0517482319131,23.0201123376,6,0,71.5854917912193,40.2953251390188,36.5713359799076,0,24.0583492914836,5.57693985521111e-15,45.5064177497946,234.140010563491,117.498513697593,126.662314958426,88.0959345361995,8.92065483260315,149.552838691556,11.4684269055485,-7.94732125864506,3.03739029126366,1,114.684269055485,149.552838691556,-48.142347877698,127.317627581294,0,0,127.317627581294,16.0128675758634,8.06554631721834,40.2953251390188,282.067275973131,64.5243705377467,121.838345074603,81.4684269055485
A_umbral8,E2_lab_nublado,11-02-2025,8,A_umbral8_E2_lab_nublado_s8_20260903_234148.mat,69.1970893914796,6.26714764843293,91.0248978245581,51.8279707544366,618.598199656823,70.3556858682579,22.9812910021728,17.8757538235677,16.3600798368,3,0,64.502628727066,38.2225372459657,52.576937766924,0,24.0583492914836,5.59405578274161e-15,37.7761831460284,289.947150604748,241.95014868833,112.029988539338,78.7502221727364,9.55313278125688,127.304318403164,4.7228799841405,-0.232864663361017,1.73072164061614,1,47.228799841405,127.304318403164,3.54826984864046,65.6488195428391,0,0,65.6488195428391,16.0128675758634,15.7800029125024,78.8366123069074,551.856286148352,126.240023300019,95.1254530550246,74.7228799841405
A_umbral8,E2_lab_nublado,11-02-2025,9,A_umbral8_E2_lab_nublado_s9_20260903_234202.mat,118.829434510467,7.07607320189178,93.0035197121925,45.5578071038551,808.933982816817,54.8452997737828,13.9319723838825,24.9054005873789,26.6601301008,5,0,43.4705571953133,-7.37096661527602,74.2109466325621,0.557863913612111,24.0583492914836,6.03148791960657e-15,54.4588604298561,222.8085862411,170.680022946794,176.232437678732,125.822231662598,6.99279715213138,155.540791134115,5.13452664742812,-3.43779531314166,1.70370139608779,1,51.3452664742812,155.540791134115,-20.3147074735718,139.144141984039,3.84001873920007,30.7201499136006,169.86429189764,16.0128675758634,12.5750722627217,62.8248361045661,439.773852731963,100.600578101774,116.864837162282,75.1345266474281
A_umbral8,E2_lab_nublado,11-02-2025,10,A_umbral8_E2_lab_nublado_s10_20260903_234215.mat,85.2756732757638,6.92270174305241,93.2127745175181,48.0354566341714,627.500339535616,53.2049546209228,19.5545609648502,18.3196920193025,15.8200772016,4,0,69.0944224973267,26.0849946481149,32.1396743093251,0,24.0583492914836,5.2364662375505e-15,45.9508570502656,259.097850844269,108.458830256881,126.821763874209,92.3264684312316,7.05079515546785,147.133734620061,14.7878854754424,-0.19929531423578,2.66952500433778,1,147.878854754424,147.133734620061,17.9878088403342,67.2878644354296,0,0,67.2878644354296,16.0128675758634,15.8135722616276,79.0043241747097,553.030269222968,126.508578093021,124.751582405399,84.7878854754424
B,E2_lab_nublado,11-02-2025,1,B_E2_lab_nublado_s1_20260902_225341.mat,77.1872226938689,7.08516566711624,91.3636830699556,52.7645061075172,545.257110795717,67.6999536174088,21.0703196613481,18.1162742698831,15.600076128,5,0,68.4839860124461,32.127712599186,53.4160484253654,0,24.0583492914836,5.17877876936821e-15,42.7506626080717,225.392136070144,118.274233387688,128.356804473037,85.8468827416856,8.65966004781675,157.442940297295,10.5362069422241,-0.199267146331165,2.6858904102377,1,105.362069422241,157.442940297295,13.3355254344315,63.8516972594374,0,0,63.8516972594374,16.0128675758634,15.8136004295322,79.0044649010573,553.031254307401,126.508803436258,126.798572213752,80.5362069422241
B,E2_lab_nublado,11-02-2025,2,B_E2_lab_nublado_s2_20260902_225356.mat,29.6285087820929,6.52549736452899,92.0388646619016,67.0287293437076,268.197186967204,62.407215656501,13.3790477326398,11.6099372212193,13.4100654408,4,0,67.5969593564246,42.2792903464403,50.3096028981146,0,24.0583492914836,4.0259810269989e-15,31.8618997465307,243.950905042555,67.6894011531566,75.7606147394137,38.0484550193278,8.41994623723485,141.867464940937,17.2828172302885,-3.70186545681061,1.93279902316682,1,172.828172302885,141.867464940937,-7.54809844699769,37.1766072290906,0,0,37.1766072290906,16.0128675758634,12.3110021190528,61.5055463900019,430.538824730013,98.4880169524223,123.825920133642,87.2828172302885
B,E2_lab_nublado,11-02-2025,3,B_E2_lab_nublado_s3_20260902_225411.mat,97.9528122395344,6.71247298704316,92.3432441763313,46.6821685338954,748.759639568387,60.0211893936981,20.8939596775228,21.4441356040968,25.4801243424,3,0,56.4373010623386,10.3012974294519,65.8082661080311,0,24.0583492914836,6.21814969948895e-15,44.3629124662909,227.927257952543,159.622876088242,143.94318097299,105.734782170909,7.78196993137476,141.213249998169,6.72659388245853,-6.0031597058446,2.01462825999564,1,67.2659388245853,141.213249998169,-39.4763199947188,137.429132234253,0,0,137.429132234253,16.0128675758634,10.0097078700188,50.0083214831886,350.05825038232,80.0776629601504,108.348116834316,76.7265938824585
B,E2_lab_nublado,11-02-2025,4,B_E2_lab_nublado_s4_20260902_225426.mat,65.4348672456769,6.33371688359886,91.1848842369307,50.0542586730571,573.650291536008,69.1015548787656,15.5135340914961,16.3447628450547,32.8401602592,4,0,45.5453236679962,-1.44144978269789,70.3221027534403,0.0706010347102464,24.0583492914836,5.2181807529147e-15,38.7067279313897,219.475051859859,79.5748317681231,103.523100390142,74.9311758632988,9.49630861762192,130.621699263262,13.7428831485527,-15.2466207437518,-1.05482097806653,1,137.428831485527,130.621699263262,-105.816897203251,171.251764448928,0.4800023424,3.8400187392,175.091783188128,16.0128675758634,0.766246832111557,3.82815546800145,26.7970882760101,6.12997465689245,109.386376980687,83.7428831485527
B,E2_lab_nublado,11-02-2025,5,B_E2_lab_nublado_s5_20260902_225440.mat,-3.54416626679565,5.86394990821343,91.687383289374,94.1998299101375,34.2378262578781,65.1624726497594,3.83333333333387,8.64568871949005,27.900136152,3,0,46.0970160571234,-5.395337441277,61.3638731033206,0.467587180703927,24.0583492914836,3.25035800597437e-15,33.3121144431199,225.692890684943,63.0091364185655,50.6978855730955,4.90162908901076,8.4457953558064,143.164144011126,15.9627621301208,-15.5778354309903,-3.45022207465696,1,159.627621301208,143.164144011126,-104.055026860215,100.510860593419,3.22001571359985,25.7601257087988,126.270986302218,16.0128675758634,0.435032144873104,2.17341281472327,15.2138897030629,3.48025715898483,123.067852571907,85.9627621301208
B,E2_lab_nublado,11-02-2025,6,B_E2_lab_nublado_s6_20260902_225455.mat,74.2328641269039,7.13433507488906,91.5887562107352,55.1568218368134,515.884216794881,65.9356087798202,9.80231924153639,17.5545178353236,27.4801341024,5,0,47.5786299516651,1.3462763739193,64.4888369347577,0,24.0583492914836,4.94105297098577e-15,47.4138030809829,204.895821740231,121.46727279871,125.239812315315,83.1397513149979,8.90688718809402,161.159711052092,8.21534217279695,-10.7307795825826,0.921884844102662,1,82.1534217279695,161.159711052092,-73.9303971238025,148.163261250706,0,0,148.163261250706,16.0128675758634,5.28208799328082,26.3892171380604,184.724519966423,42.2567039462466,126.051619444084,78.2153421727969
B,E2_lab_nublado,11-02-2025,7,B_E2_lab_nublado_s7_20260902_225510.mat,78.4741956607753,6.94772621181085,91.9560644739908,50.8117380003791,584.891150212681,63.0562850371739,21.9865456811127,18.0554884877106,23.0201123376,7,0,71.9422914237065,40.29502916377,36.0921748590873,0,24.0583492914836,5.41667143230338e-15,45.2216988229303,234.144978151629,117.498513693661,125.444590633116,86.7615683982829,8.28737273750762,148.337974282453,11.46904610699,-7.94738050130088,3.04114597733258,1,114.6904610699,148.337974282453,-48.2673884122405,126.741584073016,0,0,126.741584073016,16.0128675758634,8.06548707456253,40.29502916377,282.06520414639,64.5238965965002,120.849532662346,81.46904610699
B,E2_lab_nublado,11-02-2025,8,B_E2_lab_nublado_s8_20260902_225525.mat,69.107561465374,6.24249372298704,91.0280189545238,51.9126437641135,617.881445596928,70.3312193791712,22.9776915609143,17.8791999551741,16.3600798368,3,0,64.5328265646964,38.2220320433649,52.5202254603535,0,24.0583492914836,5.58543670584547e-15,36.3329128135091,288.484248065568,241.950150574477,111.610793492205,78.6635854821837,9.55602401680973,127.311778080968,4.5789869721944,-0.229594687960299,1.73085699477004,1,45.789869721944,127.311778080968,3.40987325547452,65.6976882098995,0,0,65.6976882098995,16.0128675758634,15.7832728879031,78.852949045522,551.970643318654,126.266183103225,94.9478343890741,74.5789869721944
B,E2_lab_nublado,11-02-2025,9,B_E2_lab_nublado_s9_20260902_225540.mat,-2.20970189728093,5.56706205266358,91.2343380800461,91.3298751672367,63.1848024837015,68.7138869744687,2.275,9.91544437577408,26.6601301008,2,0,36.9171010774183,-7.34843610061445,74.2109466325621,0.557863913612111,24.0583492914836,2.82590775155715e-15,28.1084709667712,220.284757718513,170.680025249959,55.1998941196684,7.03156201718635,9.24126391446728,111.285653207512,4.88631119493343,-15.2765384317304,-1.2712689280024,1,48.8631119493343,111.285653207512,-117.318320455913,115.108618558632,3.84001873920007,30.7201499136006,145.828768472233,16.0128675758634,0.736329144132985,3.67868723397362,25.7508106378153,5.89063315306388,83.3377205762919,74.8863111949334
B,E2_lab_nublado,11-02-2025,10,B_E2_lab_nublado_s10_20260902_225554.mat,84.9117340391491,6.89507919834955,93.3002152025265,48.2579964868213,625.354483084432,52.5195084559321,19.5761936397294,18.3295850348244,15.8200772016,5,0,69.1213566755747,26.2344316237775,32.1072672769991,0,24.0583492914836,5.21410685188035e-15,44.5099015057696,256.591029897567,108.458831007699,126.383940487997,91.7493370503381,6.83760301118902,146.71572609155,14.5438456871594,-0.199058986240951,2.67906555786437,1,145.438456871594,146.71572609155,17.6118260314677,67.2999080076814,0,0,67.2999080076814,16.0128675758634,15.8138085896225,79.0055048651448,553.038534056014,126.51046871698,124.039117065635,84.5438456871593
B_oraculo,E2_lab_nublado,11-02-2025,1,B_oraculo_E2_lab_nublado_s1_20260903_003115.mat,67.0418153833245,6.3034795074222,84.0507479463891,41.7842892984998,673.056370977442,125.025937909422,23.8157359348028,18.1921702922409,15.600076128,4,0,77.5249657273366,55.9420077591455,19.0715385238597,0,2.81016031659457e-06,1.02549489010957e-15,47.2459809492946,293.502125039812,117.715405599123,114.673972632676,82.2763788051741,15.2345634218496,122.242924000094,17.1593473923834,-0.199383675350125,2.7610084534182,1,171.593473923834,122.242924000094,17.2834097898039,49.7584055935206,0,0,49.7584055935206,16.0128675758634,15.8134839005133,79.0038827241628,553.02717906914,126.507871204106,106.546134791849,87.1593473923834
B_oraculo,E2_lab_nublado,11-02-2025,2,B_oraculo_E2_lab_nublado_s2_20260903_003129.mat,50.4777444780656,6.16745463416261,86.3736317063339,44.5916044183809,556.79018384485,106.816888371207,19.5515415487204,15.4692351458173,13.4100654408,6,0,79.5900409740635,60.7446639203033,14.1294660941424,0,2.81016031659457e-06,1.02214419336439e-15,45.433501927061,294.866063566752,65.8784768825175,95.4058059870219,63.7094199768971,13.2316754988315,114.422670918799,22.3093798251229,-0.994081842596112,3.03893301573408,1,223.093798251229,114.422670918799,15.0216346944239,35.4561097836416,0,0,35.4561097836416,16.0128675758634,15.0187857332673,75.0335848947155,525.235094263008,120.150285866138,105.622857904485,92.3093798251229
B_oraculo,E2_lab_nublado,11-02-2025,3,B_oraculo_E2_lab_nublado_s3_20260903_003143.mat,139.383687415919,6.61117950161153,87.5269547232601,31.043281478157,1161.93415825672,97.7760072427988,36.5932134728782,26.8597206492845,25.4801243424,5,0,71.2060151929524,36.0360568700419,39.7310216316941,0,2.81016031659457e-06,1.3257342418287e-15,56.7227231166306,319.435079410203,156.397995890517,177.574434575561,151.452409713033,12.0687222971143,130.345087659926,15.9117020267775,-0.891938802722096,2.25532392590089,1,159.117020267775,130.345087659926,11.5305993377136,127.853088078205,0,0,127.853088078205,16.0128675758634,15.1209287731413,75.5438896949774,528.807227864841,120.96743018513,111.981683316937,85.9117020267775
B_oraculo,E2_lab_nublado,11-02-2025,4,B_oraculo_E2_lab_nublado_s4_20260903_003157.mat,122.598390571889,6.53632800375932,87.3828382573131,29.9644234163699,1065.1119161848,98.9057339699613,27.0054548087002,23.7069789853486,32.8401602592,5,0,57.6446436741366,16.2540256508249,59.2794064883508,0,2.81016031659457e-06,1.2372923709788e-15,56.1012025323781,306.734277684333,77.4451734027171,154.956590626468,135.111429011514,12.5130384396249,126.851861253679,22.335238945042,-11.3283211656492,2.30253667572589,1,223.35238945042,126.851861253679,-65.1271696396757,187.725560211565,0,0,187.725560211565,16.0128675758634,4.68454641021417,23.403910076795,163.827370537565,37.4763712817134,117.128969194818,92.335238945042
B_oraculo,E2_lab_nublado,11-02-2025,5,B_oraculo_E2_lab_nublado_s5_20260903_003210.mat,79.9764792476373,6.6640017483796,86.1418779007854,39.4142281921065,706.879334619155,108.633602835646,22.7714993292824,19.9451495924351,27.900136152,3,0,61.9080585132957,22.0321027107778,51.8072707491811,0,2.81016031659457e-06,1.13786519934678e-15,55.2458883577736,278.411802122016,63.0091176901455,132.91451175568,93.6875681330519,13.7110888854146,132.536861023852,21.0023891263021,-10.1282738098025,2.26682365605376,1,210.023891263021,132.536861023852,-55.9738739192061,135.950353166843,0,0,135.950353166843,16.0128675758634,5.88459376606089,29.3993252023436,205.795276416405,47.0767501284871,120.611710004712,91.0023891263021
B_oraculo,E2_lab_nublado,11-02-2025,6,B_oraculo_E2_lab_nublado_s6_20260903_003224.mat,132.025478402661,6.97473423168081,88.5829579088829,35.0859240484926,1032.94140349796,89.4980147529922,33.4727990680713,26.0561033538683,27.4801341024,7,0,66.5314580979878,33.3427740709961,56.6914734783162,0,2.81016031659457e-06,1.31827005960614e-15,67.6334764643928,257.564949694289,121.4672215366,181.734396006439,143.437420542651,11.4119421399906,138.863075927554,13.3041416387521,-2.925538097711,1.51828147887595,1,133.041416387521,138.863075927554,-6.77721850689135,138.802696909552,0,0,138.802696909552,16.0128675758634,13.0873294781524,65.3840639905335,457.688447933735,104.698635825219,115.678693454617,83.304141638752
B_oraculo,E2_lab_nublado,11-02-2025,7,B_oraculo_E2_lab_nublado_s7_20260903_003237.mat,62.1459096068679,6.36237482954412,74.2648933770864,36.4810123599926,718.750776070344,201.737099138782,23.5682146420592,16.9145749364504,23.0201123376,5,0,77.5195250373873,40.2952962455597,20.9661925209199,0,2.81016031659457e-06,1.20010095967792e-15,42.1059941435863,286.857942332681,117.498457605497,107.61686582811,86.1959697330029,24.050060126135,119.924697965915,16.536174240184,-7.94732704198423,1.91359119248668,1,165.36174240184,119.924697965915,-45.7307550244815,107.876664631349,0,0,107.876664631349,16.0128675758634,8.06554053387917,40.2952962455597,282.067073718918,64.5243242710334,103.778245588799,86.536174240184
B_oraculo,E2_lab_nublado,11-02-2025,8,B_oraculo_E2_lab_nublado_s8_20260903_003251.mat,81.4693823457925,6.323280795948,84.9099322720567,40.5691806290171,790.172947415316,118.290805390818,24.3585175647588,18.9179333586229,16.3600798368,5,0,75.1318701364659,51.7606211256108,29.16401430539,0,2.81016031659457e-06,1.15658449755712e-15,47.3605629564473,366.475831688047,240.262898679338,119.623404705604,96.3117261064682,14.8423437606757,121.886893776239,12.3040038409239,-0.199673047119676,2.727458835524,1,123.040038409239,121.886893776239,11.8998869056727,69.5694954401198,0,0,69.5694954401198,16.0128675758634,15.8131945287437,79.0024370279779,553.017059195845,126.50555622995,100.317793735178,82.3040038409238
B_oraculo,E2_lab_nublado,11-02-2025,9,B_oraculo_E2_lab_nublado_s9_20260903_003305.mat,148.441405804694,6.92609678148186,86.0327178835278,32.9698115432802,1155.06193241908,109.489306507139,33.5589477673158,29.3880705988244,26.6601301008,5,0,62.7382848023354,18.6532446143071,63.6265783960834,0,2.81016031659457e-06,1.25718445980501e-15,66.0513188504763,276.848338761791,170.573879574815,203.54462118848,161.461935222412,13.0205294177181,139.786387803689,10.3802523794583,-0.199667853832233,2.89554248263225,1,103.802523794583,139.786387803689,11.4618190308782,136.979586773815,0,0,136.979586773815,16.0128675758634,15.8131997220312,79.0024629735491,553.017240814844,126.505597776249,112.360651308733,80.3802523794583
B_oraculo,E2_lab_nublado,11-02-2025,10,B_oraculo_E2_lab_nublado_s10_20260903_003318.mat,81.9220988046508,6.14590736162268,77.0802471214023,30.6772299661861,882.187051555976,179.667585079645,24.998094541915,19.5608700010277,15.8200772016,4,0,78.4165890913154,48.1086809121569,17.7405354104698,0,2.81016031659457e-06,1.12908345905493e-15,47.6394949132533,321.735530324552,107.896679320021,120.219294939061,103.407370743137,21.4852719384861,117.217057947915,20.8389542277547,0.668386167453864,3.02843557259698,1,208.389542277547,117.217057947915,27.3312174872289,54.5908813174219,0,0,54.5908813174219,16.0128675758634,16.6812537433173,83.339245337725,583.374717364075,133.450029946538,106.478749616427,90.8389542277547
B_prima2,E2_lab_nublado,11-02-2025,1,B_prima2_E2_lab_nublado_s1_20260903_102005.mat,77.1872226938689,7.08516566711624,91.3636830699556,52.7645061075172,545.257110795717,67.6999536174088,21.0703196613481,18.1162742698831,15.600076128,5,0,68.4839860124461,32.127712599186,53.4160484253654,0,24.0583492914836,5.17877876936821e-15,42.7506626080717,225.392136070144,118.274233387688,128.356804473037,85.8468827416856,8.65966004781675,157.442940297295,10.5362069422241,-0.199267146331165,2.6858904102377,1,105.362069422241,157.442940297295,13.3355254344315,63.8516972594374,0,0,63.8516972594374,16.0128675758634,15.8136004295322,79.0044649010573,553.031254307401,126.508803436258,126.798572213752,80.5362069422241
B_prima2,E2_lab_nublado,11-02-2025,2,B_prima2_E2_lab_nublado_s2_20260903_102018.mat,29.6285087820929,6.52549736452899,92.0388646619016,67.0287293437076,268.197186967204,62.407215656501,13.3790477326398,11.6099372212193,13.4100654408,4,0,67.5969593564246,42.2792903464403,50.3096028981146,0,24.0583492914836,4.0259810269989e-15,31.8618997465307,243.950905042555,67.6894011531566,75.7606147394137,38.0484550193278,8.41994623723485,141.867464940937,17.2828172302885,-3.70186545681061,1.93279902316682,1,172.828172302885,141.867464940937,-7.54809844699769,37.1766072290906,0,0,37.1766072290906,16.0128675758634,12.3110021190528,61.5055463900019,430.538824730013,98.4880169524223,123.825920133642,87.2828172302885
B_prima2,E2_lab_nublado,11-02-2025,3,B_prima2_E2_lab_nublado_s3_20260903_102030.mat,97.9528122395344,6.71247298704316,92.3432441763313,46.6821685338954,748.759639568387,60.0211893936981,20.8939596775228,21.4441356040968,25.4801243424,3,0,56.4373010623386,10.3012974294519,65.8082661080311,0,24.0583492914836,6.21814969948895e-15,44.3629124662909,227.927257952543,159.622876088242,143.94318097299,105.734782170909,7.78196993137476,141.213249998169,6.72659388245853,-6.0031597058446,2.01462825999564,1,67.2659388245853,141.213249998169,-39.4763199947188,137.429132234253,0,0,137.429132234253,16.0128675758634,10.0097078700188,50.0083214831886,350.05825038232,80.0776629601504,108.348116834316,76.7265938824585
B_prima2,E2_lab_nublado,11-02-2025,4,B_prima2_E2_lab_nublado_s4_20260903_102043.mat,65.4348672456769,6.33371688359886,91.1848842369307,50.0542586730571,573.650291536008,69.1015548787656,15.5135340914961,16.3447628450547,32.8401602592,4,0,45.5453236679962,-1.44144978269789,70.3221027534403,0.0706010347102464,24.0583492914836,5.2181807529147e-15,38.7067279313897,219.475051859859,79.5748317681231,103.523100390142,74.9311758632988,9.49630861762192,130.621699263262,13.7428831485527,-15.2466207437518,-1.05482097806653,1,137.428831485527,130.621699263262,-105.816897203251,171.251764448928,0.4800023424,3.8400187392,175.091783188128,16.0128675758634,0.766246832111557,3.82815546800145,26.7970882760101,6.12997465689245,109.386376980687,83.7428831485527
B_prima2,E2_lab_nublado,11-02-2025,5,B_prima2_E2_lab_nublado_s5_20260903_102056.mat,-3.54416626679565,5.86394990821343,91.687383289374,94.1998299101375,34.2378262578781,65.1624726497594,3.83333333333387,8.64568871949005,27.900136152,3,0,46.0970160571234,-5.395337441277,61.3638731033206,0.467587180703927,24.0583492914836,3.25035800597437e-15,33.3121144431199,225.692890684943,63.0091364185655,50.6978855730955,4.90162908901076,8.4457953558064,143.164144011126,15.9627621301208,-15.5778354309903,-3.45022207465696,1,159.627621301208,143.164144011126,-104.055026860215,100.510860593419,3.22001571359985,25.7601257087988,126.270986302218,16.0128675758634,0.435032144873104,2.17341281472327,15.2138897030629,3.48025715898483,123.067852571907,85.9627621301208
B_prima2,E2_lab_nublado,11-02-2025,6,B_prima2_E2_lab_nublado_s6_20260903_102109.mat,74.2328641269039,7.13433507488906,91.5887562107352,55.1568218368134,515.884216794881,65.9356087798202,9.80231924153639,17.5545178353236,27.4801341024,5,0,47.5786299516651,1.3462763739193,64.4888369347577,0,24.0583492914836,4.94105297098577e-15,47.4138030809829,204.895821740231,121.46727279871,125.239812315315,83.1397513149979,8.90688718809402,161.159711052092,8.21534217279695,-10.7307795825826,0.921884844102662,1,82.1534217279695,161.159711052092,-73.9303971238025,148.163261250706,0,0,148.163261250706,16.0128675758634,5.28208799328082,26.3892171380604,184.724519966423,42.2567039462466,126.051619444084,78.2153421727969
B_prima2,E2_lab_nublado,11-02-2025,7,B_prima2_E2_lab_nublado_s7_20260903_102122.mat,78.4741956607753,6.94772621181085,91.9560644739908,50.8117380003791,584.891150212681,63.0562850371739,21.9865456811127,18.0554884877106,23.0201123376,7,0,71.9422914237065,40.29502916377,36.0921748590873,0,24.0583492914836,5.41667143230338e-15,45.2216988229303,234.144978151629,117.498513693661,125.444590633116,86.7615683982829,8.28737273750762,148.337974282453,11.46904610699,-7.94738050130088,3.04114597733258,1,114.6904610699,148.337974282453,-48.2673884122405,126.741584073016,0,0,126.741584073016,16.0128675758634,8.06548707456253,40.29502916377,282.06520414639,64.5238965965002,120.849532662346,81.46904610699
B_prima2,E2_lab_nublado,11-02-2025,8,B_prima2_E2_lab_nublado_s8_20260903_102134.mat,69.107561465374,6.24249372298704,91.0280189545238,51.9126437641135,617.881445596928,70.3312193791712,22.9776915609143,17.8791999551741,16.3600798368,3,0,64.5328265646964,38.2220320433649,52.5202254603535,0,24.0583492914836,5.58543670584547e-15,36.3329128135091,288.484248065568,241.950150574477,111.610793492205,78.6635854821837,9.55602401680973,127.311778080968,4.5789869721944,-0.229594687960299,1.73085699477004,1,45.789869721944,127.311778080968,3.40987325547452,65.6976882098995,0,0,65.6976882098995,16.0128675758634,15.7832728879031,78.852949045522,551.970643318654,126.266183103225,94.9478343890741,74.5789869721944
B_prima2,E2_lab_nublado,11-02-2025,9,B_prima2_E2_lab_nublado_s9_20260903_102147.mat,-2.20970189728093,5.56706205266358,91.2343380800461,91.3298751672367,63.1848024837015,68.7138869744687,2.275,9.91544437577408,26.6601301008,2,0,36.9171010774183,-7.34843610061445,74.2109466325621,0.557863913612111,24.0583492914836,2.82590775155715e-15,28.1084709667712,220.284757718513,170.680025249959,55.1998941196684,7.03156201718635,9.24126391446728,111.285653207512,4.88631119493343,-15.2765384317304,-1.2712689280024,1,48.8631119493343,111.285653207512,-117.318320455913,115.108618558632,3.84001873920007,30.7201499136006,145.828768472233,16.0128675758634,0.736329144132985,3.67868723397362,25.7508106378153,5.89063315306388,83.3377205762919,74.8863111949334
B_prima2,E2_lab_nublado,11-02-2025,10,B_prima2_E2_lab_nublado_s10_20260903_102200.mat,84.9117340391491,6.89507919834955,93.3002152025265,48.2579964868213,625.354483084432,52.5195084559321,19.5761936397294,18.3295850348244,15.8200772016,5,0,69.1213566755747,26.2344316237775,32.1072672769991,0,24.0583492914836,5.21410685188035e-15,44.5099015057696,256.591029897567,108.458831007699,126.383940487997,91.7493370503381,6.83760301118902,146.71572609155,14.5438456871594,-0.199058986240951,2.67906555786437,1,145.438456871594,146.71572609155,17.6118260314677,67.2999080076814,0,0,67.2999080076814,16.0128675758634,15.8138085896225,79.0055048651448,553.038534056014,126.51046871698,124.039117065635,84.5438456871593
B_prima2_8,E2_lab_nublado,11-02-2025,1,B_prima2_8_E2_lab_nublado_s1_20260904_182636.mat,77.1872226938689,7.08516566711624,91.3636830699556,52.7645061075172,545.257110795717,67.6999536174088,21.0703196613481,18.1162742698831,15.600076128,5,0,68.4839860124461,32.127712599186,53.4160484253654,0,24.0583492914836,5.17877876936821e-15,42.7506626080717,225.392136070144,118.274233387688,128.356804473037,85.8468827416856,8.65966004781675,157.442940297295,10.5362069422241,-0.199267146331165,2.6858904102377,1,105.362069422241,157.442940297295,13.3355254344315,63.8516972594374,0,0,63.8516972594374,16.0128675758634,15.8136004295322,79.0044649010573,553.031254307401,126.508803436258,126.798572213752,80.5362069422241
B_prima2_8,E2_lab_nublado,11-02-2025,2,B_prima2_8_E2_lab_nublado_s2_20260904_182651.mat,29.6285087820929,6.52549736452899,92.0388646619016,67.0287293437076,268.197186967204,62.407215656501,13.3790477326398,11.6099372212193,13.4100654408,4,0,67.5969593564246,42.2792903464403,50.3096028981146,0,24.0583492914836,4.0259810269989e-15,31.8618997465307,243.950905042555,67.6894011531566,75.7606147394137,38.0484550193278,8.41994623723485,141.867464940937,17.2828172302885,-3.70186545681061,1.93279902316682,1,172.828172302885,141.867464940937,-7.54809844699769,37.1766072290906,0,0,37.1766072290906,16.0128675758634,12.3110021190528,61.5055463900019,430.538824730013,98.4880169524223,123.825920133642,87.2828172302885
B_prima2_8,E2_lab_nublado,11-02-2025,3,B_prima2_8_E2_lab_nublado_s3_20260904_182707.mat,97.9528122395344,6.71247298704316,92.3432441763313,46.6821685338954,748.759639568387,60.0211893936981,20.8939596775228,21.4441356040968,25.4801243424,3,0,56.4373010623386,10.3012974294519,65.8082661080311,0,24.0583492914836,6.21814969948895e-15,44.3629124662909,227.927257952543,159.622876088242,143.94318097299,105.734782170909,7.78196993137476,141.213249998169,6.72659388245853,-6.0031597058446,2.01462825999564,1,67.2659388245853,141.213249998169,-39.4763199947188,137.429132234253,0,0,137.429132234253,16.0128675758634,10.0097078700188,50.0083214831886,350.05825038232,80.0776629601504,108.348116834316,76.7265938824585
B_prima2_8,E2_lab_nublado,11-02-2025,4,B_prima2_8_E2_lab_nublado_s4_20260904_182722.mat,65.4348672456769,6.33371688359886,91.1848842369307,50.0542586730571,573.650291536008,69.1015548787656,15.5135340914961,16.3447628450547,32.8401602592,4,0,45.5453236679962,-1.44144978269789,70.3221027534403,0.0706010347102464,24.0583492914836,5.2181807529147e-15,38.7067279313897,219.475051859859,79.5748317681231,103.523100390142,74.9311758632988,9.49630861762192,130.621699263262,13.7428831485527,-15.2466207437518,-1.05482097806653,1,137.428831485527,130.621699263262,-105.816897203251,171.251764448928,0.4800023424,3.8400187392,175.091783188128,16.0128675758634,0.766246832111557,3.82815546800145,26.7970882760101,6.12997465689245,109.386376980687,83.7428831485527
B_prima2_8,E2_lab_nublado,11-02-2025,5,B_prima2_8_E2_lab_nublado_s5_20260904_182738.mat,-3.54416626679565,5.86394990821343,91.687383289374,94.1998299101375,34.2378262578781,65.1624726497594,3.83333333333387,8.64568871949005,27.900136152,3,0,46.0970160571234,-5.395337441277,61.3638731033206,0.467587180703927,24.0583492914836,3.25035800597437e-15,33.3121144431199,225.692890684943,63.0091364185655,50.6978855730955,4.90162908901076,8.4457953558064,143.164144011126,15.9627621301208,-15.5778354309903,-3.45022207465696,1,159.627621301208,143.164144011126,-104.055026860215,100.510860593419,3.2200157136,25.7601257088,126.270986302219,16.0128675758634,0.435032144873104,2.17341281472327,15.2138897030629,3.48025715898483,123.067852571907,85.9627621301208
B_prima2_8,E2_lab_nublado,11-02-2025,6,B_prima2_8_E2_lab_nublado_s6_20260904_182753.mat,74.2328641269039,7.13433507488906,91.5887562107352,55.1568218368134,515.884216794881,65.9356087798202,9.80231924153639,17.5545178353236,27.4801341024,5,0,47.5786299516651,1.3462763739193,64.4888369347577,0,24.0583492914836,4.94105297098577e-15,47.4138030809829,204.895821740231,121.46727279871,125.239812315315,83.1397513149979,8.90688718809402,161.159711052092,8.21534217279695,-10.7307795825826,0.921884844102662,1,82.1534217279695,161.159711052092,-73.9303971238025,148.163261250706,0,0,148.163261250706,16.0128675758634,5.28208799328082,26.3892171380604,184.724519966423,42.2567039462466,126.051619444084,78.2153421727969
B_prima2_8,E2_lab_nublado,11-02-2025,7,B_prima2_8_E2_lab_nublado_s7_20260904_182809.mat,78.4741956607753,6.94772621181085,91.9560644739908,50.8117380003791,584.891150212681,63.0562850371739,21.9865456811127,18.0554884877106,23.0201123376,7,0,71.9422914237065,40.29502916377,36.0921748590873,0,24.0583492914836,5.41667143230338e-15,45.2216988229303,234.144978151629,117.498513693661,125.444590633116,86.7615683982829,8.28737273750762,148.337974282453,11.46904610699,-7.94738050130088,3.04114597733258,1,114.6904610699,148.337974282453,-48.2673884122405,126.741584073016,0,0,126.741584073016,16.0128675758634,8.06548707456253,40.29502916377,282.06520414639,64.5238965965002,120.849532662346,81.46904610699
B_prima2_8,E2_lab_nublado,11-02-2025,8,B_prima2_8_E2_lab_nublado_s8_20260904_182825.mat,69.107561465374,6.24249372298704,91.0280189545238,51.9126437641135,617.881445596928,70.3312193791712,22.9776915609143,17.8791999551741,16.3600798368,3,0,64.5328265646964,38.2220320433649,52.5202254603535,0,24.0583492914836,5.58543670584547e-15,36.3329128135091,288.484248065568,241.950150574477,111.610793492205,78.6635854821837,9.55602401680973,127.311778080968,4.5789869721944,-0.229594687960299,1.73085699477004,1,45.789869721944,127.311778080968,3.40987325547452,65.6976882098995,0,0,65.6976882098995,16.0128675758634,15.7832728879031,78.852949045522,551.970643318654,126.266183103225,94.9478343890741,74.5789869721944
B_prima2_8,E2_lab_nublado,11-02-2025,9,B_prima2_8_E2_lab_nublado_s9_20260904_182840.mat,118.680812258464,7.06160960089913,93.1746113548884,45.7576296434262,807.026969125693,53.5041150571191,14.0101920202483,24.9362989782092,26.6601301008,5,0,43.5225879421991,-7.34843610061445,74.2109466325621,0.557863913612111,24.0583492914836,6.05198772177951e-15,53.6776194719968,220.284757718513,170.680025249959,176.090408275413,125.485501864431,6.80468960596753,155.491088482927,4.88631119493343,-3.4086313636739,1.70507257246442,1,48.8631119493343,155.491088482927,-20.4310502920926,139.111862550556,3.8400187392,30.7201499136,169.832012464156,16.0128675758634,12.6042362121895,62.9705386744755,440.793770721328,100.833889697516,116.441540401714,74.8863111949334
B_prima2_8,E2_lab_nublado,11-02-2025,10,B_prima2_8_E2_lab_nublado_s10_20260904_182856.mat,84.9117340391491,6.89507919834955,93.3002152025265,48.2579964868213,625.354483084432,52.5195084559321,19.5761936397294,18.3295850348244,15.8200772016,5,0,69.1213566755747,26.2344316237775,32.1072672769991,0,24.0583492914836,5.21410685188035e-15,44.5099015057696,256.591029897567,108.458831007699,126.383940487997,91.7493370503381,6.83760301118902,146.71572609155,14.5438456871594,-0.199058986240951,2.67906555786437,1,145.438456871594,146.71572609155,17.6118260314677,67.2999080076814,0,0,67.2999080076814,16.0128675758634,15.8138085896225,79.0055048651448,553.038534056014,126.51046871698,124.039117065635,84.5438456871593
B_prima2_8_or,E2_lab_nublado,11-02-2025,1,B_prima2_8_or_E2_lab_nublado_s1_20260904_184031.mat,73.1889705365998,6.78891963818604,89.9912702597936,50.7901148439588,575.570931677146,78.458276215399,22.3371645268849,18.4753182568901,15.600076128,4,0,72.0228165329163,42.8368151659432,33.4938253029479,0,2.81016031659457e-06,4.58178563474736e-15,49.1163296721103,215.000236141873,103.613760316411,125.427450935938,82.8823612994306,9.69339076283087,144.000255638208,10.9568392715613,-0.19972654303432,3.04117219411039,1,109.568392715613,144.000255638208,12.6022765605497,60.5866939760501,0,0,60.5866939760501,16.0128675758634,15.8131410328291,79.0021697633452,553.015188343416,126.505128262633,116.578055507661,80.9568392715613
B_prima2_8_or,E2_lab_nublado,11-02-2025,2,B_prima2_8_or_E2_lab_nublado_s2_20260904_184046.mat,40.2980221870014,6.35147642566082,91.0965449805424,58.2065199475886,386.204029488598,69.7940449307789,16.0549606150869,13.8747171900555,13.4100654408,5,0,72.5114907971133,52.8132700784228,41.4717422252057,0,2.81016031659457e-06,3.70581092366486e-15,43.2066758486592,211.28175324864,35.0505516123064,88.1249391453487,49.4623061719727,9.16428398497129,128.072993535229,17.282809161119,-2.5719450089848,3.04102748289592,1,172.82809161119,128.072993535229,-0.654410118215193,40.9524323052166,0,0,40.9524323052166,16.0128675758634,13.4409225668786,67.1506087373804,470.054261161663,107.527380535029,111.785706534286,87.282809161119
B_prima2_8_or,E2_lab_nublado,11-02-2025,3,B_prima2_8_or_E2_lab_nublado_s3_20260904_184100.mat,105.896477637675,6.68174695000945,91.4937330697454,43.2562064768258,832.47109846302,66.6804936989002,24.7911461772882,22.6426379490945,25.4801243424,4,0,60.0452820144734,17.0098507060447,65.8082661080311,0,2.81016031659457e-06,4.85428504655575e-15,46.9716785685351,235.976621188743,153.357448281774,151.29237705653,114.145763474122,8.24928583644687,137.116788420485,8.13435422265572,-4.87791107082045,2.07379115664475,1,81.3435422265572,137.116788420485,-28.9850798245972,134.881557462273,0,0,134.881557462273,16.0128675758634,11.134956505043,55.6300435373709,389.410304761597,89.0796520403436,107.135317163191,78.1343542226557
B_prima2_8_or,E2_lab_nublado,11-02-2025,4,B_prima2_8_or_E2_lab_nublado_s4_20260904_184113.mat,86.3152738170346,6.53547225610847,91.5739162216619,44.7167756715154,719.804161379628,66.0519392225404,20.4959715533511,19.3516914065611,32.8401602592,5,0,49.2963661331217,5.11188765027824,67.8742144188146,0,2.81016031659457e-06,5.36988711116677e-15,44.6730940614113,215.195502243603,79.5748330460574,126.472442296353,95.00505695326,8.68978313622537,131.987368301909,13.3270294446487,-13.9796008560052,0.649729232343424,1,133.270294446487,131.987368301909,-96.0058109549104,182.321084771945,0,0,182.321084771945,16.0128675758634,2.03326671985821,10.1581641650394,71.1071491552759,16.2661337588657,109.981153248149,83.3270294446487
B_prima2_8_or,E2_lab_nublado,11-02-2025,5,B_prima2_8_or_E2_lab_nublado_s5_20260904_184127.mat,40.3036874821405,6.74642418276877,89.7436502803632,62.1120984555464,329.916255172285,80.399365369256,8.87361687508641,14.2199204835629,27.900136152,3,0,49.4375735367685,-1.04830956039434,61.3638731033206,0.0509253365123089,2.81016031659457e-06,3.39289432385585e-15,44.8004074026921,225.655059547152,63.0091364245365,95.9336154273579,50.6849225034974,10.381235021357,153.629661190926,15.9609698018877,-14.9071311223808,1.38776456758627,1,159.609698018877,153.629661190926,-97.1883435325629,137.492031014703,0.3400016592,2.7200132736,140.212044288303,16.0128675758634,1.10573645348261,5.52423954419913,38.6696768093939,8.84589162786087,132.061546663074,85.9609698018876
B_prima2_8_or,E2_lab_nublado,11-02-2025,6,B_prima2_8_or_E2_lab_nublado_s6_20260904_184141.mat,93.7974248493224,7.06975849271058,91.2701999120673,46.2754315244292,683.060972952217,68.4327666329924,17.1318479114612,19.8899184995373,27.4801341024,7,0,52.6570242290758,9.25363282772287,64.4888369347577,0,2.81016031659457e-06,3.30976538475032e-15,55.2574622978901,207.825178375307,80.7112074364496,140.616920231425,102.811942424066,9.0145175747439,150.516493395471,12.4955365092308,-8.61317937306811,1.11223033677148,1,124.955365092308,150.516493395471,-51.9783759383644,145.775800787687,0,0,145.775800787687,16.0128675758634,7.3996882027953,36.9687099090186,258.78096936313,59.1975056223624,124.169388761475,82.4955365092308
B_prima2_8_or,E2_lab_nublado,11-02-2025,7,B_prima2_8_or_E2_lab_nublado_s7_20260904_184155.mat,63.313301537082,6.69842908910661,91.2078734496048,53.1704751710027,523.712267885316,68.9213427994338,22.7858539296244,16.6126158026565,23.0201123376,5,0,73.7859095247569,40.2952057049813,32.1558778254881,0,2.81016031659457e-06,4.78239618652991e-15,40.9404983738614,237.850098965328,117.498513690111,111.278428938666,72.1026204523872,8.78931891530521,137.676019589017,11.8330122542707,-7.94734516466289,1.61519905407118,1,118.330122542707,137.676019589017,-48.9166630750587,112.229964612141,0,0,112.229964612141,16.0128675758634,8.06552241120052,40.2952057049813,282.066439934869,64.5241792896041,112.664433981472,81.8330122542707
B_prima2_8_or,E2_lab_nublado,11-02-2025,8,B_prima2_8_or_E2_lab_nublado_s8_20260904_184209.mat,79.1512804482747,6.32578704905921,89.4531312997593,45.2043459674226,705.443431169976,82.676739123737,22.7514451548847,17.9907809870446,16.3600798368,5,0,66.3638579124108,40.0081481421684,50.175345192764,0,2.81016031659457e-06,4.02493193984996e-15,40.8872582493258,272.363600194925,153.106099416178,113.805849370307,89.6134044784361,10.4621240301614,127.031311822994,11.7228910676108,-0.199436123077378,1.81096910224012,1,117.228910676108,127.031311822994,11.8070790914709,67.3442013568038,0,0,67.3442013568038,16.0128675758634,15.813431452786,79.0036206962556,553.025344873789,126.507451622288,103.813660582862,81.7228910676108
B_prima2_8_or,E2_lab_nublado,11-02-2025,9,B_prima2_8_or_E2_lab_nublado_s9_20260904_184223.mat,125.842129735429,6.98983126046102,90.3093444224832,41.0461720477301,909.52421655762,75.9648978186351,18.3837965931224,25.938030250358,26.6601301008,5,0,46.6273033166281,-2.69900933136904,74.2109466325621,0.202543952037592,2.81016031659457e-06,4.81699230517741e-15,52.7297137764609,227.632516923883,152.948567167023,181.302454678736,135.410178232815,9.56804849738585,148.880234047333,7.35533528892962,-2.46196443885503,1.74835981541942,1,73.5533528892962,148.880234047333,-9.84013915702817,135.682268892458,1.3800067344,11.0400538752,146.722322767658,16.0128675758634,13.5509031370084,67.7000696986166,473.900487890316,108.407225096067,115.166804226257,77.3553352889296
B_prima2_8_or,E2_lab_nublado,11-02-2025,10,B_prima2_8_or_E2_lab_nublado_s10_20260904_184237.mat,80.3259859074187,6.63328280800372,89.9146969931188,45.8019141414935,665.144365612238,79.0585328576935,21.4194332280772,18.6950803898111,15.8200772016,5,0,72.1624481549579,36.2094791489986,30.6651543384915,0,2.81016031659457e-06,4.91387126920203e-15,46.5341836321339,224.313454159065,81.5761505911825,124.009755343982,90.0103504648262,9.68436455740743,135.324532715504,14.0210075586354,-0.199753081576301,3.04095835701561,1,140.210075586354,135.324532715504,15.4784520120456,64.8475338953732,0,0,64.8475338953732,16.0128675758634,15.8131144942871,79.0020371772642,553.014260240849,126.504915954297,113.701035861582,84.0210075586354
B_prima2_oraculo,E2_lab_nublado,11-02-2025,1,B_prima2_oraculo_E2_lab_nublado_s1_20260903_160041.mat,73.1889705365998,6.78891963818604,89.9912702597936,50.7901148439588,575.570931677146,78.458276215399,22.3371645268849,18.4753182568901,15.600076128,4,0,72.0228165329163,42.8368151659432,33.4938253029479,0,2.81016031659457e-06,4.58178563474736e-15,49.1163296721103,215.000236141873,103.613760316411,125.427450935938,82.8823612994306,9.69339076283087,144.000255638208,10.9568392715613,-0.19972654303432,3.04117219411039,1,109.568392715613,144.000255638208,12.6022765605497,60.5866939760501,0,0,60.5866939760501,16.0128675758634,15.8131410328291,79.0021697633452,553.015188343416,126.505128262633,116.578055507661,80.9568392715613
B_prima2_oraculo,E2_lab_nublado,11-02-2025,2,B_prima2_oraculo_E2_lab_nublado_s2_20260903_160055.mat,40.2980221870014,6.35147642566082,91.0965449805424,58.2065199475886,386.204029488598,69.7940449307789,16.0549606150869,13.8747171900555,13.4100654408,5,0,72.5114907971133,52.8132700784228,41.4717422252057,0,2.81016031659457e-06,3.70581092366486e-15,43.2066758486592,211.28175324864,35.0505516123064,88.1249391453487,49.4623061719727,9.16428398497129,128.072993535229,17.282809161119,-2.5719450089848,3.04102748289592,1,172.82809161119,128.072993535229,-0.654410118215193,40.9524323052166,0,0,40.9524323052166,16.0128675758634,13.4409225668786,67.1506087373804,470.054261161663,107.527380535029,111.785706534286,87.282809161119
B_prima2_oraculo,E2_lab_nublado,11-02-2025,3,B_prima2_oraculo_E2_lab_nublado_s3_20260903_160109.mat,105.896477637675,6.68174695000945,91.4937330697454,43.2562064768258,832.47109846302,66.6804936989002,24.7911461772882,22.6426379490945,25.4801243424,4,0,60.0452820144734,17.0098507060447,65.8082661080311,0,2.81016031659457e-06,4.85428504655575e-15,46.9716785685351,235.976621188743,153.357448281774,151.29237705653,114.145763474122,8.24928583644687,137.116788420485,8.13435422265572,-4.87791107082045,2.07379115664475,1,81.3435422265572,137.116788420485,-28.9850798245972,134.881557462273,0,0,134.881557462273,16.0128675758634,11.134956505043,55.6300435373709,389.410304761597,89.0796520403436,107.135317163191,78.1343542226557
B_prima2_oraculo,E2_lab_nublado,11-02-2025,4,B_prima2_oraculo_E2_lab_nublado_s4_20260903_160124.mat,86.3152738170346,6.53547225610847,91.5739162216619,44.7167756715154,719.804161379628,66.0519392225404,20.4959715533511,19.3516914065611,32.8401602592,5,0,49.2963661331217,5.11188765027824,67.8742144188146,0,2.81016031659457e-06,5.36988711116677e-15,44.6730940614113,215.195502243603,79.5748330460574,126.472442296353,95.00505695326,8.68978313622537,131.987368301909,13.3270294446487,-13.9796008560052,0.649729232343424,1,133.270294446487,131.987368301909,-96.0058109549104,182.321084771945,0,0,182.321084771945,16.0128675758634,2.03326671985821,10.1581641650394,71.1071491552759,16.2661337588657,109.981153248149,83.3270294446487
B_prima2_oraculo,E2_lab_nublado,11-02-2025,5,B_prima2_oraculo_E2_lab_nublado_s5_20260903_160138.mat,40.3036874821405,6.74642418276877,89.7436502803632,62.1120984555464,329.916255172285,80.399365369256,8.87361687508641,14.2199204835629,27.900136152,3,0,49.4375735367685,-1.04830956039434,61.3638731033206,0.0509253365123089,2.81016031659457e-06,3.39289432385585e-15,44.8004074026921,225.655059547152,63.0091364245365,95.9336154273579,50.6849225034974,10.381235021357,153.629661190926,15.9609698018877,-14.9071311223808,1.38776456758627,1,159.609698018877,153.629661190926,-97.1883435325629,137.492031014703,0.340001659199854,2.72001327359884,140.212044288302,16.0128675758634,1.10573645348261,5.52423954419913,38.6696768093939,8.84589162786087,132.061546663074,85.9609698018876
B_prima2_oraculo,E2_lab_nublado,11-02-2025,6,B_prima2_oraculo_E2_lab_nublado_s6_20260903_160151.mat,93.7974248493224,7.06975849271058,91.2701999120673,46.2754315244292,683.060972952217,68.4327666329924,17.1318479114612,19.8899184995373,27.4801341024,7,0,52.6570242290758,9.25363282772287,64.4888369347577,0,2.81016031659457e-06,3.30976538475032e-15,55.2574622978901,207.825178375307,80.7112074364496,140.616920231425,102.811942424066,9.0145175747439,150.516493395471,12.4955365092308,-8.61317937306811,1.11223033677148,1,124.955365092308,150.516493395471,-51.9783759383644,145.775800787687,0,0,145.775800787687,16.0128675758634,7.3996882027953,36.9687099090186,258.78096936313,59.1975056223624,124.169388761475,82.4955365092308
B_prima2_oraculo,E2_lab_nublado,11-02-2025,7,B_prima2_oraculo_E2_lab_nublado_s7_20260903_160205.mat,63.313301537082,6.69842908910661,91.2078734496048,53.1704751710027,523.712267885316,68.9213427994338,22.7858539296244,16.6126158026565,23.0201123376,5,0,73.7859095247569,40.2952057049813,32.1558778254881,0,2.81016031659457e-06,4.78239618652991e-15,40.9404983738614,237.850098965328,117.498513690111,111.278428938666,72.1026204523872,8.78931891530521,137.676019589017,11.8330122542707,-7.94734516466289,1.61519905407118,1,118.330122542707,137.676019589017,-48.9166630750587,112.229964612141,0,0,112.229964612141,16.0128675758634,8.06552241120052,40.2952057049813,282.066439934869,64.5241792896041,112.664433981472,81.8330122542707
B_prima2_oraculo,E2_lab_nublado,11-02-2025,8,B_prima2_oraculo_E2_lab_nublado_s8_20260903_160218.mat,79.1512804482747,6.32578704905921,89.4531312997593,45.2043459674226,705.443431169976,82.676739123737,22.7514451548847,17.9907809870446,16.3600798368,5,0,66.3638579124108,40.0081481421684,50.175345192764,0,2.81016031659457e-06,4.02493193984996e-15,40.8872582493258,272.363600194925,153.106099416178,113.805849370307,89.6134044784361,10.4621240301614,127.031311822994,11.7228910676108,-0.199436123077378,1.81096910224012,1,117.228910676108,127.031311822994,11.8070790914709,67.3442013568038,0,0,67.3442013568038,16.0128675758634,15.813431452786,79.0036206962556,553.025344873789,126.507451622288,103.813660582862,81.7228910676108
B_prima2_oraculo,E2_lab_nublado,11-02-2025,9,B_prima2_oraculo_E2_lab_nublado_s9_20260903_160231.mat,125.803070395909,6.9900155802168,90.3093444224832,41.0547037604488,909.203607669588,75.9648978186351,18.3743016557692,25.9317584144202,26.6601301008,5,0,46.6190469903801,-2.69900933136904,74.2109466325621,0.202543952037592,2.81016031659457e-06,4.80041102848012e-15,52.7297137764609,227.632516923883,152.948567167023,181.263395339216,135.371118893295,9.56804849738585,148.889773150229,7.35533528892962,-2.46789835143046,1.74809555487261,1,73.5533528892962,148.889773150229,-9.88697898793022,135.690049383839,1.38000673439993,11.0400538751994,146.730103259039,16.0128675758634,13.5449692244329,67.6704239775247,473.692967842673,108.359753795464,115.174183231287,77.3553352889296
B_prima2_oraculo,E2_lab_nublado,11-02-2025,10,B_prima2_oraculo_E2_lab_nublado_s10_20260903_160245.mat,80.3259859074187,6.63328280800372,89.9146969931188,45.8019141414935,665.144365612238,79.0585328576935,21.4194332280772,18.6950803898111,15.8200772016,5,0,72.1624481549579,36.2094791489986,30.6651543384915,0,2.81016031659457e-06,4.91387126920203e-15,46.5341836321339,224.313454159065,81.5761505911825,124.009755343982,90.0103504648262,9.68436455740743,135.324532715504,14.0210075586354,-0.199753081576301,3.04095835701561,1,140.210075586354,135.324532715504,15.4784520120456,64.8475338953732,0,0,64.8475338953732,16.0128675758634,15.8131144942871,79.0020371772642,553.014260240849,126.504915954297,113.701035861582,84.0210075586354
B_prima2_semana,E2_lab_nublado,11-02-2025,1,B_prima2_semana_E2_lab_nublado_s1_20260903_111623.mat,-32.1391754455028,4.68752610940692,66.8223929963845,80.33948420626,1976.23273660005,4083.11463494865,218.181567742567,159.360520080829,162.9407951472,28,0,64.4693886343149,-5.71789384822836,60.3785377338993,0.0398478177119416,22.1842060379755,3.00120868196102e-15,39.8218587601542,629.763609109981,481.591429263794,747.006598687553,281.095385964402,313.234561409905,142.237996951717,14.53340032391,-6.56250377946657,3.02439819721204,7,145.3340032391,142.237996951717,-33.895214476999,1.75603903149616,2.00000976000116,16.0000780800093,17.7561171115055,16.0128675758634,9.45036379639684,47.2138484959014,330.49693947131,75.6029103711747,120.238615375906,84.53340032391
B_prima2_semana,E2_lab_nublado,11-02-2025,2,B_prima2_semana_E2_lab_nublado_s2_20260903_111705.mat,-15.6968844146567,4.71305702271246,71.0541949384311,85.4770591584692,1455.56388119812,3562.31358863173,215.744652427931,155.486096165873,158.5207735776,23,0,65.1100293536502,14.4810822683625,56.6263944669404,0,22.1842060379755,2.94963076822961e-15,36.1067524689939,935.93752906712,758.363069552346,732.814837468713,221.395448544779,237.092332959436,152.102873260734,17.3663333141563,-5.71710633181204,2.7181657869813,7,173.663333141563,152.102873260734,-21.9636278987153,6.26674348405867,0,0,6.26674348405867,16.0128675758634,10.2957612440514,51.4374390234535,360.062073164174,82.3660899524109,132.886703233382,87.3663333141563
B_prima2_semana,E2_lab_nublado,11-02-2025,3,B_prima2_semana_E2_lab_nublado_s3_20260903_111747.mat,148.893934734574,4.99774015499868,73.1640666350534,77.9717124986194,2512.40306963799,3302.65507855885,241.427498430443,180.893137061299,188.460919684801,29,0,61.0358303670996,-1.21206668894634,65.0046874922495,0.00843252573987146,22.1842060379755,3.19492170659094e-15,42.2188455376231,910.351592117374,799.113737035815,904.056894854933,390.848291688255,241.954356953681,155.567510807322,10.9040545257776,-8.99010622853871,1.51137075351854,7,109.040545257776,155.567510807322,-56.654000245767,205.547934980341,0.400001952,3.200015616,208.747950596341,16.0128675758634,7.02276134732469,35.0855900808686,245.59913056608,56.1820907785975,125.86042376795,80.9040545257775
B_prima2_semana,E2_lab_nublado,11-02-2025,4,B_prima2_semana_E2_lab_nublado_s4_20260903_111828.mat,104.257726619938,5.30947587440528,63.0258141006919,73.2740101049383,2802.28454751261,4550.35348222447,231.576572696629,163.653206311563,161.1207862656,34,0,64.6087730542924,-4.86080184931108,51.6391341945533,0.0340607902434024,22.1842060379755,3.07859110138541e-15,42.7047905013385,890.271813244125,816.743242042591,868.912750680316,415.154337059509,310.896610439571,148.148530251153,7.20687217999088,-0.19926198722173,2.70200987000926,7,72.0687217999088,148.148530251153,8.01509179278831,96.2426348271497,1.600007808,12.800062464,109.04269729115,16.0128675758634,15.8136055886417,79.0044906758758,553.03143473113,126.508844709133,114.380846387543,77.2068721799909
B_prima2_semana,E2_lab_nublado,11-02-2025,5,B_prima2_semana_E2_lab_nublado_s5_20260903_111910.mat,99.2754299084091,4.64708987403887,81.1952127574601,84.203733130159,1845.11675870373,2314.27486583776,243.00068041893,183.177705618726,182.840892259201,23,0,55.2928837249121,0.805130225574317,78.0254992964628,0,22.1842060379755,3.07971973156792e-15,43.9369313212114,897.970618630848,741.003874231983,851.243260930455,270.556066181928,171.280636273519,146.633574761961,15.371326121402,-2.69612582725482,3.02903577267195,7,153.71326121402,146.633574761961,-1.28343413592082,100.55886404433,0,0,100.55886404433,16.0128675758634,13.3167417486086,66.5302035904237,465.711425132966,106.533933988869,125.183027313503,85.371326121402
B_prima2_semana_s6a10,E2_lab_nublado,11-02-2025,6,B_prima2_semana_s6a10_E2_lab_nublado_s6_20260903_121911.mat,75.8860196779377,4.83972759498487,75.8714846102787,84.1827055716544,1722.3215767103,2969.45751080296,133.746439857572,179.490791172944,187.280913926401,20,0,36.7253495793384,-13.5057266997439,78.2412727492183,0.741070203256939,22.1842060379755,2.96699813147657e-15,42.8985732497135,688.778071130706,517.925845241131,868.686535085364,259.604877026288,183.71885734835,150.7296201457,16.7366542490431,-10.1608946614971,2.46240310190039,7,167.366542490431,150.7296201457,-58.5827714547632,134.468791132701,35.2001717760002,281.601374208001,416.070165340702,16.0128675758634,5.8519729143663,29.2363520107398,204.654464075179,46.8157833149304,130.737829476672,86.7366542490431
B_prima2_semana_s6a10,E2_lab_nublado,11-02-2025,7,B_prima2_semana_s6a10_E2_lab_nublado_s7_20260903_121954.mat,136.108219602384,4.7133594948293,80.0630364562877,82.3596055244205,2066.61882542877,2453.60997895052,222.054183192903,190.308680874718,190.060927492801,22,0,49.1555914570596,-5.8734834056295,70.8547108883749,0.0543980582042688,22.1842060379755,3.08594761408889e-15,45.5880529298067,804.195127815105,599.611648998054,896.993227949292,315.070556047616,178.962336445232,152.457024087278,20.0018655290468,-2.78409923127179,3.02897967624874,7,200.018655290468,152.457024087278,5.17203020259717,130.936189399787,2.400011712,19.200093696,150.136283095787,16.0128675758634,13.2287683445916,66.090690037463,462.634830262241,105.830146756733,137.214165808618,90.0018655290468
B_prima2_semana_s6a10,E2_lab_nublado,11-02-2025,8,B_prima2_semana_s6a10_E2_lab_nublado_s8_20260903_122036.mat,51.1222513531465,4.7493235952062,73.570232781617,82.3696770096,1901.83574751424,3252.66886535565,220.83247138753,166.055709600218,163.1807963184,33,0,63.4269305981538,9.13549047249284,57.4175637937107,0,22.1842060379755,3.02433322622358e-15,40.1945433291281,734.163503238589,565.457271916995,788.652299723024,289.995507384278,238.873256031131,152.481889018708,16.5232821978746,-0.199828144947906,3.0410191967328,7,165.232821978746,152.481889018708,21.0768863813066,30.0453649718399,0,0,30.0453649718399,16.0128675758634,15.8130394309155,79.0016621620022,553.011635134015,126.504315447324,131.932335136306,86.5232821978746
B_prima2_semana_s6a10,E2_lab_nublado,11-02-2025,9,B_prima2_semana_s6a10_E2_lab_nublado_s9_20260903_122119.mat,85.7842362297054,5.0050898816335,66.391038537744,75.2647719173372,2650.19238014552,4136.20073313329,205.980499060442,167.05658441573,164.50080276,29,0,61.6455960982777,-6.28207434534454,59.5824080978702,0.0439814087608982,22.1842060379755,3.07695934839265e-15,41.2418299572917,1003.32805555042,896.74028261294,836.133220319424,398.694512894465,312.910276664759,150.43983821,10.4440610055897,0.320132181772461,2.20566493080385,7,104.440610055897,150.43983821,16.7018830856062,69.0823531440992,2.200010736,17.600085888,86.6824390320992,16.0128675758634,16.3329997576359,81.5993746541938,571.195622579356,130.663998061087,121.019915226362,80.4440610055896
B_prima2_semana_s6a10,E2_lab_nublado,11-02-2025,10,B_prima2_semana_s6a10_E2_lab_nublado_s10_20260903_122202.mat,37.3055773985297,4.71104157327587,71.8862227207369,80.7281337742725,2076.57288513186,3459.91727010742,228.429196895345,177.081707521502,172.520841897601,29,0,60.5254943284874,7.12682606460311,63.8075995244717,0,22.1842060379755,2.97201982000483e-15,44.0746625749627,783.467827977363,635.125374188653,834.239286000474,300.557857947083,263.252280548553,144.737447021032,14.5384117027375,1.46854643698979,3.03876339284377,7,145.384117027375,144.737447021032,30.6866448382727,6.61893256025699,0,0,6.61893256025699,16.0128675758634,17.4814140128532,87.3368317325168,611.357822127617,139.851312102826,122.358738850672,84.5384117027375
C,E2_lab_nublado,11-02-2025,1,C_E2_lab_nublado_s1_20260903_193136.mat,77.3478227952436,7.11447542946684,90.9464352808021,52.4324351463511,548.759131096081,70.970752524103,21.0252340667711,18.1099832921397,15.600076128,5,0,68.3844318226984,31.8386645238627,53.4635015798428,0,24.0583492914836,4.82963851562046e-15,43.6140785407576,224.934704357231,116.889307568487,128.843031159983,86.477854569697,9.13003177445336,157.588001127139,10.6267491882932,-0.19952809406924,2.67993431384271,1,106.267491882932,157.588001127139,13.4756087150092,63.8722140802344,0,0,63.8722140802344,16.0128675758634,15.8133394817942,79.0031612108253,553.022128475777,126.506715854353,127.058082419623,80.6267491882932
C,E2_lab_nublado,11-02-2025,1,C_E2_lab_nublado_s1_20260903_222430.mat,80.0766898391502,7.09964300278649,92.4135791388148,52.3040839721801,556.86297383865,59.4698347205907,20.9463286390043,18.4457869225332,15.600076128,4,0,68.5077352974326,32.5367377582658,52.9473038506499,0,24.0583492914836,4.54261297887107e-15,49.1695697966459,230.626087537594,116.862088567301,130.958502055453,87.8876666345028,7.81097679535259,157.826378774409,11.1866279606959,-0.199708139768404,3.01196981030451,1,111.866279606959,157.826378774409,14.2922397174515,65.7844501216988,0,0,65.7844501216988,16.0128675758634,15.813159436095,79.0022617057326,553.015831940128,126.50527548876,128.133914959418,81.1866279606959
C,E2_lab_nublado,11-02-2025,1,C_semana_E2_lab_nublado_s1_20260903_200319.mat,-31.8292011163228,4.73177166561445,67.5648745269514,80.6684084293083,1949.07932326469,3991.73862934022,223.050692604951,159.941391330814,162.9407951472,29,0,65.8344664389084,-5.07508812347425,59.1376337010025,0.0353835393790685,22.1842060379755,3.28964855084223e-15,40.5482133792768,661.661123591244,479.834665895931,756.806143658099,276.791244264389,308.620445380711,142.011277304387,17.8129826171288,-5.98880318510933,3.02474033350087,7,178.129826171288,142.011277304387,-25.143625754341,-6.68557536198184,1.70000829599884,13.6000663679907,6.91449100600884,16.0128675758634,10.0240643907541,50.0800464039987,350.560324827991,80.1925151260326,124.704338253664,87.8129826171287
C,E2_lab_nublado,11-02-2025,2,C_E2_lab_nublado_s2_20260903_193150.mat,28.7288648764251,6.56560373455754,91.6862250355972,67.2802149083512,263.811378029026,65.1715521830381,13.1591639217618,11.4778268923389,13.4100654408,4,0,67.3772068509412,42.2792903464403,50.4299718753255,0,24.0583492914836,4.0046534058608e-15,32.7461487714263,243.78470805902,67.5212314813911,75.3588631089454,37.5740065916257,8.84514171520058,142.427543771412,17.2828371346282,-3.82841153912334,1.92878821232726,1,172.828371346282,142.427543771412,-8.4733239306087,37.2021888070338,0,0,37.2021888070338,16.0128675758634,12.1844560367401,60.8733244261933,426.113270983353,97.4756482939205,124.314801064853,87.2828371346282
C,E2_lab_nublado,11-02-2025,2,C_E2_lab_nublado_s2_20260903_222445.mat,28.9845749722644,6.56175512049719,91.8559787715747,67.2428037485723,264.908891208011,63.8408552962573,13.238197032836,11.5251971280162,13.4100654408,4,0,67.4495496613357,42.2792903464403,50.3871482968947,0,24.0583492914836,3.82828839353624e-15,32.7426765893913,243.783294918774,67.5212314443227,75.6255212694995,37.690289764526,8.70571479226155,142.276424142106,17.2827049581643,-3.78353845141335,1.93072841083696,1,172.827049581643,142.276424142106,-8.13801446275083,37.1225894350153,0,0,37.1225894350153,16.0128675758634,12.2293291244501,61.0975095697844,427.682566988491,97.8346329956004,124.182711508981,87.2827049581643
C,E2_lab_nublado,11-02-2025,2,C_semana_E2_lab_nublado_s2_20260903_200430.mat,-6.32133816008752,4.79918557496372,70.8912203356889,84.6588993790499,1542.69039046777,3582.37061039069,220.280784398527,156.2032075523,158.5207735776,24,0,66.6065995026484,14.8162246955133,55.7457742298706,0,22.1842060379755,3.28396059100094e-15,37.9185880975726,933.27047441548,722.042155168601,749.648180448064,229.104082405738,235.425420565826,148.509437681964,20.6336939588882,-5.05604433936436,2.76578780108123,7,206.336939588882,148.509437681964,-12.8696701306888,6.54833197060125,0,0,6.54833197060125,16.0128675758634,10.956823236499,54.7400929138491,383.180650396944,87.6545858919924,134.599589248737,90.6336939588882
C,E2_lab_nublado,11-02-2025,3,C_E2_lab_nublado_s3_20260903_193204.mat,92.950848961637,6.70691975389364,91.4608336454278,47.2910430170854,722.729586557346,66.9383917726261,19.7294411255836,20.7858049028059,25.4801243424,4,0,55.8464914144014,9.08034790967841,65.8082661080311,0,24.0583492914836,6.20725015216258e-15,42.1546046920753,228.142166423919,159.622876032278,139.408725503208,101.646014818339,8.69516585670218,140.641834385833,6.74746677991234,-6.61803255133336,1.9789108081047,1,67.4746677991234,140.641834385833,-44.4034754622078,137.354324423845,0,0,137.354324423845,16.0128675758634,9.39483502453005,46.9364277448525,328.554994213967,75.1586801962404,107.939045123926,76.7474667799123
C,E2_lab_nublado,11-02-2025,3,C_E2_lab_nublado_s3_20260903_222502.mat,93.7070285419245,6.70121865703316,92.1001894004464,47.4142879082786,724.726992172926,61.9264919882161,20.0521820759342,20.9206859321499,25.4801243424,4,0,56.0292673959506,9.62296330029121,65.8082661080311,0,24.0583492914836,6.17787497057395e-15,42.1546046920753,228.139485181132,159.622875852973,140.194090886454,101.868781114016,8.16175257209135,140.561593833543,6.74722740892227,-6.49202677568061,1.98620021147478,1,67.4722740892227,140.561593833543,-43.4006048584455,137.10763340037,0,0,137.10763340037,16.0128675758634,9.52084080018279,47.5659503462518,332.961652423762,76.1667264014624,107.877126069035,76.7472274089223
C,E2_lab_nublado,11-02-2025,3,C_semana_E2_lab_nublado_s3_20260903_200540.mat,161.972064515159,5.05993122892354,73.7307121541567,77.6643214764363,2567.9105084406,3232.91892755716,244.421280819964,182.787017878293,188.460919684801,31,0,61.5467881031948,-3.54363761334874,64.3477772027493,0.0246362026517813,22.1842060379755,3.4375766910665e-15,43.9445371287415,937.824781894621,792.89381257233,924.889740004179,399.089243331667,237.117178816508,155.41399983367,14.2025258927581,-8.5839506259539,2.97683826902523,7,142.025258927581,155.41399983367,-48.806162797018,210.778227312177,1.1800057584,9.4400460672,220.218273379377,16.0128675758634,7.4289169499095,37.1147362068105,259.803153447674,59.431335599276,130.862513450917,84.2025258927581
C,E2_lab_nublado,11-02-2025,4,C_E2_lab_nublado_s4_20260903_193218.mat,76.2670458090473,6.4073718835539,92.7372107381472,47.7744599496231,636.358907973613,56.9328916647248,15.7592952720668,17.802601136639,32.8401602592,4,0,45.6735403684237,-0.839154689814364,70.3221027534403,0.0416661844191618,24.0583492914836,4.86016095808203e-15,46.7702920105091,223.210526935193,78.368268775158,114.067885977026,83.7505916851599,7.48354587611258,131.609050546414,14.2249169978768,-15.0707356034016,0.20999173581074,1,142.249169978768,131.609050546414,-103.716734445484,179.983780254531,0.2800013664,2.2400109312,182.223791185731,16.0128675758634,0.942131972461781,4.70687448327809,32.9481213829466,7.53705577969424,110.847613584411,84.2249169978768
C,E2_lab_nublado,11-02-2025,4,C_E2_lab_nublado_s4_20260903_222522.mat,76.7785101131588,6.4060371651862,93.3586549852163,47.8884783489618,636.1993262167,52.0613999115656,15.8600083755302,17.8483132577153,32.8401602592,4,0,45.716679069756,-0.68886892069988,70.3221027534403,0.0335644263376581,24.0583492914836,4.77575058660536e-15,46.7702920105091,225.556265237813,78.3618672470333,114.33695806481,83.7359165626414,6.95740644948258,131.618995984475,14.4542997487098,-15.0634885688274,0.247919269759215,1,144.542997487098,131.618995984475,-103.385764765365,180.164274878524,0.2200010736,1.7600085888,181.924283467324,16.0128675758634,0.94937900703599,4.74308053838908,33.2015637687236,7.59503205628792,111.157901394971,84.4542997487098
C,E2_lab_nublado,11-02-2025,4,C_semana_E2_lab_nublado_s4_20260903_200650.mat,103.693562964606,5.3574381221351,63.1351580561522,73.0449467544869,2825.74403767316,4536.89669781159,232.090100994402,163.652998280088,161.1207862656,36,0,65.0172533453003,-4.78613647180305,51.346971979213,0.0333994156755693,22.1842060379755,3.41308692195836e-15,43.1381561869111,916.17487505664,803.658599459293,876.760811787453,416.222370306516,312.52880734191,147.296557917982,11.0370491377832,-0.199455538221171,2.70200220763023,7,110.370491377832,147.296557917982,13.0358298223345,90.657733142272,1.60000780800058,12.8000624640047,103.457795606277,16.0128675758634,15.8134120376422,79.0035236985445,553.024665889811,126.507296301138,119.364784018258,81.0370491377832
C,E2_lab_nublado,11-02-2025,5,C_E2_lab_nublado_s5_20260903_193232.mat,-4.25953980692254,5.90733946379339,91.2290304138653,94.425421012999,32.6158945983708,68.7554936868174,3.69999999999998,8.54849620405181,27.900136152,3,0,46.0050335962666,-5.45320561078948,61.3638731033206,0.480318514832004,24.0583492914836,3.23857421383929e-15,33.8572470226039,225.685324095161,63.0091364214338,50.4988689822832,4.70871230945577,8.96825211637831,144.36863889335,15.9619011580778,-15.5894183726811,-3.53468902973797,1,159.619011580778,144.36863889335,-103.975765482371,99.7162256754489,3.30001610400007,26.4001288320006,126.11635450745,16.0128675758634,0.423449203182346,2.11554464521081,14.8088125164757,3.38759362545877,124.102026668764,85.9619011580778
C,E2_lab_nublado,11-02-2025,5,C_E2_lab_nublado_s5_20260903_222543.mat,-3.59440863034649,5.90620669576942,91.7913960234982,94.1342144834114,34.3766992199107,64.3471184504095,3.72499999999988,8.56775946889126,27.900136152,3,0,46.0217045680229,-5.4449739473162,61.3638731033206,0.483790696866934,24.0583492914836,3.27457299273306e-15,33.8965984189998,230.882667632954,63.009134718294,50.6029583429074,4.8977099120971,8.49211854244359,142.471791161974,16.4675323935751,-15.587770715967,-3.51730001756237,1,164.675323935751,142.471791161974,-103.586736202562,99.9923275722151,3.32001620159993,26.5601296127994,126.552457185015,16.0128675758634,0.425096859896428,2.12377630868409,14.8664341607886,3.40077487917143,123.191842174686,86.4675323935751
C,E2_lab_nublado,11-02-2025,5,C_semana_E2_lab_nublado_s5_20260903_200802.mat,103.186357144761,4.69647061542808,81.5632983798612,83.9345874302896,1882.94959403541,2268.97516138421,248.87751025429,183.937407506773,182.840892259201,23,0,56.6906565301617,0.825343800476882,76.3995099214452,0,22.1842060379755,3.33259408710683e-15,44.7378559228573,885.957002154764,685.661836342605,863.856629433578,269.116109936525,165.929752791764,142.92263095571,19.587296533514,-1.94528982337291,3.0289667658903,7,195.87296533514,142.92263095571,9.63289299793191,93.553464146829,0,0,93.553464146829,16.0128675758634,14.0675777524905,70.2813668362306,491.969567853614,112.540622019924,128.040521207791,89.587296533514
C,E2_lab_nublado,11-02-2025,6,C_E2_lab_nublado_s6_20260903_193246.mat,73.9573845204437,7.15562790822702,91.0997529812531,54.8789820897004,518.418447789539,69.7688974632783,9.72751186832667,17.5304804954377,27.4801341024,5,0,47.5397912650527,1.31147266001808,64.4888369347577,0,24.0583492914836,4.70764336703719e-15,48.0272219071539,204.599309795198,121.002456141763,125.441595477783,83.4166882257246,9.45930370528089,160.906095416552,8.23186700953828,-10.7524358045752,0.919786339873131,1,82.3186700953828,160.906095416552,-74.098468230163,148.055852750607,0,0,148.055852750607,16.0128675758634,5.26043177128825,26.2810230403325,183.967161282328,42.083454170306,125.879842576518,78.2318670095383
C,E2_lab_nublado,11-02-2025,6,C_E2_lab_nublado_s6_20260903_222604.mat,74.387180226308,7.15278922658454,91.18654150392,54.6680167261904,521.704423122441,69.0885635887034,9.8406153761646,17.5664530330091,27.4801341024,5,0,47.5988020451638,1.38285478438712,64.4888369347577,0,24.0583492914836,4.56673029752736e-15,48.0272219071539,206.663899358016,121.002454291773,125.64913600381,83.7734855553287,9.38630532902065,160.576529242244,8.43453983912431,-10.7200254917569,0.922925628023274,1,84.3453983912431,160.576529242244,-73.5707017359572,147.957881962265,0,0,147.957881962265,16.0128675758634,5.29284208410648,26.4429443834758,185.100610684331,42.3427366728519,125.947461800791,78.4345398391243
C,E2_lab_nublado,11-02-2025,7,C_E2_lab_nublado_s7_20260903_193300.mat,79.0908698642073,7.01151402179299,91.392511232509,50.447273706825,589.1475365754,67.4739701011079,21.8439561904364,18.0550225281958,23.0201123376,6,0,71.6047294615809,40.2929020925269,36.5435585236282,0,24.0583492914836,5.08854938159235e-15,45.5075751438062,232.942219633573,116.300835251012,126.593043620233,88.0056436815806,8.9147738173733,149.377937134627,11.4684316658765,-7.94780625767762,3.04111113527932,1,114.684316658765,149.377937134627,-48.1642740816583,127.255143945866,0,0,127.255143945866,16.0128675758634,8.06506131818579,40.2929020925269,282.050314647688,64.5204905454863,121.69586263842,81.4684316658765
C,E2_lab_nublado,11-02-2025,7,C_E2_lab_nublado_s7_20260903_222624.mat,78.4462892480665,6.98001298134007,91.9803532096171,50.8364072269765,584.502228863468,62.8658860177022,21.8805087024277,18.0554015448341,23.0201123376,6,0,71.7432434971473,40.2950161219836,36.3549032997303,0,24.0583492914836,4.85428489276798e-15,45.4635941713638,232.927909536351,116.285549512997,126.026937166249,86.8650891611996,8.4187999131331,148.613786007461,11.4686194416962,-7.94738311175585,3.04106253724208,1,114.686194416962,148.613786007461,-48.2395102944635,126.68579954253,0,0,126.68579954253,16.0128675758634,8.06548446410756,40.2950161219836,282.065112853885,64.5238757128604,121.073599760315,81.4686194416962
C,E2_lab_nublado,11-02-2025,8,C_E2_lab_nublado_s8_20260903_193314.mat,69.1970893914796,6.26714764843293,91.0248978245581,51.8279707544366,618.598199656823,70.3556858682579,22.9812910021728,17.8757538235677,16.3600798368,3,0,64.502628727066,38.2225372459657,52.576937766924,0,24.0583492914836,5.59405578274161e-15,37.7761831460284,289.947150604748,241.95014868833,112.029988539338,78.7502221727364,9.55313278125688,127.304318403164,4.7228799841405,-0.232864663361017,1.73072164061614,1,47.228799841405,127.304318403164,3.54826984864046,65.6488195428391,0,0,65.6488195428391,16.0128675758634,15.7800029125024,78.8366123069074,551.856286148352,126.240023300019,95.1254530550246,74.7228799841405
C,E2_lab_nublado,11-02-2025,8,C_E2_lab_nublado_s8_20260903_222646.mat,70.0079556531798,6.26714764843293,91.7922359626069,51.7107644517247,620.103297303352,64.3405341808465,22.9812910021728,17.8757538235677,16.3600798368,3,0,64.502628727066,38.2225372459657,52.576937766924,0,24.0583492914836,5.57141098861635e-15,37.7761831460284,297.467386081395,241.950134831036,112.029988539338,78.912023888751,8.90406823557123,127.256255904325,5.46333253853547,-0.232864663361017,1.73072164061614,1,54.6333253853547,127.256255904325,4.39427188564051,65.6136837675393,0,0,65.6136837675393,16.0128675758634,15.7800029125024,78.8366123069074,551.856286148352,126.240023300019,96.0318115691703,75.4633325385355
C,E2_lab_nublado,11-02-2025,9,C_E2_lab_nublado_s9_20260903_193328.mat,-2.05345379549205,5.59960462089824,91.3848315392743,91.3853378154581,62.6158018832335,67.5341710965083,2.24166666666667,9.88454598494376,26.6601301008,2,0,36.8939365503533,-7.37096661527602,74.2109466325621,0.557863913612111,24.0583492914836,2.77480898485041e-15,28.8897119246305,222.8085862411,170.680022946794,55.3495493727722,6.96984588418237,9.02329967967442,111.311293228821,5.13452664742812,-15.2819264005734,-1.29641608500383,1,51.3452664742812,111.311293228821,-117.1116339934,115.058180197908,3.84001873920007,30.7201499136006,145.778330111508,16.0128675758634,0.730941175289998,3.65176903800423,25.5623832660296,5.84752940231999,83.6332132726054,75.1345266474281
C,E2_lab_nublado,11-02-2025,9,C_E2_lab_nublado_s9_20260903_222706.mat,11.9676640040164,5.99814680227286,93.6077873865592,84.1289280250257,128.315729019419,50.1084549059424,2.24166666666667,11.5855170133471,26.6601301008,3,0,37.1283170696595,-7.37096661527602,74.2109466325621,0.555549125588824,24.0583492914836,2.87247655335947e-15,37.3838265760813,224.297629862118,170.680021351165,69.4916318262857,18.5179837672225,6.55031976320607,144.315774135686,5.2811246524798,-15.0755395313157,0.178168922216737,1,52.811246524798,144.315774135686,-113.744969917758,125.712633921775,3.8200186416,30.5601491328,156.272783054575,16.0128675758634,0.937328044547751,4.6828741453435,32.7801190174045,7.498624356382,108.642537820277,75.2811246524798
C,E2_lab_nublado,11-02-2025,10,C_E2_lab_nublado_s10_20260903_193342.mat,79.5383877902848,6.83371112847653,91.7693637691704,48.2006253628449,611.207708206392,64.5198289482018,18.8235254942613,17.7339975462533,15.8200772016,3,0,68.9448296044269,26.0849946481149,32.6211502181688,0,24.0583492914836,4.22008156690278e-15,40.198608812398,243.506806172489,92.8723934993263,121.189016384207,88.4162242117303,8.87783642144547,144.658228331561,14.7878017819278,-0.672756661205105,2.5641781787278,1,147.878017819278,144.658228331561,13.8705415705869,65.6678462196979,0,0,65.6678462196979,16.0128675758634,15.3401109146583,76.6389197536653,536.472438275657,122.720887317266,122.652531899012,84.7878017819277
C,E2_lab_nublado,11-02-2025,10,C_E2_lab_nublado_s10_20260903_222727.mat,80.2388379396894,6.82763166282128,92.1698201902828,48.1420475426891,614.545993505463,61.380657313499,18.9658191390597,17.8337991031186,15.8200772016,3,0,69.0841314023309,26.0849946481149,32.5169847571209,0,24.0583492914836,4.14376359075779e-15,40.198608812398,244.868902714311,92.8615446978861,121.762611424846,88.7746080960121,8.5357701563227,144.455596544741,14.9216220208006,-0.578096774901017,2.56814641860255,1,149.216220208006,144.455596544741,14.7748320946609,65.4640058450285,0,0,65.4640058450285,16.0128675758634,15.4347708009624,77.1118388525368,539.782871967758,123.478166407699,122.674035685617,84.9216220208006
C_factor3,E2_lab_nublado,11-02-2025,1,C_factor3_E2_lab_nublado_s1_20260903_212217.mat,596.562128388886,4.14394610800315,98.8952885942203,65.7279589926151,6510.87551390867,135.955052690872,0,129.10039802911,512.642501683199,17,0,3.32376128853735,-32.4899936008744,95.1947830774089,10.1884752174682,22.1842060379755,3.91341392861903e-15,38.9458681450593,3865.96360771943,4181.83418833209,534.985091954388,613.499019160639,16.9368907717539,94.2268083378453,-32.0443289020864,-16.008899080749,-363.023666462905,7,-320.443289020864,94.2268083378453,-155.246106185938,751.808234574823,491.062396372802,3928.49917098241,4680.30740555724,16.0128675758634,0.00396849511444305,0.0198265306105441,0.138785714273808,0.0317479609155444,35.7644174587739,37.9556710979135
C_factorB,E2_lab_nublado,11-02-2025,1,C_factorB_E2_lab_nublado_s1_20260903_213109.mat,991.635259582136,5.7592442605338,92.1834917608603,58.6290947007726,8001.62249173632,961.965074272833,257.532985951699,219.999197793091,241.8211800816,32,0,52.0508101159611,-6.83924187524675,73.2956790746047,0.132770944492486,22.1842060379755,4.38396813600674e-15,52.761156148882,3044.7532031126,3039.43988891896,1267.0291172119,1061.85221233036,70.2169527482252,132.704612524147,0.212992329034634,-15.8861698860878,-5.67919035355255,7,2.12992329034634,132.704612524147,-126.834973508246,1118.47023309038,6.3800311344,51.0402490752,1169.51048216558,16.0128675758634,0.1266976897756,0.632979391981356,4.43085574386949,1.0135815182048,93.1758794118542,70.2129923290346
C_umbral8,E2_lab_nublado,11-02-2025,1,C_umbral8_E2_lab_nublado_s1_20260903_235301.mat,80.0766898391502,7.09964300278649,92.4135791388148,52.3040839721801,556.86297383865,59.4698347205907,20.9463286390043,18.4457869225332,15.600076128,4,0,68.5077352974326,32.5367377582658,52.9473038506499,0,24.0583492914836,4.54261297887107e-15,49.1695697966459,230.626087537594,116.862088567301,130.958502055453,87.8876666345028,7.81097679535259,157.826378774409,11.1866279606959,-0.199708139768404,3.01196981030451,1,111.866279606959,157.826378774409,14.2922397174515,65.7844501216988,0,0,65.7844501216988,16.0128675758634,15.813159436095,79.0022617057326,553.015831940128,126.50527548876,128.133914959418,81.1866279606959
C_umbral8,E2_lab_nublado,11-02-2025,2,C_umbral8_E2_lab_nublado_s2_20260903_235322.mat,28.9845749722644,6.56175512049719,91.8559787715747,67.2428037485723,264.908891208011,63.8408552962573,13.238197032836,11.5251971280162,13.4100654408,4,0,67.4495496613357,42.2792903464403,50.3871482968947,0,24.0583492914836,3.82828839353624e-15,32.7426765893913,243.783294918774,67.5212314443227,75.6255212694995,37.690289764526,8.70571479226155,142.276424142106,17.2827049581643,-3.78353845141335,1.93072841083696,1,172.827049581643,142.276424142106,-8.13801446275083,37.1225894350153,0,0,37.1225894350153,16.0128675758634,12.2293291244501,61.0975095697844,427.682566988491,97.8346329956004,124.182711508981,87.2827049581643
C_umbral8,E2_lab_nublado,11-02-2025,3,C_umbral8_E2_lab_nublado_s3_20260903_235343.mat,93.7070285419245,6.70121865703316,92.1001894004464,47.4142879082786,724.726992172926,61.9264919882161,20.0521820759342,20.9206859321499,25.4801243424,4,0,56.0292673959506,9.62296330029121,65.8082661080311,0,24.0583492914836,6.17787497057395e-15,42.1546046920753,228.139485181132,159.622875852973,140.194090886454,101.868781114016,8.16175257209135,140.561593833543,6.74722740892227,-6.49202677568061,1.98620021147478,1,67.4722740892227,140.561593833543,-43.4006048584455,137.10763340037,0,0,137.10763340037,16.0128675758634,9.52084080018279,47.5659503462518,332.961652423762,76.1667264014624,107.877126069035,76.7472274089223
C_umbral8,E2_lab_nublado,11-02-2025,4,C_umbral8_E2_lab_nublado_s4_20260903_235404.mat,76.7785101131588,6.4060371651862,93.3586549852163,47.8884783489618,636.1993262167,52.0613999115656,15.8600083755302,17.8483132577153,32.8401602592,4,0,45.716679069756,-0.68886892069988,70.3221027534403,0.0335644263376581,24.0583492914836,4.77575058660536e-15,46.7702920105091,225.556265237813,78.3618672470333,114.33695806481,83.7359165626414,6.95740644948258,131.618995984475,14.4542997487098,-15.0634885688274,0.247919269759215,1,144.542997487098,131.618995984475,-103.385764765365,180.164274878524,0.2200010736,1.7600085888,181.924283467324,16.0128675758634,0.94937900703599,4.74308053838908,33.2015637687236,7.59503205628792,111.157901394971,84.4542997487098
C_umbral8,E2_lab_nublado,11-02-2025,5,C_umbral8_E2_lab_nublado_s5_20260903_235425.mat,-3.59440863034649,5.90620669576942,91.7913960234982,94.1342144834114,34.3766992199107,64.3471184504095,3.72499999999988,8.56775946889126,27.900136152,3,0,46.0217045680229,-5.4449739473162,61.3638731033206,0.483790696866934,24.0583492914836,3.27457299273306e-15,33.8965984189998,230.882667632954,63.009134718294,50.6029583429074,4.8977099120971,8.49211854244359,142.471791161974,16.4675323935751,-15.587770715967,-3.51730001756237,1,164.675323935751,142.471791161974,-103.586736202562,99.9923275722151,3.32001620159993,26.5601296127994,126.552457185015,16.0128675758634,0.425096859896428,2.12377630868409,14.8664341607886,3.40077487917143,123.191842174686,86.4675323935751
C_umbral8,E2_lab_nublado,11-02-2025,6,C_umbral8_E2_lab_nublado_s6_20260903_235446.mat,74.387180226308,7.15278922658454,91.18654150392,54.6680167261904,521.704423122441,69.0885635887034,9.8406153761646,17.5664530330091,27.4801341024,5,0,47.5988020451638,1.38285478438712,64.4888369347577,0,24.0583492914836,4.56673029752736e-15,48.0272219071539,206.663899358016,121.002454291773,125.64913600381,83.7734855553287,9.38630532902065,160.576529242244,8.43453983912431,-10.7200254917569,0.922925628023274,1,84.3453983912431,160.576529242244,-73.5707017359572,147.957881962265,0,0,147.957881962265,16.0128675758634,5.29284208410648,26.4429443834758,185.100610684331,42.3427366728519,125.947461800791,78.4345398391243
C_umbral8,E2_lab_nublado,11-02-2025,7,C_umbral8_E2_lab_nublado_s7_20260903_235507.mat,78.4462892480665,6.98001298134007,91.9803532096171,50.8364072269765,584.502228863468,62.8658860177022,21.8805087024277,18.0554015448341,23.0201123376,6,0,71.7432434971473,40.2950161219836,36.3549032997303,0,24.0583492914836,4.85428489276798e-15,45.4635941713638,232.927909536351,116.285549512997,126.026937166249,86.8650891611996,8.4187999131331,148.613786007461,11.4686194416962,-7.94738311175585,3.04106253724208,1,114.686194416962,148.613786007461,-48.2395102944635,126.68579954253,0,0,126.68579954253,16.0128675758634,8.06548446410756,40.2950161219836,282.065112853885,64.5238757128604,121.073599760315,81.4686194416962
C_umbral8,E2_lab_nublado,11-02-2025,8,C_umbral8_E2_lab_nublado_s8_20260903_235527.mat,70.0079556531798,6.26714764843293,91.7922359626069,51.7107644517247,620.103297303352,64.3405341808465,22.9812910021728,17.8757538235677,16.3600798368,3,0,64.502628727066,38.2225372459657,52.576937766924,0,24.0583492914836,5.57141098861635e-15,37.7761831460284,297.467386081395,241.950134831036,112.029988539338,78.912023888751,8.90406823557123,127.256255904325,5.46333253853547,-0.232864663361017,1.73072164061614,1,54.6333253853547,127.256255904325,4.39427188564051,65.6136837675393,0,0,65.6136837675393,16.0128675758634,15.7800029125024,78.8366123069074,551.856286148352,126.240023300019,96.0318115691703,75.4633325385355
C_umbral8,E2_lab_nublado,11-02-2025,9,C_umbral8_E2_lab_nublado_s9_20260903_235548.mat,118.977144475927,7.07294655043184,93.8539282978234,45.8291248638485,806.257055272104,48.1789601443548,14.0036808190533,24.9543964512811,26.6601301008,5,0,43.5342483510019,-7.37096661527602,74.2109466325621,0.555549125588824,24.0583492914836,6.0453432632825e-15,54.4588604298561,224.297629862118,170.680021351165,176.501112298197,125.24471607677,6.26757160084302,155.340924160349,5.2811246524798,-3.39154879999896,1.70587464059077,1,52.811246524798,155.340924160349,-19.7490173428917,138.726161818819,3.8200186416,30.5601491328,169.286310951619,16.0128675758634,12.6213187758644,63.0558828570537,441.391179999376,100.970550206916,116.942394753467,75.2811246524798
C_umbral8,E2_lab_nublado,11-02-2025,10,C_umbral8_E2_lab_nublado_s10_20260903_235609.mat,80.2388379396894,6.82763166282128,92.1698201902828,48.1420475426891,614.545993505463,61.380657313499,18.9658191390597,17.8337991031186,15.8200772016,3,0,69.0841314023309,26.0849946481149,32.5169847571209,0,24.0583492914836,4.14376359075779e-15,40.198608812398,244.868902714311,92.8615446978861,121.762611424846,88.7746080960121,8.5357701563227,144.455596544741,14.9216220208006,-0.578096774901017,2.56814641860255,1,149.216220208006,144.455596544741,14.7748320946609,65.4640058450285,0,0,65.4640058450285,16.0128675758634,15.4347708009624,77.1118388525368,539.782871967758,123.478166407699,122.674035685617,84.9216220208006
E,E2_lab_nublado,11-02-2025,1,E_E2_lab_nublado_s1_20260904_020847.mat,-141.026732267705,4.41929458807288,74.7159651775243,91.0950659766528,886.273084225562,3111.66542550678,201.820860285671,157.614850328462,162.9407951472,28,0,59.6570973287874,-5.70950517123161,67.2245912291812,0.0398478177119416,1.96547735141296e-06,3.02887491360048e-15,39.3671637447689,1744.17080816272,1615.33124853832,696.546455056489,116.992983628501,258.019715896205,132.005569965752,12.4397619171984,-7.92758450595911,2.66430281878221,7,124.397619171984,132.005569965752,-48.6416152886105,-92.3851169790943,1.9200093696,15.3600749568,-77.0250420222943,16.0128675758634,8.0852830699043,40.3939296024227,282.757507216959,64.6822645592344,108.825077597207,82.4397619171984
E,E2_lab_nublado,11-02-2025,2,E_E2_lab_nublado_s2_20260904_021001.mat,-87.2716681963815,4.53199261767584,75.7875470924384,92.4660610613265,753.70020027722,2979.78756587527,212.351917885294,155.159891495321,158.5207735776,25,0,63.2553357243106,14.8254216989283,58.4327737553344,0,1.96547735141296e-06,2.97164351020356e-15,35.9941534488204,1429.0565202343,1352.37070300476,703.183482816178,119.367491560779,206.63915975716,158.375295000418,7.39546739570415,-6.01699636736841,2.69569749892103,7,73.9546739570415,158.375295000418,-37.5946369648018,-49.6770312315798,0,0,-49.6770312315798,16.0128675758634,9.99587120849499,49.9391937697007,349.574356387905,79.9669696679599,122.575299804899,77.3954673957041
E,E2_lab_nublado,11-02-2025,3,E_E2_lab_nublado_s3_20260904_021114.mat,26.1567106952963,4.98931146569075,78.0303638668168,87.23323715352,1424.57782881607,2703.76771929698,217.562184838684,176.466231886547,188.460919684801,25,0,56.7076323499208,-8.21389835802576,70.0230323693248,0.145502404923272,1.96547735141296e-06,3.26176385284012e-15,42.0635878578243,1876.76109087098,2007.60111840275,880.44499405879,222.991871959612,196.835161264316,156.531898397531,-13.2685219939438,-13.1371618995529,1.28355602308674,7,-132.685219939438,156.531898397531,-123.789817626196,149.946528321493,6.9800340624,55.8402724992,205.786800820693,16.0128675758634,2.87570567631046,14.366974123461,100.568818864227,23.0056454104837,88.8028595118576,56.7314780060562
E,E2_lab_nublado,11-02-2025,4,E_E2_lab_nublado_s4_20260904_021228.mat,-28.7611672211625,5.22812778371724,70.1268503042872,83.9232026447551,1671.45669416885,3676.44039852798,218.909584697225,162.254436358472,161.1207862656,31,0,58.6504122510855,-7.06741439168472,66.4203597546962,0.0492724053035627,1.96547735141296e-06,3.14232926837358e-15,44.3686435703645,2008.28706063447,2103.13378275515,848.286926757111,233.404352943677,262.16552016484,139.64128042201,-9.69596876720218,-0.199837506328919,1.320219193094,7,-96.9596876720218,139.64128042201,-13.7843174928867,-14.9768497282758,2.3800116144,19.0400929152,4.06324318692415,16.0128675758634,15.8130300695345,79.0016153927101,553.011307748971,126.504240556276,84.2093213595675,60.3040312327978
E,E2_lab_nublado,11-02-2025,5,E_E2_lab_nublado_s5_20260904_021341.mat,10.7432308468533,4.7711124548701,84.7984157501996,90.593067796949,1074.67587451908,1870.83447935232,181.655810689622,179.191458803402,182.840892259201,23,0,42.4006435120213,-6.95850375507251,95.93535724974,0.0849866319665477,1.96547735141296e-06,3.2987209694569e-15,42.7712586454057,2285.69512277812,2199.31186853784,854.942600903255,158.709151210988,147.965920364135,147.680947320057,8.17897348195569,-4.36918231068871,0.762694328216999,7,81.7897348195569,147.680947320057,-24.0825515182221,34.8257823650754,4.0800199104,32.6401592832,67.4659416482754,16.0128675758634,11.6436852651747,58.1716433237755,407.201503266428,93.1494821213975,115.455448643248,78.1789734819557
E0,E2_lab_nublado,11-02-2025,1,E0_E2_lab_nublado_s1_20260904_011658.mat,-133.216703303504,4.5201182407151,73.6083744965309,90.0387494593352,993.641458336665,3247.97482595884,202.117669713355,157.99595250487,162.9407951472,28,0,60.0178416735981,-5.71598534675337,67.0141087729683,0.0398478177119416,22.1842060379755,3.10926025366105e-15,38.7334015651429,1850.44761528679,1773.00954297453,714.160386876419,136.05887805117,269.275581354673,136.929550301705,7.37472366614607,-7.92763396016922,3.04097745242435,7,73.7472366614607,136.929550301705,-54.3327133245113,-78.8839899789923,1.9200093696,15.3600749568,-63.5239150221923,16.0128675758634,8.08523361569418,40.3936825300735,282.755777710515,64.6818689255534,105.948861163241,77.3747236661461
E0,E2_lab_nublado,11-02-2025,2,E0_E2_lab_nublado_s2_20260904_011741.mat,-85.1772027487748,4.55086112371179,75.9230826554407,92.4785334457253,753.697491672426,2963.10742252466,213.546114930273,155.393825905815,158.5207735776,23,0,63.4726798638982,14.8257248393874,58.4074761781148,0,22.1842060379755,2.98128556512401e-15,35.0285465797841,1529.07090867322,1452.26077056563,707.175721179611,119.679278955681,204.856481704456,158.789541265578,7.38986032898323,-5.80201658663238,2.71188184953232,7,73.8986032898323,158.789541265578,-35.8552399081556,-49.3219628406192,0,0,-49.3219628406192,16.0128675758634,10.210850989231,51.0132289090911,357.092602363638,81.6868079138482,122.887004202464,77.3898603289832
E0,E2_lab_nublado,11-02-2025,3,E0_E2_lab_nublado_s3_20260904_011824.mat,35.1741409500383,5.00835304404694,78.1161625865205,86.9412030573216,1463.64800731653,2693.20860911028,220.843170165554,177.355823200183,188.460919684801,26,0,57.2315433538371,-7.60212515865303,70.0822253931458,0.129960102579195,22.1842060379755,3.28123043916476e-15,41.7762206081008,1908.85309664528,2039.71301838916,888.260577004086,230.23284363371,195.058702683672,157.300691479657,-13.2776869167486,-12.3104791602948,1.33600712366508,7,-132.776869167486,157.300691479657,-117.281137281653,152.455278231691,6.2400304512,49.9202436096,202.375521841291,16.0128675758634,3.70238841556861,18.4970663025993,129.479464118195,29.6191073245488,89.2245907032102,56.7223130832514
E0,E2_lab_nublado,11-02-2025,4,E0_E2_lab_nublado_s4_20260904_011907.mat,-14.3486656104266,5.34388639892248,69.7898140942929,83.4854007883406,1730.28233358458,3717.91890182647,222.673392079911,163.652867396304,161.1207862656,30,0,60.0232024265088,-6.06246266102272,65.4656655660291,0.0423279723413156,22.1842060379755,3.20426091231784e-15,42.8909674421835,2184.86710557484,2342.95408805963,874.542332223774,245.587934891047,259.936600501474,141.935180244412,-16.04757424429,-0.19965491438553,2.7020234346291,7,-160.4757424429,141.935180244412,-22.0966774007241,7.74801179029754,2.0400099552,16.3200796416,24.0680914318975,16.0128675758634,15.8132126614779,79.0025276187934,553.017693331554,126.505701291823,76.5774727425994,53.95242575571
E0,E2_lab_nublado,11-02-2025,5,E0_E2_lab_nublado_s5_20260904_011950.mat,21.4444550739049,4.81760187375376,84.344633828193,89.8030969411061,1172.85314508986,1926.68068931613,191.839347361661,180.473076406217,182.840892259201,23,0,45.0266932248209,-6.47205380297404,92.3870826933156,0.0725858588196779,22.1842060379755,3.34347800634056e-15,42.2317423416959,2314.99982164993,2264.04101405381,869.447431056696,174.425554512693,152.981099438788,148.719006503861,4.68176509925765,-4.13227121807708,1.79233276386438,7,46.8176509925765,148.719006503861,-26.7917626564022,48.2362177303071,3.50001708,28.00013664,76.2363543703071,16.0128675758634,11.8805963577863,59.355246905029,415.486728335203,95.0447708622906,111.065979095163,74.6817650992576
E0_8,E2_lab_nublado,11-02-2025,1,E0_8_E2_lab_nublado_s1_20260904_162225.mat,-133.216703303504,4.5201182407151,73.6083744965309,90.0387494593352,993.641458336665,3247.97482595884,202.117669713355,157.99595250487,162.9407951472,28,0,60.0178416735981,-5.71598534675337,67.0141087729683,0.0398478177119416,22.1842060379755,3.10926025366105e-15,38.7334015651429,1850.44761528679,1773.00954297453,714.160386876419,136.05887805117,269.275581354673,136.929550301705,7.37472366614607,-7.92763396016922,3.04097745242435,7,73.7472366614607,136.929550301705,-54.3327133245113,-78.8839899789923,1.9200093696,15.3600749568,-63.5239150221923,16.0128675758634,8.08523361569418,40.3936825300735,282.755777710515,64.6818689255534,105.948861163241,77.3747236661461
E0_8,E2_lab_nublado,11-02-2025,2,E0_8_E2_lab_nublado_s2_20260904_162310.mat,-85.1772027487748,4.55086112371179,75.9230826554407,92.4785334457253,753.697491672426,2963.10742252466,213.546114930273,155.393825905815,158.5207735776,23,0,63.4726798638982,14.8257248393874,58.4074761781148,0,22.1842060379755,2.98128556512401e-15,35.0285465797841,1529.07090867322,1452.26077056563,707.175721179611,119.679278955681,204.856481704456,158.789541265578,7.38986032898323,-5.80201658663238,2.71188184953232,7,73.8986032898323,158.789541265578,-35.8552399081556,-49.3219628406192,0,0,-49.3219628406192,16.0128675758634,10.210850989231,51.0132289090911,357.092602363638,81.6868079138482,122.887004202464,77.3898603289832
E0_8,E2_lab_nublado,11-02-2025,3,E0_8_E2_lab_nublado_s3_20260904_162357.mat,35.1741409500383,5.00835304404694,78.1161625865205,86.9412030573216,1463.64800731653,2693.20860911028,220.843170165554,177.355823200183,188.460919684801,26,0,57.2315433538371,-7.60212515865303,70.0822253931458,0.129960102579195,22.1842060379755,3.28123043916476e-15,41.7762206081008,1908.85309664528,2039.71301838916,888.260577004086,230.23284363371,195.058702683672,157.300691479657,-13.2776869167486,-12.3104791602948,1.33600712366508,7,-132.776869167486,157.300691479657,-117.281137281653,152.455278231691,6.2400304512,49.9202436096,202.375521841291,16.0128675758634,3.70238841556861,18.4970663025993,129.479464118195,29.6191073245488,89.2245907032102,56.7223130832514
E0_8,E2_lab_nublado,11-02-2025,4,E0_8_E2_lab_nublado_s4_20260904_162443.mat,-14.3486656104266,5.34388639892248,69.7898140942929,83.4854007883406,1730.28233358458,3717.91890182647,222.673392079911,163.652867396304,161.1207862656,30,0,60.0232024265088,-6.06246266102272,65.4656655660291,0.0423279723413156,22.1842060379755,3.20426091231784e-15,42.8909674421835,2184.86710557484,2342.95408805963,874.542332223774,245.587934891047,259.936600501474,141.935180244412,-16.04757424429,-0.19965491438553,2.7020234346291,7,-160.4757424429,141.935180244412,-22.0966774007241,7.74801179029754,2.0400099552,16.3200796416,24.0680914318975,16.0128675758634,15.8132126614779,79.0025276187934,553.017693331554,126.505701291823,76.5774727425994,53.95242575571
E0_8,E2_lab_nublado,11-02-2025,5,E0_8_E2_lab_nublado_s5_20260904_162530.mat,20.8624186215474,4.82810666688429,84.3374512140606,89.7989867611366,1173.29665990914,1927.56464206407,192.795913228628,180.472198484858,182.840892259201,24,0,45.3165581471321,-6.23582518582312,92.3516991539366,0.0692789859805126,22.1842060379755,3.34426810991142e-15,42.6958619446727,2360.57901656072,2309.77400635338,871.339024692007,173.765385107694,152.902966486147,148.100127653267,4.65889620933872,-4.13223306050413,1.79143005404619,7,46.5889620933872,148.100127653267,-26.8480163740955,47.7104349956429,3.3400162992,26.7201303936,74.4305653892429,16.0128675758634,11.8806345153593,59.355437539581,415.488062777067,95.0450761228742,110.569920590551,74.6588962093387
E_8,E2_lab_nublado,11-02-2025,1,E_8_E2_lab_nublado_s1_20260904_170813.mat,-141.026732267705,4.41929458807288,74.7159651775243,91.0950659766528,886.273084225562,3111.66542550678,201.820860285671,157.614850328462,162.9407951472,28,0,59.6570973287874,-5.70950517123161,67.2245912291812,0.0398478177119416,1.96547735141296e-06,3.02887491360048e-15,39.3671637447689,1744.17080816272,1615.33124853832,696.546455056489,116.992983628501,258.019715896205,132.005569965752,12.4397619171984,-7.92758450595911,2.66430281878221,7,124.397619171984,132.005569965752,-48.6416152886105,-92.3851169790943,1.9200093696,15.3600749568,-77.0250420222943,16.0128675758634,8.0852830699043,40.3939296024227,282.757507216959,64.6822645592344,108.825077597207,82.4397619171984
E_8,E2_lab_nublado,11-02-2025,2,E_8_E2_lab_nublado_s2_20260904_170857.mat,-87.2716681963815,4.53199261767584,75.7875470924384,92.4660610613265,753.70020027722,2979.78756587527,212.351917885294,155.159891495321,158.5207735776,25,0,63.2553357243106,14.8254216989283,58.4327737553344,0,1.96547735141296e-06,2.97164351020356e-15,35.9941534488204,1429.0565202343,1352.37070300476,703.183482816178,119.367491560779,206.63915975716,158.375295000418,7.39546739570415,-6.01699636736841,2.69569749892103,7,73.9546739570415,158.375295000418,-37.5946369648018,-49.6770312315798,0,0,-49.6770312315798,16.0128675758634,9.99587120849499,49.9391937697007,349.574356387905,79.9669696679599,122.575299804899,77.3954673957041
E_8,E2_lab_nublado,11-02-2025,3,E_8_E2_lab_nublado_s3_20260904_170940.mat,26.1567106952963,4.98931146569075,78.0303638668168,87.23323715352,1424.57782881607,2703.76771929698,217.562184838684,176.466231886547,188.460919684801,25,0,56.7076323499208,-8.21389835802576,70.0230323693248,0.145502404923272,1.96547735141296e-06,3.26176385284012e-15,42.0635878578243,1876.76109087098,2007.60111840275,880.44499405879,222.991871959612,196.835161264316,156.531898397531,-13.2685219939438,-13.1371618995529,1.28355602308674,7,-132.685219939438,156.531898397531,-123.789817626196,149.946528321493,6.9800340624,55.8402724992,205.786800820693,16.0128675758634,2.87570567631046,14.366974123461,100.568818864227,23.0056454104837,88.8028595118576,56.7314780060562
E_8,E2_lab_nublado,11-02-2025,4,E_8_E2_lab_nublado_s4_20260904_171024.mat,-28.7611672211625,5.22812778371724,70.1268503042872,83.9232026447551,1671.45669416885,3676.44039852798,218.909584697225,162.254436358472,161.1207862656,31,0,58.6504122510855,-7.06741439168472,66.4203597546962,0.0492724053035627,1.96547735141296e-06,3.14232926837358e-15,44.3686435703645,2008.28706063447,2103.13378275515,848.286926757111,233.404352943677,262.16552016484,139.64128042201,-9.69596876720218,-0.199837506328919,1.320219193094,7,-96.9596876720218,139.64128042201,-13.7843174928867,-14.9768497282758,2.3800116144,19.0400929152,4.06324318692415,16.0128675758634,15.8130300695345,79.0016153927101,553.011307748971,126.504240556276,84.2093213595675,60.3040312327978
E_8,E2_lab_nublado,11-02-2025,5,E_8_E2_lab_nublado_s5_20260904_171107.mat,11.0363669492347,4.78179610437144,84.6971327506765,90.482505058838,1087.30992674213,1883.29921490662,182.662899658577,179.192084411374,182.840892259201,24,0,42.7073316132572,-6.96407043464336,95.9021231777064,0.0849866319665477,1.96547735141296e-06,3.29529080729639e-15,43.1975145543741,2324.60828085479,2238.08761579433,856.860011172505,160.002324572405,148.96595762317,147.154293948014,8.18597102544861,-4.36829180948711,0.762425063210859,7,81.8597102544861,147.154293948014,-24.1049273971377,35.1412943463724,4.0800199104,32.6401592832,67.7814536295724,16.0128675758634,11.6445757663763,58.176092251851,407.232645762957,93.1566061310103,115.054013628898,78.1859710254486
E_sinLSTM,E2_lab_nublado,11-02-2025,1,E_sinLSTM_E2_lab_nublado_s1_20260904_013826.mat,-141.026732267705,4.41929458807288,74.7159651775243,91.0950659766528,886.273084225562,3111.66542550678,201.820860285671,157.614850328462,162.9407951472,28,0,59.6570973287874,-5.70950517123161,67.2245912291812,0.0398478177119416,1.96547735141296e-06,3.02887491360048e-15,39.3671637447689,1744.17080816272,1615.33124853832,696.546455056489,116.992983628501,258.019715896205,132.005569965752,12.4397619171984,-7.92758450595911,2.66430281878221,7,124.397619171984,132.005569965752,-48.6416152886105,-92.3851169790943,1.9200093696,15.3600749568,-77.0250420222943,16.0128675758634,8.0852830699043,40.3939296024227,282.757507216959,64.6822645592344,108.825077597207,82.4397619171984
E_sinLSTM,E2_lab_nublado,11-02-2025,2,E_sinLSTM_E2_lab_nublado_s2_20260904_013939.mat,-87.2716681963815,4.53199261767584,75.7875470924384,92.4660610613265,753.70020027722,2979.78756587527,212.351917885294,155.159891495321,158.5207735776,25,0,63.2553357243106,14.8254216989283,58.4327737553344,0,1.96547735141296e-06,2.97164351020356e-15,35.9941534488204,1429.0565202343,1352.37070300476,703.183482816178,119.367491560779,206.63915975716,158.375295000418,7.39546739570415,-6.01699636736841,2.69569749892103,7,73.9546739570415,158.375295000418,-37.5946369648018,-49.6770312315798,0,0,-49.6770312315798,16.0128675758634,9.99587120849499,49.9391937697007,349.574356387905,79.9669696679599,122.575299804899,77.3954673957041
E_sinLSTM,E2_lab_nublado,11-02-2025,3,E_sinLSTM_E2_lab_nublado_s3_20260904_014051.mat,26.1567106952963,4.98931146569075,78.0303638668168,87.23323715352,1424.57782881607,2703.76771929698,217.562184838684,176.466231886547,188.460919684801,25,0,56.7076323499208,-8.21389835802576,70.0230323693248,0.145502404923272,1.96547735141296e-06,3.26176385284012e-15,42.0635878578243,1876.76109087098,2007.60111840275,880.44499405879,222.991871959612,196.835161264316,156.531898397531,-13.2685219939438,-13.1371618995529,1.28355602308674,7,-132.685219939438,156.531898397531,-123.789817626196,149.946528321493,6.9800340624,55.8402724992,205.786800820693,16.0128675758634,2.87570567631046,14.366974123461,100.568818864227,23.0056454104837,88.8028595118576,56.7314780060562
E_sinLSTM,E2_lab_nublado,11-02-2025,4,E_sinLSTM_E2_lab_nublado_s4_20260904_014205.mat,-28.7611672211625,5.22812778371724,70.1268503042872,83.9232026447551,1671.45669416885,3676.44039852798,218.909584697225,162.254436358472,161.1207862656,31,0,58.6504122510855,-7.06741439168472,66.4203597546962,0.0492724053035627,1.96547735141296e-06,3.14232926837358e-15,44.3686435703645,2008.28706063447,2103.13378275515,848.286926757111,233.404352943677,262.16552016484,139.64128042201,-9.69596876720218,-0.199837506328919,1.320219193094,7,-96.9596876720218,139.64128042201,-13.7843174928867,-14.9768497282758,2.3800116144,19.0400929152,4.06324318692415,16.0128675758634,15.8130300695345,79.0016153927101,553.011307748971,126.504240556276,84.2093213595675,60.3040312327978
E_sinLSTM,E2_lab_nublado,11-02-2025,5,E_sinLSTM_E2_lab_nublado_s5_20260904_014317.mat,10.7432308468533,4.7711124548701,84.7984157501996,90.593067796949,1074.67587451908,1870.83447935232,181.655810689622,179.191458803402,182.840892259201,23,0,42.4006435120213,-6.95850375507251,95.93535724974,0.0849866319665477,1.96547735141296e-06,3.2987209694569e-15,42.7712586454057,2285.69512277812,2199.31186853784,854.942600903255,158.709151210988,147.965920364135,147.680947320057,8.17897348195569,-4.36918231068871,0.762694328216999,7,81.7897348195569,147.680947320057,-24.0825515182221,34.8257823650754,4.0800199104,32.6401592832,67.4659416482754,16.0128675758634,11.6436852651747,58.1716433237755,407.201503266428,93.1494821213975,115.455448643248,78.1789734819557
E_sinLSTM_8,E2_lab_nublado,11-02-2025,1,E_sinLSTM_8_E2_lab_nublado_s1_20260904_164855.mat,-141.026732267705,4.41929458807288,74.7159651775243,91.0950659766528,886.273084225562,3111.66542550678,201.820860285671,157.614850328462,162.9407951472,28,0,59.6570973287874,-5.70950517123161,67.2245912291812,0.0398478177119416,1.96547735141296e-06,3.02887491360048e-15,39.3671637447689,1744.17080816272,1615.33124853832,696.546455056489,116.992983628501,258.019715896205,132.005569965752,12.4397619171984,-7.92758450595911,2.66430281878221,7,124.397619171984,132.005569965752,-48.6416152886105,-92.3851169790943,1.9200093696,15.3600749568,-77.0250420222943,16.0128675758634,8.0852830699043,40.3939296024227,282.757507216959,64.6822645592344,108.825077597207,82.4397619171984
E_sinLSTM_8,E2_lab_nublado,11-02-2025,2,E_sinLSTM_8_E2_lab_nublado_s2_20260904_164938.mat,-87.2716681963815,4.53199261767584,75.7875470924384,92.4660610613265,753.70020027722,2979.78756587527,212.351917885294,155.159891495321,158.5207735776,25,0,63.2553357243106,14.8254216989283,58.4327737553344,0,1.96547735141296e-06,2.97164351020356e-15,35.9941534488204,1429.0565202343,1352.37070300476,703.183482816178,119.367491560779,206.63915975716,158.375295000418,7.39546739570415,-6.01699636736841,2.69569749892103,7,73.9546739570415,158.375295000418,-37.5946369648018,-49.6770312315798,0,0,-49.6770312315798,16.0128675758634,9.99587120849499,49.9391937697007,349.574356387905,79.9669696679599,122.575299804899,77.3954673957041
E_sinLSTM_8,E2_lab_nublado,11-02-2025,3,E_sinLSTM_8_E2_lab_nublado_s3_20260904_165022.mat,26.1567106952963,4.98931146569075,78.0303638668168,87.23323715352,1424.57782881607,2703.76771929698,217.562184838684,176.466231886547,188.460919684801,25,0,56.7076323499208,-8.21389835802576,70.0230323693248,0.145502404923272,1.96547735141296e-06,3.26176385284012e-15,42.0635878578243,1876.76109087098,2007.60111840275,880.44499405879,222.991871959612,196.835161264316,156.531898397531,-13.2685219939438,-13.1371618995529,1.28355602308674,7,-132.685219939438,156.531898397531,-123.789817626196,149.946528321493,6.9800340624,55.8402724992,205.786800820693,16.0128675758634,2.87570567631046,14.366974123461,100.568818864227,23.0056454104837,88.8028595118576,56.7314780060562
E_sinLSTM_8,E2_lab_nublado,11-02-2025,4,E_sinLSTM_8_E2_lab_nublado_s4_20260904_165105.mat,-28.7611672211625,5.22812778371724,70.1268503042872,83.9232026447551,1671.45669416885,3676.44039852798,218.909584697225,162.254436358472,161.1207862656,31,0,58.6504122510855,-7.06741439168472,66.4203597546962,0.0492724053035627,1.96547735141296e-06,3.14232926837358e-15,44.3686435703645,2008.28706063447,2103.13378275515,848.286926757111,233.404352943677,262.16552016484,139.64128042201,-9.69596876720218,-0.199837506328919,1.320219193094,7,-96.9596876720218,139.64128042201,-13.7843174928867,-14.9768497282758,2.3800116144,19.0400929152,4.06324318692415,16.0128675758634,15.8130300695345,79.0016153927101,553.011307748971,126.504240556276,84.2093213595675,60.3040312327978
E_sinLSTM_8,E2_lab_nublado,11-02-2025,5,E_sinLSTM_8_E2_lab_nublado_s5_20260904_165149.mat,11.0363669492347,4.78179610437144,84.6971327506765,90.482505058838,1087.30992674213,1883.29921490662,182.662899658577,179.192084411374,182.840892259201,24,0,42.7073316132572,-6.96407043464336,95.9021231777064,0.0849866319665477,1.96547735141296e-06,3.29529080729639e-15,43.1975145543741,2324.60828085479,2238.08761579433,856.860011172505,160.002324572405,148.96595762317,147.154293948014,8.18597102544861,-4.36829180948711,0.762425063210859,7,81.8597102544861,147.154293948014,-24.1049273971377,35.1412943463724,4.0800199104,32.6401592832,67.7814536295724,16.0128675758634,11.6445757663763,58.176092251851,407.232645762957,93.1566061310103,115.054013628898,78.1859710254486
A,E3_finde_soleado,13-07-2025,1,A_E3_finde_soleado_s1_20260902_012427.mat,-20.4464314039621,0.420470910873864,28.4954844042059,99.774437910451,2.48636118168808,3201.84493628282,23.9450601546848,15.8836597729157,14.1200689056,3,0,86.186214185539,55.2982557948307,11.5403756900962,0,26.0255260096338,2.55179656642815e-15,21.6397958356963,238.073696579674,61.9059490789325,6.6786168927284,0.0610280981242167,20.5074595020863,24.5451459641847,17.2689366231252,0.0234158336443642,1.71944707382263,1,172.689366231252,24.5451459641847,4.00214379970268,-24.4485752036648,0,0,-24.4485752036648,16.0128675758634,16.0362834095078,80.1169850860674,560.818895602472,128.290267276062,21.4202878755379,87.2689366231252
A,E3_finde_soleado,13-07-2025,2,A_E3_finde_soleado_s2_20260902_012448.mat,-7.51237632916695,0.726525112346866,41.8573741476322,94.504097661372,98.6509164325234,2603.52329662576,38.1432966153327,28.3988735467522,25.5401246352,4,0,75.1745748615337,18.4816698581997,24.0205553176468,0,26.0255260096338,3.20022425461977e-15,40.4277728267034,211.78710634798,33.8278247524671,20.6324947940786,9.48212866782365,16.9945049969906,96.1179988055089,17.4456634196015,-0.199130095014183,3.02428084464616,1,174.456634196015,96.1179988055089,13.4985395414256,-21.0109158705925,0,0,-21.0109158705925,16.0128675758634,15.8137374808492,79.0051496069857,553.0360472489,126.509899846794,84.0510217211218,87.4456634196014
A,E3_finde_soleado,13-07-2025,3,A_E3_finde_soleado_s3_20260902_012508.mat,10.9308913201929,2.09574308438339,25.6867366485215,82.4604073368832,209.524796907086,3327.61566144472,24.3519604617244,19.7434081706495,29.2201425936001,6,0,74.1943477940922,1.79023689624654,20.9384150646405,0,26.0255260096338,2.44130446017344e-15,35.3907940880314,204.345907709824,39.1966503683702,41.3771111357971,26.042555599798,15.1116642796051,124.293429628506,16.1997798483317,-10.8885001117757,1.52320572737255,1,161.997798483317,124.293429628506,-68.9862651250224,79.9171564452153,0,0,79.9171564452153,16.0128675758634,5.1243674640877,25.6012481952291,179.208737366604,40.9949397127016,107.140662705714,86.1997798483317
A,E3_finde_soleado,13-07-2025,4,A_E3_finde_soleado_s4_20260902_012528.mat,16.1946480164895,2.26786306145407,31.2131600100587,85.8973369724607,200.78012393243,3080.15225988951,30.4503316802011,20.3370143441775,19.9200972096,5,0,84.0536741931763,54.5141671831983,8.59943750651034,0,26.0255260096338,2.86348190702511e-15,34.5794608858694,219.949897100394,45.2036439899597,46.1215636114218,23.0579856618695,6.86333764538004,114.841973449669,17.1310133997001,-1.93199655350582,2.34402721309283,1,171.310133997001,114.841973449669,2.25026204608196,13.9443859704075,0,0,13.9443859704075,16.0128675758634,14.0808710223576,70.3477797747208,492.434458423046,112.646968178861,100.062975274911,87.1310133997
A,E3_finde_soleado,13-07-2025,5,A_E3_finde_soleado_s5_20260902_012548.mat,28.3380079193919,3.23021253737801,21.7992176739466,73.592834849929,322.848853344511,3501.6918416654,24.8016514169207,17.5931095157333,17.2400841312,5,0,83.1104450739772,37.4397165675882,17.3910024189535,0,26.0255260096338,2.432793218068e-15,27.3538500711797,208.909205572277,132.510691707858,56.829482929186,41.1404217435147,12.8024138241228,127.429356856392,7.51838357928028,-1.62506312207694,1.97395391685173,1,75.1838357928028,127.429356856392,-4.37793991964946,32.7159478390413,0,0,32.7159478390413,16.0128675758634,14.3878044537865,71.8812137082733,503.168495957913,115.102435630292,98.7811776405478,77.5183835792803
A,E3_finde_soleado,13-07-2025,6,A_E3_finde_soleado_s6_20260902_012608.mat,-25.5078143678804,0.386005036372363,32.59885024349,99.6911750317573,3.95821371984373,3018.10351764994,29.1119040729962,17.9439163061189,16.300079544,5,0,86.9250674787529,74.2872845378731,0,0,26.0255260096338,3.4078494029775e-15,24.7786483952732,225.351596154009,43.3762199964353,6.92644206640607,0.1030375852006,25.610851953081,26.031334458784,17.8328886448371,-0.0946858249127001,1.71921533798292,1,178.328886448371,26.031334458784,3.42043839881846,-28.9282527666988,0,0,-28.9282527666988,16.0128675758634,15.9181817509507,79.5269513123038,556.688659186126,127.345454007606,22.8640730079489,87.8328886448371
A,E3_finde_soleado,13-07-2025,7,A_E3_finde_soleado_s7_20260902_012629.mat,-21.1804142028558,0.382987687467643,35.0830245249314,99.7710252434382,3.30034483909274,2906.86661495082,33.7929463732243,20.7355245331377,15.5600759328,4,0,88.6556659300983,68.1768173166901,0.810175808150369,0,26.0255260096338,3.08587469759791e-15,26.778625247393,209.573838048112,76.6756052152436,7.941450589375,0.0792030322274524,21.2596172350833,23.9984111021638,13.0555194741246,3.40295143553696,1.71166660299062,1,130.555194741246,23.9984111021638,30.0434169957268,-51.2238311985827,0,0,-51.2238311985827,16.0128675758634,19.4158190114004,97.0010845061446,679.007591543012,155.326552091203,19.9320050064382,83.0555194741246
A,E3_finde_soleado,13-07-2025,8,A_E3_finde_soleado_s8_20260902_012649.mat,6.62056164845619,1.67889084207555,30.9713191135476,86.3453891821571,225.740734979137,3090.98146477857,32.893906889126,20.9527258241883,18.8800921344,7,0,85.366390965614,61.1592082190964,1.96525503177047,0,26.0255260096338,3.39259722259012e-15,32.5204569391558,223.005518649398,263.644079142725,35.1773395027496,27.134114235965,20.5135525875088,120.20034504837,-4.03901029637264,-0.200118466058239,2.24841094900594,1,-40.3901029637264,120.20034504837,-5.97036160996711,12.5909232584233,0,0,12.5909232584233,16.0128675758634,15.8127491098052,79.0002117229277,553.001482060494,126.501992878441,79.2853372210799,65.9609897036273
A,E3_finde_soleado,13-07-2025,9,A_E3_finde_soleado_s9_20260902_012709.mat,4.56825848193201,1.01558566557914,49.0087367881877,94.6503946815107,114.109564065908,2283.29800641302,59.6929748680189,37.1485160865182,35.5201733376,6,0,79.141629105089,52.9917804454955,15.8123169870719,0,26.0255260096338,3.4576875244224e-15,49.6221108551984,204.437561727337,28.8504033490574,37.7275004350041,13.7141665740351,9.14590809210313,120.18419916243,17.2150479848223,-0.200043146083626,1.80927181031826,1,172.150479848223,120.18419916243,17.0204456317191,-12.4521871497871,0,0,-12.4521871497871,16.0128675758634,15.8128244297798,79.0005880201737,553.004116141216,126.502595438238,104.818706969688,87.2150479848223
A,E3_finde_soleado,13-07-2025,10,A_E3_finde_soleado_s10_20260902_012730.mat,4.6550331454973,1.37119900588297,37.0069935759345,88.6352299561295,198.017389005304,2820.71470535196,43.0205379341661,28.1644791101963,26.3201284416,5,0,78.1736024087942,53.070308747866,29.361928681381,0,26.0255260096338,3.36787625135729e-15,42.8351523709216,246.029633673741,133.284138483317,38.6191057571129,23.4169409085364,18.7619077630391,118.256992611437,11.0805508108297,-0.199648373350817,2.02233084437044,1,110.805508108297,118.256992611437,10.195986551496,-5.54095340599867,0,0,-5.54095340599867,16.0128675758634,15.8132192025126,79.0025602976858,553.017922083801,126.505753620101,95.8834209816756,81.0805508108297
A_8,E3_finde_soleado,13-07-2025,1,A_8_E3_finde_soleado_s1_20260904_181350.mat,-20.4464314039621,0.420470910873864,28.4954844042059,99.774437910451,2.48636118168808,3201.84493628282,23.9450601546848,15.8836597729157,14.1200689056,3,0,86.186214185539,55.2982557948307,11.5403756900962,0,25.0817057259878,2.55179656642815e-15,21.6397958356963,238.073696579674,61.9059490789325,6.6786168927284,0.0610280981242167,20.5074595020863,24.5451459641847,17.2689366231252,0.0234158336443642,1.71944707382263,1,172.689366231252,24.5451459641847,4.00214379970268,-24.4485752036648,0,0,-24.4485752036648,16.0128675758634,16.0362834095078,80.1169850860674,560.818895602472,128.290267276062,21.4202878755379,87.2689366231252
A_8,E3_finde_soleado,13-07-2025,2,A_8_E3_finde_soleado_s2_20260904_181405.mat,-7.51237632916695,0.726525112346866,41.8573741476322,94.504097661372,98.6509164325234,2603.52329662576,38.1432966153327,28.3988735467522,25.5401246352,4,0,75.1745748615337,18.4816698581997,24.0205553176468,0,25.0817057259878,3.20022425461977e-15,40.4277728267034,211.78710634798,33.8278247524671,20.6324947940786,9.48212866782365,16.9945049969906,96.1179988055089,17.4456634196015,-0.199130095014183,3.02428084464616,1,174.456634196015,96.1179988055089,13.4985395414256,-21.0109158705925,0,0,-21.0109158705925,16.0128675758634,15.8137374808492,79.0051496069857,553.0360472489,126.509899846794,84.0510217211218,87.4456634196014
A_8,E3_finde_soleado,13-07-2025,3,A_8_E3_finde_soleado_s3_20260904_181421.mat,10.9308913201929,2.09574308438339,25.6867366485215,82.4604073368832,209.524796907086,3327.61566144472,24.3519604617244,19.7434081706495,29.2201425936001,6,0,74.1943477940922,1.79023689624654,20.9384150646405,0,25.0817057259878,2.44130446017344e-15,35.3907940880314,204.345907709824,39.1966503683702,41.3771111357971,26.042555599798,15.1116642796051,124.293429628506,16.1997798483317,-10.8885001117757,1.52320572737255,1,161.997798483317,124.293429628506,-68.9862651250224,79.9171564452153,0,0,79.9171564452153,16.0128675758634,5.1243674640877,25.6012481952291,179.208737366604,40.9949397127016,107.140662705714,86.1997798483317
A_8,E3_finde_soleado,13-07-2025,4,A_8_E3_finde_soleado_s4_20260904_181437.mat,16.1946480164895,2.26786306145407,31.2131600100587,85.8973369724607,200.78012393243,3080.15225988951,30.4503316802011,20.3370143441775,19.9200972096,5,0,84.0536741931763,54.5141671831983,8.59943750651034,0,25.0817057259878,2.86348190702511e-15,34.5794608858694,219.949897100394,45.2036439899597,46.1215636114218,23.0579856618695,6.86333764538004,114.841973449669,17.1310133997001,-1.93199655350582,2.34402721309283,1,171.310133997001,114.841973449669,2.25026204608196,13.9443859704075,0,0,13.9443859704075,16.0128675758634,14.0808710223576,70.3477797747208,492.434458423046,112.646968178861,100.062975274911,87.1310133997
A_8,E3_finde_soleado,13-07-2025,5,A_8_E3_finde_soleado_s5_20260904_181453.mat,28.3380079193919,3.23021253737801,21.7992176739466,73.592834849929,322.848853344511,3501.6918416654,24.8016514169207,17.5931095157333,17.2400841312,5,0,83.1104450739772,37.4397165675882,17.3910024189535,0,25.0817057259878,2.432793218068e-15,27.3538500711797,208.909205572277,132.510691707858,56.829482929186,41.1404217435147,12.8024138241228,127.429356856392,7.51838357928028,-1.62506312207694,1.97395391685173,1,75.1838357928028,127.429356856392,-4.37793991964946,32.7159478390413,0,0,32.7159478390413,16.0128675758634,14.3878044537865,71.8812137082733,503.168495957913,115.102435630292,98.7811776405478,77.5183835792803
A_8,E3_finde_soleado,13-07-2025,6,A_8_E3_finde_soleado_s6_20260904_181509.mat,-25.5078143678804,0.386005036372363,32.59885024349,99.6911750317573,3.95821371984373,3018.10351764994,29.1119040729962,17.9439163061189,16.300079544,5,0,86.9250674787529,74.2872845378731,0,0,25.0817057259878,3.4078494029775e-15,24.7786483952732,225.351596154009,43.3762199964353,6.92644206640607,0.1030375852006,25.610851953081,26.031334458784,17.8328886448371,-0.0946858249127001,1.71921533798292,1,178.328886448371,26.031334458784,3.42043839881846,-28.9282527666988,0,0,-28.9282527666988,16.0128675758634,15.9181817509507,79.5269513123038,556.688659186126,127.345454007606,22.8640730079489,87.8328886448371
A_8,E3_finde_soleado,13-07-2025,7,A_8_E3_finde_soleado_s7_20260904_181524.mat,-21.1804142028558,0.382987687467643,35.0830245249314,99.7710252434382,3.30034483909274,2906.86661495082,33.7929463732243,20.7355245331377,15.5600759328,4,0,88.6556659300983,68.1768173166901,0.810175808150369,0,25.0817057259878,3.08587469759791e-15,26.778625247393,209.573838048112,76.6756052152436,7.941450589375,0.0792030322274524,21.2596172350833,23.9984111021638,13.0555194741246,3.40295143553696,1.71166660299062,1,130.555194741246,23.9984111021638,30.0434169957268,-51.2238311985827,0,0,-51.2238311985827,16.0128675758634,19.4158190114004,97.0010845061446,679.007591543012,155.326552091203,19.9320050064382,83.0555194741246
A_8,E3_finde_soleado,13-07-2025,8,A_8_E3_finde_soleado_s8_20260904_181540.mat,6.62056164845619,1.67889084207555,30.9713191135476,86.3453891821571,225.740734979137,3090.98146477857,32.893906889126,20.9527258241883,18.8800921344,7,0,85.366390965614,61.1592082190964,1.96525503177047,0,25.0817057259878,3.39259722259012e-15,32.5204569391558,223.005518649398,263.644079142725,35.1773395027496,27.134114235965,20.5135525875088,120.20034504837,-4.03901029637264,-0.200118466058239,2.24841094900594,1,-40.3901029637264,120.20034504837,-5.97036160996711,12.5909232584233,0,0,12.5909232584233,16.0128675758634,15.8127491098052,79.0002117229277,553.001482060494,126.501992878441,79.2853372210799,65.9609897036273
A_8,E3_finde_soleado,13-07-2025,9,A_8_E3_finde_soleado_s9_20260904_181556.mat,4.56825848193201,1.01558566557914,49.0087367881877,94.6503946815107,114.109564065908,2283.29800641302,59.6929748680189,37.1485160865182,35.5201733376,6,0,79.141629105089,52.9917804454955,15.8123169870719,0,25.0817057259878,3.4576875244224e-15,49.6221108551984,204.437561727337,28.8504033490574,37.7275004350041,13.7141665740351,9.14590809210313,120.18419916243,17.2150479848223,-0.200043146083626,1.80927181031826,1,172.150479848223,120.18419916243,17.0204456317191,-12.4521871497871,0,0,-12.4521871497871,16.0128675758634,15.8128244297798,79.0005880201737,553.004116141216,126.502595438238,104.818706969688,87.2150479848223
A_8,E3_finde_soleado,13-07-2025,10,A_8_E3_finde_soleado_s10_20260904_181612.mat,4.6550331454973,1.37119900588297,37.0069935759345,88.6352299561295,198.017389005304,2820.71470535196,43.0205379341661,28.1644791101963,26.3201284416,5,0,78.1736024087942,53.070308747866,29.361928681381,0,25.0817057259878,3.36787625135729e-15,42.8351523709216,246.029633673741,133.284138483317,38.6191057571129,23.4169409085364,18.7619077630391,118.256992611437,11.0805508108297,-0.199648373350817,2.02233084437044,1,110.805508108297,118.256992611437,10.195986551496,-5.54095340599867,0,0,-5.54095340599867,16.0128675758634,15.8132192025126,79.0025602976858,553.017922083801,126.505753620101,95.8834209816756,81.0805508108297
A_8_semana,E3_finde_soleado,13-07-2025,1,A_8_semana_E3_finde_soleado_s1_20260904_150137.mat,-846.320824290809,3.32159666274495,31.6854191097108,91.4228325637591,910.795008417565,21319.3599280021,274.048444408265,171.070289946091,174.5808519504,36,0,78.2587263487791,29.9813863442752,30.5989904117222,0,17.737791637239,2.85549179811162e-15,35.7836709926075,451.583994164599,271.353513549902,568.226504179745,106.852222178316,953.173046469125,117.317531596889,17.6560677868956,-5.43607867161908,1.96693437018826,7,176.560677868956,117.317531596889,-24.8463327587592,-821.47449153205,0,0,-821.47449153205,16.0128675758634,10.5767889042443,52.8414481872665,369.890137310865,84.6143112339546,102.835935022482,87.6560677868956
A_8_semana,E3_finde_soleado,13-07-2025,2,A_8_semana_E3_finde_soleado_s2_20260904_150220.mat,-948.799056942025,3.06192343229802,30.030920203402,93.8963675766373,597.383481026948,21835.6897835673,256.717741641443,153.776566446536,164.5408029552,35,0,82.8464980343029,11.6614698467509,19.1601865737656,0,17.737791637239,2.87629368506381e-15,33.1027891818962,492.202760775149,310.225229945382,470.852072140984,70.1958426381999,1018.99489958023,117.505496666108,17.823188405001,-13.6786979209141,3.04114634980084,7,178.23188405001,117.505496666108,-90.5806799159833,-858.218377026042,0,0,-858.218377026042,16.0128675758634,2.33416965494932,11.6614698467509,81.630288927256,18.6733572395946,103.197073723309,87.823188405001
A_8_semana,E3_finde_soleado,13-07-2025,3,A_8_semana_E3_finde_soleado_s3_20260904_150302.mat,-877.79417171059,3.04029811266531,31.7458405684457,88.6874668744119,1251.96715469247,21300.5038242339,283.33065135038,172.19492982023,169.5608274528,33,0,80.9861994747799,33.4909574690402,20.8956334397595,0,17.737791637239,3.06174879314043e-15,34.3529524587426,729.898735584029,637.888474317025,523.52392014298,141.37272518206,1019.16689689265,112.920474512596,9.02477286720614,-0.199215208808084,2.80246712897101,7,90.2477286720614,112.920474512596,7.57801304033523,-885.372184750926,0,0,-885.372184750926,16.0128675758634,15.8136523670553,79.0047243799937,553.033070659956,126.509218936443,89.2351485041507,79.0247728672061
A_8_semana,E3_finde_soleado,13-07-2025,4,A_8_semana_E3_finde_soleado_s4_20260904_150345.mat,-905.391977559702,3.07749601480347,29.6364621556761,89.5014476355431,1069.15687815371,21958.7907817198,259.546358919805,155.554649796165,155.5407590352,39,0,80.2163021591483,33.9747743519114,24.4992981162399,0,17.737791637239,2.94308716243168e-15,33.0397932543101,627.415699159637,493.272615806791,478.718814831849,101.678137067981,1007.07011462768,95.1012327054995,13.1571049069511,-1.81202595642571,1.82591048066203,7,131.571049069511,95.1012327054995,-3.23489559202605,-902.157081967676,0,0,-902.157081967676,16.0128675758634,14.2008416194377,70.9471507319175,496.630055123423,113.606732955502,79.0834318487158,83.157104906951
A_8_semana,E3_finde_soleado,13-07-2025,5,A_8_semana_E3_finde_soleado_s5_20260904_150428.mat,-845.963279923121,2.88981349547202,36.7299259103046,95.9231060018586,482.118414431046,19745.0890367874,319.140868011962,189.156977616972,183.980897822401,34,0,79.7723811804982,38.6264185986937,23.8509856961215,0,17.737791637239,3.09017921355777e-15,36.0487168506666,540.845977584273,421.819467444466,546.628386680224,54.906005746114,900.869285669235,113.884896537106,11.6858860612336,3.40363705880187,1.71171577158808,7,116.858860612336,113.884896537106,39.2067097956669,-885.169989718788,0,0,-885.169989718788,16.0128675758634,19.4165046346653,97.0045098677129,679.03156907399,155.332037077322,93.0278868262539,81.6858860612336
A_factor3,E3_finde_soleado,13-07-2025,1,A_factor3_E3_finde_soleado_s1_20260903_211704.mat,75.3708486633638,2.92860388044996,77.8017252430418,86.2679491545233,3918.19958799425,6927.55489614,14.7925028426913,323.043302482977,540.042635395199,24,0,4.61748293926525,-50.0674483543283,94.0231580304927,10.407059512137,17.737791637239,3.35687563658274e-15,68.7111959140279,2618.43009772368,2953.40201466551,946.065869205015,368.948459066232,293.577610402868,94.1627527593859,-33.7061663596173,-16.0081000798446,-198.439826929847,7,-337.061663596173,94.1627527593859,-156.629589323243,232.000437986607,501.702448295998,4013.61958636798,4245.62002435459,16.0128675758634,0.00476749601882768,0.0238183248377766,0.166728273864436,0.0381399681506214,34.1752728376964,36.2938336403827
A_factorB,E3_finde_soleado,13-07-2025,1,A_factorB_E3_finde_soleado_s1_20260903_213753.mat,-239.293171281687,3.60009045251252,54.9787241042237,85.4062391326887,2927.32127086463,14050.0720743846,358.004707015581,236.252047579286,234.081142310401,35,0,72.2194847905038,3.7558956074517,37.5341641300196,0,17.737791637239,3.73003271996933e-15,48.7132131064598,1694.66791689934,1668.50876708649,850.528740876722,344.358573362423,583.65174464411,117.636071171891,2.44294631081932,0.418947174096978,1.72654541071074,7,24.4294631081932,117.636071171891,5.93798484757367,-245.231156129261,0,0,-245.231156129261,16.0128675758634,16.4318147499604,82.0930525884244,574.651368118971,131.454517999683,85.2190358812098,72.4429463108193
A_semana,E3_finde_soleado,13-07-2025,1,A_semana_E3_finde_soleado_s1_20260903_110319.mat,-846.320824290809,3.32159666274495,31.6854191097108,91.4228325637591,910.795008417565,21319.3599280021,274.048444408265,171.070289946091,174.5808519504,36,0,78.2587263487791,29.9813863442752,30.5989904117222,0,17.737791637239,2.85549179811162e-15,35.7836709926075,451.583994164599,271.353513549902,568.226504179745,106.852222178316,953.173046469125,117.317531596889,17.6560677868956,-5.43607867161908,1.96693437018826,7,176.560677868956,117.317531596889,-24.8463327587592,-821.47449153205,0,0,-821.47449153205,16.0128675758634,10.5767889042443,52.8414481872665,369.890137310865,84.6143112339546,102.835935022482,87.6560677868956
A_semana,E3_finde_soleado,13-07-2025,2,A_semana_E3_finde_soleado_s2_20260903_110401.mat,-948.799056942025,3.06192343229802,30.030920203402,93.8963675766373,597.383481026948,21835.6897835673,256.717741641443,153.776566446536,164.5408029552,35,0,82.8464980343029,11.6614698467509,19.1601865737656,0,17.737791637239,2.87629368506381e-15,33.1027891818962,492.202760775149,310.225229945382,470.852072140984,70.1958426381999,1018.99489958023,117.505496666108,17.823188405001,-13.6786979209141,3.04114634980084,7,178.23188405001,117.505496666108,-90.5806799159833,-858.218377026042,0,0,-858.218377026042,16.0128675758634,2.33416965494932,11.6614698467509,81.630288927256,18.6733572395946,103.197073723309,87.823188405001
A_semana,E3_finde_soleado,13-07-2025,3,A_semana_E3_finde_soleado_s3_20260903_110444.mat,-877.79417171059,3.04029811266531,31.7458405684457,88.6874668744119,1251.96715469247,21300.5038242339,283.33065135038,172.19492982023,169.5608274528,33,0,80.9861994747799,33.4909574690402,20.8956334397595,0,17.737791637239,3.06174879314043e-15,34.3529524587426,729.898735584029,637.888474317025,523.52392014298,141.37272518206,1019.16689689265,112.920474512596,9.02477286720614,-0.199215208808084,2.80246712897101,7,90.2477286720614,112.920474512596,7.57801304033523,-885.372184750926,0,0,-885.372184750926,16.0128675758634,15.8136523670553,79.0047243799937,553.033070659956,126.509218936443,89.2351485041507,79.0247728672061
A_semana,E3_finde_soleado,13-07-2025,4,A_semana_E3_finde_soleado_s4_20260903_110527.mat,-905.391977559702,3.07749601480347,29.6364621556761,89.5014476355431,1069.15687815371,21958.7907817198,259.546358919805,155.554649796165,155.5407590352,39,0,80.2163021591483,33.9747743519114,24.4992981162399,0,17.737791637239,2.94308716243168e-15,33.0397932543101,627.415699159637,493.272615806791,478.718814831849,101.678137067981,1007.07011462768,95.1012327054995,13.1571049069511,-1.81202595642571,1.82591048066203,7,131.571049069511,95.1012327054995,-3.23489559202605,-902.157081967676,0,0,-902.157081967676,16.0128675758634,14.2008416194377,70.9471507319175,496.630055123423,113.606732955502,79.0834318487158,83.157104906951
A_semana,E3_finde_soleado,13-07-2025,5,A_semana_E3_finde_soleado_s5_20260903_110609.mat,-845.963279923121,2.88981349547202,36.7299259103046,95.9231060018586,482.118414431046,19745.0890367874,319.140868011962,189.156977616972,183.980897822401,34,0,79.7723811804982,38.6264185986937,23.8509856961215,0,17.737791637239,3.09017921355777e-15,36.0487168506666,540.845977584273,421.819467444466,546.628386680224,54.906005746114,900.869285669235,113.884896537106,11.6858860612336,3.40363705880187,1.71171577158808,7,116.858860612336,113.884896537106,39.2067097956669,-885.169989718788,0,0,-885.169989718788,16.0128675758634,19.4165046346653,97.0045098677129,679.03156907399,155.332037077322,93.0278868262539,81.6858860612336
A_semana_s6a10,E3_finde_soleado,13-07-2025,6,A_semana_s6a10_E3_finde_soleado_s6_20260903_120205.mat,-942.200197573799,2.71896485956405,32.6394953786482,96.8940068420118,321.656584175152,21021.615359988,254.717726617999,157.956570551387,160.0207808976,27,0,83.1550043340723,27.5511179100028,15.6109199554895,0,17.737791637239,2.98387556611301e-15,30.6894333838734,532.772018048687,381.101134652099,429.478364666471,37.5179317924689,979.718129366268,116.639713403284,14.8694414224083,-5.08094700985338,3.04111489430279,7,148.694414224083,116.639713403284,-25.0382696050375,-917.161927968762,0,0,-917.161927968762,16.0128675758634,10.93192056601,54.6156796174995,382.309757322497,87.4553645280802,98.9914732420647,84.8694414224083
A_semana_s6a10,E3_finde_soleado,13-07-2025,7,A_semana_s6a10_E3_finde_soleado_s7_20260903_120248.mat,-812.317982721234,3.27241554301704,34.9640816227345,94.5190052462547,624.74527813042,20296.1671441679,290.922872848514,180.696687968034,177.8208677616,33,0,73.8411635381504,20.9373563960398,36.4385971584042,0,17.737791637239,3.07930523088077e-15,38.0407770489797,388.923525577461,251.11009147232,591.314650278295,76.9192546990196,889.237237420253,123.12098609085,13.527809630734,-0.198991707381623,3.04113573751805,7,135.27809630734,123.12098609085,13.3980816934144,-825.716064414648,0,0,-825.716064414648,16.0128675758634,15.8138758684818,79.0058409891227,553.040886923859,126.511006947854,102.840262877448,83.527809630734
A_semana_s6a10,E3_finde_soleado,13-07-2025,8,A_semana_s6a10_E3_finde_soleado_s8_20260903_120331.mat,-886.444304887239,2.99302985641572,34.9799242642461,97.7849889214407,243.975530909071,20291.2230316198,285.364594959637,175.636171110377,172.760843068801,31,0,77.3744112044596,22.4387819679342,35.4683606673931,0,17.737791637239,2.9726260283018e-15,34.173058576292,444.717902902805,298.979474221679,525.684303999896,25.6803476192877,912.124652506527,105.25788190152,14.3005375729985,-0.199407866782991,3.04105847336405,7,143.005375729985,105.25788190152,11.9519357206184,-898.396240607857,0,0,-898.396240607857,16.0128675758634,15.8134597090804,79.0037618641969,553.026333049379,126.507677672643,88.7329602809333,84.3005375729985
A_semana_s6a10,E3_finde_soleado,13-07-2025,9,A_semana_s6a10_E3_finde_soleado_s9_20260903_120414.mat,-897.989593216522,2.89950860782759,31.7433157298538,88.8434687049341,1227.41538416637,21301.2917664565,270.039122459175,174.996110849881,172.1208399456,34,0,76.5451687014468,-0.0779570846499951,24.2871622236074,0.000496030925874792,17.737791637239,2.95304894237143e-15,39.0166352238174,600.677239292107,468.691387386248,507.40272974558,141.216828999,1039.20642221552,115.052190823657,12.9486031457397,-0.199414591018195,3.04100344524441,7,129.486031457397,115.052190823657,11.8125697120655,-909.802162928588,0,0,-909.802162928588,16.0128675758634,15.8134529848452,79.0037282700382,553.026097890267,126.507623878762,95.4341851767947,82.9486031457397
A_semana_s6a10,E3_finde_soleado,13-07-2025,10,A_semana_s6a10_E3_finde_soleado_s10_20260903_120456.mat,-851.012713340934,3.19240721641235,32.4288669995414,91.7239005815788,894.691691828918,21087.3474799353,293.323675783353,178.295252541282,173.420846289601,39,0,78.2523680134537,32.1864195841518,29.1897665513119,0,17.737791637239,2.93798003563168e-15,38.0029133549713,513.519950066008,309.096144032817,569.191050864853,107.702419057046,958.71513239798,120.379366479734,20.0000395141305,1.79031599016241,3.02691792721726,7,200.000395141305,120.379366479734,35.9908566978254,-887.003570038759,0,0,-887.003570038759,16.0128675758634,17.8031835660258,88.9443866649394,622.610706654576,142.425468528206,108.34147739862,90.0000395141305
A_umbral8,E3_finde_soleado,13-07-2025,1,A_umbral8_E3_finde_soleado_s1_20260903_234228.mat,-20.4464314039621,0.420470910873864,28.4954844042059,99.774437910451,2.48636118168808,3201.84493628282,23.9450601546848,15.8836597729157,14.1200689056,3,0,86.186214185539,55.2982557948307,11.5403756900962,0,25.0817057259878,2.55179656642815e-15,21.6397958356963,238.073696579674,61.9059490789325,6.6786168927284,0.0610280981242167,20.5074595020863,24.5451459641847,17.2689366231252,0.0234158336443642,1.71944707382263,1,172.689366231252,24.5451459641847,4.00214379970268,-24.4485752036648,0,0,-24.4485752036648,16.0128675758634,16.0362834095078,80.1169850860674,560.818895602472,128.290267276062,21.4202878755379,87.2689366231252
A_umbral8,E3_finde_soleado,13-07-2025,2,A_umbral8_E3_finde_soleado_s2_20260903_234241.mat,-7.51237632916695,0.726525112346866,41.8573741476322,94.504097661372,98.6509164325234,2603.52329662576,38.1432966153327,28.3988735467522,25.5401246352,4,0,75.1745748615337,18.4816698581997,24.0205553176468,0,25.0817057259878,3.20022425461977e-15,40.4277728267034,211.78710634798,33.8278247524671,20.6324947940786,9.48212866782365,16.9945049969906,96.1179988055089,17.4456634196015,-0.199130095014183,3.02428084464616,1,174.456634196015,96.1179988055089,13.4985395414256,-21.0109158705925,0,0,-21.0109158705925,16.0128675758634,15.8137374808492,79.0051496069857,553.0360472489,126.509899846794,84.0510217211218,87.4456634196014
A_umbral8,E3_finde_soleado,13-07-2025,3,A_umbral8_E3_finde_soleado_s3_20260903_234254.mat,10.9308913201929,2.09574308438339,25.6867366485215,82.4604073368832,209.524796907086,3327.61566144472,24.3519604617244,19.7434081706495,29.2201425936001,6,0,74.1943477940922,1.79023689624654,20.9384150646405,0,25.0817057259878,2.44130446017344e-15,35.3907940880314,204.345907709824,39.1966503683702,41.3771111357971,26.042555599798,15.1116642796051,124.293429628506,16.1997798483317,-10.8885001117757,1.52320572737255,1,161.997798483317,124.293429628506,-68.9862651250224,79.9171564452153,0,0,79.9171564452153,16.0128675758634,5.1243674640877,25.6012481952291,179.208737366604,40.9949397127016,107.140662705714,86.1997798483317
A_umbral8,E3_finde_soleado,13-07-2025,4,A_umbral8_E3_finde_soleado_s4_20260903_234307.mat,16.1946480164895,2.26786306145407,31.2131600100587,85.8973369724607,200.78012393243,3080.15225988951,30.4503316802011,20.3370143441775,19.9200972096,5,0,84.0536741931763,54.5141671831983,8.59943750651034,0,25.0817057259878,2.86348190702511e-15,34.5794608858694,219.949897100394,45.2036439899597,46.1215636114218,23.0579856618695,6.86333764538004,114.841973449669,17.1310133997001,-1.93199655350582,2.34402721309283,1,171.310133997001,114.841973449669,2.25026204608196,13.9443859704075,0,0,13.9443859704075,16.0128675758634,14.0808710223576,70.3477797747208,492.434458423046,112.646968178861,100.062975274911,87.1310133997
A_umbral8,E3_finde_soleado,13-07-2025,5,A_umbral8_E3_finde_soleado_s5_20260903_234320.mat,28.3380079193919,3.23021253737801,21.7992176739466,73.592834849929,322.848853344511,3501.6918416654,24.8016514169207,17.5931095157333,17.2400841312,5,0,83.1104450739772,37.4397165675882,17.3910024189535,0,25.0817057259878,2.432793218068e-15,27.3538500711797,208.909205572277,132.510691707858,56.829482929186,41.1404217435147,12.8024138241228,127.429356856392,7.51838357928028,-1.62506312207694,1.97395391685173,1,75.1838357928028,127.429356856392,-4.37793991964946,32.7159478390413,0,0,32.7159478390413,16.0128675758634,14.3878044537865,71.8812137082733,503.168495957913,115.102435630292,98.7811776405478,77.5183835792803
A_umbral8,E3_finde_soleado,13-07-2025,6,A_umbral8_E3_finde_soleado_s6_20260903_234333.mat,-25.5078143678804,0.386005036372363,32.59885024349,99.6911750317573,3.95821371984373,3018.10351764994,29.1119040729962,17.9439163061189,16.300079544,5,0,86.9250674787529,74.2872845378731,0,0,25.0817057259878,3.4078494029775e-15,24.7786483952732,225.351596154009,43.3762199964353,6.92644206640607,0.1030375852006,25.610851953081,26.031334458784,17.8328886448371,-0.0946858249127001,1.71921533798292,1,178.328886448371,26.031334458784,3.42043839881846,-28.9282527666988,0,0,-28.9282527666988,16.0128675758634,15.9181817509507,79.5269513123038,556.688659186126,127.345454007606,22.8640730079489,87.8328886448371
A_umbral8,E3_finde_soleado,13-07-2025,7,A_umbral8_E3_finde_soleado_s7_20260903_234346.mat,-21.1804142028558,0.382987687467643,35.0830245249314,99.7710252434382,3.30034483909274,2906.86661495082,33.7929463732243,20.7355245331377,15.5600759328,4,0,88.6556659300983,68.1768173166901,0.810175808150369,0,25.0817057259878,3.08587469759791e-15,26.778625247393,209.573838048112,76.6756052152436,7.941450589375,0.0792030322274524,21.2596172350833,23.9984111021638,13.0555194741246,3.40295143553696,1.71166660299062,1,130.555194741246,23.9984111021638,30.0434169957268,-51.2238311985827,0,0,-51.2238311985827,16.0128675758634,19.4158190114004,97.0010845061446,679.007591543012,155.326552091203,19.9320050064382,83.0555194741246
A_umbral8,E3_finde_soleado,13-07-2025,8,A_umbral8_E3_finde_soleado_s8_20260903_234359.mat,6.62056164845619,1.67889084207555,30.9713191135476,86.3453891821571,225.740734979137,3090.98146477857,32.893906889126,20.9527258241883,18.8800921344,7,0,85.366390965614,61.1592082190964,1.96525503177047,0,25.0817057259878,3.39259722259012e-15,32.5204569391558,223.005518649398,263.644079142725,35.1773395027496,27.134114235965,20.5135525875088,120.20034504837,-4.03901029637264,-0.200118466058239,2.24841094900594,1,-40.3901029637264,120.20034504837,-5.97036160996711,12.5909232584233,0,0,12.5909232584233,16.0128675758634,15.8127491098052,79.0002117229277,553.001482060494,126.501992878441,79.2853372210799,65.9609897036273
A_umbral8,E3_finde_soleado,13-07-2025,9,A_umbral8_E3_finde_soleado_s9_20260903_234412.mat,4.56825848193201,1.01558566557914,49.0087367881877,94.6503946815107,114.109564065908,2283.29800641302,59.6929748680189,37.1485160865182,35.5201733376,6,0,79.141629105089,52.9917804454955,15.8123169870719,0,25.0817057259878,3.4576875244224e-15,49.6221108551984,204.437561727337,28.8504033490574,37.7275004350041,13.7141665740351,9.14590809210313,120.18419916243,17.2150479848223,-0.200043146083626,1.80927181031826,1,172.150479848223,120.18419916243,17.0204456317191,-12.4521871497871,0,0,-12.4521871497871,16.0128675758634,15.8128244297798,79.0005880201737,553.004116141216,126.502595438238,104.818706969688,87.2150479848223
A_umbral8,E3_finde_soleado,13-07-2025,10,A_umbral8_E3_finde_soleado_s10_20260903_234425.mat,4.6550331454973,1.37119900588297,37.0069935759345,88.6352299561295,198.017389005304,2820.71470535196,43.0205379341661,28.1644791101963,26.3201284416,5,0,78.1736024087942,53.070308747866,29.361928681381,0,25.0817057259878,3.36787625135729e-15,42.8351523709216,246.029633673741,133.284138483317,38.6191057571129,23.4169409085364,18.7619077630391,118.256992611437,11.0805508108297,-0.199648373350817,2.02233084437044,1,110.805508108297,118.256992611437,10.195986551496,-5.54095340599867,0,0,-5.54095340599867,16.0128675758634,15.8132192025126,79.0025602976858,553.017922083801,126.505753620101,95.8834209816756,81.0805508108297
B,E3_finde_soleado,13-07-2025,1,B_E3_finde_soleado_s1_20260902_225610.mat,-17.8381253651501,0.514908626109508,26.3260940508691,86.6400371144343,147.491834089385,3298.98637497065,24.665016081545,15.8838931536101,14.1200689056,2,0,87.1657217456014,64.2777535267056,7.55546810800801,0,25.0817057259878,1.61000096603027e-15,20.5171236444023,284.226280184111,61.8826737355933,8.17875360099557,3.4970559398837,21.3351813050338,23.7101664744664,21.7034069680848,0.0236257619075531,1.71946707245345,1,217.034069680848,23.7101664744664,4.8203286257479,-22.658453990898,0,0,-22.658453990898,16.0128675758634,16.036493337771,80.1180338839155,560.826237187409,128.291946702168,21.7430304548904,91.7034069680848
B,E3_finde_soleado,13-07-2025,2,B_E3_finde_soleado_s2_20260902_225624.mat,-5.62965041888758,0.757223271112021,40.0940369029855,87.3838683544501,226.760560705219,2682.48239984725,38.5723794297519,28.4156036046515,25.5401246352,4,0,76.582050996257,18.4816698581997,22.4268237636139,0,25.0817057259878,1.61849227306311e-15,38.9277901876136,258.518195981844,33.8038426586317,21.5169563121367,11.593138338065,17.2227887569526,51.1250206032772,21.9376475724509,-0.199414927415653,3.04109552008693,1,219.376475724509,51.1250206032772,8.49874473783566,-14.1283951567232,0,0,-14.1283951567232,16.0128675758634,15.8134526484478,79.0037265894025,553.026086125817,126.507621187582,47.0031412635839,91.9376475724509
B,E3_finde_soleado,13-07-2025,3,B_E3_finde_soleado_s3_20260902_225639.mat,16.6368600196168,2.22197858820681,23.7461909935533,68.7701553352919,384.15104634547,3414.50984186416,24.940225387126,20.4483811762852,29.2201425936001,6,0,74.7176003539497,2.46468371096638,20.9384150646405,0,25.0817057259878,1.65206386842353e-15,37.1500329857293,256.583134044712,39.1966330343986,45.435865137197,32.4893343371579,15.8524743175412,84.5743741849391,21.2290606743573,-11.0350707887386,2.36646260560229,1,212.290606743573,84.5743741849391,-72.1216556202979,88.7585156399147,0,0,88.7585156399147,16.0128675758634,4.9777967871248,24.8689837147118,174.082886002983,39.8223742969984,77.1564071401361,91.2290606743573
B,E3_finde_soleado,13-07-2025,4,B_E3_finde_soleado_s4_20260902_225654.mat,19.0905422498655,2.33776050230579,28.3921615923076,73.6769052190542,373.677380839842,3206.4715478936,30.5289919658744,20.2247561033804,19.9200972096,4,0,84.3282883361369,54.512181757915,8.98137753035266,0,25.0817057259878,1.87160120776816e-15,32.5875857918311,270.651502339337,45.2036304974029,47.2806359872505,27.1439198945678,8.05337764470232,72.6399864866362,21.9971667409249,-2.02643365402847,2.32752531781977,1,219.971667409249,72.6399864866362,-1.83060417898214,20.9211464288476,0,0,20.9211464288476,16.0128675758634,13.9864339218349,69.8759737096286,489.1318159674,111.891471374679,66.8267294886961,91.9971667409249
B,E3_finde_soleado,13-07-2025,5,B_E3_finde_soleado_s5_20260902_225709.mat,32.2025492574905,3.32760101723802,20.0800284250466,62.5714982898918,463.578827979831,3578.67407621712,25.6739539364096,17.8849658396076,17.2400841312,5,0,83.6982420994555,38.870138048818,11.1063529357299,0,25.0817057259878,1.59426316129207e-15,27.3376465550167,256.665697403446,132.510632160867,59.5140305211455,45.0080972104985,12.805547953008,97.0883364251844,12.1657334864685,-1.34813317194952,1.98544431418374,1,121.657334864685,97.0883364251844,-0.154707945255709,32.3572572027462,0,0,32.3572572027462,16.0128675758634,14.6647344039139,73.2647507858912,512.853255501239,117.317875231311,79.7733437535629,82.1657334864685
B,E3_finde_soleado,13-07-2025,6,B_E3_finde_soleado_s6_20260902_225724.mat,-22.8628565885226,0.422839932077789,29.8961733912665,86.1138637032543,178.203954706637,3139.12457655227,29.421742539273,17.9429839389389,16.300079544,4,0,87.322640146547,74.0970888676834,0,0,25.0817057259878,2.15207702498318e-15,22.9279753706554,276.954787435056,43.3762122887277,7.58701011001377,4.02438775649699,26.8872443450196,22.5830440358185,22.7800223025116,-0.0955791401985344,1.71918647788737,1,227.800223025116,22.5830440358185,3.86534709956264,-26.7282036880852,0,0,-26.7282036880852,16.0128675758634,15.9172884356649,79.5224883251137,556.657418275796,127.338307485319,20.9525532930184,92.7800223025116
B,E3_finde_soleado,13-07-2025,7,B_E3_finde_soleado_s7_20260902_225739.mat,-18.9357557489133,0.432328353426042,33.2543575650067,90.6307540757241,135.164017955335,2988.75106654099,34.0767087030328,20.7361864644214,15.5600759328,3,0,88.9624048644217,68.1753185431715,0.810175808150369,0,25.0817057259878,1.9194001215559e-15,25.6247034177845,258.253558169172,76.6535665938466,8.96484135049869,3.20816393555454,22.1439196844678,23.7353401007558,17.7645132546657,3.40357900456267,1.71168628878875,1,177.645132546657,23.7353401007558,31.0234529109162,-49.9592086598295,0,0,-49.9592086598295,16.0128675758634,19.4164465804261,97.0042198297722,679.029538808406,155.331572643409,20.8312057087678,87.7645132546657
B,E3_finde_soleado,13-07-2025,8,B_E3_finde_soleado_s8_20260902_225754.mat,9.17349768761603,1.71230188298721,29.0742574006218,77.8526282630769,367.050093012813,3175.92851167116,33.1713103043255,21.0130758688213,18.8800921344,6,0,85.7388902883827,61.3674959936542,1.7928033240356,0,25.0817057259878,2.18426918138651e-15,31.4984780268747,275.279882637634,263.643974335944,35.9807293775358,30.0803902762557,20.9068925886396,81.9517304282651,1.09813649767725,-0.199870650289919,2.30779891343478,1,10.9813649767725,81.9517304282651,-0.789017526239586,9.96251521385562,0,0,9.96251521385562,16.0128675758634,15.8129969255735,79.0014498060738,553.010148642517,126.503975404588,58.2661531620964,71.0981364976772
B,E3_finde_soleado,13-07-2025,9,B_E3_finde_soleado_s9_20260902_225809.mat,7.15534548989443,1.03806653459472,47.3549951670077,88.5359129513222,245.071010202142,2357.34961268678,60.5297700753703,37.2090894945433,35.5201733376,5,0,79.8815380275118,52.9902517363304,14.1086330019328,0,25.0817057259878,2.16167275774723e-15,48.3698105346003,256.665697403446,28.850391179218,38.6255105870252,16.1240954937138,8.96875000381935,65.7935652218276,22.2372042718983,-0.199109454539325,1.86819342430269,1,222.372042718983,65.7935652218276,11.5747089102136,-4.41936342031916,0,0,-4.41936342031916,16.0128675758634,15.8137581213241,79.0052527264288,553.036769085002,126.510064970593,60.6861451514217,92.2372042718983
B,E3_finde_soleado,13-07-2025,10,B_E3_finde_soleado_s10_20260902_225824.mat,7.63474928632729,1.41498863808568,34.3877184928331,78.9914752906886,365.596878654318,2938.00118148121,44.3385355707139,28.0757290007468,26.3201284416,4,0,80.3145146230684,57.5032890224553,21.277531510052,0,25.0817057259878,2.03717734673727e-15,41.2182729366558,298.470715991096,133.284101045266,39.7268375420294,26.5720792997737,18.9373300134465,72.6813625914417,16.1585078329726,-0.199961689803844,1.93493735940254,1,161.585078329726,72.6813625914417,8.9701077822736,-1.33535849594631,0,0,-1.33535849594631,16.0128675758634,15.8129058860596,79.0009949742905,553.006964820034,126.503247088476,62.6211774814584,86.1585078329725
B_oraculo,E3_finde_soleado,13-07-2025,1,B_oraculo_E3_finde_soleado_s1_20260903_003333.mat,-20.7458759948524,0.38535844352917,28.7782073241187,96.7178870877025,36.195856030844,3189.18510715243,23.9310564250743,15.8838266206979,14.1200689056,3,0,86.2294948743817,55.6055832000378,11.417691924862,0,9.13174201396319e-07,1.54430377528393e-15,20.6131873473687,283.895702365297,61.8847248687096,6.12096670383932,0.368198058460423,21.1140740533128,10.1723815606589,21.6944777577919,0.0235744282715977,1.71945666537375,1,216.944777577919,10.1723815606589,2.17475597577617,-22.9206319706286,0,0,-22.9206319706286,16.0128675758634,16.036442004135,80.1177774219885,560.824441953919,128.29153603308,9.32751214757613,91.6944777577919
B_oraculo,E3_finde_soleado,13-07-2025,2,B_oraculo_E3_finde_soleado_s2_20260903_003347.mat,-8.29548653040641,0.692537966317631,41.8904602001849,91.9211854492427,145.138449494873,2602.04176208288,38.1115453828631,28.4157419553739,25.5401246352,5,0,75.1581394018358,18.4816698581997,24.042545803868,0,9.13174201396319e-07,1.58520935314966e-15,39.004178192382,258.191957876541,33.8047778011525,19.6789801451812,8.85640747628987,17.1518940066963,61.0204084934965,21.9263586438376,-0.199280076334995,3.041100670664,1,219.263586438376,61.0204084934965,10.4473576403169,-18.7428441707234,0,0,-18.7428441707234,16.0128675758634,15.8135874995284,79.0044003029895,553.030802120926,126.508699996227,56.0938395576663,91.9263586438376
B_oraculo,E3_finde_soleado,13-07-2025,3,B_oraculo_E3_finde_soleado_s3_20260903_003400.mat,13.7459783529194,2.12122454880036,26.1891658336243,77.7106267251526,274.075001821306,3305.11777681802,24.5001686924071,20.4482751063773,29.2201425936001,6,0,74.2355146915357,2.4655625669476,20.9384150646405,0,9.13174201396319e-07,2.45391171380082e-15,36.4613835488015,256.354026192299,39.1966330360632,43.3753831362708,29.2139328654998,15.4679545125805,106.591015858304,21.2286249544144,-11.0351700789371,2.36645402525393,1,212.286249544144,106.591015858304,-67.9163343390031,81.6623126919225,0,0,81.6623126919225,16.0128675758634,4.97769749692629,24.868487662656,174.079413638592,39.8215799754103,97.2415180924728,91.2286249544144
B_oraculo,E3_finde_soleado,13-07-2025,4,B_oraculo_E3_finde_soleado_s4_20260903_003414.mat,16.0054756620559,2.23470750656794,31.4636607780792,83.0900365655395,240.871662711682,3068.93528136811,30.4459595726671,20.342100071308,19.9200972096,5,0,84.0762762798948,54.5161749065759,8.59943750651034,0,9.13174201396319e-07,2.1260322284813e-15,33.9810881818497,270.525689141807,45.2036304449058,45.4586437287082,22.9560617924704,6.95058613041446,95.3041197708184,22.0144233635619,-1.92767649815252,2.34473660925949,1,220.144233635619,95.3041197708184,3.4611751831175,12.5443004789384,0,0,12.5443004789384,16.0128675758634,14.0851910777109,70.3693626939966,492.585538857976,112.681528621687,87.693536248837,92.0144233635619
B_oraculo,E3_finde_soleado,13-07-2025,5,B_oraculo_E3_finde_soleado_s5_20260903_003427.mat,29.444129474409,3.22140843856266,22.177446991195,70.2313561479371,368.352130271807,3484.75540605578,25.3653823615395,17.875149916628,17.2400841312,6,0,83.3659102082074,38.8226226294242,11.1156120878231,0,9.13174201396319e-07,2.22359711382298e-15,27.4186641358318,256.546391721089,132.510632039971,57.583158781998,42.1997081019964,12.7555786275874,114.563496811752,12.1744233635203,-1.35743171266872,1.98504555497322,1,121.744233635203,114.563496811752,1.69324690837448,27.7508825660345,0,0,27.7508825660345,16.0128675758634,14.6554358631947,73.2182954427735,512.528068099415,117.243486905557,94.1418928901425,82.1744233635203
B_oraculo,E3_finde_soleado,13-07-2025,6,B_oraculo_E3_finde_soleado_s6_20260903_003441.mat,-25.3896124913856,0.358557264062987,33.0121686942182,97.1119348032042,37.0303449624754,2999.59585309883,29.0814599483292,17.9439369435128,16.300079544,5,0,86.9307053950858,74.3248240833771,0,0,9.13174201396319e-07,3.09567988088396e-15,24.1027302924735,276.447497159853,43.3762123201386,6.4339289369847,0.302036860391949,25.6916493517776,8.15646899044599,22.7612117474655,-0.0946636900078168,1.71921719061252,1,227.612117474655,8.15646899044599,0.913550540166063,-26.3031630315517,0,0,-26.3031630315517,16.0128675758634,15.9182038858556,79.5270618978926,556.689433285248,127.345631086845,7.56603947134397,92.7612117474655
B_oraculo,E3_finde_soleado,13-07-2025,7,B_oraculo_E3_finde_soleado_s7_20260903_003455.mat,-21.3252242782406,0.357016700132152,35.0363217288205,96.2263029700666,54.40884256245,2908.95788303357,33.7933367039115,20.7353471762549,15.5600759328,4,0,88.6476052236891,68.1812367983826,0.809018414138725,0,9.13174201396319e-07,1.87846413845631e-15,25.8561822201132,258.134254276666,76.6527744913244,7.40286522496104,0.487053171114509,21.8122774493551,8.95172821505023,17.7732185509878,3.40277830648789,1.71166161585827,1,177.732185509878,8.95172821505023,28.6541356496793,-49.9793599279199,0,0,-49.9793599279199,16.0128675758634,19.4156458823513,97.0002195565121,679.001536895585,155.32516705881,7.85721997028648,87.7732185509878
B_oraculo,E3_finde_soleado,13-07-2025,8,B_oraculo_E3_finde_soleado_s8_20260903_003508.mat,6.7023956084673,1.63421545038398,31.0548466211898,83.2448842744291,277.563365173317,3087.24125165838,32.8577564274919,21.0133621018931,18.8800921344,7,0,85.3839628087846,61.3687576437637,1.7928033240356,0,9.13174201396319e-07,2.18636903371944e-15,31.5910695478062,275.199327835858,263.643974001182,34.3403610114269,27.162448880892,20.4600532724247,97.8603529465466,1.11287095922333,-0.199597603473935,2.30781241101377,1,11.1287095922333,97.8603529465466,-0.616627324109465,7.31902293257676,0,0,7.31902293257676,16.0128675758634,15.8132699723895,79.0028139430827,553.019697601579,126.506159779116,69.5913065111182,71.1128709592233
B_oraculo,E3_finde_soleado,13-07-2025,9,B_oraculo_E3_finde_soleado_s9_20260903_003522.mat,4.43244050178745,0.987106722335335,49.4881745459784,93.0645773065869,148.170986736678,2261.82963697853,59.6323941464866,37.2092359134919,35.5201733376,6,0,79.2399055899033,52.9909146827715,15.6815314637562,0,9.13174201396319e-07,3.1289871347179e-15,48.4461985393688,256.576025276602,28.8503911486224,36.7294869031692,13.3096551774807,8.87721467569323,89.8263247793171,22.2486304993798,-0.198968193105815,1.86820005026533,1,222.486304993798,89.8263247793171,16.3948688373442,-11.9624283355568,0,0,-11.9624283355568,16.0128675758634,15.8138993827576,79.005958466024,553.041709262168,126.511195062061,82.863554436845,92.2486304993797
B_oraculo,E3_finde_soleado,13-07-2025,10,B_oraculo_E3_finde_soleado_s10_20260903_003536.mat,4.42437814768988,1.32959507854357,36.9442788711784,85.6840805315926,248.866939597333,2823.52295820397,43.1030324152151,28.0757197654196,26.3201284416,5,0,78.4003985875603,53.8760275776897,28.4811518385204,0,9.13174201396319e-07,2.34338337833352e-15,42.17196560225,298.057107113938,133.284101156808,37.3293388266703,23.2782335449824,18.8538553972926,93.5368658554916,16.1448526440574,-0.199969900342474,1.93493714429813,1,161.448526440574,93.5368658554916,11.9914910414751,-7.56711289378519,0,0,-7.56711289378519,16.0128675758634,15.8128976755209,79.0009539545864,553.006677682105,126.503181404167,80.5771952590828,86.1448526440574
B_prima2,E3_finde_soleado,13-07-2025,1,B_prima2_E3_finde_soleado_s1_20260903_102213.mat,-20.2390358901085,0.415014285821622,28.3574024209239,99.5163974661825,5.33160670396021,3208.02800171973,23.9782919037877,15.8840853539903,14.1200689056,3,0,86.3012402520807,56.4290368586152,11.1364451800326,0,25.0817057259878,2.5401408190918e-15,21.4418814597053,234.554563757417,61.9059498866781,6.59212233911596,0.209163339229608,20.4481992293381,39.2308268114087,16.927850004396,0.023828771629919,1.71945882419699,1,169.27850004396,39.2308268114087,6.16747213934701,-26.4065080294555,0,0,-26.4065080294555,16.0128675758634,16.0366963474933,80.1190481168574,560.833336818002,128.293570779947,34.1025142861057,86.927850004396
B_prima2,E3_finde_soleado,13-07-2025,2,B_prima2_E3_finde_soleado_s2_20260903_102226.mat,-7.33438999912689,0.727106405615251,41.7948073773605,94.4939994511895,98.8692219603089,2606.32492523488,38.1686861214593,28.4106613071877,25.5401246352,4,0,75.2883036280038,18.4816698581997,23.9013437344475,0,25.0817057259878,3.17579494821099e-15,40.3120334255391,208.530997172774,33.8278251850288,20.6575738242215,9.33627606269648,16.6706660618234,94.4305606697758,17.1301714001315,-0.19939745905805,3.03619548947317,1,171.301714001315,94.4305606697758,12.9633255346896,-20.2977155338165,0,0,-20.2977155338165,16.0128675758634,15.8134701168054,79.0038138610046,553.026697027032,126.507760934443,82.2775093656808,87.1301714001315
B_prima2,E3_finde_soleado,13-07-2025,3,B_prima2_E3_finde_soleado_s3_20260903_102238.mat,11.403243780904,2.09580568331613,25.6187512356121,82.2049082440315,212.588494364044,3330.65992722642,24.3752659384202,19.7435346278843,29.2201425936001,6,0,74.2312598930408,1.79087103704923,20.9384150646405,0,25.0817057259878,2.44567880266056e-15,35.2380180784945,204.300425014491,39.1966503793247,41.3786120818687,26.2044725408305,14.8012287599265,123.263832406457,16.1962348006215,-10.8883896935191,1.5232186286016,1,161.962348006215,123.263832406457,-69.1394277994379,80.5426715803418,0,0,80.5426715803418,16.0128675758634,5.12447788234431,25.6017998428642,179.212598900049,40.9958230587545,106.248782405314,86.1962348006215
B_prima2,E3_finde_soleado,13-07-2025,4,B_prima2_E3_finde_soleado_s4_20260903_102251.mat,15.9742972557277,2.23899162099105,31.2602421622568,85.9767554265307,199.809805702125,3078.0440049164,30.4579555673699,20.3519659691636,19.9200972096,5,0,84.0821026264219,54.5152343221754,8.59943750651034,0,25.0817057259878,2.85838860541084e-15,33.9128019351628,219.944266933373,45.2036439187125,45.5678812756523,22.949904263674,6.97560700794627,114.858748713701,17.1309231804577,-1.91939701682089,2.34620827899872,1,171.309231804577,114.858748713701,2.35355147279402,13.6207457829337,0,0,13.6207457829337,16.0128675758634,14.0934705590425,70.4107268346412,492.875087842488,112.74776447234,100.07748810777,87.1309231804577
B_prima2,E3_finde_soleado,13-07-2025,5,B_prima2_E3_finde_soleado_s5_20260903_102304.mat,28.6561509229536,3.22595723606219,21.7129130030026,73.3636825094334,325.66421364843,3505.55641121513,24.8014904371275,17.592842309767,17.2400841312,5,0,83.125971898926,37.4384964245846,17.3910024189535,0,25.0817057259878,2.42202052209077e-15,27.2381106700154,207.80823169493,132.510692714345,56.753756952094,41.2891546740277,12.6330037510741,126.784439135831,7.41112544420494,-1.62531802140485,1.9739428125363,1,74.1112544420494,126.784439135831,-4.54600572595956,33.2021566489131,0,0,33.2021566489131,16.0128675758634,14.3875495544585,71.8799402357902,503.159581650531,115.100396435668,98.1452612231697,77.4111254442049
B_prima2,E3_finde_soleado,13-07-2025,6,B_prima2_E3_finde_soleado_s6_20260903_102317.mat,-25.5991350240377,0.361653842540875,32.595165425144,99.6844321805048,4.04575055098156,3018.26851725681,29.0799781072726,17.9433373983643,16.300079544,5,0,86.9317598702103,74.3257045592526,0,0,25.0817057259878,3.40723012906334e-15,24.0205553176468,224.921240171505,43.3762198940386,6.48927691812582,0.105759740700488,25.7048947647381,26.1409445213644,17.7915365977633,-0.095235511851941,1.71919783553123,1,177.915365977633,26.1409445213644,3.42390404555205,-29.0230390695897,0,0,-29.0230390695897,16.0128675758634,15.9176320640115,79.5242050861871,556.66943560331,127.341056512092,22.9495368764746,87.7915365977633
B_prima2,E3_finde_soleado,13-07-2025,7,B_prima2_E3_finde_soleado_s7_20260903_102330.mat,-20.9985610939769,0.37923638682511,34.9701014283125,99.5757329770823,6.11566766113002,2911.92311022369,33.7952140102583,20.7363458116091,15.5600759328,4,0,88.6743337521386,68.1807193237837,0.809018414138725,0,25.0817057259878,3.09185170224221e-15,26.6628858462286,207.223517415642,76.675606106562,7.86397686155064,0.227943165966095,21.226504259943,37.2720001472377,12.8268472257242,3.40373440367531,1.71169331099034,1,128.268472257242,37.2720001472377,31.5326154945745,-52.5311765885514,0,0,-52.5311765885514,16.0128675758634,19.4166019795387,97.0049962009595,679.034973406716,155.33281583631,30.8712226199242,82.8268472257242
B_prima2,E3_finde_soleado,13-07-2025,8,B_prima2_E3_finde_soleado_s8_20260903_102343.mat,7.03034501122395,1.67109692596732,30.9088050034568,86.1740068890031,228.590415924357,3093.78073535852,32.8957990161922,20.9534764265293,18.8800921344,7,0,85.3835002655133,61.1555182962033,1.96525503177047,0,25.0817057259878,3.38354629446306e-15,32.409347114038,222.937638346309,263.644079248336,35.0152900447019,27.2844003863639,20.25405537514,119.359336549755,-4.04481292663066,-0.199184184372287,2.24821676219747,1,-40.4481292663066,119.359336549755,-5.93854916149288,12.9688941727168,0,0,12.9688941727168,16.0128675758634,15.8136833914911,79.00487937752,553.03415564264,126.509467131929,78.7236737109236,65.9551870733693
B_prima2,E3_finde_soleado,13-07-2025,9,B_prima2_E3_finde_soleado_s9_20260903_102355.mat,5.02680741529358,1.01407455454563,48.9458657178248,94.5183576866984,116.932220274169,2286.11326103859,59.7439865151677,37.1484725893667,35.5201733376,6,0,79.1785943863994,52.990435631283,15.7058367380007,0,25.0817057259878,3.45010575127141e-15,49.5075288480457,204.331022403027,28.8504033630228,37.6713207931125,13.8636645534168,8.83685713812323,118.561543780756,17.2055962640123,-0.200085809679004,1.80926955528053,1,172.055962640123,118.561543780756,16.7586120151353,-11.7318045998417,0,0,-11.7318045998417,16.0128675758634,15.8127817661844,79.0003748736143,553.0026241153,126.502254129475,103.392301193826,87.2055962640123
B_prima2,E3_finde_soleado,13-07-2025,10,B_prima2_E3_finde_soleado_s10_20260903_102408.mat,5.32922827622877,1.37055286847839,36.8155367896745,88.1321319851528,206.809081163303,2829.28779946351,43.1137713449725,28.1647084474906,26.3201284416,5,0,78.3045456864169,53.7337220911555,28.7600837953264,0,25.0817057259878,3.37118106861301e-15,42.7622365481881,246.030688216783,133.284138453521,38.6012219525656,24.1166706126307,18.7874423364019,116.613209037892,11.0809256010034,-0.199305195793919,2.02221428581887,1,110.809256010034,116.613209037892,10.0351990746369,-4.70597079840813,0,0,-4.70597079840813,16.0128675758634,15.8135623800695,79.004274806622,553.029923646354,126.508499040556,94.5510692609557,81.0809256010034
B_prima2_8,E3_finde_soleado,13-07-2025,1,B_prima2_8_E3_finde_soleado_s1_20260904_182913.mat,-20.2390358901085,0.415014285821622,28.3574024209239,99.5163974661825,5.33160670396021,3208.02800171973,23.9782919037877,15.8840853539903,14.1200689056,3,0,86.3012402520807,56.4290368586152,11.1364451800326,0,25.0817057259878,2.5401408190918e-15,21.4418814597053,234.554563757417,61.9059498866781,6.59212233911596,0.209163339229608,20.4481992293381,39.2308268114087,16.927850004396,0.023828771629919,1.71945882419699,1,169.27850004396,39.2308268114087,6.16747213934701,-26.4065080294555,0,0,-26.4065080294555,16.0128675758634,16.0366963474933,80.1190481168574,560.833336818002,128.293570779947,34.1025142861057,86.927850004396
B_prima2_8,E3_finde_soleado,13-07-2025,2,B_prima2_8_E3_finde_soleado_s2_20260904_182929.mat,-7.33438999912689,0.727106405615251,41.7948073773605,94.4939994511895,98.8692219603089,2606.32492523488,38.1686861214593,28.4106613071877,25.5401246352,4,0,75.2883036280038,18.4816698581997,23.9013437344475,0,25.0817057259878,3.17579494821099e-15,40.3120334255391,208.530997172774,33.8278251850288,20.6575738242215,9.33627606269648,16.6706660618234,94.4305606697758,17.1301714001315,-0.19939745905805,3.03619548947317,1,171.301714001315,94.4305606697758,12.9633255346896,-20.2977155338165,0,0,-20.2977155338165,16.0128675758634,15.8134701168054,79.0038138610046,553.026697027032,126.507760934443,82.2775093656808,87.1301714001315
B_prima2_8,E3_finde_soleado,13-07-2025,3,B_prima2_8_E3_finde_soleado_s3_20260904_182947.mat,11.403243780904,2.09580568331613,25.6187512356121,82.2049082440315,212.588494364044,3330.65992722642,24.3752659384202,19.7435346278843,29.2201425936001,6,0,74.2312598930408,1.79087103704923,20.9384150646405,0,25.0817057259878,2.44567880266056e-15,35.2380180784945,204.300425014491,39.1966503793247,41.3786120818687,26.2044725408305,14.8012287599265,123.263832406457,16.1962348006215,-10.8883896935191,1.5232186286016,1,161.962348006215,123.263832406457,-69.1394277994379,80.5426715803418,0,0,80.5426715803418,16.0128675758634,5.12447788234431,25.6017998428642,179.212598900049,40.9958230587545,106.248782405314,86.1962348006215
B_prima2_8,E3_finde_soleado,13-07-2025,4,B_prima2_8_E3_finde_soleado_s4_20260904_183002.mat,15.9742972557277,2.23899162099105,31.2602421622568,85.9767554265307,199.809805702125,3078.0440049164,30.4579555673699,20.3519659691636,19.9200972096,5,0,84.0821026264219,54.5152343221754,8.59943750651034,0,25.0817057259878,2.85838860541084e-15,33.9128019351628,219.944266933373,45.2036439187125,45.5678812756523,22.949904263674,6.97560700794627,114.858748713701,17.1309231804577,-1.91939701682089,2.34620827899872,1,171.309231804577,114.858748713701,2.35355147279402,13.6207457829337,0,0,13.6207457829337,16.0128675758634,14.0934705590425,70.4107268346412,492.875087842488,112.74776447234,100.07748810777,87.1309231804577
B_prima2_8,E3_finde_soleado,13-07-2025,5,B_prima2_8_E3_finde_soleado_s5_20260904_183018.mat,28.6561509229536,3.22595723606219,21.7129130030026,73.3636825094334,325.66421364843,3505.55641121513,24.8014904371275,17.592842309767,17.2400841312,5,0,83.125971898926,37.4384964245846,17.3910024189535,0,25.0817057259878,2.42202052209077e-15,27.2381106700154,207.80823169493,132.510692714345,56.753756952094,41.2891546740277,12.6330037510741,126.784439135831,7.41112544420494,-1.62531802140485,1.9739428125363,1,74.1112544420494,126.784439135831,-4.54600572595956,33.2021566489131,0,0,33.2021566489131,16.0128675758634,14.3875495544585,71.8799402357902,503.159581650531,115.100396435668,98.1452612231697,77.4111254442049
B_prima2_8,E3_finde_soleado,13-07-2025,6,B_prima2_8_E3_finde_soleado_s6_20260904_183034.mat,-25.5991350240377,0.361653842540875,32.595165425144,99.6844321805048,4.04575055098156,3018.26851725681,29.0799781072726,17.9433373983643,16.300079544,5,0,86.9317598702103,74.3257045592526,0,0,25.0817057259878,3.40723012906334e-15,24.0205553176468,224.921240171505,43.3762198940386,6.48927691812582,0.105759740700488,25.7048947647381,26.1409445213644,17.7915365977633,-0.095235511851941,1.71919783553123,1,177.915365977633,26.1409445213644,3.42390404555205,-29.0230390695897,0,0,-29.0230390695897,16.0128675758634,15.9176320640115,79.5242050861871,556.66943560331,127.341056512092,22.9495368764746,87.7915365977633
B_prima2_8,E3_finde_soleado,13-07-2025,7,B_prima2_8_E3_finde_soleado_s7_20260904_183050.mat,-20.9985610939769,0.37923638682511,34.9701014283125,99.5757329770823,6.11566766113002,2911.92311022369,33.7952140102583,20.7363458116091,15.5600759328,4,0,88.6743337521386,68.1807193237837,0.809018414138725,0,25.0817057259878,3.09185170224221e-15,26.6628858462286,207.223517415642,76.675606106562,7.86397686155064,0.227943165966095,21.226504259943,37.2720001472377,12.8268472257242,3.40373440367531,1.71169331099034,1,128.268472257242,37.2720001472377,31.5326154945745,-52.5311765885514,0,0,-52.5311765885514,16.0128675758634,19.4166019795387,97.0049962009595,679.034973406716,155.33281583631,30.8712226199242,82.8268472257242
B_prima2_8,E3_finde_soleado,13-07-2025,8,B_prima2_8_E3_finde_soleado_s8_20260904_183106.mat,7.03034501122395,1.67109692596732,30.9088050034568,86.1740068890031,228.590415924357,3093.78073535852,32.8957990161922,20.9534764265293,18.8800921344,7,0,85.3835002655133,61.1555182962033,1.96525503177047,0,25.0817057259878,3.38354629446306e-15,32.409347114038,222.937638346309,263.644079248336,35.0152900447019,27.2844003863639,20.25405537514,119.359336549755,-4.04481292663066,-0.199184184372287,2.24821676219747,1,-40.4481292663066,119.359336549755,-5.93854916149288,12.9688941727168,0,0,12.9688941727168,16.0128675758634,15.8136833914911,79.00487937752,553.03415564264,126.509467131929,78.7236737109236,65.9551870733693
B_prima2_8,E3_finde_soleado,13-07-2025,9,B_prima2_8_E3_finde_soleado_s9_20260904_183121.mat,5.02680741529358,1.01407455454563,48.9458657178248,94.5183576866984,116.932220274169,2286.11326103859,59.7439865151677,37.1484725893667,35.5201733376,6,0,79.1785943863994,52.990435631283,15.7058367380007,0,25.0817057259878,3.45010575127141e-15,49.5075288480457,204.331022403027,28.8504033630228,37.6713207931125,13.8636645534168,8.83685713812323,118.561543780756,17.2055962640123,-0.200085809679004,1.80926955528053,1,172.055962640123,118.561543780756,16.7586120151353,-11.7318045998417,0,0,-11.7318045998417,16.0128675758634,15.8127817661844,79.0003748736143,553.0026241153,126.502254129475,103.392301193826,87.2055962640123
B_prima2_8,E3_finde_soleado,13-07-2025,10,B_prima2_8_E3_finde_soleado_s10_20260904_183137.mat,5.32922827622877,1.37055286847839,36.8155367896745,88.1321319851528,206.809081163303,2829.28779946351,43.1137713449725,28.1647084474906,26.3201284416,5,0,78.3045456864169,53.7337220911555,28.7600837953264,0,25.0817057259878,3.37118106861301e-15,42.7622365481881,246.030688216783,133.284138453521,38.6012219525656,24.1166706126307,18.7874423364019,116.613209037892,11.0809256010034,-0.199305195793919,2.02221428581887,1,110.809256010034,116.613209037892,10.0351990746369,-4.70597079840813,0,0,-4.70597079840813,16.0128675758634,15.8135623800695,79.004274806622,553.029923646354,126.508499040556,94.5510692609557,81.0809256010034
B_prima2_8_or,E3_finde_soleado,13-07-2025,1,B_prima2_8_or_E3_finde_soleado_s1_20260904_184251.mat,-20.667224483145,0.38535844352917,28.4180383511435,99.7316786023838,2.95910681248093,3205.31283269141,23.9310564250743,15.8838266206979,14.1200689056,3,0,86.2294948743817,55.6055832000378,11.417691924862,0,9.13174201396319e-07,2.54652666831374e-15,20.6131873473687,234.552452625681,61.9059498864412,6.12096670383932,0.0722765670990356,20.7395010502441,24.4251294999516,16.927898980492,0.0235744282715977,1.71945666537375,1,169.27898980492,24.4251294999516,3.90979054901832,-24.5770150321633,0,0,-24.5770150321633,16.0128675758634,16.036442004135,80.1177774219885,560.824441953919,128.29153603308,21.2322518975723,86.9278989804919
B_prima2_8_or,E3_finde_soleado,13-07-2025,2,B_prima2_8_or_E3_finde_soleado_s2_20260904_184305.mat,-7.76256559993072,0.7103508737007,41.8570098361442,94.6309655854415,96.4287706911025,2603.53960984575,38.1387133784972,28.4107963356083,25.5401246352,4,0,75.1534928376431,18.4816698581997,24.042545803868,0,9.13174201396319e-07,3.1781018692868e-15,39.5053297994236,208.521996765263,33.8278251861108,20.181633999532,9.19783510439859,16.9604007043293,95.3847595326368,17.1295403675613,-0.199300109944781,3.03623063371418,1,171.295403675613,95.3847595326368,13.1106729202216,-20.8732385201523,0,0,-20.8732385201523,16.0128675758634,15.8135674659186,79.0043002154333,553.030101508033,126.508539727349,83.10830256149,87.1295403675612
B_prima2_8_or,E3_finde_soleado,13-07-2025,3,B_prima2_8_or_E3_finde_soleado_s3_20260904_184320.mat,10.6351647452179,2.05463635287557,25.8130411252949,82.8880481534073,204.525312437825,3321.95997178628,24.3183973119605,19.743439560158,29.2201425936001,6,0,74.1413995442665,1.79042695315657,20.9384150646405,0,9.13174201396319e-07,2.42248427102103e-15,33.970671635745,204.364925122005,39.1966503586769,40.5655886511021,25.75060936227,15.1154446170521,125.904266104461,16.2029162733766,-10.8884749012408,1.52320868471929,1,162.029162733766,125.904266104461,-68.7476526705632,79.3828174157811,0,0,79.3828174157811,16.0128675758634,5.12439267462255,25.6013741466103,179.209619026272,40.9951413969804,108.533149094638,86.2029162733766
B_prima2_8_or,E3_finde_soleado,13-07-2025,4,B_prima2_8_or_E3_finde_soleado_s4_20260904_184333.mat,15.9433645766571,2.23656526813807,31.2536432341263,85.9518426620763,200.17546171442,3078.33949317254,30.4565686155037,20.3518270523603,19.9200972096,5,0,84.0773366737473,54.5129899958368,8.59943750651034,0,9.13174201396319e-07,2.84055287716748e-15,33.9822455758614,219.938359310135,45.2036439186997,45.518189528462,22.9633548522407,7.01999027558354,114.716132814526,17.1309304490193,-1.91955963035459,2.3462323560407,1,171.309304490193,114.716132814526,2.33026979079827,13.6130947858589,0,0,13.6130947858589,16.0128675758634,14.0933079455088,70.4099144203354,492.869400942348,112.746463564071,99.9532338964295,87.1309304490192
B_prima2_8_or,E3_finde_soleado,13-07-2025,5,B_prima2_8_or_E3_finde_soleado_s5_20260904_184347.mat,28.2416841322079,3.19964860872857,21.775731983539,73.5713391144757,323.226310534755,3502.74348907928,24.8016269070938,17.5929373036253,17.2400841312,5,0,83.1018874732264,37.4389115151193,17.3910024189535,0,9.13174201396319e-07,2.4270166367447e-15,26.4314070439,207.801189918623,132.510692718911,56.2912173669936,41.1509490784068,12.9092649461989,127.313116962309,7.41071013594011,-1.62522893450986,1.97394669737964,1,74.1071013594011,127.313116962309,-4.5105060192825,32.7521901514904,0,0,32.7521901514904,16.0128675758634,14.3876386413535,71.8803853123242,503.162697186269,115.101109130828,98.5539879367232,77.4107101359401
B_prima2_8_or,E3_finde_soleado,13-07-2025,6,B_prima2_8_or_E3_finde_soleado_s6_20260904_184400.mat,-25.6336460132495,0.358557264062987,32.590665305025,99.6589328196258,4.37311296110859,3018.47002462589,29.0814599483292,17.9439369435128,16.300079544,5,0,86.9307053950858,74.3248240833771,0,0,9.13174201396319e-07,3.39548234374272e-15,24.1027302924735,224.916101205121,43.3762198938315,6.4339289369847,0.11295064118307,25.7465966544326,25.8284298136303,17.7916889575149,-0.0946636900078168,1.71921719061252,1,177.916889575149,25.8284298136303,3.37847298548349,-29.012118998733,0,0,-29.012118998733,16.0128675758634,15.9182038858556,79.5270618978926,556.689433285248,127.345631086845,22.6752147645923,87.7916889575149
B_prima2_8_or,E3_finde_soleado,13-07-2025,7,B_prima2_8_or_E3_finde_soleado_s7_20260904_184413.mat,-21.4118282699375,0.357016700132152,35.0315945940518,99.7449156324233,3.67778469907202,2909.16955571461,33.7933367039115,20.7353471762549,15.5600759328,4,0,88.6476052236891,68.1812367983826,0.809018414138725,0,9.13174201396319e-07,3.08872560760622e-15,25.8561822201132,207.214355350392,76.6756061094654,7.40286522496104,0.0897349753090277,21.5015632452465,24.399192082035,12.8262271442758,3.40277830648789,1.71166161585827,1,128.262271442758,24.399192082035,30.0387726699321,-51.4506009398695,0,0,-51.4506009398695,16.0128675758634,19.4156458823513,97.0002195565121,679.001536895585,155.32516705881,20.2089302552345,82.8262271442758
B_prima2_8_or,E3_finde_soleado,13-07-2025,8,B_prima2_8_or_E3_finde_soleado_s8_20260904_184427.mat,6.61840104641191,1.64936838538008,30.9708588989253,86.3226339671148,226.182648287288,3091.00207237022,32.8936964582557,20.9528232284369,18.8800921344,7,0,85.3584001107878,61.1565754192266,1.96525503177047,0,9.13174201396319e-07,3.3902198407169e-15,31.5875973657712,222.94632565803,263.64407922757,34.558924217441,27.1420383979182,20.5236373515063,120.000533212625,-4.04367188647501,-0.200058201838521,2.24844447116712,1,-40.4367188647501,120.000533212625,-5.9676506573333,12.5860517037452,0,0,12.5860517037452,16.0128675758634,15.8128093740249,79.0005128018915,553.003589613241,126.502474992199,79.1479454236986,65.956328113525
B_prima2_8_or,E3_finde_soleado,13-07-2025,9,B_prima2_8_or_E3_finde_soleado_s9_20260904_184440.mat,4.58818840182758,1.00092703451834,49.0076682468721,94.6312939436977,114.542119163787,2283.34585379122,59.6714024477877,37.149456727781,35.5201733376,6,0,79.1235311321955,52.9909146827715,15.8701866876541,0,9.13174201396319e-07,3.44709874558032e-15,48.7019826159419,204.35423310047,28.8504033575212,37.1838955565052,13.7316034056049,9.14341500377735,119.882568140456,17.2081254651897,-0.198929498605718,1.80908490690142,1,172.081254651897,119.882568140456,16.9751524740054,-12.3869640721778,0,0,-12.3869640721778,16.0128675758634,15.8139380772577,79.0061517830544,553.043062481381,126.511504618061,104.547340434821,87.2081254651897
B_prima2_8_or,E3_finde_soleado,13-07-2025,10,B_prima2_8_or_E3_finde_soleado_s10_20260904_184453.mat,5.42718567824899,1.3717198659908,36.7796806719536,88.0396291749114,208.416828843825,2830.89337259414,43.132011042848,28.1640362497038,26.3201284416,5,0,78.3324141937819,53.8760275776897,28.631613060034,0,9.13174201396319e-07,3.37453719525692e-15,42.9138551637134,246.06800609393,133.284138427434,38.6331680302036,24.2142558107879,18.787070132539,116.181864704086,11.0848759511263,-0.200066017512876,2.02231083904791,1,110.848759511263,116.181864704086,9.99022588203492,-4.56304020378593,0,0,-4.56304020378593,16.0128675758634,15.8128015583505,79.0004737549223,553.003316284456,126.502412466804,94.2059208730133,81.0848759511262
B_prima2_oraculo,E3_finde_soleado,13-07-2025,1,B_prima2_oraculo_E3_finde_soleado_s1_20260903_160259.mat,-20.667224483145,0.38535844352917,28.4180383511435,99.7316786023838,2.95910681248093,3205.31283269141,23.9310564250743,15.8838266206979,14.1200689056,3,0,86.2294948743817,55.6055832000378,11.417691924862,0,9.13174201396319e-07,2.54652666831374e-15,20.6131873473687,234.552452625681,61.9059498864412,6.12096670383932,0.0722765670990356,20.7395010502441,24.4251294999516,16.927898980492,0.0235744282715977,1.71945666537375,1,169.27898980492,24.4251294999516,3.90979054901832,-24.5770150321633,0,0,-24.5770150321633,16.0128675758634,16.036442004135,80.1177774219885,560.824441953919,128.29153603308,21.2322518975723,86.9278989804919
B_prima2_oraculo,E3_finde_soleado,13-07-2025,2,B_prima2_oraculo_E3_finde_soleado_s2_20260903_160312.mat,-7.76256559993072,0.7103508737007,41.8570098361442,94.6309655854415,96.4287706911025,2603.53960984575,38.1387133784972,28.4107963356083,25.5401246352,4,0,75.1534928376431,18.4816698581997,24.042545803868,0,9.13174201396319e-07,3.1781018692868e-15,39.5053297994236,208.521996765263,33.8278251861108,20.181633999532,9.19783510439859,16.9604007043293,95.3847595326368,17.1295403675613,-0.199300109944781,3.03623063371418,1,171.295403675613,95.3847595326368,13.1106729202216,-20.8732385201523,0,0,-20.8732385201523,16.0128675758634,15.8135674659186,79.0043002154333,553.030101508033,126.508539727349,83.10830256149,87.1295403675612
B_prima2_oraculo,E3_finde_soleado,13-07-2025,3,B_prima2_oraculo_E3_finde_soleado_s3_20260903_160325.mat,10.6351647452179,2.05463635287557,25.8130411252949,82.8880481534073,204.525312437825,3321.95997178628,24.3183973119605,19.743439560158,29.2201425936001,6,0,74.1413995442665,1.79042695315657,20.9384150646405,0,9.13174201396319e-07,2.42248427102103e-15,33.970671635745,204.364925122005,39.1966503586769,40.5655886511021,25.75060936227,15.1154446170521,125.904266104461,16.2029162733766,-10.8884749012408,1.52320868471929,1,162.029162733766,125.904266104461,-68.7476526705632,79.3828174157811,0,0,79.3828174157811,16.0128675758634,5.12439267462255,25.6013741466103,179.209619026272,40.9951413969804,108.533149094638,86.2029162733766
B_prima2_oraculo,E3_finde_soleado,13-07-2025,4,B_prima2_oraculo_E3_finde_soleado_s4_20260903_160339.mat,15.9433645766571,2.23656526813807,31.2536432341263,85.9518426620763,200.17546171442,3078.33949317254,30.4565686155037,20.3518270523603,19.9200972096,5,0,84.0773366737473,54.5129899958368,8.59943750651034,0,9.13174201396319e-07,2.84055287716748e-15,33.9822455758614,219.938359310135,45.2036439186997,45.518189528462,22.9633548522407,7.01999027558354,114.716132814526,17.1309304490193,-1.91955963035459,2.3462323560407,1,171.309304490193,114.716132814526,2.33026979079827,13.6130947858589,0,0,13.6130947858589,16.0128675758634,14.0933079455088,70.4099144203354,492.869400942348,112.746463564071,99.9532338964295,87.1309304490192
B_prima2_oraculo,E3_finde_soleado,13-07-2025,5,B_prima2_oraculo_E3_finde_soleado_s5_20260903_160352.mat,28.2416841322079,3.19964860872857,21.775731983539,73.5713391144757,323.226310534755,3502.74348907928,24.8016269070938,17.5929373036253,17.2400841312,5,0,83.1018874732264,37.4389115151193,17.3910024189535,0,9.13174201396319e-07,2.4270166367447e-15,26.4314070439,207.801189918623,132.510692718911,56.2912173669936,41.1509490784068,12.9092649461989,127.313116962309,7.41071013594011,-1.62522893450986,1.97394669737964,1,74.1071013594011,127.313116962309,-4.5105060192825,32.7521901514904,0,0,32.7521901514904,16.0128675758634,14.3876386413535,71.8803853123242,503.162697186269,115.101109130828,98.5539879367232,77.4107101359401
B_prima2_oraculo,E3_finde_soleado,13-07-2025,6,B_prima2_oraculo_E3_finde_soleado_s6_20260903_160405.mat,-25.6336460132495,0.358557264062987,32.590665305025,99.6589328196258,4.37311296110859,3018.47002462589,29.0814599483292,17.9439369435128,16.300079544,5,0,86.9307053950858,74.3248240833771,0,0,9.13174201396319e-07,3.39548234374272e-15,24.1027302924735,224.916101205121,43.3762198938315,6.4339289369847,0.11295064118307,25.7465966544326,25.8284298136303,17.7916889575149,-0.0946636900078168,1.71921719061252,1,177.916889575149,25.8284298136303,3.37847298548349,-29.012118998733,0,0,-29.012118998733,16.0128675758634,15.9182038858556,79.5270618978926,556.689433285248,127.345631086845,22.6752147645923,87.7916889575149
B_prima2_oraculo,E3_finde_soleado,13-07-2025,7,B_prima2_oraculo_E3_finde_soleado_s7_20260903_160419.mat,-21.4118282699375,0.357016700132152,35.0315945940518,99.7449156324233,3.67778469907202,2909.16955571461,33.7933367039115,20.7353471762549,15.5600759328,4,0,88.6476052236891,68.1812367983826,0.809018414138725,0,9.13174201396319e-07,3.08872560760622e-15,25.8561822201132,207.214355350392,76.6756061094654,7.40286522496104,0.0897349753090277,21.5015632452465,24.399192082035,12.8262271442758,3.40277830648789,1.71166161585827,1,128.262271442758,24.399192082035,30.0387726699321,-51.4506009398695,0,0,-51.4506009398695,16.0128675758634,19.4156458823513,97.0002195565121,679.001536895585,155.32516705881,20.2089302552345,82.8262271442758
B_prima2_oraculo,E3_finde_soleado,13-07-2025,8,B_prima2_oraculo_E3_finde_soleado_s8_20260903_160432.mat,6.61840104641191,1.64936838538008,30.9708588989253,86.3226339671148,226.182648287288,3091.00207237022,32.8936964582557,20.9528232284369,18.8800921344,7,0,85.3584001107878,61.1565754192266,1.96525503177047,0,9.13174201396319e-07,3.3902198407169e-15,31.5875973657712,222.94632565803,263.64407922757,34.558924217441,27.1420383979182,20.5236373515063,120.000533212625,-4.04367188647501,-0.200058201838521,2.24844447116712,1,-40.4367188647501,120.000533212625,-5.9676506573333,12.5860517037452,0,0,12.5860517037452,16.0128675758634,15.8128093740249,79.0005128018915,553.003589613241,126.502474992199,79.1479454236986,65.956328113525
B_prima2_oraculo,E3_finde_soleado,13-07-2025,9,B_prima2_oraculo_E3_finde_soleado_s9_20260903_160445.mat,4.58818840182758,1.00092703451834,49.0076682468721,94.6312939436977,114.542119163787,2283.34585379122,59.6714024477877,37.149456727781,35.5201733376,6,0,79.1235311321955,52.9909146827715,15.8701866876541,0,9.13174201396319e-07,3.44709874558032e-15,48.7019826159419,204.35423310047,28.8504033575212,37.1838955565052,13.7316034056049,9.14341500377735,119.882568140456,17.2081254651897,-0.198929498605718,1.80908490690142,1,172.081254651897,119.882568140456,16.9751524740054,-12.3869640721778,0,0,-12.3869640721778,16.0128675758634,15.8139380772577,79.0061517830544,553.043062481381,126.511504618061,104.547340434821,87.2081254651897
B_prima2_oraculo,E3_finde_soleado,13-07-2025,10,B_prima2_oraculo_E3_finde_soleado_s10_20260903_160459.mat,5.42718567824899,1.3717198659908,36.7796806719536,88.0396291749114,208.416828843825,2830.89337259414,43.132011042848,28.1640362497038,26.3201284416,5,0,78.3324141937819,53.8760275776897,28.631613060034,0,9.13174201396319e-07,3.37453719525692e-15,42.9138551637134,246.06800609393,133.284138427434,38.6331680302036,24.2142558107879,18.787070132539,116.181864704086,11.0848759511263,-0.200066017512876,2.02231083904791,1,110.848759511263,116.181864704086,9.99022588203492,-4.56304020378593,0,0,-4.56304020378593,16.0128675758634,15.8128015583505,79.0004737549223,553.003316284456,126.502412466804,94.2059208730133,81.0848759511262
B_prima2_semana,E3_finde_soleado,13-07-2025,1,B_prima2_semana_E3_finde_soleado_s1_20260903_111952.mat,-846.289038649169,3.31899833419972,31.6889962729668,91.4373969533393,909.275864679838,21318.2435802183,274.047746946596,171.069560286028,174.5808519504,35,0,78.2600284299081,30.1198840697828,30.5975023189446,0,17.737791637239,2.85569733391564e-15,35.7069515427388,450.860917742101,271.353513457063,567.779585621606,106.666783812307,952.955822461476,117.309595421699,17.5871443504458,-5.43676285886965,1.96689292016078,7,175.871443504458,117.309595421699,-24.9258357755929,-821.363202873576,0,0,-821.363202873576,16.0128675758634,10.5761047169938,52.8380300000002,369.866210000001,84.60883773595,102.748124678928,87.5871443504458
B_prima2_semana,E3_finde_soleado,13-07-2025,2,B_prima2_semana_E3_finde_soleado_s2_20260903_112034.mat,-948.158952259477,3.06308241387476,30.0204229273649,93.8684913557068,600.106275465479,21838.9657343699,256.70306649511,153.7761723097,164.5408029552,35,0,82.8531744962635,11.6596075685216,19.1491085497544,0,17.737791637239,2.87192989275243e-15,33.1003090272668,491.740073238495,310.225229954758,471.029089074819,70.2809325630212,1018.4398848225,117.114143671481,17.7794164773812,-13.6790706760975,3.0411330432597,7,177.794164773812,117.114143671481,-90.6925751872361,-857.466377072241,0,0,-857.466377072241,16.0128675758634,2.33379689976588,11.6596075685216,81.6172529796509,18.670375198127,102.802111927308,87.7794164773812
B_prima2_semana,E3_finde_soleado,13-07-2025,3,B_prima2_semana_E3_finde_soleado_s3_20260903_112116.mat,-877.376394328094,3.03611328429021,31.7397309224548,88.6667918586213,1254.30884749383,21302.4104997959,283.47076408053,172.194495107735,169.5608274528,33,0,81.0269961586026,33.4909574690402,20.7693108973034,0,17.737791637239,3.05608375471138e-15,34.2732568233187,729.861052944408,637.888475078477,522.801994078239,141.477585280962,1018.85397960906,112.793261056589,9.02322762023715,-0.199286513266212,2.80211138368197,7,90.2322762023715,112.793261056589,7.5655413107522,-884.941935638847,0,0,-884.941935638847,16.0128675758634,15.8135810625972,79.0043681441962,553.030577009374,126.508648500778,89.1328754250366,79.0232276202371
B_prima2_semana,E3_finde_soleado,13-07-2025,4,B_prima2_semana_E3_finde_soleado_s4_20260903_112158.mat,-904.779764281018,3.07831000782068,29.6268764041082,89.4828726886487,1071.30460060755,21961.7822673616,259.670621992855,155.596295431781,155.5407590352,39,0,80.2400723334429,33.9757297204544,24.4812756592664,0,17.737791637239,2.94612474502115e-15,32.9794428249953,624.137074856069,493.272617585341,478.973633407474,101.807335269978,1006.587099551,95.0311752719456,12.8381928708459,-1.77273413789296,1.82777310873764,7,128.381928708459,95.0311752719456,-3.20161609118405,-901.578148189834,0,0,-901.578148189834,16.0128675758634,14.2401334379704,71.1434519545267,498.004163681687,113.921067503764,78.722108259206,82.8381928708459
B_prima2_semana,E3_finde_soleado,13-07-2025,5,B_prima2_semana_E3_finde_soleado_s5_20260903_112240.mat,-844.818637179349,2.89229007637099,36.7186643902487,95.9006307567664,484.761856104857,19748.6034900165,319.154769383058,189.157026387536,183.980897822401,34,0,79.8037169013009,38.6245030696605,23.7813760228571,0,17.737791637239,3.08678320101222e-15,36.1441201320765,540.32618470462,421.81946785529,547.096990296514,55.029090624298,899.847727803647,113.517781837179,11.6358465336937,3.40368757689062,1.71171748727033,7,116.358465336937,113.517781837179,39.1173800098497,-883.936017189199,0,0,-883.936017189199,16.0128675758634,19.416555152754,97.0047622551808,679.033335786265,155.332441222032,92.6712021690529,81.6358465336937
B_prima2_semana_s6a10,E3_finde_soleado,13-07-2025,6,B_prima2_semana_s6a10_E3_finde_soleado_s6_20260903_122244.mat,-941.685791775093,2.71866241381439,32.6251219768779,96.8516397703705,326.050524481277,21026.1009576706,254.775675406237,157.955949102172,160.0207808976,27,0,83.1714359978023,27.5530501694698,15.569253357716,0,17.737791637239,2.97810290662401e-15,30.6142020267824,532.476848960474,381.101134737955,429.428901862454,37.7415966530473,979.42738842814,115.753828990435,14.8415733061057,-5.08153982500509,3.04109722758243,7,148.415733061057,115.753828990435,-25.1905981542251,-916.495193620867,0,0,-916.495193620867,16.0128675758634,10.9313277508583,54.6127179236048,382.289025465233,87.4506220068665,98.207369677544,84.8415733061057
B_prima2_semana_s6a10,E3_finde_soleado,13-07-2025,7,B_prima2_semana_s6a10_E3_finde_soleado_s7_20260903_122327.mat,-811.679255410869,3.27171271919441,34.9518139200333,94.4968750138259,627.266279511962,20299.9956031289,290.924138974105,180.696256334407,177.8208677616,31,0,73.8673869569598,20.9394346026152,36.427353790751,0,17.737791637239,3.07922491726971e-15,38.0533431657686,387.64313143576,251.110092032107,591.186240160093,77.2362821819931,888.915537592862,123.131570602019,13.4041998406524,-0.19940933974439,3.04112084410779,7,134.041998406524,123.131570602019,13.2590468934307,-824.9383023043,0,0,-824.9383023043,16.0128675758634,15.813458236119,79.0037545053081,553.026281537157,126.507665888952,102.696901211842,83.4041998406524
B_prima2_semana_s6a10,E3_finde_soleado,13-07-2025,8,B_prima2_semana_s6a10_E3_finde_soleado_s8_20260903_122410.mat,-884.304665061406,2.99743710686946,34.9764843189666,97.768717401307,245.784370364014,20292.2965569286,285.41947719889,175.636173621185,172.760843068801,31,0,77.4030942429871,22.4343729280191,35.4349612517175,0,17.737791637239,2.98676653331822e-15,34.0705455182779,444.709705861998,298.979474196528,526.458384120708,25.7582172218446,910.062882283251,104.800061874137,14.3005263981342,-0.199407281813579,3.04105846541329,7,143.005263981342,104.800061874137,11.8930062077062,-896.197671269112,0,0,-896.197671269112,16.0128675758634,15.8134602940498,79.0037647866937,553.026353506856,126.507682352399,88.3470038254683,84.3005263981342
B_prima2_semana_s6a10,E3_finde_soleado,13-07-2025,9,B_prima2_semana_s6a10_E3_finde_soleado_s9_20260903_122453.mat,-897.879952171312,2.89581175094534,31.7299161560763,88.8027849918286,1231.93191467619,21305.4734555267,270.074870725537,174.996118533107,172.1208399456,34,0,76.5354747570106,-0.0750075102678333,24.2959254366312,0.000496030925874792,17.737791637239,2.94575537153012e-15,38.9174290386425,600.649456052768,468.691387655879,506.755816417993,141.604201070273,1039.48415324158,114.944827212708,12.9477352648781,-0.199408129490003,3.04100423492746,7,129.477352648781,114.944827212708,11.7992116994357,-909.679163870747,0,0,-909.679163870747,16.0128675758634,15.8134594463734,79.0037605517174,553.026323862022,126.507675570987,95.3441309770689,82.9477352648781
B_prima2_semana_s6a10,E3_finde_soleado,13-07-2025,10,B_prima2_semana_s6a10_E3_finde_soleado_s10_20260903_122536.mat,-849.835773499269,3.19549932588264,32.3920905479614,91.6185178577803,906.076930771427,21098.8245379497,293.352372146744,178.29530604208,173.420846289601,39,0,78.2786543949593,32.1862980887567,29.1239597818125,0,17.737791637239,2.93664195001363e-15,38.0224239047224,513.514164601134,309.09614403289,569.742530265505,108.889711182827,958.725484682095,120.177114640939,20.0005454929025,1.79036809748591,3.02691768386231,7,200.005454929025,120.177114640939,35.9554154171239,-885.791188916393,0,0,-885.791188916393,16.0128675758634,17.8032356733493,88.9446469921956,622.612528945369,142.425885386795,108.160058734475,90.0005454929025
C,E3_finde_soleado,13-07-2025,1,C_E3_finde_soleado_s1_20260903_193356.mat,-20.3225095641793,0.420314165194281,28.4964767979484,99.6138608823165,4.25637894587741,3201.8004986574,23.9439068321277,15.8834684852805,14.1200689056,3,0,86.1844245286928,55.283792644829,11.5450052661428,0,25.0817057259878,2.54872238812233e-15,21.605074015347,238.093455376645,60.1071376032522,6.67604679678034,0.186476947313211,20.5089865114925,43.8111713464392,17.4455595918723,0.0232330630068418,1.71944078896658,1,174.455595918723,43.8111713464392,7.06465810868103,-27.3871676728603,0,0,-27.3871676728603,16.0128675758634,16.0361006388702,80.1160719672315,560.81250377062,128.288805110962,38.3109239476478,87.4455595918723
C,E3_finde_soleado,13-07-2025,1,C_E3_finde_soleado_s1_20260903_222748.mat,-20.6409432014901,0.420314165194281,29.2693371193343,99.5171028167125,5.32293494712254,3167.1931890929,23.9439068321277,15.8834684852805,14.1200689056,3,0,86.1844245286928,55.283792644829,11.5450052661428,0,25.0817057259878,3.82448937432258e-15,21.605074015347,273.734549137505,60.0743657983673,6.67604679678034,0.261242987800941,20.9021861892911,49.0787489225587,20.9014920008714,0.0232330630068418,1.71944078896658,1,209.014920008714,49.0787489225587,9.41823620621349,-30.0591794077036,0,0,-30.0591794077036,16.0128675758634,16.0361006388702,80.1160719672315,560.81250377062,128.288805110962,44.6133150259675,90.9014920008714
C,E3_finde_soleado,13-07-2025,1,C_semana_E3_finde_soleado_s1_20260903_201510.mat,-848.686674785186,3.36258482571645,31.7517783779299,91.224499464247,931.596547067345,21298.6507747688,273.963874798869,171.098801449062,174.5808519504,37,0,78.6163966520899,31.7158806507192,30.3546125089079,0,17.737791637239,3.74281829093216e-15,36.7921018649109,496.047366118082,271.353425606368,575.334233450886,108.800906248237,957.487581033423,116.789726830507,21.9627637904261,-5.40888911847309,1.96791637648024,7,219.627637904261,116.789726830507,-20.1858862960434,-828.500788489142,0,0,-828.500788489142,16.0128675758634,10.6039784573903,52.9772867084667,370.841006959267,84.8318276591225,107.403060616623,91.9627637904261
C,E3_finde_soleado,13-07-2025,2,C_E3_finde_soleado_s2_20260903_193409.mat,-7.38508172355661,0.726525112346866,41.8573741476562,94.4029327847685,100.466816201624,2603.52329662469,38.1432966153327,28.3988735467522,25.5401246352,4,0,75.1745748615337,18.4816698581997,24.0205553176468,0,25.0817057259878,3.20340105294603e-15,40.4277728267034,211.786083307351,32.0109019416628,20.6324947940786,9.60942327331826,16.9945049968749,95.6477336161758,17.6220122063856,-0.199130095014183,3.02428084464616,1,176.220122063856,95.6477336161758,13.5765090035628,-20.9615907271195,0,0,-20.9615907271195,16.0128675758634,15.8137374808492,79.0051496069857,553.0360472489,126.509899846794,83.8084688242967,87.6220122063856
C,E3_finde_soleado,13-07-2025,2,C_E3_finde_soleado_s2_20260903_222809.mat,-7.51821785168508,0.730406158013839,42.8065161183064,94.6813182721833,95.5374691135189,2561.02240857282,38.1613237488516,28.4238903752674,25.5401246352,4,0,75.1821903164387,18.4816698581997,24.0205553176468,0,25.0817057259878,3.81683594440058e-15,40.3814770662377,248.071115900764,31.9962413817954,20.7609845648056,9.00371327716408,16.5219311288492,94.2427443463647,21.1374752106597,-0.187845492188508,3.03771892479307,1,211.374752106597,94.2427443463647,16.4257191141444,-23.9439369658294,0,0,-23.9439369658294,16.0128675758634,15.8250220836749,79.0615272808643,553.43069096605,126.600176669399,85.8904577665135,91.1374752106597
C,E3_finde_soleado,13-07-2025,2,C_semana_E3_finde_soleado_s2_20260903_201620.mat,-952.720415583653,3.10663934360961,30.131608436755,93.7971388549073,606.827159905142,21804.2673747727,257.014651017259,153.776810126011,164.5408029552,34,0,83.1748641854517,11.6626345059865,18.7550946509678,0,17.737791637239,3.76563243550631e-15,34.1108893669157,537.392162912256,310.225102036456,477.72908847225,70.869089438202,1023.58950502185,116.786284663462,22.2003200449823,-13.6784648017377,3.04115460491611,7,222.003200449823,116.786284663462,-86.0934823463621,-866.62693323729,0,0,-866.62693323729,16.0128675758634,2.3344027741257,11.6626345059865,81.6384415419052,18.6752221930056,107.677328228356,92.2003200449823
C,E3_finde_soleado,13-07-2025,3,C_E3_finde_soleado_s3_20260903_193426.mat,10.9308913201929,2.09574308438339,25.6867366485215,82.4604073368832,209.524796907086,3327.61566144472,24.3519604617244,19.7434081706495,29.2201425936001,6,0,74.1943477940922,1.79023689624654,20.9384150646405,0,25.0817057259878,2.44130446017344e-15,35.3907940880314,204.345907709824,39.1966503683702,41.3771111357971,26.042555599798,15.1116642796051,124.293429628506,16.1997798483317,-10.8885001117757,1.52320572737255,1,161.997798483317,124.293429628506,-68.9862651250224,79.9171564452153,0,0,79.9171564452153,16.0128675758634,5.1243674640877,25.6012481952291,179.208737366604,40.9949397127016,107.140662705714,86.1997798483317
C,E3_finde_soleado,13-07-2025,3,C_E3_finde_soleado_s3_20260903_222830.mat,11.4979194375396,2.09574308438339,26.6172072623513,82.2887880851602,211.574929401795,3285.95084351781,24.3519604617244,19.7434081706495,29.2201425936001,6,0,74.1943477940922,1.79023689624654,20.9384150646405,0,25.0817057259878,3.91034996697321e-15,35.3907940880314,248.060843764087,39.1966360010113,41.3771111357971,26.1862707278497,14.6883512903101,123.768306584757,20.4399467714407,-10.8885001117757,1.52320572737255,1,204.399467714407,123.768306584757,-64.3396425069515,75.8375619444911,0,0,75.8375619444911,16.0128675758634,5.1243674640877,25.6012481952291,179.208737366604,40.9949397127016,111.935990595168,90.4399467714407
C,E3_finde_soleado,13-07-2025,3,C_semana_E3_finde_soleado_s3_20260903_201732.mat,-879.612628790959,3.08320950335242,31.8748102378624,88.6634751237432,1254.26379756402,21260.2554502227,283.087584723293,172.193992340509,169.5608274528,32,0,81.1772075399636,33.4909574690402,20.4692121871492,0,17.737791637239,3.8006736174403e-15,34.8180641235712,775.6062616025,637.888254951152,530.910153604451,141.437605289354,1021.05023408031,112.765437034894,13.5051480265599,-0.200103879665829,2.80242196110601,7,135.051480265599,112.765437034894,12.105394237597,-891.718023028556,0,0,-891.718023028556,16.0128675758634,15.8127636961976,79.0002845962833,553.001992173983,126.502109569581,94.1649451187852,83.5051480265599
C,E3_finde_soleado,13-07-2025,4,C_E3_finde_soleado_s4_20260903_193443.mat,16.1938024294448,2.26782156314446,31.2155051052537,85.9051241160826,200.667766772624,3080.04725070075,30.4509703216369,20.3372992199002,19.9200972096,5,0,84.0544357423338,54.5154913165151,8.59943750651034,0,25.0817057259878,2.86255258022527e-15,34.4660362727283,219.953129671057,45.2036439899323,46.1213657070107,23.0547930456337,6.86099061618888,114.890365385672,17.1310150877283,-1.93173054445229,2.34404274924703,1,171.310150877283,114.890365385672,2.25985289009075,13.933949539354,0,0,13.933949539354,16.0128675758634,14.0811370314111,70.3491087511944,492.443761258361,112.649096251289,100.105141598536,87.1310150877283
C,E3_finde_soleado,13-07-2025,4,C_E3_finde_soleado_s4_20260903_222851.mat,16.4910563697246,2.26532095510635,32.1208715538625,85.855385929302,201.261885614104,3039.5065526091,30.4319654662861,20.3213205907398,19.9200972096,5,0,84.0510231302781,54.5154913165151,8.59943750651034,0,25.0817057259878,3.70715784545956e-15,34.4660362727283,261.893897917479,45.2036329721231,46.0343133696369,22.9238426303953,6.43278626067073,113.900565725341,21.1940614155339,-1.94516801963288,2.34168947091197,1,211.940614155339,113.900565725341,6.16479611015933,10.3262602595653,0,0,10.3262602595653,16.0128675758634,14.0676995562305,70.2819753655373,491.973827558761,112.541596449844,103.870551860208,91.1940614155339
C,E3_finde_soleado,13-07-2025,4,C_semana_E3_finde_soleado_s4_20260903_201843.mat,-909.149291122137,3.13061916160887,29.7481510249615,89.4340125049252,1075.70719283682,21923.9353354415,259.470923592848,155.597953019516,155.5407590352,39,0,80.5247368489735,33.9741532890033,24.0444377572127,0,17.737791637239,3.784540081315e-15,34.030532356924,669.59719969086,491.046475920609,487.117933230013,102.029515721566,1011.1788068437,94.8487807843851,17.4886793782979,-1.7711772605967,1.82784402450112,7,174.886793782979,94.8487807843851,0.759601164271603,-909.908892286409,0,0,-909.908892286409,16.0128675758634,14.2416903152667,71.1512300856522,498.058610599565,113.933522522134,82.9819457146754,87.4886793782979
C,E3_finde_soleado,13-07-2025,5,C_E3_finde_soleado_s5_20260903_193457.mat,28.3380079193919,3.23021253737801,21.7992176739466,73.592834849929,322.848853344511,3501.6918416654,24.8016514169207,17.5931095157333,17.2400841312,5,0,83.1104450739772,37.4397165675882,17.3910024189535,0,25.0817057259878,2.432793218068e-15,27.3538500711797,208.909205572277,132.510691707858,56.829482929186,41.1404217435147,12.8024138241228,127.429356856392,7.51838357928028,-1.62506312207694,1.97395391685173,1,75.1838357928028,127.429356856392,-4.37793991964946,32.7159478390413,0,0,32.7159478390413,16.0128675758634,14.3878044537865,71.8812137082733,503.168495957913,115.102435630292,98.7811776405478,77.5183835792803
C,E3_finde_soleado,13-07-2025,5,C_E3_finde_soleado_s5_20260903_222912.mat,29.1079094001028,3.24632281228852,22.7156275304225,73.3468381847025,327.62254767867,3460.65663942582,25.059868041491,17.7269684340248,17.2400841312,6,0,83.2223125173442,38.1047689525303,11.2788046434648,0,25.0817057259878,3.9023428290672e-15,28.3272184349718,248.091496239847,132.5106431746,57.5474620200933,41.5606138726993,12.4527044725965,126.85516966757,11.3604381551512,-1.49782664705552,1.97900334520125,1,113.604381551512,126.85516966757,0.987559610582636,28.1203497895201,0,0,28.1203497895201,16.0128675758634,14.5150409288079,72.516884861706,507.618194031942,116.120327430463,103.209921863995,81.3604381551512
C,E3_finde_soleado,13-07-2025,5,C_semana_E3_finde_soleado_s5_20260903_201954.mat,-846.278123031216,2.93826198455403,36.8437795482317,95.8802692447197,486.990956328214,19709.5580175753,319.469216871976,189.156947717023,183.980897822401,35,0,80.1245661627846,38.6236317359622,23.2256560422354,0,17.737791637239,3.76510140441795e-15,37.1566845954289,585.938399719246,421.819316682705,555.792668591204,55.1798600533433,901.457983084559,113.30777160501,16.0896588956697,3.40359365999891,1.71173324613732,7,160.896588956697,113.30777160501,43.6364998381688,-889.914622869384,0,0,-889.914622869384,16.0128675758634,19.4164612358623,97.0042930480696,679.030051336487,155.331689886899,97.5462740770373,86.0896588956697
C,E3_finde_soleado,13-07-2025,6,C_E3_finde_soleado_s6_20260903_193511.mat,-25.5094365947158,0.385778972589742,32.6027623915649,99.707100323616,3.7538463811945,3017.92833862245,29.110533913891,17.9429575785982,16.300079544,5,0,86.9241589528746,74.2889357274353,0,0,25.0817057259878,3.40197850089912e-15,24.6501776599808,225.408669922775,43.376219989449,6.92201573989292,0.0984441961985227,25.6078807909143,26.2248867432868,17.838027622575,-0.0956093711241444,1.71919144248857,1,178.38027622575,26.2248867432868,3.44532731813769,-28.9547639128535,0,0,-28.9547639128535,16.0128675758634,15.9172582047393,79.5223372919501,556.656361043651,127.338065637914,23.0354232615572,87.838027622575
C,E3_finde_soleado,13-07-2025,6,C_E3_finde_soleado_s6_20260903_222933.mat,-25.0618859919532,0.385778972589742,33.5545094588696,99.7070998362364,3.75385262752558,2975.31079897925,29.110533913891,17.9429575785982,16.300079544,5,0,86.9241589528746,74.2889357274353,0,0,25.0817057259878,4.03021336306278e-15,24.6501776599808,268.026209554263,43.3762137314066,6.92201573989292,0.0984449312284108,25.1603309231816,26.2250389124366,21.9619867609437,-0.0956093711241444,1.71919144248857,1,219.619867609437,26.2250389124366,4.41871064760834,-29.4805966395615,0,0,-29.4805966395615,16.0128675758634,15.9172582047393,79.5223372919501,556.656361043651,127.338065637914,24.1170668127073,91.9619867609437
C,E3_finde_soleado,13-07-2025,7,C_E3_finde_soleado_s7_20260903_193525.mat,-21.0678601041211,0.382987687467643,35.0830245320007,99.6596288150512,4.90596562035522,2906.86661463427,33.7929463732243,20.7355245331377,15.5600759328,4,0,88.6556659300983,68.1768173166901,0.810175808150369,0,25.0817057259878,3.08552147842106e-15,26.778625247393,209.573848183731,75.0699942530529,7.941450589375,0.191757107796395,21.2596172119175,39.0865168318304,13.2123323972743,3.40295143553696,1.71166660299062,1,132.123323972743,39.0865168318304,31.8714279579999,-52.939288062121,0,0,-52.939288062121,16.0128675758634,19.4158190114004,97.0010845061446,679.007591543012,155.326552091203,32.5248023086192,83.2123323972742
C,E3_finde_soleado,13-07-2025,7,C_E3_finde_soleado_s7_20260903_222954.mat,-21.0826054264498,0.382987687467643,35.9266375266225,99.6032770305501,5.71819629566847,2869.09112629615,33.7929463732243,20.7355245331377,15.5600759328,4,0,88.6556659300983,68.1768173166901,0.810175808150369,0,25.0817057259878,3.9437262618934e-15,26.778625247393,248.091496239847,74.9999232957275,7.941450589375,0.248695748735865,21.3313011751857,43.4919922081465,16.9716737466158,3.40295143553696,1.71166660299062,1,169.716737466158,43.4919922081465,33.8667986054188,-54.9494040318687,0,0,-54.9494040318687,16.0128675758634,19.4158190114004,97.0010845061446,679.007591543012,155.326552091203,37.8257135691727,86.9716737466158
C,E3_finde_soleado,13-07-2025,8,C_E3_finde_soleado_s8_20260903_193540.mat,6.62632549953256,1.67910484722977,30.9718002253916,86.3442715001666,225.765208339758,3090.95992144654,32.8954767816345,20.9534597618537,18.8800921344,7,0,85.3667247003217,61.1585298707615,1.96525503177047,0,25.0817057259878,3.37460024016368e-15,32.5042534229928,223.007629806844,263.644079139288,35.1830558523625,27.1393889504429,20.5130634509104,120.210678828779,-4.03882146522744,-0.199168740268695,2.24818652963207,1,-40.3882146522744,120.210678828779,-5.96293515217867,12.5892606517112,0,0,12.5892606517112,16.0128675758634,15.8136988355947,79.0049565359853,553.034695751897,126.509590684758,79.2923804801129,65.9611785347725
C,E3_finde_soleado,13-07-2025,8,C_E3_finde_soleado_s8_20260903_223015.mat,7.19174259168753,1.67910484722977,31.9332228677337,86.3069611626501,226.382046622881,3047.90912677488,32.8954767816345,20.9534597618537,18.8800921344,7,0,85.3667247003217,61.1585298707615,1.96525503177047,0,25.0817057259878,3.86072214388067e-15,32.5042534229928,266.675176144573,263.643992522239,35.1830558523625,27.1826338486353,19.9908912569478,120.074158945641,0.28374258831019,-0.199168740268695,2.24818652963207,1,2.8374258831019,120.074158945641,-1.28671854831391,8.47846114000144,0,0,8.47846114000144,16.0128675758634,15.8136988355947,79.0049565359853,553.034695751897,126.509590684758,84.3926127884328,70.2837425883102
C,E3_finde_soleado,13-07-2025,9,C_E3_finde_soleado_s9_20260903_193554.mat,4.56825848193201,1.01558566557914,49.0087367881877,94.6503946815107,114.109564065908,2283.29800641302,59.6929748680189,37.1485160865182,35.5201733376,6,0,79.141629105089,52.9917804454955,15.8123169870719,0,25.0817057259878,3.4576875244224e-15,49.6221108551984,204.437561727337,28.8504033490574,37.7275004350041,13.7141665740351,9.14590809210313,120.18419916243,17.2150479848223,-0.200043146083626,1.80927181031826,1,172.150479848223,120.18419916243,17.0204456317191,-12.4521871497871,0,0,-12.4521871497871,16.0128675758634,15.8128244297798,79.0005880201737,553.004116141216,126.502595438238,104.818706969688,87.2150479848223
C,E3_finde_soleado,13-07-2025,9,C_E3_finde_soleado_s9_20260903_223035.mat,5.12926508390263,1.01558566557914,49.9367266077364,94.5519339913168,116.209776280971,2241.74427403841,59.6929748680189,37.1485160865182,35.5201733376,6,0,79.141629105089,52.9917804454955,15.8123169870719,0,25.0817057259878,3.84771660944015e-15,49.6221108551984,248.091496239847,28.8503932718911,37.7275004350041,13.848476419544,8.71921133564139,119.167912225055,21.4429795920288,-0.200043146083626,1.80927181031826,1,214.429795920288,119.167912225055,21.3974908201298,-16.2682257362271,0,0,-16.2682257362271,16.0128675758634,15.8128244297798,79.0005880201737,553.004116141216,126.502595438238,108.970689656204,91.4429795920288
C,E3_finde_soleado,13-07-2025,10,C_E3_finde_soleado_s10_20260903_193608.mat,4.64764494358028,1.37092909571474,37.0139874593141,88.6530147246218,197.709304941136,2820.40153170275,43.0179699630397,28.1648109320344,26.3201284416,5,0,78.1687906862245,53.0404303905723,29.3873913496372,0,25.0817057259878,3.38671700110863e-15,42.7159407877224,246.018912527914,133.284138491536,38.6119587820306,23.4100094273644,18.7623644837841,118.406209734713,11.0793059979374,-0.199335460702224,2.02234583094281,1,110.793059979374,118.406209734713,10.2120439817437,-5.56439903816345,0,0,-5.56439903816345,16.0128675758634,15.8135321151612,79.0041236036814,553.02886522577,126.508256921289,96.0029331113673,81.0793059979374
C,E3_finde_soleado,13-07-2025,10,C_E3_finde_soleado_s10_20260903_223057.mat,5.21605480056769,1.37092909571474,37.9580981579979,88.5681113503706,199.188657095296,2778.12593505429,43.0179699630397,28.1648109320344,26.3201284416,5,0,78.1687906862245,53.0404303905723,29.3873913496372,0,25.0817057259878,4.11265716275337e-15,42.7159407877224,289.773830395465,133.284107556466,38.6119587820306,23.5137138106512,18.2976590100836,118.047453873851,15.3518344150061,-0.199335460702224,2.02234583094281,1,153.518344150061,118.047453873851,14.715520999242,-9.49946619867435,0,0,-9.49946619867435,16.0128675758634,15.8135321151612,79.0041236036814,553.02886522577,126.508256921289,100.75566736154,85.3518344150061
C_factor3,E3_finde_soleado,13-07-2025,1,C_factor3_E3_finde_soleado_s1_20260903_212337.mat,91.5667520505444,2.93000724923747,77.9336873254047,85.4344903051669,4186.01428979029,6886.37266104348,15.0875483660047,327.097419363195,540.042635395199,23,0,4.62672690873056,-50.0554639423484,94.0223313122829,10.4037526392979,17.737791637239,3.97633233205637e-15,68.6273666875551,2506.55027250775,2738.50399580301,958.397809941031,384.907554532532,293.340802481988,91.950845813241,-23.3164794128278,-16.00833599581,-194.433141287496,7,-233.164794128278,91.950845813241,-147.362417997049,238.929170047593,501.502447319998,4012.01957855998,4250.94874860758,16.0128675758634,0.00453158005340683,0.0226396928941692,0.158477850259184,0.0362526404272546,42.9258920353033,46.6835205871721
C_factorB,E3_finde_soleado,13-07-2025,1,C_factorB_E3_finde_soleado_s1_20260903_213200.mat,-237.732110782533,3.62316128242198,54.9520800567375,85.0135817262046,3006.18611715432,14058.3870494733,359.575801291981,236.251880999123,234.081142310401,37,0,72.6857365833096,3.69188935003389,36.8736162803964,0,17.737791637239,4.12790399881831e-15,48.827300219411,1700.11943680373,1604.09641173987,855.978668135389,347.569043983051,585.301154765583,115.61793928849,9.33957216367642,0.418778640416608,1.72655418566919,7,93.3957216367642,115.61793928849,13.0686279099365,-250.800738692469,0,0,-250.800738692469,16.0128675758634,16.43164621628,82.0922105971717,574.645474180202,131.45316973024,91.7307783759468,79.3395721636764
C_umbral8,E3_finde_soleado,13-07-2025,1,C_umbral8_E3_finde_soleado_s1_20260903_235630.mat,-20.6409432014901,0.420314165194281,29.2693371193343,99.5171028167125,5.32293494712254,3167.1931890929,23.9439068321277,15.8834684852805,14.1200689056,3,0,86.1844245286928,55.283792644829,11.5450052661428,0,25.0817057259878,3.82448937432258e-15,21.605074015347,273.734549137505,60.0743657983673,6.67604679678034,0.261242987800941,20.9021861892911,49.0787489225587,20.9014920008714,0.0232330630068418,1.71944078896658,1,209.014920008714,49.0787489225587,9.41823620621349,-30.0591794077036,0,0,-30.0591794077036,16.0128675758634,16.0361006388702,80.1160719672315,560.81250377062,128.288805110962,44.6133150259675,90.9014920008714
C_umbral8,E3_finde_soleado,13-07-2025,2,C_umbral8_E3_finde_soleado_s2_20260903_235651.mat,-7.51821785168508,0.730406158013839,42.8065161183064,94.6813182721833,95.5374691135189,2561.02240857282,38.1613237488516,28.4238903752674,25.5401246352,4,0,75.1821903164387,18.4816698581997,24.0205553176468,0,25.0817057259878,3.81683594440058e-15,40.3814770662377,248.071115900764,31.9962413817954,20.7609845648056,9.00371327716408,16.5219311288492,94.2427443463647,21.1374752106597,-0.187845492188508,3.03771892479307,1,211.374752106597,94.2427443463647,16.4257191141444,-23.9439369658294,0,0,-23.9439369658294,16.0128675758634,15.8250220836749,79.0615272808643,553.43069096605,126.600176669399,85.8904577665135,91.1374752106597
C_umbral8,E3_finde_soleado,13-07-2025,3,C_umbral8_E3_finde_soleado_s3_20260903_235712.mat,11.4979194375396,2.09574308438339,26.6172072623513,82.2887880851602,211.574929401795,3285.95084351781,24.3519604617244,19.7434081706495,29.2201425936001,6,0,74.1943477940922,1.79023689624654,20.9384150646405,0,25.0817057259878,3.91034996697321e-15,35.3907940880314,248.060843764087,39.1966360010113,41.3771111357971,26.1862707278497,14.6883512903101,123.768306584757,20.4399467714407,-10.8885001117757,1.52320572737255,1,204.399467714407,123.768306584757,-64.3396425069515,75.8375619444911,0,0,75.8375619444911,16.0128675758634,5.1243674640877,25.6012481952291,179.208737366604,40.9949397127016,111.935990595168,90.4399467714407
C_umbral8,E3_finde_soleado,13-07-2025,4,C_umbral8_E3_finde_soleado_s4_20260903_235733.mat,16.4910563697246,2.26532095510635,32.1208715538625,85.855385929302,201.261885614104,3039.5065526091,30.4319654662861,20.3213205907398,19.9200972096,5,0,84.0510231302781,54.5154913165151,8.59943750651034,0,25.0817057259878,3.70715784545956e-15,34.4660362727283,261.893897917479,45.2036329721231,46.0343133696369,22.9238426303953,6.43278626067073,113.900565725341,21.1940614155339,-1.94516801963288,2.34168947091197,1,211.940614155339,113.900565725341,6.16479611015933,10.3262602595653,0,0,10.3262602595653,16.0128675758634,14.0676995562305,70.2819753655373,491.973827558761,112.541596449844,103.870551860208,91.1940614155339
C_umbral8,E3_finde_soleado,13-07-2025,5,C_umbral8_E3_finde_soleado_s5_20260903_235754.mat,29.1079094001028,3.24632281228852,22.7156275304225,73.3468381847025,327.62254767867,3460.65663942582,25.059868041491,17.7269684340248,17.2400841312,6,0,83.2223125173442,38.1047689525303,11.2788046434648,0,25.0817057259878,3.9023428290672e-15,28.3272184349718,248.091496239847,132.5106431746,57.5474620200933,41.5606138726993,12.4527044725965,126.85516966757,11.3604381551512,-1.49782664705552,1.97900334520125,1,113.604381551512,126.85516966757,0.987559610582636,28.1203497895201,0,0,28.1203497895201,16.0128675758634,14.5150409288079,72.516884861706,507.618194031942,116.120327430463,103.209921863995,81.3604381551512
C_umbral8,E3_finde_soleado,13-07-2025,6,C_umbral8_E3_finde_soleado_s6_20260903_235816.mat,-25.0618859919532,0.385778972589742,33.5545094588696,99.7070998362364,3.75385262752558,2975.31079897925,29.110533913891,17.9429575785982,16.300079544,5,0,86.9241589528746,74.2889357274353,0,0,25.0817057259878,4.03021336306278e-15,24.6501776599808,268.026209554263,43.3762137314066,6.92201573989292,0.0984449312284108,25.1603309231816,26.2250389124366,21.9619867609437,-0.0956093711241444,1.71919144248857,1,219.619867609437,26.2250389124366,4.41871064760834,-29.4805966395615,0,0,-29.4805966395615,16.0128675758634,15.9172582047393,79.5223372919501,556.656361043651,127.338065637914,24.1170668127073,91.9619867609437
C_umbral8,E3_finde_soleado,13-07-2025,7,C_umbral8_E3_finde_soleado_s7_20260903_235837.mat,-21.0826054264498,0.382987687467643,35.9266375266225,99.6032770305501,5.71819629566847,2869.09112629615,33.7929463732243,20.7355245331377,15.5600759328,4,0,88.6556659300983,68.1768173166901,0.810175808150369,0,25.0817057259878,3.9437262618934e-15,26.778625247393,248.091496239847,74.9999232957275,7.941450589375,0.248695748735865,21.3313011751857,43.4919922081465,16.9716737466158,3.40295143553696,1.71166660299062,1,169.716737466158,43.4919922081465,33.8667986054188,-54.9494040318687,0,0,-54.9494040318687,16.0128675758634,19.4158190114004,97.0010845061446,679.007591543012,155.326552091203,37.8257135691727,86.9716737466158
C_umbral8,E3_finde_soleado,13-07-2025,8,C_umbral8_E3_finde_soleado_s8_20260903_235858.mat,7.19174259168753,1.67910484722977,31.9332228677337,86.3069611626501,226.382046622881,3047.90912677488,32.8954767816345,20.9534597618537,18.8800921344,7,0,85.3667247003217,61.1585298707615,1.96525503177047,0,25.0817057259878,3.86072214388067e-15,32.5042534229928,266.675176144573,263.643992522239,35.1830558523625,27.1826338486353,19.9908912569478,120.074158945641,0.28374258831019,-0.199168740268695,2.24818652963207,1,2.8374258831019,120.074158945641,-1.28671854831391,8.47846114000144,0,0,8.47846114000144,16.0128675758634,15.8136988355947,79.0049565359853,553.034695751897,126.509590684758,84.3926127884328,70.2837425883102
C_umbral8,E3_finde_soleado,13-07-2025,9,C_umbral8_E3_finde_soleado_s9_20260903_235918.mat,5.12926508390263,1.01558566557914,49.9367266077364,94.5519339913168,116.209776280971,2241.74427403841,59.6929748680189,37.1485160865182,35.5201733376,6,0,79.141629105089,52.9917804454955,15.8123169870719,0,25.0817057259878,3.84771660944015e-15,49.6221108551984,248.091496239847,28.8503932718911,37.7275004350041,13.848476419544,8.71921133564139,119.167912225055,21.4429795920288,-0.200043146083626,1.80927181031826,1,214.429795920288,119.167912225055,21.3974908201298,-16.2682257362271,0,0,-16.2682257362271,16.0128675758634,15.8128244297798,79.0005880201737,553.004116141216,126.502595438238,108.970689656204,91.4429795920288
C_umbral8,E3_finde_soleado,13-07-2025,10,C_umbral8_E3_finde_soleado_s10_20260903_235943.mat,5.21605480056769,1.37092909571474,37.9580981579979,88.5681113503706,199.188657095296,2778.12593505429,43.0179699630397,28.1648109320344,26.3201284416,5,0,78.1687906862245,53.0404303905723,29.3873913496372,0,25.0817057259878,4.11265716275337e-15,42.7159407877224,289.773830395465,133.284107556466,38.6119587820306,23.5137138106512,18.2976590100836,118.047453873851,15.3518344150061,-0.199335460702224,2.02234583094281,1,153.518344150061,118.047453873851,14.715520999242,-9.49946619867435,0,0,-9.49946619867435,16.0128675758634,15.8135321151612,79.0041236036814,553.02886522577,126.508256921289,100.75566736154,85.3518344150061
E,E3_finde_soleado,13-07-2025,1,E_E3_finde_soleado_s1_20260904_021455.mat,-902.099523975592,3.22766289068324,33.3076513070656,97.11589254454,305.690068576018,20813.0997467716,274.346461560308,170.668417305052,174.5808519504,37,0,77.4942433324449,25.8305698840221,31.883214478812,0,1.3664834901939e-06,2.8962521922316e-15,36.0716996168988,955.868036231157,854.772247280932,550.860117147159,35.2842987577907,937.383822733382,115.425073906241,9.82811792472859,-5.53195334829705,1.66565701890624,7,98.2811792472859,115.425073906241,-34.045925645987,-868.053598329605,0,0,-868.053598329605,16.0128675758634,10.4809142275663,52.362460017415,366.537220121905,83.8473138205308,92.1416641125792,79.8281179247286
E,E3_finde_soleado,13-07-2025,2,E_E3_finde_soleado_s2_20260904_021608.mat,-974.132151711422,2.94674991016206,31.0536110408228,97.8722036752065,206.731823052339,21516.5322366147,255.071719266358,152.260872198884,164.5408029552,33,0,82.3320492147156,11.6600317735284,20.5226181835017,0,1.3664834901939e-06,2.89882983961281e-15,31.4434003912031,711.76884085459,529.71298596285,448.674711473257,24.5277064855575,998.659858196979,118.645045176947,17.7953353764106,-13.678985766865,1.54356156298292,7,177.953353764106,118.645045176947,-90.4299308078618,-883.70222090356,0,0,-883.70222090356,16.0128675758634,2.33388180899838,11.6600317735284,81.620222414699,18.671054471987,104.164815320595,87.7953353764105
E,E3_finde_soleado,13-07-2025,3,E_E3_finde_soleado_s3_20260904_021721.mat,-954.057811248712,2.89816853312935,34.0024626470079,96.2085353417144,417.514767480875,20596.2656120197,283.466413573737,171.218491543631,169.5608274528,30,0,80.2025103359827,33.4909574690402,22.4814443097812,0,1.3664834901939e-06,3.06873703107283e-15,35.7322491199585,1284.9259059793,1268.01442376802,496.220044481623,45.0395670069478,999.09737825566,107.875386728712,1.50491995222194,-0.199960123155108,1.83823260485016,7,15.0491995222194,107.875386728712,-0.138586588665594,-953.919224660046,0,0,-953.919224660046,16.0128675758634,15.8129074527083,79.0010028012396,553.007019608677,126.503259621666,77.1362089285155,71.5049199522219
E,E3_finde_soleado,13-07-2025,4,E_E3_finde_soleado_s4_20260904_021835.mat,-954.154048517239,2.97237761575671,30.8505375535522,95.8102321292467,426.717784884956,21579.9066540602,257.600927359319,155.551813011793,155.5407590352,38,0,79.1492083443692,31.393910955121,26.7312719390345,0,1.3664834901939e-06,2.99048639671121e-15,32.5346684281276,956.915179978677,1087.23614252155,462.358727086628,40.0925603356931,994.246608852932,93.9556816140255,-13.0643172200173,-1.81471336574681,1.82578774653146,7,-130.643172200173,93.9556816140255,-25.5649083890317,-928.589140128208,0,0,-928.589140128208,16.0128675758634,14.1981542101166,70.9337244830168,496.536071381117,113.585233680933,53.494308837532,56.9356827799826
E,E3_finde_soleado,13-07-2025,5,E_E3_finde_soleado_s5_20260904_021949.mat,-862.688651058885,2.81535160118171,37.567499719341,98.136239569688,220.391340418815,19483.70212248,318.270425899156,189.156066134405,183.980897822401,35,0,79.1362509007877,36.862112343016,24.8807458982376,0,1.3664834901939e-06,3.09631303607933e-15,36.1991795648486,644.765270243153,525.538137592925,532.540833664731,25.5074290780358,888.196080136921,115.736984173531,11.6883495676332,3.40296586425209,1.71148568447005,7,116.883495676332,115.736984173531,39.3986958743314,-902.087346933217,0,0,-902.087346933217,16.0128675758634,19.4158334401155,97.0011565917473,679.008096142231,155.326667520924,94.5436322107104,81.6883495676332
E0,E3_finde_soleado,13-07-2025,1,E0_E3_finde_soleado_s1_20260904_012033.mat,-901.096404581529,3.23596448637202,33.3478587736442,97.2511630555875,292.023012125087,20800.5519503772,274.413629995265,171.066344533387,174.5808519504,35,0,77.4801289303561,24.6882442677946,31.8440280356679,0,17.737791637239,2.89903273583067e-15,34.9863839510847,1000.2940602175,924.707122058454,553.56461572352,33.2287858540253,934.325190435554,113.788244331211,7.3154236818977,-5.43999646224367,1.9669502175904,7,73.154236818977,113.788244331211,-36.0282887422304,-865.068115839299,0,0,-865.068115839299,16.0128675758634,10.5728711136197,52.8218749753804,369.753124827663,84.5829689089579,87.9758632048683,77.3154236818977
E0,E3_finde_soleado,13-07-2025,2,E0_E3_finde_soleado_s2_20260904_012116.mat,-964.575511534603,2.99361958699198,30.8547817468323,96.5892478814648,333.865669261626,21578.5821420312,255.106995986729,153.776216608547,164.5408029552,34,0,82.402842807062,11.659789909842,20.4077043523407,0,17.737791637239,2.89848588311775e-15,32.6404883589809,791.323189599769,617.035254274654,460.347494052867,38.747171640034,1003.32268317464,116.05617230944,17.0228243506681,-13.6790341785048,3.04113435136996,7,170.228243506681,116.05617230944,-91.6518389037282,-872.923672630875,0,0,-872.923672630875,16.0128675758634,2.3338333973586,11.659789909842,81.6185293688938,18.6706671788688,100.995358976953,87.0228243506681
E0,E3_finde_soleado,13-07-2025,3,E0_E3_finde_soleado_s3_20260904_012159.mat,-945.855658408606,2.98439282457246,33.6832283414734,95.3832350760307,510.948457996377,20695.8910649224,283.195404475196,172.19497299143,169.5608274528,32,0,80.4431766551483,33.4909574690402,22.1148774555598,0,17.737791637239,3.09349554563948e-15,34.4496784892882,1393.10919523441,1437.6643871542,513.897441823072,55.4983425544735,1001.35400096308,108.618279761727,-4.61572967671387,-0.199192122159417,2.80246877767201,7,-46.1572967671387,108.618279761727,-6.10571053324364,-939.749947875363,0,0,-939.749947875363,16.0128675758634,15.813675453704,79.0048397204775,553.033878043342,126.509403629632,71.0192696599106,65.3842703232861
E0,E3_finde_soleado,13-07-2025,4,E0_E3_finde_soleado_s4_20260904_012242.mat,-948.708191667526,3.03090809519817,30.7203917468069,95.4128874479762,467.172172853087,21620.5220726277,258.40102305992,155.551805787036,155.5407590352,39,0,79.614235530022,33.9770000138195,26.2527674392073,0,17.737791637239,2.98533020963871e-15,32.834105763714,1035.57803160449,1165.75018821233,471.463227382621,44.5123456448274,993.220537312353,95.2803874703927,-13.0647710497057,-1.81471087664553,1.82578790207851,7,-130.647710497057,95.2803874703927,-25.7210350436156,-922.98715662391,0,0,-922.98715662391,16.0128675758634,14.1981566992179,70.9337369185222,496.536158429656,113.585253593743,54.2481067509956,56.9352289502943
E0,E3_finde_soleado,13-07-2025,5,E0_E3_finde_soleado_s5_20260904_012325.mat,-860.256809997572,2.83297763504838,37.4371151157604,97.7720510438115,263.504983676478,19524.3920638743,318.045182820192,189.156649621806,183.980897822401,34,0,79.2355491858346,38.6236114466288,25.1348790759275,0,17.737791637239,3.12040426163637e-15,35.706290168171,802.851959892037,683.35664320949,535.876557899259,28.4792214444191,888.736031441991,108.078492661015,11.6868977722128,3.40332195711199,1.71170209766038,7,116.868977722128,108.078492661015,38.5944963128331,-898.851306310405,0,0,-898.851306310405,16.0128675758634,19.4161895329754,97.0029356253063,679.020549377144,155.329516263803,88.2859678137518,81.6868977722128
E0_8,E3_finde_soleado,13-07-2025,1,E0_8_E3_finde_soleado_s1_20260904_162618.mat,-901.096404581529,3.23596448637202,33.3478587736442,97.2511630555875,292.023012125087,20800.5519503772,274.413629995265,171.066344533387,174.5808519504,35,0,77.4801289303561,24.6882442677946,31.8440280356679,0,17.737791637239,2.89903273583067e-15,34.9863839510847,1000.2940602175,924.707122058454,553.56461572352,33.2287858540253,934.325190435554,113.788244331211,7.3154236818977,-5.43999646224367,1.9669502175904,7,73.154236818977,113.788244331211,-36.0282887422304,-865.068115839299,0,0,-865.068115839299,16.0128675758634,10.5728711136197,52.8218749753804,369.753124827663,84.5829689089579,87.9758632048683,77.3154236818977
E0_8,E3_finde_soleado,13-07-2025,2,E0_8_E3_finde_soleado_s2_20260904_162704.mat,-964.575511534603,2.99361958699198,30.8547817468323,96.5892478814648,333.865669261626,21578.5821420312,255.106995986729,153.776216608547,164.5408029552,34,0,82.402842807062,11.659789909842,20.4077043523407,0,17.737791637239,2.89848588311775e-15,32.6404883589809,791.323189599769,617.035254274654,460.347494052867,38.747171640034,1003.32268317464,116.05617230944,17.0228243506681,-13.6790341785048,3.04113435136996,7,170.228243506681,116.05617230944,-91.6518389037282,-872.923672630875,0,0,-872.923672630875,16.0128675758634,2.3338333973586,11.659789909842,81.6185293688938,18.6706671788688,100.995358976953,87.0228243506681
E0_8,E3_finde_soleado,13-07-2025,3,E0_8_E3_finde_soleado_s3_20260904_162750.mat,-945.855658408606,2.98439282457246,33.6832283414734,95.3832350760307,510.948457996377,20695.8910649224,283.195404475196,172.19497299143,169.5608274528,32,0,80.4431766551483,33.4909574690402,22.1148774555598,0,17.737791637239,3.09349554563948e-15,34.4496784892882,1393.10919523441,1437.6643871542,513.897441823072,55.4983425544735,1001.35400096308,108.618279761727,-4.61572967671387,-0.199192122159417,2.80246877767201,7,-46.1572967671387,108.618279761727,-6.10571053324364,-939.749947875363,0,0,-939.749947875363,16.0128675758634,15.813675453704,79.0048397204775,553.033878043342,126.509403629632,71.0192696599106,65.3842703232861
E0_8,E3_finde_soleado,13-07-2025,4,E0_8_E3_finde_soleado_s4_20260904_162836.mat,-948.708191667526,3.03090809519817,30.7203917468069,95.4128874479762,467.172172853087,21620.5220726277,258.40102305992,155.551805787036,155.5407590352,39,0,79.614235530022,33.9770000138195,26.2527674392073,0,17.737791637239,2.98533020963871e-15,32.834105763714,1035.57803160449,1165.75018821233,471.463227382621,44.5123456448274,993.220537312353,95.2803874703927,-13.0647710497057,-1.81471087664553,1.82578790207851,7,-130.647710497057,95.2803874703927,-25.7210350436156,-922.98715662391,0,0,-922.98715662391,16.0128675758634,14.1981566992179,70.9337369185222,496.536158429656,113.585253593743,54.2481067509956,56.9352289502943
E0_8,E3_finde_soleado,13-07-2025,5,E0_8_E3_finde_soleado_s5_20260904_162922.mat,-860.256809997572,2.83297763504838,37.4371151157604,97.7720510438115,263.504983676478,19524.3920638743,318.045182820192,189.156649621806,183.980897822401,34,0,79.2355491858346,38.6236114466288,25.1348790759275,0,17.737791637239,3.12040426163637e-15,35.706290168171,802.851959892037,683.35664320949,535.876557899259,28.4792214444191,888.736031441991,108.078492661015,11.6868977722128,3.40332195711199,1.71170209766038,7,116.868977722128,108.078492661015,38.5944963128331,-898.851306310405,0,0,-898.851306310405,16.0128675758634,19.4161895329754,97.0029356253063,679.020549377144,155.329516263803,88.2859678137518,81.6868977722128
E_8,E3_finde_soleado,13-07-2025,1,E_8_E3_finde_soleado_s1_20260904_171150.mat,-902.099523975592,3.22766289068324,33.3076513070656,97.11589254454,305.690068576018,20813.0997467716,274.346461560308,170.668417305052,174.5808519504,37,0,77.4942433324449,25.8305698840221,31.883214478812,0,1.3664834901939e-06,2.8962521922316e-15,36.0716996168988,955.868036231157,854.772247280932,550.860117147159,35.2842987577907,937.383822733382,115.425073906241,9.82811792472859,-5.53195334829705,1.66565701890624,7,98.2811792472859,115.425073906241,-34.045925645987,-868.053598329605,0,0,-868.053598329605,16.0128675758634,10.4809142275663,52.362460017415,366.537220121905,83.8473138205308,92.1416641125792,79.8281179247286
E_8,E3_finde_soleado,13-07-2025,2,E_8_E3_finde_soleado_s2_20260904_171233.mat,-974.132151711422,2.94674991016206,31.0536110408228,97.8722036752065,206.731823052339,21516.5322366147,255.071719266358,152.260872198884,164.5408029552,33,0,82.3320492147156,11.6600317735284,20.5226181835017,0,1.3664834901939e-06,2.89882983961281e-15,31.4434003912031,711.76884085459,529.71298596285,448.674711473257,24.5277064855575,998.659858196979,118.645045176947,17.7953353764106,-13.678985766865,1.54356156298292,7,177.953353764106,118.645045176947,-90.4299308078618,-883.70222090356,0,0,-883.70222090356,16.0128675758634,2.33388180899838,11.6600317735284,81.620222414699,18.671054471987,104.164815320595,87.7953353764105
E_8,E3_finde_soleado,13-07-2025,3,E_8_E3_finde_soleado_s3_20260904_171317.mat,-954.057811248712,2.89816853312935,34.0024626470079,96.2085353417144,417.514767480875,20596.2656120197,283.466413573737,171.218491543631,169.5608274528,30,0,80.2025103359827,33.4909574690402,22.4814443097812,0,1.3664834901939e-06,3.06873703107283e-15,35.7322491199585,1284.9259059793,1268.01442376802,496.220044481623,45.0395670069478,999.09737825566,107.875386728712,1.50491995222194,-0.199960123155108,1.83823260485016,7,15.0491995222194,107.875386728712,-0.138586588665594,-953.919224660046,0,0,-953.919224660046,16.0128675758634,15.8129074527083,79.0010028012396,553.007019608677,126.503259621666,77.1362089285155,71.5049199522219
E_8,E3_finde_soleado,13-07-2025,4,E_8_E3_finde_soleado_s4_20260904_171400.mat,-954.154048517239,2.97237761575671,30.8505375535522,95.8102321292467,426.717784884956,21579.9066540602,257.600927359319,155.551813011793,155.5407590352,38,0,79.1492083443692,31.393910955121,26.7312719390345,0,1.3664834901939e-06,2.99048639671121e-15,32.5346684281276,956.915179978677,1087.23614252155,462.358727086628,40.0925603356931,994.246608852932,93.9556816140255,-13.0643172200173,-1.81471336574681,1.82578774653146,7,-130.643172200173,93.9556816140255,-25.5649083890317,-928.589140128208,0,0,-928.589140128208,16.0128675758634,14.1981542101166,70.9337244830168,496.536071381117,113.585233680933,53.494308837532,56.9356827799826
E_8,E3_finde_soleado,13-07-2025,5,E_8_E3_finde_soleado_s5_20260904_171444.mat,-862.688651058885,2.81535160118171,37.567499719341,98.136239569688,220.391340418815,19483.70212248,318.270425899156,189.156066134405,183.980897822401,35,0,79.1362509007877,36.862112343016,24.8807458982376,0,1.3664834901939e-06,3.09631303607933e-15,36.1991795648486,644.765270243153,525.538137592925,532.540833664731,25.5074290780358,888.196080136921,115.736984173531,11.6883495676332,3.40296586425209,1.71148568447005,7,116.883495676332,115.736984173531,39.3986958743314,-902.087346933217,0,0,-902.087346933217,16.0128675758634,19.4158334401155,97.0011565917473,679.008096142231,155.326667520924,94.5436322107104,81.6883495676332
E_sinLSTM,E3_finde_soleado,13-07-2025,1,E_sinLSTM_E3_finde_soleado_s1_20260904_014430.mat,-902.099523975592,3.22766289068324,33.3076513070656,97.11589254454,305.690068576018,20813.0997467716,274.346461560308,170.668417305052,174.5808519504,37,0,77.4942433324449,25.8305698840221,31.883214478812,0,1.3664834901939e-06,2.8962521922316e-15,36.0716996168988,955.868036231157,854.772247280932,550.860117147159,35.2842987577907,937.383822733382,115.425073906241,9.82811792472859,-5.53195334829705,1.66565701890624,7,98.2811792472859,115.425073906241,-34.045925645987,-868.053598329605,0,0,-868.053598329605,16.0128675758634,10.4809142275663,52.362460017415,366.537220121905,83.8473138205308,92.1416641125792,79.8281179247286
E_sinLSTM,E3_finde_soleado,13-07-2025,2,E_sinLSTM_E3_finde_soleado_s2_20260904_014543.mat,-974.132151711422,2.94674991016206,31.0536110408228,97.8722036752065,206.731823052339,21516.5322366147,255.071719266358,152.260872198884,164.5408029552,33,0,82.3320492147156,11.6600317735284,20.5226181835017,0,1.3664834901939e-06,2.89882983961281e-15,31.4434003912031,711.76884085459,529.71298596285,448.674711473257,24.5277064855575,998.659858196979,118.645045176947,17.7953353764106,-13.678985766865,1.54356156298292,7,177.953353764106,118.645045176947,-90.4299308078618,-883.70222090356,0,0,-883.70222090356,16.0128675758634,2.33388180899838,11.6600317735284,81.620222414699,18.671054471987,104.164815320595,87.7953353764105
E_sinLSTM,E3_finde_soleado,13-07-2025,3,E_sinLSTM_E3_finde_soleado_s3_20260904_014655.mat,-954.057811248712,2.89816853312935,34.0024626470079,96.2085353417144,417.514767480875,20596.2656120197,283.466413573737,171.218491543631,169.5608274528,30,0,80.2025103359827,33.4909574690402,22.4814443097812,0,1.3664834901939e-06,3.06873703107283e-15,35.7322491199585,1284.9259059793,1268.01442376802,496.220044481623,45.0395670069478,999.09737825566,107.875386728712,1.50491995222194,-0.199960123155108,1.83823260485016,7,15.0491995222194,107.875386728712,-0.138586588665594,-953.919224660046,0,0,-953.919224660046,16.0128675758634,15.8129074527083,79.0010028012396,553.007019608677,126.503259621666,77.1362089285155,71.5049199522219
E_sinLSTM,E3_finde_soleado,13-07-2025,4,E_sinLSTM_E3_finde_soleado_s4_20260904_014811.mat,-954.154048517239,2.97237761575671,30.8505375535522,95.8102321292467,426.717784884956,21579.9066540602,257.600927359319,155.551813011793,155.5407590352,38,0,79.1492083443692,31.393910955121,26.7312719390345,0,1.3664834901939e-06,2.99048639671121e-15,32.5346684281276,956.915179978677,1087.23614252155,462.358727086628,40.0925603356931,994.246608852932,93.9556816140255,-13.0643172200173,-1.81471336574681,1.82578774653146,7,-130.643172200173,93.9556816140255,-25.5649083890317,-928.589140128208,0,0,-928.589140128208,16.0128675758634,14.1981542101166,70.9337244830168,496.536071381117,113.585233680933,53.494308837532,56.9356827799826
E_sinLSTM,E3_finde_soleado,13-07-2025,5,E_sinLSTM_E3_finde_soleado_s5_20260904_014927.mat,-862.688651058885,2.81535160118171,37.567499719341,98.136239569688,220.391340418815,19483.70212248,318.270425899156,189.156066134405,183.980897822401,35,0,79.1362509007877,36.862112343016,24.8807458982376,0,1.3664834901939e-06,3.09631303607933e-15,36.1991795648486,644.765270243153,525.538137592925,532.540833664731,25.5074290780358,888.196080136921,115.736984173531,11.6883495676332,3.40296586425209,1.71148568447005,7,116.883495676332,115.736984173531,39.3986958743314,-902.087346933217,0,0,-902.087346933217,16.0128675758634,19.4158334401155,97.0011565917473,679.008096142231,155.326667520924,94.5436322107104,81.6883495676332
E_sinLSTM_8,E3_finde_soleado,13-07-2025,1,E_sinLSTM_8_E3_finde_soleado_s1_20260904_165232.mat,-902.099523975592,3.22766289068324,33.3076513070656,97.11589254454,305.690068576018,20813.0997467716,274.346461560308,170.668417305052,174.5808519504,37,0,77.4942433324449,25.8305698840221,31.883214478812,0,1.3664834901939e-06,2.8962521922316e-15,36.0716996168988,955.868036231157,854.772247280932,550.860117147159,35.2842987577907,937.383822733382,115.425073906241,9.82811792472859,-5.53195334829705,1.66565701890624,7,98.2811792472859,115.425073906241,-34.045925645987,-868.053598329605,0,0,-868.053598329605,16.0128675758634,10.4809142275663,52.362460017415,366.537220121905,83.8473138205308,92.1416641125792,79.8281179247286
E_sinLSTM_8,E3_finde_soleado,13-07-2025,2,E_sinLSTM_8_E3_finde_soleado_s2_20260904_165315.mat,-974.132151711422,2.94674991016206,31.0536110408228,97.8722036752065,206.731823052339,21516.5322366147,255.071719266358,152.260872198884,164.5408029552,33,0,82.3320492147156,11.6600317735284,20.5226181835017,0,1.3664834901939e-06,2.89882983961281e-15,31.4434003912031,711.76884085459,529.71298596285,448.674711473257,24.5277064855575,998.659858196979,118.645045176947,17.7953353764106,-13.678985766865,1.54356156298292,7,177.953353764106,118.645045176947,-90.4299308078618,-883.70222090356,0,0,-883.70222090356,16.0128675758634,2.33388180899838,11.6600317735284,81.620222414699,18.671054471987,104.164815320595,87.7953353764105
E_sinLSTM_8,E3_finde_soleado,13-07-2025,3,E_sinLSTM_8_E3_finde_soleado_s3_20260904_165359.mat,-954.057811248712,2.89816853312935,34.0024626470079,96.2085353417144,417.514767480875,20596.2656120197,283.466413573737,171.218491543631,169.5608274528,30,0,80.2025103359827,33.4909574690402,22.4814443097812,0,1.3664834901939e-06,3.06873703107283e-15,35.7322491199585,1284.9259059793,1268.01442376802,496.220044481623,45.0395670069478,999.09737825566,107.875386728712,1.50491995222194,-0.199960123155108,1.83823260485016,7,15.0491995222194,107.875386728712,-0.138586588665594,-953.919224660046,0,0,-953.919224660046,16.0128675758634,15.8129074527083,79.0010028012396,553.007019608677,126.503259621666,77.1362089285155,71.5049199522219
E_sinLSTM_8,E3_finde_soleado,13-07-2025,4,E_sinLSTM_8_E3_finde_soleado_s4_20260904_165442.mat,-954.154048517239,2.97237761575671,30.8505375535522,95.8102321292467,426.717784884956,21579.9066540602,257.600927359319,155.551813011793,155.5407590352,38,0,79.1492083443692,31.393910955121,26.7312719390345,0,1.3664834901939e-06,2.99048639671121e-15,32.5346684281276,956.915179978677,1087.23614252155,462.358727086628,40.0925603356931,994.246608852932,93.9556816140255,-13.0643172200173,-1.81471336574681,1.82578774653146,7,-130.643172200173,93.9556816140255,-25.5649083890317,-928.589140128208,0,0,-928.589140128208,16.0128675758634,14.1981542101166,70.9337244830168,496.536071381117,113.585233680933,53.494308837532,56.9356827799826
E_sinLSTM_8,E3_finde_soleado,13-07-2025,5,E_sinLSTM_8_E3_finde_soleado_s5_20260904_165525.mat,-862.688651058885,2.81535160118171,37.567499719341,98.136239569688,220.391340418815,19483.70212248,318.270425899156,189.156066134405,183.980897822401,35,0,79.1362509007877,36.862112343016,24.8807458982376,0,1.3664834901939e-06,3.09631303607933e-15,36.1991795648486,644.765270243153,525.538137592925,532.540833664731,25.5074290780358,888.196080136921,115.736984173531,11.6883495676332,3.40296586425209,1.71148568447005,7,116.883495676332,115.736984173531,39.3986958743314,-902.087346933217,0,0,-902.087346933217,16.0128675758634,19.4158334401155,97.0011565917473,679.008096142231,155.326667520924,94.5436322107104,81.6883495676332
A,E4_volatilidad,17-09-2025,1,A_E4_volatilidad_s1_20260902_012750.mat,-62.4118875909277,2.89265603220661,41.2909781822098,98.3594311663083,20.1520150162824,1916.07055870521,27.8744611181901,19.2867758026166,15.600076128,5,0,81.8516635115945,58.5722670292606,10.2440943970556,0,24.431532206661,2.7166242699105e-15,30.6454786402935,221.63009714976,82.2308786074147,55.7900083672555,2.23947371488837,64.6513613058161,111.129021741942,13.688914536732,0.616993228178636,3.02638055112572,1,136.88914536732,111.129021741942,18.6270669560137,-81.0389545469414,0,0,-81.0389545469414,16.0128675758634,16.629860804042,83.0824871323292,581.577409926305,133.038886432336,93.0026720311197,83.6889145367319
A,E4_volatilidad,17-09-2025,2,A_E4_volatilidad_s2_20260902_012810.mat,-73.9125284187149,2.86945878995021,37.9669878487308,99.576795441039,4.48254214123178,2024.55473742593,22.6339947401773,16.2165329556983,13.4100654408,4,0,84.2790860658389,60.7446639203033,12.624853879006,0,24.431532206661,2.68099443267947e-15,26.3226120068055,238.493549576463,54.0830530070408,46.5326730322457,0.348063811804491,74.2605922305194,77.6487539521144,18.0690047424183,-0.25473355859112,3.0381007846757,1,180.690047424183,77.6487539521144,10.5894528619037,-84.5019812806186,0,0,-84.5019812806186,16.0128675758634,15.7581340172723,78.7273556974888,551.091489882421,126.065072138178,68.3844848005163,88.0690047424183
A,E4_volatilidad,17-09-2025,3,A_E4_volatilidad_s3_20260902_012830.mat,-16.2603668419994,3.49763616126257,43.1777390254624,73.47625604882,462.948629883733,1854.49285239809,42.0014773962171,27.7133972492718,25.4801243424,6,0,77.670419039297,39.9028123257159,27.3781553454242,0,24.431532206661,3.52178511985896e-15,42.0504392310274,207.142301219956,80.4254887139273,96.9313803704878,52.6707166317462,68.9310834737456,113.772270251613,12.4510888732298,-0.199359062873215,2.40639843854909,1,124.510888732298,113.772270251613,11.1544253309219,-27.4147921729213,0,0,-27.4147921729213,16.0128675758634,15.8135085129902,79.0040056876573,553.028039813601,126.508068103922,93.8064756582487,82.4510888732298
A,E4_volatilidad,17-09-2025,4,A_E4_volatilidad_s4_20260902_012850.mat,-28.0313860652794,3.54988531615206,50.560155100962,91.8273778482208,131.040565944075,1613.55492401158,33.963136971923,24.9705611851901,32.8401602592,5,0,65.409114735015,27.3120498576714,48.2644876795407,0,24.431532206661,3.08037659250476e-15,39.2900545132579,205.134521851207,27.3848526056567,88.6426284873828,28.6646223902468,56.6960084555263,218.746173627488,17.42492314995,-9.07518992469659,1.29814033906341,1,174.2492314995,218.746173627488,-38.2968020143314,10.265415949052,0,0,10.265415949052,16.0128675758634,6.93767765116681,34.660513456686,242.623594196802,55.5014212093345,191.238674187288,87.4249231499499
A,E4_volatilidad,17-09-2025,5,A_E4_volatilidad_s5_20260902_012911.mat,-25.7053260742427,3.98083672733867,42.7758136691286,85.6956190759827,205.868767647842,1867.61038217841,36.101607187556,24.826218940001,27.900136152,5,0,74.77068872808,43.1984114201944,33.4891957269013,0,24.431532206661,2.88167592501555e-15,40.279626393213,225.739812076266,63.0091364188473,98.829124157307,42.5453428369123,68.250668911155,206.662444833256,15.9626775238669,-5.58592069726851,2.54816069084726,1,159.626775238669,206.662444833256,-14.9973919096433,-10.7079341645994,0,0,-10.7079341645994,16.0128675758634,10.4269468785949,52.0928401072232,364.649880750563,83.4155750287592,177.652571014951,85.9626775238669
A,E4_volatilidad,17-09-2025,6,A_E4_volatilidad_s6_20260902_012931.mat,-22.3407448015135,3.58172640120076,43.9979741621433,77.9111870462865,379.470665497636,1827.72305879656,43.6705025567937,28.052001781493,27.4801341024,6,0,78.0236703965153,49.7409850612964,28.4672631103807,0,24.431532206661,3.15921029168118e-15,45.2980868276988,205.976202622593,108.486938856352,100.474595387304,46.966990661027,69.3077354625405,123.769753320549,9.59070543152006,-1.06021208096228,1.62539338676126,1,95.9070543152006,123.769753320549,2.20165656116542,-24.5424013626789,0,0,-24.5424013626789,16.0128675758634,14.9526554949011,74.7031994066554,522.922395846588,119.621243959209,98.5092197786774,79.59070543152
A,E4_volatilidad,17-09-2025,7,A_E4_volatilidad_s7_20260902_012951.mat,-75.1145257464143,2.60951204462413,39.5182065960781,97.903807898073,24.7794194293854,1973.92802827843,26.6166270892323,17.6138694626931,23.0201123376,5,0,81.4191827388074,40.2960794526749,9.64109211698939,0,24.431532206661,3.02779131146523e-15,25.6374347519126,204.552333849241,72.1436983658255,45.9636045153348,2.7096540064401,77.8241797528544,109.350988394295,13.0072741114351,-7.94717027458648,2.60451457420863,1,130.072741114351,109.350988394295,-50.7761376730832,-24.3383880733311,0,0,-24.3383880733311,16.0128675758634,8.06569730127692,40.2960794526749,282.072556168724,64.5255784102154,90.7692746800164,83.0072741114351
A,E4_volatilidad,17-09-2025,8,A_E4_volatilidad_s8_20260902_013011.mat,-53.7573343469816,3.35778429788687,37.7416929928907,85.627704424803,194.460580678506,2031.90762505609,26.6242910277179,19.1444818841282,16.3600798368,4,0,80.3892528063631,60.8434092335325,19.469682063865,0,24.431532206661,2.79691592126893e-15,37.2079026863115,235.526323892342,162.324063967143,64.2830406617053,22.97599123165,76.7333255786316,118.152435580943,7.20081613104577,-0.199043490299768,2.95071452332763,1,72.0081613104577,118.152435580943,6.06479775408424,-59.8221321010659,0,0,-59.8221321010659,16.0128675758634,15.8138240855636,79.0055822825898,553.039075978129,126.510592684509,91.2146445471959,77.2008161310458
A,E4_volatilidad,17-09-2025,9,A_E4_volatilidad_s9_20260902_013031.mat,-45.4456435095866,2.37913351412342,59.7620571099523,99.0437899900761,18.3062999934101,1313.23492245819,50.0553400633502,32.5315331878306,26.6601301008,4,0,80.3851963877655,55.3559100083657,22.302982604368,0,24.431532206661,2.74126135323832e-15,46.050392935267,204.347153579318,150.067040540905,77.3968608729861,2.2286984485565,47.6743419581431,121.744888336736,5.34381192845366,2.77592674307249,3.02645415010265,1,53.4381192845366,121.744888336736,28.0626500232789,-73.5082935328655,0,0,-73.5082935328655,16.0128675758634,18.7887943189359,93.8684803576679,657.079362503675,150.310354551487,91.7272397009361,75.3438119284536
A,E4_volatilidad,17-09-2025,10,A_E4_volatilidad_s10_20260902_013051.mat,-71.8970130993168,2.13977609685095,46.7667958082565,99.7519358300873,3.3934578264632,1737.35777124521,33.3305181470628,20.9952231375341,15.8200772016,3,0,87.0606874449313,62.781135134979,3.27311026492749,0,24.431532206661,2.9632712035218e-15,27.0320945359429,231.23876598643,69.5057740411042,44.9250766177476,0.197796862235341,72.0948099615522,58.2877030894158,15.8648190612773,3.4029460836973,1.71136036046315,1,158.648190612773,58.2877030894158,35.5460834366777,-107.443096535995,0,0,-107.443096535995,16.0128675758634,19.4158136595607,97.0010577684494,679.007404379146,155.326509276486,50.0486307927014,85.8648190612773
A_8,E4_volatilidad,17-09-2025,1,A_8_E4_volatilidad_s1_20260904_181629.mat,-62.4118875909277,2.89265603220661,41.2909781822098,98.3594311663083,20.1520150162824,1916.07055870521,27.8744611181901,19.2867758026166,15.600076128,5,0,81.8516635115945,58.5722670292606,10.2440943970556,0,22.2772001202901,2.7166242699105e-15,30.6454786402935,221.63009714976,82.2308786074147,55.7900083672555,2.23947371488837,64.6513613058161,111.129021741942,13.688914536732,0.616993228178636,3.02638055112572,1,136.88914536732,111.129021741942,18.6270669560137,-81.0389545469414,0,0,-81.0389545469414,16.0128675758634,16.629860804042,83.0824871323292,581.577409926305,133.038886432336,93.0026720311197,83.6889145367319
A_8,E4_volatilidad,17-09-2025,2,A_8_E4_volatilidad_s2_20260904_181644.mat,-73.9125284187149,2.86945878995021,37.9669878487308,99.576795441039,4.48254214123178,2024.55473742593,22.6339947401773,16.2165329556983,13.4100654408,4,0,84.2790860658389,60.7446639203033,12.624853879006,0,22.2772001202901,2.68099443267947e-15,26.3226120068055,238.493549576463,54.0830530070408,46.5326730322457,0.348063811804491,74.2605922305194,77.6487539521144,18.0690047424183,-0.25473355859112,3.0381007846757,1,180.690047424183,77.6487539521144,10.5894528619037,-84.5019812806186,0,0,-84.5019812806186,16.0128675758634,15.7581340172723,78.7273556974888,551.091489882421,126.065072138178,68.3844848005163,88.0690047424183
A_8,E4_volatilidad,17-09-2025,3,A_8_E4_volatilidad_s3_20260904_181700.mat,-16.2603668419994,3.49763616126257,43.1777390254624,73.47625604882,462.948629883733,1854.49285239809,42.0014773962171,27.7133972492718,25.4801243424,6,0,77.670419039297,39.9028123257159,27.3781553454242,0,22.2772001202901,3.52178511985896e-15,42.0504392310274,207.142301219956,80.4254887139273,96.9313803704878,52.6707166317462,68.9310834737456,113.772270251613,12.4510888732298,-0.199359062873215,2.40639843854909,1,124.510888732298,113.772270251613,11.1544253309219,-27.4147921729213,0,0,-27.4147921729213,16.0128675758634,15.8135085129902,79.0040056876573,553.028039813601,126.508068103922,93.8064756582487,82.4510888732298
A_8,E4_volatilidad,17-09-2025,4,A_8_E4_volatilidad_s4_20260904_181715.mat,-28.0313860652794,3.54988531615206,50.560155100962,91.8273778482208,131.040565944075,1613.55492401158,33.963136971923,24.9705611851901,32.8401602592,5,0,65.409114735015,27.3120498576714,48.2644876795407,0,22.2772001202901,3.08037659250476e-15,39.2900545132579,205.134521851207,27.3848526056567,88.6426284873828,28.6646223902468,56.6960084555263,218.746173627488,17.42492314995,-9.07518992469659,1.29814033906341,1,174.2492314995,218.746173627488,-38.2968020143314,10.265415949052,0,0,10.265415949052,16.0128675758634,6.93767765116681,34.660513456686,242.623594196802,55.5014212093345,191.238674187288,87.4249231499499
A_8,E4_volatilidad,17-09-2025,5,A_8_E4_volatilidad_s5_20260904_181732.mat,-25.7053260742427,3.98083672733867,42.7758136691286,85.6956190759827,205.868767647842,1867.61038217841,36.101607187556,24.826218940001,27.900136152,5,0,74.77068872808,43.1984114201944,33.4891957269013,0,22.2772001202901,2.88167592501555e-15,40.279626393213,225.739812076266,63.0091364188473,98.829124157307,42.5453428369123,68.250668911155,206.662444833256,15.9626775238669,-5.58592069726851,2.54816069084726,1,159.626775238669,206.662444833256,-14.9973919096433,-10.7079341645994,0,0,-10.7079341645994,16.0128675758634,10.4269468785949,52.0928401072232,364.649880750563,83.4155750287592,177.652571014951,85.9626775238669
A_8,E4_volatilidad,17-09-2025,6,A_8_E4_volatilidad_s6_20260904_181748.mat,-22.3407448015135,3.58172640120076,43.9979741621433,77.9111870462865,379.470665497636,1827.72305879656,43.6705025567937,28.052001781493,27.4801341024,6,0,78.0236703965153,49.7409850612964,28.4672631103807,0,22.2772001202901,3.15921029168118e-15,45.2980868276988,205.976202622593,108.486938856352,100.474595387304,46.966990661027,69.3077354625405,123.769753320549,9.59070543152006,-1.06021208096228,1.62539338676126,1,95.9070543152006,123.769753320549,2.20165656116542,-24.5424013626789,0,0,-24.5424013626789,16.0128675758634,14.9526554949011,74.7031994066554,522.922395846588,119.621243959209,98.5092197786774,79.59070543152
A_8,E4_volatilidad,17-09-2025,7,A_8_E4_volatilidad_s7_20260904_181803.mat,-75.1145257464143,2.60951204462413,39.5182065960781,97.903807898073,24.7794194293854,1973.92802827843,26.6166270892323,17.6138694626931,23.0201123376,5,0,81.4191827388074,40.2960794526749,9.64109211698939,0,22.2772001202901,3.02779131146523e-15,25.6374347519126,204.552333849241,72.1436983658255,45.9636045153348,2.7096540064401,77.8241797528544,109.350988394295,13.0072741114351,-7.94717027458648,2.60451457420863,1,130.072741114351,109.350988394295,-50.7761376730832,-24.3383880733311,0,0,-24.3383880733311,16.0128675758634,8.06569730127692,40.2960794526749,282.072556168724,64.5255784102154,90.7692746800164,83.0072741114351
A_8,E4_volatilidad,17-09-2025,8,A_8_E4_volatilidad_s8_20260904_181820.mat,-53.7573343469816,3.35778429788687,37.7416929928907,85.627704424803,194.460580678506,2031.90762505609,26.6242910277179,19.1444818841282,16.3600798368,4,0,80.3892528063631,60.8434092335325,19.469682063865,0,22.2772001202901,2.79691592126893e-15,37.2079026863115,235.526323892342,162.324063967143,64.2830406617053,22.97599123165,76.7333255786316,118.152435580943,7.20081613104577,-0.199043490299768,2.95071452332763,1,72.0081613104577,118.152435580943,6.06479775408424,-59.8221321010659,0,0,-59.8221321010659,16.0128675758634,15.8138240855636,79.0055822825898,553.039075978129,126.510592684509,91.2146445471959,77.2008161310458
A_8,E4_volatilidad,17-09-2025,9,A_8_E4_volatilidad_s9_20260904_181836.mat,-45.4456435095866,2.37913351412342,59.7620571099523,99.0437899900761,18.3062999934101,1313.23492245819,50.0553400633502,32.5315331878306,26.6601301008,4,0,80.3851963877655,55.3559100083657,22.302982604368,0,22.2772001202901,2.74126135323832e-15,46.050392935267,204.347153579318,150.067040540905,77.3968608729861,2.2286984485565,47.6743419581431,121.744888336736,5.34381192845366,2.77592674307249,3.02645415010265,1,53.4381192845366,121.744888336736,28.0626500232789,-73.5082935328655,0,0,-73.5082935328655,16.0128675758634,18.7887943189359,93.8684803576679,657.079362503675,150.310354551487,91.7272397009361,75.3438119284536
A_8,E4_volatilidad,17-09-2025,10,A_8_E4_volatilidad_s10_20260904_181852.mat,-71.8970130993168,2.13977609685095,46.7667958082565,99.7519358300873,3.3934578264632,1737.35777124521,33.3305181470628,20.9952231375341,15.8200772016,3,0,87.0606874449313,62.781135134979,3.27311026492749,0,22.2772001202901,2.9632712035218e-15,27.0320945359429,231.23876598643,69.5057740411042,44.9250766177476,0.197796862235341,72.0948099615522,58.2877030894158,15.8648190612773,3.4029460836973,1.71136036046315,1,158.648190612773,58.2877030894158,35.5460834366777,-107.443096535995,0,0,-107.443096535995,16.0128675758634,19.4158136595607,97.0010577684494,679.007404379146,155.326509276486,50.0486307927014,85.8648190612773
A_8_semana,E4_volatilidad,17-09-2025,1,A_8_semana_E4_volatilidad_s1_20260904_150511.mat,-134.146517659382,1.73416467797617,43.6674783026343,87.7473174230454,1222.45885758891,11487.458037519,248.998441247038,156.752593895726,159.1807767984,33,0,73.942229384885,33.1211069869018,38.9645519766006,0,20.1948036100751,2.69672138853555e-15,33.9992824085939,555.539330044657,405.378501995978,271.834811515112,116.139304605699,250.285822265081,95.0046734781442,14.7235990700225,-5.43942043422272,3.03990378550471,7,147.235990700225,95.0046734781442,-30.9260669751464,-103.220450684235,0,0,-103.220450684235,16.0128675758634,10.5734471416407,52.8247528010701,369.773269607491,84.5875771331255,80.4913786554068,84.7235990700224
A_8_semana,E4_volatilidad,17-09-2025,2,A_8_semana_E4_volatilidad_s2_20260904_150555.mat,-95.362594742274,1.76568312432566,46.9082131288015,89.8982626524131,1054.92957927555,10826.5999007873,247.853584446901,164.480159133044,164.400802272,28,0,72.8800161347361,14.9045236860877,44.8982392555568,0,20.1948036100751,2.70427829212781e-15,35.1461059092164,808.073646900042,630.563779952589,290.419841267615,114.89326659141,210.255861333684,108.910839973139,17.3646928197159,-2.8300010486382,2.90851777980492,7,173.646928197159,108.910839973139,-5.6191788612685,-89.7434158810055,0,0,-89.7434158810055,16.0128675758634,13.1828665272252,65.8613653789085,461.029557652359,105.462932217802,95.1496207899049,87.3646928197159
A_8_semana,E4_volatilidad,17-09-2025,3,A_8_semana_E4_volatilidad_s3_20260904_150638.mat,17.7801937282723,2.34412375562872,42.2315044243938,78.0296810997764,2385.24202843881,11780.2851500328,265.116441128315,170.098958700133,176.3808607344,36,0,72.7396089143484,21.297150197578,50.3410212615389,0,20.1948036100751,2.6636993869408e-15,38.772588008287,739.64420630403,599.112556567577,398.73300989669,217.453088018704,199.672894290431,91.1660474811563,13.7745553434112,-8.23797970692706,2.03004150922142,7,137.745553434112,91.1660474811563,-54.6018917571933,72.3820854854656,0,0,72.3820854854656,16.0128675758634,7.77488786893634,38.8432007301709,271.902405111196,62.1991029514907,76.3739509015018,83.7745553434112
A_8_semana,E4_volatilidad,17-09-2025,4,A_8_semana_E4_volatilidad_s4_20260904_150721.mat,-77.6692689969834,1.88530242295204,43.3967275022431,84.4100886297022,1613.26599102899,11542.6701665771,244.894571132422,155.764987841384,153.3207482016,36,0,75.8868244835211,21.7818274313705,29.7926094698918,0,20.1948036100751,2.68760240934441e-15,35.1084075588499,929.464444473461,814.77834528456,293.664108988457,149.020960303044,226.690229300027,92.3722195420446,11.2345424132235,-0.19901037583935,2.61464253465402,7,112.345424132235,92.3722195420446,7.74775355752345,-85.4170225545068,0,0,-85.4170225545068,16.0128675758634,15.8138572000241,79.0057477218418,553.040234052893,126.510857600192,75.0381498619182,81.2345424132235
A_8_semana,E4_volatilidad,17-09-2025,5,A_8_semana_E4_volatilidad_s5_20260904_150805.mat,-90.1907406413253,1.55835538602913,53.8496966487868,90.634941168028,1118.43593009929,9411.07653610735,295.130978837372,187.879632843205,186.680910998401,30,0,74.4316423627134,20.7598010175842,40.7998664023373,0,20.1948036100751,2.74682419098445e-15,38.9290030935795,761.774726228963,604.831314572776,292.783237766384,90.5136252897465,180.704365931072,80.9287531398516,15.3721567676834,-0.529934790448795,1.71465735011992,7,153.721567676834,80.9287531398516,6.95696699892017,-97.1477076402455,0,0,-97.1477076402455,16.0128675758634,15.4829327854146,77.3524552654263,541.467186857984,123.863462283317,69.0906220006856,85.3721567676834
A_factor3,E4_volatilidad,17-09-2025,1,A_factor3_E4_volatilidad_s1_20260903_211822.mat,552.440493970386,2.33361242387708,94.3817595022039,70.1118633086891,8253.020965659,1145.68458891023,2.37573908331275,295.599896361878,513.862507636799,24,0,3.49603780888235,-32.4736228998136,95.1947830774089,10.0019675893393,20.1948036100751,3.87246670236823e-15,67.8654631854114,4038.44214825238,4151.90734650068,689.815590646855,572.158519316299,19.7180253459122,69.3271617383578,-11.7920105351044,-16.0124836453711,-199.683854296727,7,-117.920105351044,69.3271617383578,-135.457428757258,687.897922727644,482.142352843198,3857.13882274559,4545.03674547323,16.0128675758634,0.000383930492260297,0.00191810987228299,0.0134267691059809,0.00307144393808237,40.3539470009744,58.2079894648956
A_factorB,E4_volatilidad,17-09-2025,1,A_factorB_E4_volatilidad_s1_20260903_213911.mat,274.526186351086,2.21500708304946,76.7746350545723,79.097737745618,4132.81363981178,4736.17010525455,297.744931490336,221.581719433494,226.7611065888,34,0,65.670982472406,-2.48742524485134,41.6780064847776,0.0208332988867413,20.1948036100751,3.57080810617698e-15,48.5875519385715,2796.64884117964,2779.86193056037,490.805078019468,371.280261492122,96.7540751410366,89.8371651495586,1.37267349428059,-6.47290881912159,1.35448633841331,7,13.7267349428059,89.8371651495586,-50.6734166943538,325.19960304544,0.9800047824,7.8400382592,333.03964130464,16.0128675758634,9.53995875674181,47.6614633152734,333.630243206914,76.3196700539345,64.1191865587121,71.3726734942806
A_semana,E4_volatilidad,17-09-2025,1,A_semana_E4_volatilidad_s1_20260903_110652.mat,-134.146517659382,1.73416467797617,43.6674783026343,87.7473174230454,1222.45885758891,11487.458037519,248.998441247038,156.752593895726,159.1807767984,33,0,73.942229384885,33.1211069869018,38.9645519766006,0,20.1948036100751,2.69672138853555e-15,33.9992824085939,555.539330044657,405.378501995978,271.834811515112,116.139304605699,250.285822265081,95.0046734781442,14.7235990700225,-5.43942043422272,3.03990378550471,7,147.235990700225,95.0046734781442,-30.9260669751464,-103.220450684235,0,0,-103.220450684235,16.0128675758634,10.5734471416407,52.8247528010701,369.773269607491,84.5875771331255,80.4913786554068,84.7235990700224
A_semana,E4_volatilidad,17-09-2025,2,A_semana_E4_volatilidad_s2_20260903_110734.mat,-95.362594742274,1.76568312432566,46.9082131288015,89.8982626524131,1054.92957927555,10826.5999007873,247.853584446901,164.480159133044,164.400802272,28,0,72.8800161347361,14.9045236860877,44.8982392555568,0,20.1948036100751,2.70427829212781e-15,35.1461059092164,808.073646900042,630.563779952589,290.419841267615,114.89326659141,210.255861333684,108.910839973139,17.3646928197159,-2.8300010486382,2.90851777980492,7,173.646928197159,108.910839973139,-5.6191788612685,-89.7434158810055,0,0,-89.7434158810055,16.0128675758634,13.1828665272252,65.8613653789085,461.029557652359,105.462932217802,95.1496207899049,87.3646928197159
A_semana,E4_volatilidad,17-09-2025,3,A_semana_E4_volatilidad_s3_20260903_110816.mat,17.7801937282723,2.34412375562872,42.2315044243938,78.0296810997764,2385.24202843881,11780.2851500328,265.116441128315,170.098958700133,176.3808607344,36,0,72.7396089143484,21.297150197578,50.3410212615389,0,20.1948036100751,2.6636993869408e-15,38.772588008287,739.64420630403,599.112556567577,398.73300989669,217.453088018704,199.672894290431,91.1660474811563,13.7745553434112,-8.23797970692706,2.03004150922142,7,137.745553434112,91.1660474811563,-54.6018917571933,72.3820854854656,0,0,72.3820854854656,16.0128675758634,7.77488786893634,38.8432007301709,271.902405111196,62.1991029514907,76.3739509015018,83.7745553434112
A_semana,E4_volatilidad,17-09-2025,4,A_semana_E4_volatilidad_s4_20260903_110859.mat,-77.6692689969834,1.88530242295204,43.3967275022431,84.4100886297022,1613.26599102899,11542.6701665771,244.894571132422,155.764987841384,153.3207482016,36,0,75.8868244835211,21.7818274313705,29.7926094698918,0,20.1948036100751,2.68760240934441e-15,35.1084075588499,929.464444473461,814.77834528456,293.664108988457,149.020960303044,226.690229300027,92.3722195420446,11.2345424132235,-0.19901037583935,2.61464253465402,7,112.345424132235,92.3722195420446,7.74775355752345,-85.4170225545068,0,0,-85.4170225545068,16.0128675758634,15.8138572000241,79.0057477218418,553.040234052893,126.510857600192,75.0381498619182,81.2345424132235
A_semana,E4_volatilidad,17-09-2025,5,A_semana_E4_volatilidad_s5_20260903_110942.mat,-90.1907406413253,1.55835538602913,53.8496966487868,90.634941168028,1118.43593009929,9411.07653610735,295.130978837372,187.879632843205,186.680910998401,30,0,74.4316423627134,20.7598010175842,40.7998664023373,0,20.1948036100751,2.74682419098445e-15,38.9290030935795,761.774726228963,604.831314572776,292.783237766384,90.5136252897465,180.704365931072,80.9287531398516,15.3721567676834,-0.529934790448795,1.71465735011992,7,153.721567676834,80.9287531398516,6.95696699892017,-97.1477076402455,0,0,-97.1477076402455,16.0128675758634,15.4829327854146,77.3524552654263,541.467186857984,123.863462283317,69.0906220006856,85.3721567676834
A_semana_s6a10,E4_volatilidad,17-09-2025,6,A_semana_s6a10_E4_volatilidad_s6_20260903_120539.mat,-98.9332875844931,1.71454303859316,53.2444343347867,94.4147622914872,631.387456180074,9534.50302624605,270.418370953317,180.583148710042,176.600861808001,28,0,68.7105690324441,-0.558326158872717,46.4098108303392,0.00396824740699833,20.1948036100751,2.7427520051768e-15,38.3332699516039,592.055899942965,407.516581485077,309.617580508037,67.7563470876306,166.689634672124,107.313419714669,18.066210751005,0.904434760283795,3.0311360024743,7,180.66210751005,107.313419714669,24.6841997950568,-123.61748737955,0.200000975999854,1.60000780799884,-122.017479571551,16.0128675758634,16.9173023361472,84.518539885496,591.629779198472,135.338418689178,94.5068623700312,88.066210751005
A_semana_s6a10,E4_volatilidad,17-09-2025,7,A_semana_s6a10_E4_volatilidad_s7_20260903_120622.mat,-82.0863951570917,1.76414123031663,51.334399002341,92.6905918498171,809.367951137295,9924.00184629753,251.443350974767,173.547991502736,172.9608440448,24,0,68.7265361841716,-1.97802534022797,43.1333612212943,0.0138888659244942,20.1948036100751,2.69994211082498e-15,34.9071843465867,732.773743123963,528.137998434015,306.163167248616,78.7832499315092,160.869645088601,97.339226022979,20.0035494388452,-1.14264853930762,1.72298057681651,7,200.035494388452,97.339226022979,8.38298186634528,-90.469377023437,0.600002928,4.800023424,-85.669353599437,16.0128675758634,14.8702190365558,74.2913483352353,520.039438346647,118.961752292446,87.6087584169812,90.0035494388452
A_semana_s6a10,E4_volatilidad,17-09-2025,8,A_semana_s6a10_E4_volatilidad_s8_20260903_120704.mat,-29.3238316863883,2.18006383171263,44.260518148834,84.7601761737246,1592.47494955225,11366.5239812665,247.291267463972,157.265601087794,155.7207599136,28,0,76.0255922617936,30.1034034736459,37.4066841820698,0,20.1948036100751,2.76998811913665e-15,34.0262334222331,731.818501768805,563.067870394191,342.849048904047,166.533352995057,195.857184681446,104.575179058158,16.5238496546489,-0.199115741850905,1.72587877613901,7,165.238496546489,104.575179058158,13.9589348924777,-43.2827665788659,0,0,-43.2827665788659,16.0128675758634,15.8137518340125,79.0052213151327,553.036549205929,126.5100146721,90.4824707043603,86.5238496546489
A_semana_s6a10,E4_volatilidad,17-09-2025,9,A_semana_s6a10_E4_volatilidad_s9_20260903_120747.mat,-46.8675572614023,1.93480027360299,46.459518790349,82.9548809847094,1924.60873392563,10918.0986874444,243.359848909489,177.715090932838,174.0208492176,31,0,67.7374662763689,-6.07447528592958,40.607075715814,0.0583663056112672,20.1948036100751,2.70985753430431e-15,40.1801584322777,935.135580562623,827.654551215953,343.843206560234,157.637358279842,204.504915541244,81.9061846187873,10.5305392490436,0.610949310002788,3.03994103420968,7,105.305392490436,81.9061846187873,12.6502411068303,-59.5177983682326,2.80001366399942,22.4001093119953,-37.1176890562373,16.0128675758634,16.6238168858662,83.0522918252253,581.366042776577,132.99053508693,65.9594921518266,80.5305392490436
A_semana_s6a10,E4_volatilidad,17-09-2025,10,A_semana_s6a10_E4_volatilidad_s10_20260903_120830.mat,-93.0724371439645,1.79635711184027,46.7741536731463,89.2561441667378,1128.29224891103,10853.9376148638,256.910954470474,173.21779714257,168.0408200352,32,0,71.4719591782609,3.57787922182608,41.0313475010789,0,20.1948036100751,2.535176087288e-15,38.1948773232848,741.356081856967,576.514423486336,311.161021794361,112.951217436109,206.023654580073,100.108121406598,16.1423249145618,3.40331503377946,1.71288542247447,7,161.423249145618,100.108121406598,41.770320671221,-134.842757815186,0,0,-134.842757815186,16.0128675758634,19.4161826096429,97.0029010364607,679.020307255225,155.329460877143,86.2354632079359,86.1423249145618
A_umbral8,E4_volatilidad,17-09-2025,1,A_umbral8_E4_volatilidad_s1_20260903_234438.mat,-62.4118875909277,2.89265603220661,41.2909781822098,98.3594311663083,20.1520150162824,1916.07055870521,27.8744611181901,19.2867758026166,15.600076128,5,0,81.8516635115945,58.5722670292606,10.2440943970556,0,22.2772001202901,2.7166242699105e-15,30.6454786402935,221.63009714976,82.2308786074147,55.7900083672555,2.23947371488837,64.6513613058161,111.129021741942,13.688914536732,0.616993228178636,3.02638055112572,1,136.88914536732,111.129021741942,18.6270669560137,-81.0389545469414,0,0,-81.0389545469414,16.0128675758634,16.629860804042,83.0824871323292,581.577409926305,133.038886432336,93.0026720311197,83.6889145367319
A_umbral8,E4_volatilidad,17-09-2025,2,A_umbral8_E4_volatilidad_s2_20260903_234451.mat,-73.9125284187149,2.86945878995021,37.9669878487308,99.576795441039,4.48254214123178,2024.55473742593,22.6339947401773,16.2165329556983,13.4100654408,4,0,84.2790860658389,60.7446639203033,12.624853879006,0,22.2772001202901,2.68099443267947e-15,26.3226120068055,238.493549576463,54.0830530070408,46.5326730322457,0.348063811804491,74.2605922305194,77.6487539521144,18.0690047424183,-0.25473355859112,3.0381007846757,1,180.690047424183,77.6487539521144,10.5894528619037,-84.5019812806186,0,0,-84.5019812806186,16.0128675758634,15.7581340172723,78.7273556974888,551.091489882421,126.065072138178,68.3844848005163,88.0690047424183
A_umbral8,E4_volatilidad,17-09-2025,3,A_umbral8_E4_volatilidad_s3_20260903_234504.mat,-16.2603668419994,3.49763616126257,43.1777390254624,73.47625604882,462.948629883733,1854.49285239809,42.0014773962171,27.7133972492718,25.4801243424,6,0,77.670419039297,39.9028123257159,27.3781553454242,0,22.2772001202901,3.52178511985896e-15,42.0504392310274,207.142301219956,80.4254887139273,96.9313803704878,52.6707166317462,68.9310834737456,113.772270251613,12.4510888732298,-0.199359062873215,2.40639843854909,1,124.510888732298,113.772270251613,11.1544253309219,-27.4147921729213,0,0,-27.4147921729213,16.0128675758634,15.8135085129902,79.0040056876573,553.028039813601,126.508068103922,93.8064756582487,82.4510888732298
A_umbral8,E4_volatilidad,17-09-2025,4,A_umbral8_E4_volatilidad_s4_20260903_234517.mat,-28.0313860652794,3.54988531615206,50.560155100962,91.8273778482208,131.040565944075,1613.55492401158,33.963136971923,24.9705611851901,32.8401602592,5,0,65.409114735015,27.3120498576714,48.2644876795407,0,22.2772001202901,3.08037659250476e-15,39.2900545132579,205.134521851207,27.3848526056567,88.6426284873828,28.6646223902468,56.6960084555263,218.746173627488,17.42492314995,-9.07518992469659,1.29814033906341,1,174.2492314995,218.746173627488,-38.2968020143314,10.265415949052,0,0,10.265415949052,16.0128675758634,6.93767765116681,34.660513456686,242.623594196802,55.5014212093345,191.238674187288,87.4249231499499
A_umbral8,E4_volatilidad,17-09-2025,5,A_umbral8_E4_volatilidad_s5_20260903_234530.mat,-25.7053260742427,3.98083672733867,42.7758136691286,85.6956190759827,205.868767647842,1867.61038217841,36.101607187556,24.826218940001,27.900136152,5,0,74.77068872808,43.1984114201944,33.4891957269013,0,22.2772001202901,2.88167592501555e-15,40.279626393213,225.739812076266,63.0091364188473,98.829124157307,42.5453428369123,68.250668911155,206.662444833256,15.9626775238669,-5.58592069726851,2.54816069084726,1,159.626775238669,206.662444833256,-14.9973919096433,-10.7079341645994,0,0,-10.7079341645994,16.0128675758634,10.4269468785949,52.0928401072232,364.649880750563,83.4155750287592,177.652571014951,85.9626775238669
A_umbral8,E4_volatilidad,17-09-2025,6,A_umbral8_E4_volatilidad_s6_20260903_234543.mat,-22.3407448015135,3.58172640120076,43.9979741621433,77.9111870462865,379.470665497636,1827.72305879656,43.6705025567937,28.052001781493,27.4801341024,6,0,78.0236703965153,49.7409850612964,28.4672631103807,0,22.2772001202901,3.15921029168118e-15,45.2980868276988,205.976202622593,108.486938856352,100.474595387304,46.966990661027,69.3077354625405,123.769753320549,9.59070543152006,-1.06021208096228,1.62539338676126,1,95.9070543152006,123.769753320549,2.20165656116542,-24.5424013626789,0,0,-24.5424013626789,16.0128675758634,14.9526554949011,74.7031994066554,522.922395846588,119.621243959209,98.5092197786774,79.59070543152
A_umbral8,E4_volatilidad,17-09-2025,7,A_umbral8_E4_volatilidad_s7_20260903_234556.mat,-75.1145257464143,2.60951204462413,39.5182065960781,97.903807898073,24.7794194293854,1973.92802827843,26.6166270892323,17.6138694626931,23.0201123376,5,0,81.4191827388074,40.2960794526749,9.64109211698939,0,22.2772001202901,3.02779131146523e-15,25.6374347519126,204.552333849241,72.1436983658255,45.9636045153348,2.7096540064401,77.8241797528544,109.350988394295,13.0072741114351,-7.94717027458648,2.60451457420863,1,130.072741114351,109.350988394295,-50.7761376730832,-24.3383880733311,0,0,-24.3383880733311,16.0128675758634,8.06569730127692,40.2960794526749,282.072556168724,64.5255784102154,90.7692746800164,83.0072741114351
A_umbral8,E4_volatilidad,17-09-2025,8,A_umbral8_E4_volatilidad_s8_20260903_234609.mat,-53.7573343469816,3.35778429788687,37.7416929928907,85.627704424803,194.460580678506,2031.90762505609,26.6242910277179,19.1444818841282,16.3600798368,4,0,80.3892528063631,60.8434092335325,19.469682063865,0,22.2772001202901,2.79691592126893e-15,37.2079026863115,235.526323892342,162.324063967143,64.2830406617053,22.97599123165,76.7333255786316,118.152435580943,7.20081613104577,-0.199043490299768,2.95071452332763,1,72.0081613104577,118.152435580943,6.06479775408424,-59.8221321010659,0,0,-59.8221321010659,16.0128675758634,15.8138240855636,79.0055822825898,553.039075978129,126.510592684509,91.2146445471959,77.2008161310458
A_umbral8,E4_volatilidad,17-09-2025,9,A_umbral8_E4_volatilidad_s9_20260903_234623.mat,-45.4456435095866,2.37913351412342,59.7620571099523,99.0437899900761,18.3062999934101,1313.23492245819,50.0553400633502,32.5315331878306,26.6601301008,4,0,80.3851963877655,55.3559100083657,22.302982604368,0,22.2772001202901,2.74126135323832e-15,46.050392935267,204.347153579318,150.067040540905,77.3968608729861,2.2286984485565,47.6743419581431,121.744888336736,5.34381192845366,2.77592674307249,3.02645415010265,1,53.4381192845366,121.744888336736,28.0626500232789,-73.5082935328655,0,0,-73.5082935328655,16.0128675758634,18.7887943189359,93.8684803576679,657.079362503675,150.310354551487,91.7272397009361,75.3438119284536
A_umbral8,E4_volatilidad,17-09-2025,10,A_umbral8_E4_volatilidad_s10_20260903_234636.mat,-71.8970130993168,2.13977609685095,46.7667958082565,99.7519358300873,3.3934578264632,1737.35777124521,33.3305181470628,20.9952231375341,15.8200772016,3,0,87.0606874449313,62.781135134979,3.27311026492749,0,22.2772001202901,2.9632712035218e-15,27.0320945359429,231.23876598643,69.5057740411042,44.9250766177476,0.197796862235341,72.0948099615522,58.2877030894158,15.8648190612773,3.4029460836973,1.71136036046315,1,158.648190612773,58.2877030894158,35.5460834366777,-107.443096535995,0,0,-107.443096535995,16.0128675758634,19.4158136595607,97.0010577684494,679.007404379146,155.326509276486,50.0486307927014,85.8648190612773
B,E4_volatilidad,17-09-2025,1,B_E4_volatilidad_s1_20260902_225839.mat,-58.9143558640433,2.91631707478131,41.7428322126529,93.6244921066116,79.8990689290934,1901.32352021338,28.6555868340573,19.7647691980861,15.600076128,5,0,82.4826766267854,58.5722670292606,10.1977986365899,0,22.2772001202901,1.83231648744021e-15,30.5100635409312,271.260625862693,82.2308512191013,57.6403338914901,4.90492428971353,63.8192801537568,61.3890043458005,18.5045529460782,1.08912678080427,3.02661859589238,1,185.045529460782,61.3890043458005,18.9367989774492,-77.8511548414924,0,0,-77.8511548414924,16.0128675758634,17.1019943566677,85.4412579165817,598.088805416072,136.815954853341,54.3320638542993,88.5045529460782
B,E4_volatilidad,17-09-2025,2,B_E4_volatilidad_s2_20260902_225854.mat,-71.6715733446317,2.88457622615063,38.3079769274383,95.2461542375892,50.6694255308969,2013.42596855325,22.8367186954572,16.3411307603741,13.4100654408,5,0,84.4798550091007,60.7446639203033,12.5160588419116,0,22.2772001202901,1.77090882655711e-15,26.3608060091897,289.137823157222,54.0830452083344,47.137237299794,1.97901686669359,73.6505902113253,39.0574166957317,22.9518843372335,-0.120024020410572,3.02652924085179,1,229.518843372335,39.0574166957317,7.10777963131953,-78.7793529759513,0,0,-78.7793529759513,16.0128675758634,15.8928435554528,79.4003621407999,555.802534985599,127.142748443623,36.3046047921278,92.9518843372335
B,E4_volatilidad,17-09-2025,3,B_E4_volatilidad_s3_20260902_225909.mat,-11.8686755273536,3.55565227820776,43.7416148270856,70.9860884732813,508.249625692099,1836.08978948197,41.9242282570804,27.8620306013584,25.4801243424,7,0,77.8947672742536,40.538149106927,26.8029305216375,0,22.2772001202901,1.47022078493251e-15,44.1592111202417,264.283973265741,80.1956168188496,99.0676925832143,56.5609005479077,68.4295760752614,111.285670837213,18.0238518888151,-0.200150847695916,2.55407449686006,1,180.238518888151,111.285670837213,16.4509612550889,-28.3196367824425,0,0,-28.3196367824425,16.0128675758634,15.8127167281675,79.0000499448451,553.000349613916,126.50173382534,97.9579340712227,88.0238518888151
B,E4_volatilidad,17-09-2025,4,B_E4_volatilidad_s4_20260902_225923.mat,-26.3644048341213,3.53162847181533,50.9263853071561,89.1415337382145,174.5686488819,1601.60236724824,34.0758672997836,25.0478479755725,32.8401602592,5,0,65.5297613175111,27.6587967053497,48.2158771310517,0,22.2772001202901,2.02052444296027e-15,38.8514021828451,256.351061871286,27.3848404799655,88.4596930682338,29.7915874987809,56.1559923329023,170.65829225118,22.3678971603151,-9.00614552625877,1.30547176168466,1,223.678971603151,170.65829225118,-37.6937600344056,11.3293552002842,0,0,11.3293552002842,16.0128675758634,7.00672204960463,35.0054580363409,245.038206254386,56.053776396837,157.63347588212,92.3678971603151
B,E4_volatilidad,17-09-2025,5,B_E4_volatilidad_s5_20260902_225938.mat,-23.6962191392041,3.97281603174367,43.1422426012015,82.6934725909975,249.733679855294,1855.651339652,36.1799529012217,24.8929843464778,27.900136152,5,0,74.9091398543074,43.5324361625651,33.3456788694575,0,22.2772001202901,1.89286404201226e-15,39.7391233897756,277.761741260417,63.0091177234139,98.8952472896312,43.7532562631966,67.4494754024007,175.199661849972,20.9943126949928,-5.52327950111121,2.55150364897548,1,209.943126949928,175.199661849972,-11.0824676444718,-12.6137514947323,0,0,-12.6137514947323,16.0128675758634,10.4895880747522,52.4057944028135,366.840560819694,83.9167045980175,159.421728144333,90.9943126949928
B,E4_volatilidad,17-09-2025,6,B_E4_volatilidad_s6_20260902_225955.mat,-21.0457214743108,3.56188761928144,44.4400385108669,75.7650841022028,416.633909186897,1813.29552351465,43.6909420150859,28.0717509622326,27.4801341024,6,0,78.0622777096315,49.7710927311303,28.3596254672978,0,22.2772001202901,2.13514778893195e-15,44.9184615918797,256.351061871286,108.486893716125,99.9884222039281,47.636574180878,68.6822956551888,114.336766956501,14.5031215058408,-1.04199705824603,1.6266933792353,1,145.031215058408,114.336766956501,6.58818374782786,-27.6339052221386,0,0,-27.6339052221386,16.0128675758634,14.9708705176174,74.7942013343486,523.55940934044,119.766964140939,96.6181371071016,84.5031215058407
B,E4_volatilidad,17-09-2025,7,B_E4_volatilidad_s7_20260902_230011.mat,-71.2435503373861,2.64580163730745,40.1324895738567,93.4510376834849,78.8212755773987,1953.87983990819,26.6177219166996,18.0559060459429,23.0201123376,5,0,81.4242825576671,40.2978296959552,9.64109211698939,0,22.2772001202901,2.71371117137148e-15,27.489265170542,257.189285404916,72.143667343168,47.7723457794252,6.10795737998528,77.3515077173713,77.4912272764167,18.1190200911475,-7.94681994441307,3.04100130397965,1,181.190200911475,77.4912272764167,-50.9379736201229,-20.3055767172632,0,0,-20.3055767172632,16.0128675758634,8.06604763145034,40.2978296959552,282.084807871687,64.5283810516027,68.2845101325825,88.1190200911475
B,E4_volatilidad,17-09-2025,8,B_E4_volatilidad_s8_20260902_230025.mat,-52.2831663677961,3.33654687014741,37.9763629883393,82.2729441251112,240.07104820483,2024.24876351542,26.6317457311915,19.1615505266084,16.3600798368,4,0,80.5050484019458,60.8434092335325,19.2011666531637,0,22.2772001202901,1.74337624921758e-15,36.6847605930487,287.555872392077,162.323981749907,63.9334114367267,24.0959237229447,76.3790900907408,100.369969236714,12.2877352862709,-0.199103073009354,2.96764645014028,1,122.877352862709,100.369969236714,9.50705192997226,-61.7902182977684,0,0,-61.7902182977684,16.0128675758634,15.813764502854,79.0052846084384,553.036992259069,126.510116022832,82.5921745924191,82.2877352862709
B,E4_volatilidad,17-09-2025,9,B_E4_volatilidad_s9_20260902_230040.mat,-42.7478194072461,2.38725841238745,60.2029602007823,96.4914157925249,67.5711266181578,1298.8452868379,50.4647687681802,32.7449395700591,26.6601301008,4,0,80.7886239110238,56.2070306587054,21.9534496128517,0,22.2772001202901,1.85216272002805e-15,45.4740107174686,256.585790349343,150.066984607717,78.1706324517422,3.92744116329509,46.6752605705412,58.1230676452818,10.4604454432591,2.98683045606459,3.02645218879861,1,104.604454432591,58.1230676452818,29.3665822514017,-72.1144016586478,0,0,-72.1144016586478,16.0128675758634,18.999698031928,94.9221515355149,664.455060748605,151.997584255424,46.7660791326805,80.460445443259
B,E4_volatilidad,17-09-2025,10,B_E4_volatilidad_s10_20260902_230055.mat,-70.4089350183038,2.11828174747483,47.4229004632908,97.4692031879044,34.6312979809867,1715.94466003988,33.3217808448908,20.9960049092217,15.8200772016,3,0,87.1004709272676,62.9495608165169,3.19556486614738,0,22.2772001202901,2.6309075456454e-15,26.4881193504705,283.470466369189,69.5057548916153,44.4754539690962,1.0039283476509,71.4128633659546,28.9890476586259,20.9174771208891,3.40367713043057,1.71140558363328,1,209.174771208891,28.9890476586259,32.6868167138456,-103.095751732149,0,0,-103.095751732149,16.0128675758634,19.416544706294,97.0047100648532,679.032970453972,155.332357650352,26.3561107725948,90.9174771208891
B_oraculo,E4_volatilidad,17-09-2025,1,B_oraculo_E4_volatilidad_s1_20260903_003550.mat,-54.8359159754163,3.00165677486611,42.0691963319131,92.2222093175455,99.6505249318968,1890.67206220965,29.561258566004,20.3094941477739,15.600076128,5,0,83.0841695439503,58.5722670292606,10.1977986365899,0,1.87873840188738e-06,1.42304425948995e-15,30.5413131792456,273.631346675118,82.1986821867167,60.9621307027692,8.44346898628418,63.2793849617005,84.7308028939599,18.7368943910708,1.62764180752887,3.02642583197417,1,187.368943910708,84.7308028939599,27.3094634096838,-82.1453793851001,0,0,-82.1453793851001,16.0128675758634,17.6405093833923,88.1316693581218,616.921685506852,141.124075067138,75.1874830807195,88.7368943910708
B_oraculo,E4_volatilidad,17-09-2025,2,B_oraculo_E4_volatilidad_s2_20260903_003604.mat,-66.7948154604549,2.96106423560483,38.6679708321125,92.9694351562312,76.4073010260102,2001.67694428573,23.5331886768618,16.7467488478421,13.4100654408,5,0,84.9510924645919,60.7446639203033,12.5160588419116,0,1.87873840188738e-06,1.29768690897293e-15,26.3770095253527,305.007486511856,53.3915349251726,49.5881990760018,6.18676560198127,72.9815810624361,80.970869522995,24.5400497131581,0.280724920326335,3.02662950305045,1,245.400497131581,80.970869522995,20.1290618333181,-86.923877293773,0,0,-86.923877293773,16.0128675758634,16.2935924961897,81.4024966808542,569.81747676598,130.348739969518,76.5499003002159,94.5400497131581
B_oraculo,E4_volatilidad,17-09-2025,3,B_oraculo_E4_volatilidad_s3_20260903_003618.mat,-14.1461382814277,3.42710135454378,43.3916030101772,69.8530563811279,527.977371954306,1847.51303103518,41.9763510669743,27.8104000483281,25.4801243424,6,0,78.0784391015914,40.5385223339415,26.92445689286,0,1.87873840188738e-06,1.51032238524225e-15,39.4312565826784,272.740289012097,79.949105149189,95.3090596760297,54.7347581731159,68.8808964545437,103.668757565339,18.8656085028965,-0.199856671171819,2.50275617036587,1,188.656085028965,103.668757565339,16.0031143785098,-30.1492526599376,0,0,-30.1492526599376,16.0128675758634,15.8130109046916,79.0015196454978,553.010637518484,126.504087237533,92.125872237831,88.8656085028965
B_oraculo,E4_volatilidad,17-09-2025,4,B_oraculo_E4_volatilidad_s4_20260903_003632.mat,-22.5672362197194,3.57365177747151,50.8281992766652,87.2373710980356,208.788025744947,1604.80683832398,34.8799948159636,25.5931586159333,32.8401602592,5,0,66.1185121612016,30.1170952430917,48.2158771310517,0,1.87873840188738e-06,1.32187372398916e-15,38.2298815985926,258.985089387585,27.2635393759735,91.4610367789402,33.4739688951719,56.0412051148913,160.325137304873,22.6327059461801,-8.51738313281014,1.35560863896172,1,226.327059461801,160.325137304873,-35.481739866862,12.9145036471426,0,0,12.9145036471426,16.0128675758634,7.49548444305326,37.4473062119187,262.131143483431,59.9638755444261,148.513512997432,92.63270594618
B_oraculo,E4_volatilidad,17-09-2025,5,B_oraculo_E4_volatilidad_s5_20260903_003646.mat,-19.3881381226474,4.02459082160501,43.4791306056561,81.6186327525773,271.215304451833,1844.65641643697,37.0638328204183,25.526483750938,27.900136152,5,0,75.608766415953,43.7243342480247,33.3456788694575,0,1.87873840188738e-06,2.44514072718033e-15,39.7541695119269,277.750742004507,63.0091177277887,102.733652211875,47.4758136736721,66.8639517963194,175.048431612766,20.9932504646183,-4.92860705204674,2.58288239377052,1,209.932504646183,175.048431612766,-6.35533630180534,-13.032801820842,0,0,-13.032801820842,16.0128675758634,11.0842605238167,55.3767673219217,387.637371253452,88.6740841905333,159.28225781179,90.9932504646183
B_oraculo,E4_volatilidad,17-09-2025,6,B_oraculo_E4_volatilidad_s6_20260903_003700.mat,-16.0904620904987,3.60144229082781,44.3378086162833,73.7268693761349,457.393924725532,1816.63197309542,44.2590169907038,28.4962080727436,27.4801341024,6,0,78.2669431814702,50.476837799521,27.9313896829898,0,1.87873840188738e-06,1.36887954424385e-15,44.9196189858914,271.424197018077,107.908141397119,102.627448881408,52.4758832156986,68.5663453061972,114.727984739167,16.0236447093931,-0.650249581363985,1.65441189332031,1,160.236447093931,114.727984739167,11.3432475402539,-27.4337096307525,0,0,-27.4337096307525,16.0128675758634,15.3626179944994,76.7513647219859,537.259553053901,122.900943955995,98.6931939742679,86.023644709393
B_oraculo,E4_volatilidad,17-09-2025,7,B_oraculo_E4_volatilidad_s7_20260903_003713.mat,-65.3630858632622,2.71523903956641,39.676661380849,88.8732374500711,135.060899440431,1968.75658207501,26.9391244466152,18.2505717811792,23.0201123376,6,0,81.6143829919942,41.3272057421931,9.62836078286131,0,1.87873840188738e-06,1.35708307071028e-15,27.9337044710131,286.480762029892,70.3415804323609,49.5546649946668,12.3179243158361,77.6810101790983,91.2027416289271,21.1212489125045,-7.74077916548591,3.02733845090245,1,211.212489125045,91.2027416289271,-44.5893910568607,-20.7736948064015,0,0,-20.7736948064015,16.0128675758634,8.27208841037749,41.3272057421931,289.290440195352,66.1767072830199,83.105077214723,91.1212489125044
B_oraculo,E4_volatilidad,17-09-2025,8,B_oraculo_E4_volatilidad_s8_20260903_003727.mat,-51.1612096583643,3.35742608549368,38.3317959984546,82.8871928367933,232.387156710898,2012.64859193724,26.7271529081403,19.235058426532,16.3600798368,4,0,81.1241240390034,60.8434092335325,18.6514044976331,0,1.87873840188738e-06,2.16186953846578e-15,35.6870869550121,287.763499105765,162.323981387436,64.5802869172336,24.5852208957571,75.7464305541214,105.79423253731,12.307963615262,-0.199842627820273,3.04102969579592,1,123.07963615262,105.79423253731,10.1202630604018,-61.2814727187661,0,0,-61.2814727187661,16.0128675758634,15.8130249480431,79.0015898058309,553.011128640816,126.504199584345,87.0770784238548,82.3079636152619
B_oraculo,E4_volatilidad,17-09-2025,9,B_oraculo_E4_volatilidad_s9_20260903_003741.mat,-39.8801146060605,2.42721364200398,60.0742074051266,95.1119327353691,95.2884937724923,1303.04735720918,51.2041533677398,33.1930643175105,26.6601301008,4,0,81.2925419580786,56.2075056502223,21.9534496128517,0,1.87873840188738e-06,1.66959524070451e-15,44.1638406962882,256.570787906856,150.066984625577,80.5666585313769,6.8247419064399,46.7048565125004,71.6218888162346,10.4589765371808,3.40336188576489,3.05277691907448,1,104.589765371808,71.6218888162346,33.9687199782172,-73.8488345842778,0,0,-73.8488345842778,16.0128675758634,19.4162294616283,97.003135108142,679.021945756994,155.329835693026,57.6262387181399,80.4589765371808
B_oraculo,E4_volatilidad,17-09-2025,10,B_oraculo_E4_volatilidad_s10_20260903_003755.mat,-69.9367357037519,2.11828478061193,46.9231266851701,96.2778417171031,50.9339575721786,1732.25564245144,33.3219390250936,20.9960717068934,15.8200772016,3,0,87.1006540821904,62.9498767682351,3.19556486614738,0,1.87873840188738e-06,1.76684474047767e-15,26.4881193504705,283.4586953288,69.5057548963821,44.475659149349,1.80935088421477,71.7460865879667,35.5234694192128,20.9163402732538,3.40374096637138,1.71140775999116,1,209.163402732538,35.5234694192128,33.9171164975001,-103.853852201252,0,0,-103.853852201252,16.0128675758634,19.4166085422348,97.0050289880717,679.035202916502,155.332868337878,32.2966383340368,90.9163402732538
B_prima2,E4_volatilidad,17-09-2025,1,B_prima2_E4_volatilidad_s1_20260903_102421.mat,-62.1869822101336,2.86683328477256,41.2666397589484,98.2723447050573,21.2266820377664,1916.86488528079,27.8729944584564,19.2862686749398,15.600076128,5,0,81.8684768178291,58.5722670292606,10.1977986365899,0,22.2772001202901,2.71965703656017e-15,30.2021967338341,221.624743056424,82.2308786049654,55.2905169763837,2.33725885483761,64.5242410649712,110.109476868744,13.6893827071218,0.616243080860109,3.02662762714981,1,136.893827071218,110.109476868744,18.4959215637157,-80.6829037738492,0,0,-80.6829037738492,16.0128675758634,16.6291106567235,83.0787394097431,581.551175868202,133.032885253788,92.1499414934926,83.6893827071217
B_prima2,E4_volatilidad,17-09-2025,2,B_prima2_E4_volatilidad_s2_20260903_102434.mat,-73.4536492845581,2.85420035800437,37.9491529472801,99.4763144887027,5.54952110293322,2025.13681030892,22.6086201056619,16.2194107186861,13.4100654408,4,0,84.3301019824607,60.7446639203033,12.5160588419116,0,22.2772001202901,2.65603388112827e-15,25.7878959734262,238.463959535658,54.0830530096207,46.2934478798936,0.449337393354495,73.9029866779126,80.9686791022376,18.0671405358093,-0.252297652648434,3.03851287751163,1,180.671405358093,80.9686791022376,11.1474713178632,-84.6011206024213,0,0,-84.6011206024213,16.0128675758634,15.760569923215,78.7395254400094,551.176678080066,126.08455938572,71.306800414956,88.0671405358092
B_prima2,E4_volatilidad,17-09-2025,3,B_prima2_E4_volatilidad_s3_20260903_102447.mat,-16.356830883004,3.47768230044308,43.153374241651,73.5001359423567,462.591074796404,1855.28803929586,42.0005968958594,27.7130107692633,25.4801243424,6,0,77.6814509138026,39.9051064841398,27.3480631011215,0,22.2772001202901,3.52608936980309e-15,41.724054119744,205.765983401805,80.4254893415883,96.3770470442555,52.5840271118462,68.9408579948502,113.672809478629,12.3174819055795,-0.199962208900807,2.40661763775709,1,123.174819055795,113.672809478629,11.0017672939782,-27.3585981769822,0,0,-27.3585981769822,16.0128675758634,15.8129053669626,79.0009923808914,553.00694666624,126.503242935701,93.5725943741346,82.3174819055795
B_prima2,E4_volatilidad,17-09-2025,4,B_prima2_E4_volatilidad_s4_20260903_102459.mat,-27.8794608045462,3.52840008378329,50.5334947559014,91.7833314669112,131.76674530458,1614.42503052458,33.9624049132698,24.9701807135528,32.8401602592,5,0,65.4350558487569,27.3103637005943,48.2158771310517,0,22.2772001202901,3.0449016180136e-15,38.8629761229615,204.747969900586,27.3848526808828,88.1047877217835,28.7108974826844,56.5903582872306,217.891831632624,17.3883419883156,-9.07553055295866,1.29810268886445,1,173.883419883156,217.891831632624,-38.5052452596725,10.6257844551263,0,0,10.6257844551263,16.0128675758634,6.93733702290474,34.6588116839813,242.611681787869,55.4986961832379,190.412058991722,87.3883419883155
B_prima2,E4_volatilidad,17-09-2025,5,B_prima2_E4_volatilidad_s5_20260903_102512.mat,-25.2576621610111,3.9701253154345,42.7555221763289,85.630282795691,206.850242634914,1868.2726301727,36.0701505427605,24.8251438075698,27.900136152,5,0,74.8268626754036,43.1969811737894,33.3456788694575,0,22.2772001202901,2.85825161782548e-15,39.7391233897756,225.772640204327,63.0091364048815,98.5589318897349,42.6332882438737,67.8909504048848,206.107025550463,15.9668691253209,-5.58692412501168,2.54810534322891,1,159.668691253209,206.107025550463,-15.0774378751327,-10.1802242858784,0,0,-10.1802242858784,16.0128675758634,10.4259434508517,52.0878270001658,364.614789001161,83.4075476068138,177.183756913058,85.9668691253209
B_prima2,E4_volatilidad,17-09-2025,6,B_prima2_E4_volatilidad_s6_20260903_102525.mat,-22.2118275751025,3.56299514252088,43.9713656720748,77.8985846842106,379.730749517345,1828.59147293213,43.6696964697451,28.0516489115229,27.4801341024,6,0,78.0406850553325,49.7393435531249,28.4186525618916,0,22.2772001202901,3.16420827544408e-15,44.9184615918797,205.170672820602,108.486939562445,99.9478888114573,46.9703833261055,69.182210901208,123.693915717405,9.51270159416012,-1.06054430314932,1.62537487427314,1,95.1270159416012,123.693915717405,2.10561535790124,-24.3174429330037,0,0,-24.3174429330037,16.0128675758634,14.9523232727141,74.7015396305511,522.910777413858,119.618586181713,98.3523740945121,79.5127015941601
B_prima2,E4_volatilidad,17-09-2025,7,B_prima2_E4_volatilidad_s7_20260903_102538.mat,-74.9717283607977,2.57588932387547,39.4906991341759,97.8179639185884,25.7997076676211,1974.825781916,26.6162455255124,17.6136896935605,23.0201123376,5,0,81.4232112528792,40.2952211920398,9.64109211698939,0,22.2772001202901,3.01694854629184e-15,25.2103563616162,204.422217460108,72.1436983909366,45.3709152356979,2.80399937290818,77.7757277337059,108.683377696842,12.9956362771268,-7.94734206476018,2.60450644144613,1,129.956362771268,108.683377696842,-50.8670497048217,-24.104678655976,0,0,-24.104678655976,16.0128675758634,8.06552551110322,40.2952211920398,282.066548344278,64.5242040888258,90.2024608469667,82.9956362771267
B_prima2,E4_volatilidad,17-09-2025,8,B_prima2_E4_volatilidad_s8_20260903_102551.mat,-53.5664385644184,3.33654842898985,37.7196732260873,85.5475065296544,195.600751386524,2032.62627826432,26.6243934900717,19.144116439385,16.3600798368,4,0,80.4563620734192,60.8434092335325,19.2416754435713,0,22.2772001202901,2.79570518124603e-15,36.6824458050254,235.566771419369,162.32406383833,63.8752716302289,23.0721114448311,76.6385500092495,117.955126865738,7.20573319974336,-0.199752660945077,2.95106686500011,1,72.0573319974336,117.955126865738,6.05155727606687,-59.6179958404853,0,0,-59.6179958404853,16.0128675758634,15.8131149149183,79.0020392787302,553.014274951111,126.504919319347,91.0681205433803,77.2057331997433
B_prima2,E4_volatilidad,17-09-2025,9,B_prima2_E4_volatilidad_s9_20260903_102603.mat,-45.0156914232839,2.37112432742848,59.7189212622431,98.9551970800644,20.00557498866,1314.64273552101,50.0921350950185,32.5306057755417,26.6601301008,4,0,80.506686862658,56.2070306587054,21.9534496128517,0,22.2772001202901,2.7547225051526e-15,45.4763255054918,204.332788078113,150.067040545053,77.1341107403724,2.38978375830275,47.4054751815867,119.455889653628,5.34338710804082,2.77503030244865,3.02643853640091,1,53.4338710804082,119.455889653628,27.9449339663819,-72.9606253896658,0,0,-72.9606253896658,16.0128675758634,18.7878978783121,93.8640017563451,657.048012294416,150.303183026496,90.002113365087,75.3433871080408
B_prima2,E4_volatilidad,17-09-2025,10,B_prima2_E4_volatilidad_s10_20260903_102616.mat,-71.6402807778752,2.11828174747483,46.7473045233068,99.6764443257586,4.42751978923751,1737.99390307107,33.3217808448908,20.9960049092217,15.8200772016,3,0,87.1004709272676,62.9495608165169,3.19556486614738,0,22.2772001202901,2.9413041809796e-15,26.4881193504705,231.217464299016,69.5057740443836,44.4754539690962,0.292173000109461,71.9324537779847,65.9902189075878,15.8638562592585,3.40367713043057,1.71140558363328,1,158.638562592585,65.9902189075878,36.6511511688473,-108.291431946722,0,0,-108.291431946722,16.0128675758634,19.416544706294,97.0047100648532,679.032970453972,155.332357650352,56.6617467079812,85.8638562592584
B_prima2_8,E4_volatilidad,17-09-2025,1,B_prima2_8_E4_volatilidad_s1_20260904_183152.mat,-62.1869822101336,2.86683328477256,41.2666397589484,98.2723447050573,21.2266820377664,1916.86488528079,27.8729944584564,19.2862686749398,15.600076128,5,0,81.8684768178291,58.5722670292606,10.1977986365899,0,22.2772001202901,2.71965703656017e-15,30.2021967338341,221.624743056424,82.2308786049654,55.2905169763837,2.33725885483761,64.5242410649712,110.109476868744,13.6893827071218,0.616243080860109,3.02662762714981,1,136.893827071218,110.109476868744,18.4959215637157,-80.6829037738492,0,0,-80.6829037738492,16.0128675758634,16.6291106567235,83.0787394097431,581.551175868202,133.032885253788,92.1499414934926,83.6893827071217
B_prima2_8,E4_volatilidad,17-09-2025,2,B_prima2_8_E4_volatilidad_s2_20260904_183207.mat,-73.4536492845581,2.85420035800437,37.9491529472801,99.4763144887027,5.54952110293322,2025.13681030892,22.6086201056619,16.2194107186861,13.4100654408,4,0,84.3301019824607,60.7446639203033,12.5160588419116,0,22.2772001202901,2.65603388112827e-15,25.7878959734262,238.463959535658,54.0830530096207,46.2934478798936,0.449337393354495,73.9029866779126,80.9686791022376,18.0671405358093,-0.252297652648434,3.03851287751163,1,180.671405358093,80.9686791022376,11.1474713178632,-84.6011206024213,0,0,-84.6011206024213,16.0128675758634,15.760569923215,78.7395254400094,551.176678080066,126.08455938572,71.306800414956,88.0671405358092
B_prima2_8,E4_volatilidad,17-09-2025,3,B_prima2_8_E4_volatilidad_s3_20260904_183223.mat,-16.356830883004,3.47768230044308,43.153374241651,73.5001359423567,462.591074796404,1855.28803929586,42.0005968958594,27.7130107692633,25.4801243424,6,0,77.6814509138026,39.9051064841398,27.3480631011215,0,22.2772001202901,3.52608936980309e-15,41.724054119744,205.765983401805,80.4254893415883,96.3770470442555,52.5840271118462,68.9408579948502,113.672809478629,12.3174819055795,-0.199962208900807,2.40661763775709,1,123.174819055795,113.672809478629,11.0017672939782,-27.3585981769822,0,0,-27.3585981769822,16.0128675758634,15.8129053669626,79.0009923808914,553.00694666624,126.503242935701,93.5725943741346,82.3174819055795
B_prima2_8,E4_volatilidad,17-09-2025,4,B_prima2_8_E4_volatilidad_s4_20260904_183238.mat,-27.8794608045462,3.52840008378329,50.5334947559014,91.7833314669112,131.76674530458,1614.42503052458,33.9624049132698,24.9701807135528,32.8401602592,5,0,65.4350558487569,27.3103637005943,48.2158771310517,0,22.2772001202901,3.0449016180136e-15,38.8629761229615,204.747969900586,27.3848526808828,88.1047877217835,28.7108974826844,56.5903582872306,217.891831632624,17.3883419883156,-9.07553055295866,1.29810268886445,1,173.883419883156,217.891831632624,-38.5052452596725,10.6257844551263,0,0,10.6257844551263,16.0128675758634,6.93733702290474,34.6588116839813,242.611681787869,55.4986961832379,190.412058991722,87.3883419883155
B_prima2_8,E4_volatilidad,17-09-2025,5,B_prima2_8_E4_volatilidad_s5_20260904_183254.mat,-25.2576621610111,3.9701253154345,42.7555221763289,85.630282795691,206.850242634914,1868.2726301727,36.0701505427605,24.8251438075698,27.900136152,5,0,74.8268626754036,43.1969811737894,33.3456788694575,0,22.2772001202901,2.85825161782548e-15,39.7391233897756,225.772640204327,63.0091364048815,98.5589318897349,42.6332882438737,67.8909504048848,206.107025550463,15.9668691253209,-5.58692412501168,2.54810534322891,1,159.668691253209,206.107025550463,-15.0774378751327,-10.1802242858784,0,0,-10.1802242858784,16.0128675758634,10.4259434508517,52.0878270001658,364.614789001161,83.4075476068138,177.183756913058,85.9668691253209
B_prima2_8,E4_volatilidad,17-09-2025,6,B_prima2_8_E4_volatilidad_s6_20260904_183309.mat,-22.2118275751025,3.56299514252088,43.9713656720748,77.8985846842106,379.730749517345,1828.59147293213,43.6696964697451,28.0516489115229,27.4801341024,6,0,78.0406850553325,49.7393435531249,28.4186525618916,0,22.2772001202901,3.16420827544408e-15,44.9184615918797,205.170672820602,108.486939562445,99.9478888114573,46.9703833261055,69.182210901208,123.693915717405,9.51270159416012,-1.06054430314932,1.62537487427314,1,95.1270159416012,123.693915717405,2.10561535790124,-24.3174429330037,0,0,-24.3174429330037,16.0128675758634,14.9523232727141,74.7015396305511,522.910777413858,119.618586181713,98.3523740945121,79.5127015941601
B_prima2_8,E4_volatilidad,17-09-2025,7,B_prima2_8_E4_volatilidad_s7_20260904_183325.mat,-74.9717283607977,2.57588932387547,39.4906991341759,97.8179639185884,25.7997076676211,1974.825781916,26.6162455255124,17.6136896935605,23.0201123376,5,0,81.4232112528792,40.2952211920398,9.64109211698939,0,22.2772001202901,3.01694854629184e-15,25.2103563616162,204.422217460108,72.1436983909366,45.3709152356979,2.80399937290818,77.7757277337059,108.683377696842,12.9956362771268,-7.94734206476018,2.60450644144613,1,129.956362771268,108.683377696842,-50.8670497048217,-24.104678655976,0,0,-24.104678655976,16.0128675758634,8.06552551110322,40.2952211920398,282.066548344278,64.5242040888258,90.2024608469667,82.9956362771267
B_prima2_8,E4_volatilidad,17-09-2025,8,B_prima2_8_E4_volatilidad_s8_20260904_183340.mat,-53.5664385644184,3.33654842898985,37.7196732260873,85.5475065296544,195.600751386524,2032.62627826432,26.6243934900717,19.144116439385,16.3600798368,4,0,80.4563620734192,60.8434092335325,19.2416754435713,0,22.2772001202901,2.79570518124603e-15,36.6824458050254,235.566771419369,162.32406383833,63.8752716302289,23.0721114448311,76.6385500092495,117.955126865738,7.20573319974336,-0.199752660945077,2.95106686500011,1,72.0573319974336,117.955126865738,6.05155727606687,-59.6179958404853,0,0,-59.6179958404853,16.0128675758634,15.8131149149183,79.0020392787302,553.014274951111,126.504919319347,91.0681205433803,77.2057331997433
B_prima2_8,E4_volatilidad,17-09-2025,9,B_prima2_8_E4_volatilidad_s9_20260904_183355.mat,-45.0156914232839,2.37112432742848,59.7189212622431,98.9551970800644,20.00557498866,1314.64273552101,50.0921350950185,32.5306057755417,26.6601301008,4,0,80.506686862658,56.2070306587054,21.9534496128517,0,22.2772001202901,2.7547225051526e-15,45.4763255054918,204.332788078113,150.067040545053,77.1341107403724,2.38978375830275,47.4054751815867,119.455889653628,5.34338710804082,2.77503030244865,3.02643853640091,1,53.4338710804082,119.455889653628,27.9449339663819,-72.9606253896658,0,0,-72.9606253896658,16.0128675758634,18.7878978783121,93.8640017563451,657.048012294416,150.303183026496,90.002113365087,75.3433871080408
B_prima2_8,E4_volatilidad,17-09-2025,10,B_prima2_8_E4_volatilidad_s10_20260904_183410.mat,-71.6402807778752,2.11828174747483,46.7473045233068,99.6764443257586,4.42751978923751,1737.99390307107,33.3217808448908,20.9960049092217,15.8200772016,3,0,87.1004709272676,62.9495608165169,3.19556486614738,0,22.2772001202901,2.9413041809796e-15,26.4881193504705,231.217464299016,69.5057740443836,44.4754539690962,0.292173000109461,71.9324537779847,65.9902189075878,15.8638562592585,3.40367713043057,1.71140558363328,1,158.638562592585,65.9902189075878,36.6511511688473,-108.291431946722,0,0,-108.291431946722,16.0128675758634,19.416544706294,97.0047100648532,679.032970453972,155.332357650352,56.6617467079812,85.8638562592584
B_prima2_8_or,E4_volatilidad,17-09-2025,1,B_prima2_8_or_E4_volatilidad_s1_20260904_184506.mat,-62.1830504661708,2.86690243618847,41.2679253158127,98.2727324017985,21.2225904791131,1916.82292890709,27.8744919645779,19.2870118660128,15.600076128,5,0,81.8695891024672,58.5722670292606,10.1977986365899,0,1.87873840188738e-06,2.70257190488301e-15,30.2010393398225,221.623711604068,82.2308786054767,55.2939813054679,2.33593891756407,64.5189893837349,110.068510244452,13.6892830988149,0.617180103214238,3.02642505772984,1,136.892830988149,110.068510244452,18.4982717987239,-80.6813222648947,0,0,-80.6813222648947,16.0128675758634,16.6300476790776,83.0834207566646,581.583945296652,133.040381432621,92.1155471411272,83.6892830988149
B_prima2_8_or,E4_volatilidad,17-09-2025,2,B_prima2_8_or_E4_volatilidad_s2_20260904_184519.mat,-73.4464975392003,2.85444290703753,37.9491396518953,99.476228372211,5.55043141835876,2025.13724422682,22.6085908161393,16.2193941873083,13.4100654408,4,0,84.3304766679895,60.7446639203033,12.5149014478999,0,1.87873840188738e-06,2.64946684529657e-15,25.7867385794146,238.464868424955,54.0830530094946,46.2973346944078,0.449424175417565,73.8959217146178,80.9710347795737,18.0672316549573,-0.252312560530481,3.03851144828856,1,180.672316549573,80.9710347795737,11.1478015000936,-84.5942990392939,0,0,-84.5942990392939,16.0128675758634,15.7605550153329,78.7394509604973,551.176156723481,126.084440122663,71.3089487727432,88.0672316549573
B_prima2_8_or,E4_volatilidad,17-09-2025,3,B_prima2_8_or_E4_volatilidad_s3_20260904_184532.mat,-16.4268839271714,3.47857589902188,43.1351194278455,73.5329146894819,462.013521173399,1855.88381674546,42.0014147421645,27.7125084589475,25.4801243424,6,0,77.6839508685172,39.9019505732323,27.3376465550167,0,1.87873840188738e-06,3.51231644491003e-15,41.7136375736392,204.611192033188,80.4237921107153,96.4000640267347,52.5203736333574,68.9472575605287,113.677135465578,12.2047984957666,-0.199441272916744,2.40560028205178,1,122.047984957666,113.677135465578,10.8911286040661,-27.3180125312374,0,0,-27.3180125312374,16.0128675758634,15.8134263029467,79.0035949677502,553.025164774251,126.507410423573,93.448060145238,82.2047984957665
B_prima2_8_or,E4_volatilidad,17-09-2025,4,B_prima2_8_or_E4_volatilidad_s4_20260904_184545.mat,-27.8904588223736,3.52842346222156,50.5336343728828,91.789483638687,131.669382192616,1614.4204738827,33.9629371624204,24.9704925982786,32.8401602592,5,0,65.4355242052828,27.3117358881106,48.2158771310517,0,1.87873840188738e-06,3.06849723487301e-15,38.8629761229615,204.63937521485,27.3848527027113,88.1064719469963,28.6994133347047,56.5898721570782,217.965732479257,17.3777946947576,-9.07525308099298,1.29813343164363,1,173.777946947576,217.965732479257,-38.5121509022911,10.6216920799175,0,0,10.6216920799175,16.0128675758634,6.93761449487042,34.6601979289589,242.621385502712,55.5009159589634,190.45365023065,87.3777946947575
B_prima2_8_or,E4_volatilidad,17-09-2025,5,B_prima2_8_or_E4_volatilidad_s5_20260904_184558.mat,-25.2524378349529,3.97023202345926,42.7554229328755,85.6308515229314,206.849166760873,1868.2758691546,36.0719626911589,24.8261021641983,27.900136152,5,0,74.8291426385871,43.1978743522326,33.3445214754459,0,1.87873840188738e-06,2.86590168627507e-15,39.7402807837872,225.718838216944,63.0091364223056,98.5653858299714,42.6331901164455,67.8856279513984,206.107623173224,15.9616394691165,-5.58602689468722,2.54815519204192,1,159.616394691165,206.107623173224,-15.0798750011501,-10.1725628338028,0,0,-10.1725628338028,16.0128675758634,10.4268406811762,52.0923095468188,364.646166827732,83.4147254494095,177.173491950532,85.9616394691164
B_prima2_8_or,E4_volatilidad,17-09-2025,6,B_prima2_8_or_E4_volatilidad_s6_20260904_184611.mat,-22.34935537635,3.56229591602375,43.9711600909924,77.960885429566,378.569743044055,1828.59818242664,43.6584087070653,28.0435551176441,27.4801341024,6,0,78.0365651112423,49.7235046699082,28.4244395319499,0,1.87873840188738e-06,3.1643753771918e-15,44.9196189858914,204.414042642254,108.486940254581,99.8994418663705,46.8334614015134,69.1828167778635,123.711580922788,9.43851272152742,-1.06802553741036,1.62485750864164,1,94.3851272152742,123.711580922788,1.9646756737771,-24.3140310501271,0,0,-24.3140310501271,16.0128675758634,14.944842038453,74.6641635179936,522.649144625955,119.558736307624,98.2746399493513,79.4385127215274
B_prima2_8_or,E4_volatilidad,17-09-2025,7,B_prima2_8_or_E4_volatilidad_s7_20260904_184625.mat,-74.3007139839699,2.57589494452051,39.4905065758283,97.5117771290784,29.420072247688,1974.83206639101,26.6164180678026,17.6137719793903,23.0201123376,5,0,81.4234360449182,40.2956090925873,9.64109211698939,0,1.87873840188738e-06,3.01627605679601e-15,25.2103563616162,204.412059819228,68.5238162067586,45.3712261956485,3.47581942777998,77.7765334117499,118.144489874702,13.3482139014809,-7.94726442225893,2.60451011715712,1,133.482139014809,118.144489874702,-49.3849540789116,-24.9157599050583,0,0,-24.9157599050583,16.0128675758634,8.06560315360448,40.2956090925873,282.069263648111,64.5248252288358,98.47132213358,83.3482139014809
B_prima2_8_or,E4_volatilidad,17-09-2025,8,B_prima2_8_or_E4_volatilidad_s8_20260904_184638.mat,-52.6329203576918,3.35876783945406,37.4080736957786,84.7905088551691,205.859637144719,2042.79586834851,26.6598039305417,19.1441159270568,16.3600798368,4,0,80.541409648763,60.8434092335325,18.9338086364741,0,1.87873840188738e-06,2.80223761023417e-15,36.5736507679309,228.616811927054,155.374504753745,64.3006408905785,24.3619892905851,76.9949096482769,118.342719478606,7.20640072058208,-0.199754458091675,2.95106790542994,1,72.0640072058208,118.342719478606,6.077389865603,-58.7103102232948,0,0,-58.7103102232948,16.0128675758634,15.8131131177717,79.002030300218,553.014212101526,126.504904942174,91.3681542242866,77.2064007205821
B_prima2_8_or,E4_volatilidad,17-09-2025,9,B_prima2_8_or_E4_volatilidad_s9_20260904_184651.mat,-45.0165398867387,2.37114552700787,59.7187410075108,98.9552280276654,20.0051499217626,1314.64861844624,50.0929710538605,32.530907947768,26.6601301008,4,0,80.5075585481133,56.2083279347253,21.9534496128517,0,1.87873840188738e-06,2.7566365777183e-15,45.4763255054918,204.310447083071,150.067040566516,77.1355168698551,2.38973776941933,47.406277656158,119.45612898505,5.34118895749063,2.77532879465307,3.02643866345347,1,53.4118895749063,119.45612898505,27.9449701705803,-72.961510057319,0,0,-72.961510057319,16.0128675758634,18.7881963705165,93.8654930180595,657.058451126417,150.305570964132,89.99966785993,75.3411889574906
B_prima2_8_or,E4_volatilidad,17-09-2025,10,B_prima2_8_or_E4_volatilidad_s10_20260904_184704.mat,-71.6373375579619,2.11835675189159,46.7465780565693,99.676402012015,4.42803856536425,1738.01761257064,33.3209301728304,20.9956456827381,15.8200772016,3,0,87.0996827557203,62.947861681378,3.19672226015903,0,1.87873840188738e-06,2.95450468458018e-15,26.4869619564588,231.212890207181,69.5057740458926,44.4762677923519,0.292215086810378,71.9295526447722,65.9919922775877,15.8634132313358,3.40333383148096,1.71139387945475,1,158.634132313358,65.9919922775877,36.6483948429742,-108.285732400936,0,0,-108.285732400936,16.0128675758634,19.4162014073444,97.0029949494413,679.020964646089,155.329611258755,56.6629770288963,85.8634132313358
B_prima2_oraculo,E4_volatilidad,17-09-2025,1,B_prima2_oraculo_E4_volatilidad_s1_20260903_160512.mat,-62.1830504661708,2.86690243618847,41.2679253158127,98.2727324017985,21.2225904791131,1916.82292890709,27.8744919645779,19.2870118660128,15.600076128,5,0,81.8695891024672,58.5722670292606,10.1977986365899,0,1.87873840188738e-06,2.70257190488301e-15,30.2010393398225,221.623711604068,82.2308786054767,55.2939813054679,2.33593891756407,64.5189893837349,110.068510244452,13.6892830988149,0.617180103214238,3.02642505772984,1,136.892830988149,110.068510244452,18.4982717987239,-80.6813222648947,0,0,-80.6813222648947,16.0128675758634,16.6300476790776,83.0834207566646,581.583945296652,133.040381432621,92.1155471411272,83.6892830988149
B_prima2_oraculo,E4_volatilidad,17-09-2025,2,B_prima2_oraculo_E4_volatilidad_s2_20260903_160525.mat,-73.4464975392003,2.85444290703753,37.9491396518953,99.476228372211,5.55043141835876,2025.13724422682,22.6085908161393,16.2193941873083,13.4100654408,4,0,84.3304766679895,60.7446639203033,12.5149014478999,0,1.87873840188738e-06,2.64946684529657e-15,25.7867385794146,238.464868424955,54.0830530094946,46.2973346944078,0.449424175417565,73.8959217146178,80.9710347795737,18.0672316549573,-0.252312560530481,3.03851144828856,1,180.672316549573,80.9710347795737,11.1478015000936,-84.5942990392939,0,0,-84.5942990392939,16.0128675758634,15.7605550153329,78.7394509604973,551.176156723481,126.084440122663,71.3089487727432,88.0672316549573
B_prima2_oraculo,E4_volatilidad,17-09-2025,3,B_prima2_oraculo_E4_volatilidad_s3_20260903_160539.mat,-16.4268839271714,3.47857589902188,43.1351194278455,73.5329146894819,462.013521173399,1855.88381674546,42.0014147421645,27.7125084589475,25.4801243424,6,0,77.6839508685172,39.9019505732323,27.3376465550167,0,1.87873840188738e-06,3.51231644491003e-15,41.7136375736392,204.611192033188,80.4237921107153,96.4000640267347,52.5203736333574,68.9472575605287,113.677135465578,12.2047984957666,-0.199441272916744,2.40560028205178,1,122.047984957666,113.677135465578,10.8911286040661,-27.3180125312374,0,0,-27.3180125312374,16.0128675758634,15.8134263029467,79.0035949677502,553.025164774251,126.507410423573,93.448060145238,82.2047984957665
B_prima2_oraculo,E4_volatilidad,17-09-2025,4,B_prima2_oraculo_E4_volatilidad_s4_20260903_160552.mat,-27.8904588223736,3.52842346222156,50.5336343728828,91.789483638687,131.669382192616,1614.4204738827,33.9629371624204,24.9704925982786,32.8401602592,5,0,65.4355242052828,27.3117358881106,48.2158771310517,0,1.87873840188738e-06,3.06849723487301e-15,38.8629761229615,204.63937521485,27.3848527027113,88.1064719469963,28.6994133347047,56.5898721570782,217.965732479257,17.3777946947576,-9.07525308099298,1.29813343164363,1,173.777946947576,217.965732479257,-38.5121509022911,10.6216920799175,0,0,10.6216920799175,16.0128675758634,6.93761449487042,34.6601979289589,242.621385502712,55.5009159589634,190.45365023065,87.3777946947575
B_prima2_oraculo,E4_volatilidad,17-09-2025,5,B_prima2_oraculo_E4_volatilidad_s5_20260903_160605.mat,-25.2524378349529,3.97023202345926,42.7554229328755,85.6308515229314,206.849166760873,1868.2758691546,36.0719626911589,24.8261021641983,27.900136152,5,0,74.8291426385871,43.1978743522326,33.3445214754459,0,1.87873840188738e-06,2.86590168627507e-15,39.7402807837872,225.718838216944,63.0091364223056,98.5653858299714,42.6331901164455,67.8856279513984,206.107623173224,15.9616394691165,-5.58602689468722,2.54815519204192,1,159.616394691165,206.107623173224,-15.0798750011501,-10.1725628338028,0,0,-10.1725628338028,16.0128675758634,10.4268406811762,52.0923095468188,364.646166827732,83.4147254494095,177.173491950532,85.9616394691164
B_prima2_oraculo,E4_volatilidad,17-09-2025,6,B_prima2_oraculo_E4_volatilidad_s6_20260903_160618.mat,-22.34935537635,3.56229591602375,43.9711600909924,77.960885429566,378.569743044055,1828.59818242664,43.6584087070653,28.0435551176441,27.4801341024,6,0,78.0365651112423,49.7235046699082,28.4244395319499,0,1.87873840188738e-06,3.1643753771918e-15,44.9196189858914,204.414042642254,108.486940254581,99.8994418663705,46.8334614015134,69.1828167778635,123.711580922788,9.43851272152742,-1.06802553741036,1.62485750864164,1,94.3851272152742,123.711580922788,1.9646756737771,-24.3140310501271,0,0,-24.3140310501271,16.0128675758634,14.944842038453,74.6641635179936,522.649144625955,119.558736307624,98.2746399493513,79.4385127215274
B_prima2_oraculo,E4_volatilidad,17-09-2025,7,B_prima2_oraculo_E4_volatilidad_s7_20260903_160632.mat,-74.3007139839699,2.57589494452051,39.4905065758283,97.5117771290784,29.420072247688,1974.83206639101,26.6164180678026,17.6137719793903,23.0201123376,5,0,81.4234360449182,40.2956090925873,9.64109211698939,0,1.87873840188738e-06,3.01627605679601e-15,25.2103563616162,204.412059819228,68.5238162067586,45.3712261956485,3.47581942777998,77.7765334117499,118.144489874702,13.3482139014809,-7.94726442225893,2.60451011715712,1,133.482139014809,118.144489874702,-49.3849540789116,-24.9157599050583,0,0,-24.9157599050583,16.0128675758634,8.06560315360448,40.2956090925873,282.069263648111,64.5248252288358,98.47132213358,83.3482139014809
B_prima2_oraculo,E4_volatilidad,17-09-2025,8,B_prima2_oraculo_E4_volatilidad_s8_20260903_160645.mat,-52.6329203576918,3.35876783945406,37.4080736957786,84.7905088551691,205.859637144719,2042.79586834851,26.6598039305417,19.1441159270568,16.3600798368,4,0,80.541409648763,60.8434092335325,18.9338086364741,0,1.87873840188738e-06,2.80223761023417e-15,36.5736507679309,228.616811927054,155.374504753745,64.3006408905785,24.3619892905851,76.9949096482769,118.342719478606,7.20640072058208,-0.199754458091675,2.95106790542994,1,72.0640072058208,118.342719478606,6.077389865603,-58.7103102232948,0,0,-58.7103102232948,16.0128675758634,15.8131131177717,79.002030300218,553.014212101526,126.504904942174,91.3681542242866,77.2064007205821
B_prima2_oraculo,E4_volatilidad,17-09-2025,9,B_prima2_oraculo_E4_volatilidad_s9_20260903_160658.mat,-45.0165398867387,2.37114552700787,59.7187410075108,98.9552280276654,20.0051499217626,1314.64861844624,50.0929710538605,32.530907947768,26.6601301008,4,0,80.5075585481133,56.2083279347253,21.9534496128517,0,1.87873840188738e-06,2.7566365777183e-15,45.4763255054918,204.310447083071,150.067040566516,77.1355168698551,2.38973776941933,47.406277656158,119.45612898505,5.34118895749063,2.77532879465307,3.02643866345347,1,53.4118895749063,119.45612898505,27.9449701705803,-72.961510057319,0,0,-72.961510057319,16.0128675758634,18.7881963705165,93.8654930180595,657.058451126417,150.305570964132,89.99966785993,75.3411889574906
B_prima2_oraculo,E4_volatilidad,17-09-2025,10,B_prima2_oraculo_E4_volatilidad_s10_20260903_160711.mat,-71.6373375579619,2.11835675189159,46.7465780565693,99.676402012015,4.42803856536425,1738.01761257064,33.3209301728304,20.9956456827381,15.8200772016,3,0,87.0996827557203,62.947861681378,3.19672226015903,0,1.87873840188738e-06,2.95450468458018e-15,26.4869619564588,231.212890207181,69.5057740458926,44.4762677923519,0.292215086810378,71.9295526447722,65.9919922775877,15.8634132313358,3.40333383148096,1.71139387945475,1,158.634132313358,65.9919922775877,36.6483948429742,-108.285732400936,0,0,-108.285732400936,16.0128675758634,19.4162014073444,97.0029949494413,679.020964646089,155.329611258755,56.6629770288963,85.8634132313358
B_prima2_semana,E4_volatilidad,17-09-2025,1,B_prima2_semana_E4_volatilidad_s1_20260903_112321.mat,-132.85217815012,1.73256199003588,43.5902526241897,87.5920946676361,1237.91579509685,11503.2060763751,249.033126567002,156.75255727116,159.1807767984,33,0,73.9826805295769,33.1206692341226,38.9104846056802,0,20.1948036100751,2.68397550888418e-15,34.090056068029,545.852570925295,395.743100061086,271.583522568935,116.812673702359,249.664851852479,94.3623743755686,14.7214567641166,-5.43945987696748,3.0399085437314,7,147.214567641166,94.3623743755686,-31.013314484976,-101.838863665144,0,0,-101.838863665144,16.0128675758634,10.5734076988959,52.8245557458227,369.771890220759,84.5872615911673,79.9451782081912,84.7214567641166
B_prima2_semana,E4_volatilidad,17-09-2025,2,B_prima2_semana_E4_volatilidad_s2_20260903_112403.mat,-94.4006068193519,1.7627900370743,46.8572849277081,89.7958081099723,1065.6663073188,10836.9852972751,247.855538413728,164.480954907298,164.400802272,28,0,72.8908675592493,14.8192913795906,44.8531004413022,0,20.1948036100751,2.7044228411399e-15,35.0839366998401,808.058973474541,630.563781055005,289.945388599051,115.457522027411,209.858128846762,108.343034995542,17.3655028812041,-2.82924338491518,2.9085451705466,7,173.655028812041,108.343034995542,-5.70106550196013,-88.6995413173917,0,0,-88.6995413173917,16.0128675758634,13.1836241909482,65.865150653317,461.056054573219,105.468993527586,94.654437360614,87.3655028812041
B_prima2_semana,E4_volatilidad,17-09-2025,3,B_prima2_semana_E4_volatilidad_s3_20260903_112444.mat,19.3082721221483,2.35075046363481,41.9815544239704,77.5611898190468,2436.08583106654,11831.2555318802,265.438724104838,170.098954491583,176.3808607344,36,0,72.8754440880788,25.7145405271438,50.1156578775498,0,20.1948036100751,2.65877519627629e-15,38.8137585751346,739.561954094408,599.073608715841,399.860196134885,218.743560318286,199.435288196138,89.7930432206974,13.773615377095,-8.23798650424649,2.03004113706352,7,137.73615377095,89.7930432206974,-54.7729184662251,74.0811905883735,0,0,74.0811905883735,16.0128675758634,7.77488107161691,38.8431667708846,271.902167396192,62.1990485729353,75.2228786630957,83.773615377095
B_prima2_semana,E4_volatilidad,17-09-2025,4,B_prima2_semana_E4_volatilidad_s4_20260903_112526.mat,-76.8449533380706,1.8797292631063,43.332378698625,84.2933628438814,1625.51510594465,11555.7923233536,245.095291628089,155.771197253337,153.3207482016,36,0,75.9305562527693,23.3632022264833,29.7421796590945,0,20.1948036100751,2.68752717687409e-15,34.9311591746707,927.508003175706,814.778348734671,292.807677826201,149.46180457663,226.306757914701,91.9473488926898,11.046445953199,-0.199579279503913,2.62135000928774,7,110.46445953199,91.9473488926898,7.54458854471592,-84.3895418827865,0,0,-84.3895418827865,16.0128675758634,15.8132882963595,79.0029054893091,553.020338425164,126.506306370876,74.5200584257131,81.0464459531989
B_prima2_semana,E4_volatilidad,17-09-2025,5,B_prima2_semana_E4_volatilidad_s5_20260903_112607.mat,-88.5811948972519,1.56076530095722,53.6511165519791,90.2965195456462,1158.84787153401,9451.57144846757,295.356992129705,187.879139068784,186.680910998401,30,0,74.5265933076398,20.7628675356724,40.6657727087091,0,20.1948036100751,2.74295946076241e-15,38.8975878016075,761.738735778799,604.831314502362,293.235241032274,91.3534770109254,179.934671908177,78.8312937831925,15.3713041882256,-0.530406727527396,1.71464132711208,7,153.713041882256,78.8312937831925,6.66240434641632,-95.2435992436682,0,0,-95.2435992436682,16.0128675758634,15.482460848336,77.3500974762227,541.450682333559,123.859686786688,67.2993036111631,85.3713041882256
B_prima2_semana_s6a10,E4_volatilidad,17-09-2025,6,B_prima2_semana_s6a10_E4_volatilidad_s6_20260903_122618.mat,-97.8437320384629,1.71402281384122,53.1982902124877,94.3289899817842,641.101884580533,9543.9128423277,270.416966091532,180.57976255922,176.600861808001,28,0,68.7585241021255,-0.557481715813206,46.2940702809685,0.00396824740699833,20.1948036100751,2.74857944745829e-15,38.1763588353855,592.039013603885,407.516581788421,309.517832744534,68.1026433866975,165.94637542516,106.227488991481,18.0662718274076,0.901158341232552,3.03106206025831,7,180.662718274076,106.227488991481,24.4814789548279,-122.325210993291,0.200000975999854,1.60000780799884,-120.725203185292,16.0128675758634,16.914025917096,84.5021709545185,591.51519668163,135.312207336768,93.5505892106674,88.0662718274076
B_prima2_semana_s6a10,E4_volatilidad,17-09-2025,7,B_prima2_semana_s6a10_E4_volatilidad_s7_20260903_122701.mat,-81.5115024968117,1.75909908277381,51.2719613481321,92.5685047970632,822.952005189461,9936.73427706886,251.555524199664,173.547741368734,172.9608440448,24,0,68.7440730169394,-2.070381193423,43.1014498983963,0.014384896850369,20.1948036100751,2.69921292454816e-15,34.7853260824635,732.745305765941,528.137998795909,305.287672659206,79.4128196445351,160.924322141347,96.4975103575475,20.002612926727,-1.14288853750708,1.72297220999445,7,200.02612926727,96.4975103575475,8.22871283261699,-89.7402153294287,0.600002928,4.800023424,-84.9401919054286,16.0128675758634,14.8699790383563,74.2901493085234,520.031045159664,118.959832306851,86.8502807310317,90.002612926727
B_prima2_semana_s6a10,E4_volatilidad,17-09-2025,8,B_prima2_semana_s6a10_E4_volatilidad_s8_20260903_122744.mat,-28.3462958546584,2.18218311377796,44.0412822170496,84.329323436355,1637.56049405478,11411.2310792413,247.651415084454,157.265264212957,155.7207599136,28,0,76.1356843939726,30.1155728101384,37.1239465543212,0,20.1948036100751,2.77170027221446e-15,33.9627414637211,731.789292293785,563.067873234611,343.181603949344,167.490309750244,195.836605604902,102.280380088749,16.5244474399265,-0.199430706137406,1.7258646605802,7,165.244474399265,102.280380088749,13.615695235111,-41.9619910897694,0,0,-41.9619910897694,16.0128675758634,15.813436869726,79.0036477591908,553.025534314336,126.507494957808,88.4975337112471,86.5244474399265
B_prima2_semana_s6a10,E4_volatilidad,17-09-2025,9,B_prima2_semana_s6a10_E4_volatilidad_s9_20260903_122826.mat,-46.5209293963766,1.93095593899675,45.8492393529289,81.8538339387739,2048.91953848292,11042.548280988,243.218705049261,177.71510502109,174.0208492176,30,0,67.7799821806444,-6.12627637306067,40.606910372172,0.058862336537142,20.1948036100751,2.70039576824499e-15,40.0923609583979,914.549722400471,807.145309298012,343.160037489904,159.906423080433,206.427352476809,78.0442667840598,10.5304013784093,0.610956401634724,3.03994092093543,7,105.304013784093,78.0442667840598,12.284188303756,-58.8051177001326,2.80001366399942,22.4001093119953,-36.4050083881373,16.0128675758634,16.6238239774981,83.0523272548916,581.366290784241,132.990591819985,62.8493612940399,80.5304013784093
B_prima2_semana_s6a10,E4_volatilidad,17-09-2025,10,B_prima2_semana_s6a10_E4_volatilidad_s10_20260903_122908.mat,-92.4977166680816,1.79393125827741,46.6972765081585,89.1287202875094,1141.67418808236,10869.6145840502,257.041146941945,173.216057137216,168.0408200352,32,0,71.5106523295158,3.67885397994898,40.5837622622978,0,20.1948036100751,2.53004224818462e-15,38.2228203987758,739.059125803631,576.514423798317,310.737699334018,113.469822432042,205.967539100123,99.3889707033089,15.9212826454974,3.40333777613348,1.71113979196569,7,159.212826454974,99.3889707033089,41.4683012587798,-133.966017926861,0,0,-133.966017926861,16.0128675758634,19.4162053519969,97.0030146568547,679.021102597983,155.329642815975,85.3962784364406,85.9212826454974
C,E4_volatilidad,17-09-2025,1,C_E4_volatilidad_s1_20260903_193622.mat,-62.4118875909277,2.89265603220661,41.2909781822098,98.3594311663083,20.1520150162824,1916.07055870521,27.8744611181901,19.2867758026166,15.600076128,5,0,81.8516635115945,58.5722670292606,10.2440943970556,0,22.2772001202901,2.7166242699105e-15,30.6454786402935,221.63009714976,82.2308786074147,55.7900083672555,2.23947371488837,64.6513613058161,111.129021741942,13.688914536732,0.616993228178636,3.02638055112572,1,136.88914536732,111.129021741942,18.6270669560137,-81.0389545469414,0,0,-81.0389545469414,16.0128675758634,16.629860804042,83.0824871323292,581.577409926305,133.038886432336,93.0026720311197,83.6889145367319
C,E4_volatilidad,17-09-2025,1,C_E4_volatilidad_s1_20260903_223118.mat,-60.6829245861926,2.90035813127433,42.3970746032763,98.1235691662691,23.096447643527,1879.97118723088,27.9572831018096,19.3378004960789,15.600076128,5,0,81.9091650196045,58.5722670292606,10.2440943970556,0,22.2772001202901,3.3404483782538e-15,30.9545028414023,258.157980957991,82.2308589044667,56.0865469097632,2.46423368445462,63.1471582706473,106.69319033333,17.2458917222612,0.667381875119549,3.02641678768537,1,172.458917222612,106.69319033333,21.8992278728774,-82.58215245907,0,0,-82.58215245907,16.0128675758634,16.680249450983,83.3342279111857,583.3395953783,133.441995607864,93.0854253132433,87.2458917222612
C,E4_volatilidad,17-09-2025,1,C_semana_E4_volatilidad_s1_20260903_202700.mat,-129.55834402463,1.79573080850414,43.5719422778406,86.9949341856022,1297.44264109177,11506.9399645271,249.71707485122,156.798167759381,159.1807767984,33,0,74.364455203827,33.3242316138456,38.4337988859145,0,20.1948036100751,3.28003933847479e-15,34.6434612376633,566.797811431871,360.504392960736,281.567300562521,118.916310419269,248.474654443899,91.654387371763,20.1832031700586,-5.38544904039886,3.0309646908659,7,201.832031700586,91.654387371763,-26.4346802274269,-103.123663797203,0,0,-103.123663797203,16.0128675758634,10.6274185354645,53.0943929192721,371.660750434905,85.0193482837164,82.6568623777495,90.1832031700586
C,E4_volatilidad,17-09-2025,2,C_E4_volatilidad_s2_20260903_193636.mat,-73.9125284187149,2.86945878995021,37.9669878487308,99.576795441039,4.48254214123178,2024.55473742593,22.6339947401773,16.2165329556983,13.4100654408,4,0,84.2790860658389,60.7446639203033,12.624853879006,0,22.2772001202901,2.68099443267947e-15,26.3226120068055,238.493549576463,54.0830530070408,46.5326730322457,0.348063811804491,74.2605922305194,77.6487539521144,18.0690047424183,-0.25473355859112,3.0381007846757,1,180.690047424183,77.6487539521144,10.5894528619037,-84.5019812806186,0,0,-84.5019812806186,16.0128675758634,15.7581340172723,78.7273556974888,551.091489882421,126.065072138178,68.3844848005163,88.0690047424183
C,E4_volatilidad,17-09-2025,2,C_E4_volatilidad_s2_20260903_223139.mat,-71.9377481061397,2.89193665099193,39.0775762550915,99.1909930423255,8.59218521204992,1988.30876223541,22.7536520286248,16.2749979913259,13.4100654408,5,0,84.3491909507537,60.7446639203033,12.624853879006,0,22.2772001202901,3.41834267405532e-15,26.8978368305922,275.973905362478,54.0830473141857,47.0662631859354,0.925767139222168,72.8635152453619,107.745249476681,21.695989884606,-0.185273473926999,3.02641938716298,1,216.95989884606,107.745249476681,19.5565707934278,-91.4943188995676,0,0,-91.4943188995676,16.0128675758634,15.8275941019364,79.0743770380952,553.520639266667,126.620752815491,98.7980730612809,91.695989884606
C,E4_volatilidad,17-09-2025,2,C_semana_E4_volatilidad_s2_20260903_202817.mat,-92.1422675317374,1.82148896814575,46.9303709789628,89.4874469347735,1097.74328711618,10822.0814207644,249.981084565185,164.47958892397,164.400802272,28,0,73.6536919345891,18.561666007355,43.46735537805,0,20.1948036100751,3.26762069923953e-15,35.6925666458885,839.581672219623,613.902647429653,299.597756710159,115.754873107048,207.897140638785,105.448035497572,22.0373536231017,-2.83053643775327,2.90848730557875,7,220.373536231017,105.448035497572,-1.73013067793381,-90.4121368538036,0,0,-90.4121368538036,16.0128675758634,13.1823311381101,65.8586905844657,461.01083409126,105.458649104881,97.051581319514,92.0373536231017
C,E4_volatilidad,17-09-2025,3,C_E4_volatilidad_s3_20260903_193650.mat,-15.5072706380236,3.49763616126257,43.1777390254634,73.0113330432212,471.063452166723,1854.49285239806,42.0014773962171,27.7133972492718,25.4801243424,6,0,77.670419039297,39.9028123257159,27.3781553454242,0,22.2772001202901,3.52960926541113e-15,42.0504392310274,207.142359787079,72.3107249980307,96.9313803704878,53.4238128357165,68.9310834737401,113.411075705377,13.2439278379296,-0.199359062873215,2.40639843854909,1,132.439278379296,113.411075705377,11.9232004209901,-27.4304710590137,0,0,-27.4304710590137,16.0128675758634,15.8135085129902,79.0040056876573,553.028039813601,126.508068103922,94.4078340204035,83.2439278379296
C,E4_volatilidad,17-09-2025,3,C_E4_volatilidad_s3_20260903_223201.mat,-14.1345958242146,3.4975622034295,44.29082167967,73.0086048384834,471.101962123897,1818.16547311128,42.002178579768,27.7126898848051,25.4801243424,6,0,77.6699265080835,39.9028123257159,27.3816275274592,0,22.2772001202901,3.94307745269985e-15,42.0504392310274,243.515238204116,72.2839683876138,96.9268566964575,53.3244101751066,67.4590059993213,113.190804671458,16.7904332613451,-0.199267213579004,2.40560755527577,1,167.904332613451,113.190804671458,15.5105661560745,-29.6451619802891,0,0,-29.6451619802891,16.0128675758634,15.8136003622844,79.0044645650883,553.031251955618,126.508802898275,98.2387897863609,86.7904332613451
C,E4_volatilidad,17-09-2025,3,C_semana_E4_volatilidad_s3_20260903_203043.mat,23.382183285834,2.42328854248308,41.7445995707181,76.3360205784636,2567.71785532303,11879.5759132782,266.127455645361,170.098346240252,176.3808607344,35,0,73.4160355454317,25.7185483080474,48.8993900473048,0,20.1948036100751,3.32939199111681e-15,39.9936508041488,761.0210628182,531.392088778467,412.197373539322,223.612630855746,200.230447569912,87.0861377515382,22.4284181933364,-8.2385644100167,2.03000925046535,7,224.284181933364,87.0861377515382,-48.3296764331276,71.7118597189616,0,0,71.7118597189616,16.0128675758634,7.7743031658467,38.8402795639932,271.881956947952,62.1944253267736,80.4923395894168,92.4284181933364
C,E4_volatilidad,17-09-2025,4,C_E4_volatilidad_s4_20260903_193704.mat,-28.0313860652794,3.54988531615206,50.560155100962,91.8273778482208,131.040565944075,1613.55492401158,33.963136971923,24.9705611851901,32.8401602592,5,0,65.409114735015,27.3120498576714,48.2644876795407,0,22.2772001202901,3.08037659250476e-15,39.2900545132579,205.134521851207,27.3848526056567,88.6426284873828,28.6646223902468,56.6960084555263,218.746173627488,17.42492314995,-9.07518992469659,1.29814033906341,1,174.2492314995,218.746173627488,-38.2968020143314,10.265415949052,0,0,10.265415949052,16.0128675758634,6.93767765116681,34.660513456686,242.623594196802,55.5014212093345,191.238674187288,87.4249231499499
C,E4_volatilidad,17-09-2025,4,C_E4_volatilidad_s4_20260903_223225.mat,-26.4144735531431,3.54988531615206,51.6780409434322,91.7066847380188,132.975770236247,1577.07078436098,33.963136971923,24.9705611851901,32.8401602592,5,0,65.409114735015,27.3120498576714,48.2644876795407,0,22.2772001202901,3.66838928808396e-15,39.2900545132579,243.553856900737,27.3848437124135,88.6426284873828,28.71605571462,55.1305292677631,215.949534743079,21.1461577986322,-9.07518992469659,1.29814033906341,1,211.461577986322,215.949534743079,-31.5029929536075,5.08851940046437,0,0,5.08851940046437,16.0128675758634,6.93767765116681,34.660513456686,242.623594196802,55.5014212093345,196.829703702339,91.1461577986322
C,E4_volatilidad,17-09-2025,4,C_semana_E4_volatilidad_s4_20260903_203217.mat,-75.1169717465052,1.95095098211061,43.1898754522785,83.5472413685628,1702.33708418597,11584.8519147457,246.005374575123,155.771053302006,153.3207482016,36,0,76.3402397347733,27.9575963943632,29.3608972207387,0,20.1948036100751,3.25846195098047e-15,35.6103908558352,961.15922117863,798.261463980295,303.901689423953,151.860152844402,226.977124590907,89.206864054788,15.9510791758793,-0.199719267200212,2.62133997625589,7,159.510791758793,89.206864054788,11.2087576265267,-86.325729373032,0,0,-86.325729373032,16.0128675758634,15.8131483086632,79.0022061132823,553.015442792976,126.505186469306,76.6742623540498,85.9510791758793
C,E4_volatilidad,17-09-2025,5,C_E4_volatilidad_s5_20260903_193718.mat,-25.7053260742427,3.98083672733867,42.7758136691286,85.6956190759827,205.868767647842,1867.61038217841,36.101607187556,24.826218940001,27.900136152,5,0,74.77068872808,43.1984114201944,33.4891957269013,0,22.2772001202901,2.88167592501555e-15,40.279626393213,225.739812076266,63.0091364188473,98.829124157307,42.5453428369123,68.250668911155,206.662444833256,15.9626775238669,-5.58592069726851,2.54816069084726,1,159.626775238669,206.662444833256,-14.9973919096433,-10.7079341645994,0,0,-10.7079341645994,16.0128675758634,10.4269468785949,52.0928401072232,364.649880750563,83.4155750287592,177.652571014951,85.9626775238669
C,E4_volatilidad,17-09-2025,5,C_E4_volatilidad_s5_20260903_223249.mat,-23.965927488056,3.98083672733867,43.9191457986669,85.5698446040673,207.678914879821,1830.29575889906,36.101607187556,24.826218940001,27.900136152,5,0,74.77068872808,43.1984114201944,33.4891957269013,0,22.2772001202901,3.40767171879687e-15,40.279626393213,264.864568848772,63.0091226800221,98.829124157307,42.6938225442627,66.6597500323187,205.576105638691,19.7601427539777,-5.58592069726851,2.54816069084726,1,197.601427539777,205.576105638691,-8.1274468301021,-15.8384806579539,0,0,-15.8384806579539,16.0128675758634,10.4269468785949,52.0928401072232,364.649880750563,83.4155750287592,184.525405889357,89.7601427539777
C,E4_volatilidad,17-09-2025,5,C_semana_E4_volatilidad_s5_20260903_203329.mat,-89.5943431742644,1.59617738327278,53.6242098328883,89.8536222659623,1211.46437400684,9457.05832881962,296.736308862731,187.879076155289,186.680910998401,31,0,74.9545573019522,24.3492525606208,40.2254625901743,0,20.1948036100751,3.2015586620308e-15,39.7686181074436,811.349236624402,604.582660253641,299.888332149256,90.8965047786229,180.490847952887,75.0302747062947,20.2170762707025,-0.530479658701562,1.71465327619503,7,202.170762707025,75.0302747062947,9.40819780752781,-99.0025409817922,0,0,-99.0025409817922,16.0128675758634,15.4823879171618,77.3497331133811,541.448131793667,123.859103337295,67.6901201578955,90.2170762707025
C,E4_volatilidad,17-09-2025,6,C_E4_volatilidad_s6_20260903_193732.mat,-22.3407448015135,3.58172640120076,43.9979741621433,77.9111870462865,379.470665497636,1827.72305879656,43.6705025567937,28.052001781493,27.4801341024,6,0,78.0236703965153,49.7409850612964,28.4672631103807,0,22.2772001202901,3.15921029168118e-15,45.2980868276988,205.976202622593,108.486938856352,100.474595387304,46.966990661027,69.3077354625405,123.769753320549,9.59070543152006,-1.06021208096228,1.62539338676126,1,95.9070543152006,123.769753320549,2.20165656116542,-24.5424013626789,0,0,-24.5424013626789,16.0128675758634,14.9526554949011,74.7031994066554,522.922395846588,119.621243959209,98.5092197786774,79.59070543152
C,E4_volatilidad,17-09-2025,6,C_E4_volatilidad_s6_20260903_223314.mat,-20.8183991999092,3.58102651484351,45.1347648328941,77.8950157381514,379.656729294839,1790.62192734871,43.6592284224403,28.0438115729861,27.4801341024,6,0,78.0195532802535,49.7246999287895,28.4742074744505,0,22.2772001202901,3.6512761362904e-15,45.2980868276988,243.678421544197,108.48690595268,100.425632820139,46.9365546061301,67.7549538060393,123.628928409378,13.2797537233216,-1.06778357444539,1.62487099323764,1,132.797537233216,123.628928409378,6.2335869056292,-27.0519861055384,0,0,-27.0519861055384,16.0128675758634,14.945084001418,74.6653723606389,522.657606524472,119.560672011344,102.957867110111,83.2797537233216
C,E4_volatilidad,17-09-2025,7,C_E4_volatilidad_s7_20260903_193748.mat,-75.1145257464143,2.60951204462413,39.5182065960781,97.903807898073,24.7794194293854,1973.92802827843,26.6166270892323,17.6138694626931,23.0201123376,5,0,81.4191827388074,40.2960794526749,9.64109211698939,0,22.2772001202901,3.02779131146523e-15,25.6374347519126,204.552333849241,72.1436983658255,45.9636045153348,2.7096540064401,77.8241797528544,109.350988394295,13.0072741114351,-7.94717027458648,2.60451457420863,1,130.072741114351,109.350988394295,-50.7761376730832,-24.3383880733311,0,0,-24.3383880733311,16.0128675758634,8.06569730127692,40.2960794526749,282.072556168724,64.5255784102154,90.7692746800164,83.0072741114351
C,E4_volatilidad,17-09-2025,7,C_E4_volatilidad_s7_20260903_223335.mat,-73.366879985485,2.60951204462413,40.6656566932232,97.7556730800225,26.5305446173841,1936.47900799758,26.6166270892323,17.6138694626931,23.0201123376,5,0,81.4191827388074,40.2960794526749,9.64109211698939,0,22.2772001202901,3.54205226711436e-15,25.6374347519126,243.752456612424,72.1436756601624,45.9636045153348,2.87216884359356,76.2390488290786,108.258947753058,16.8271107167771,-7.94717027458648,2.60451457420863,1,168.271107167771,108.258947753058,-47.1821944973893,-26.1846854880957,0,0,-26.1846854880957,16.0128675758634,8.06569730127692,40.2960794526749,282.072556168724,64.5255784102154,93.9981164263658,86.8271107167771
C,E4_volatilidad,17-09-2025,8,C_E4_volatilidad_s8_20260903_193803.mat,-53.7573343469816,3.35778429788687,37.7416929928907,85.627704424803,194.460580678506,2031.90762505609,26.6242910277179,19.1444818841282,16.3600798368,4,0,80.3892528063631,60.8434092335325,19.469682063865,0,22.2772001202901,2.79691592126893e-15,37.2079026863115,235.526323892342,162.324063967143,64.2830406617053,22.97599123165,76.7333255786316,118.152435580943,7.20081613104577,-0.199043490299768,2.95071452332763,1,72.0081613104577,118.152435580943,6.06479775408424,-59.8221321010659,0,0,-59.8221321010659,16.0128675758634,15.8138240855636,79.0055822825898,553.039075978129,126.510592684509,91.2146445471959,77.2008161310458
C,E4_volatilidad,17-09-2025,8,C_E4_volatilidad_s8_20260903_223356.mat,-52.0269854247609,3.35778429788687,38.860945436538,85.4425943335437,196.965164281549,1995.37888401034,26.6242910277179,19.1444818841282,16.3600798368,4,0,80.3892528063631,60.8434092335325,19.469682063865,0,22.2772001202901,3.40765283368464e-15,37.2079026863115,274.559588349708,162.324003775712,64.2830406617053,23.2084302913676,75.2354157161285,117.830126845133,11.0295354582823,-0.199043490299768,2.95071452332763,1,110.295354582823,117.830126845133,10.1041561364325,-62.1311415611934,0,0,-62.1311415611934,16.0128675758634,15.8138240855636,79.0055822825898,553.039075978129,126.510592684509,95.4772044125163,81.0295354582823
C,E4_volatilidad,17-09-2025,9,C_E4_volatilidad_s9_20260903_193819.mat,-45.4456435095866,2.37913351412342,59.7620571099523,99.0437899900761,18.3062999934101,1313.23492245819,50.0553400633502,32.5315331878306,26.6601301008,4,0,80.3851963877655,55.3559100083657,22.302982604368,0,22.2772001202901,2.74126135323832e-15,46.050392935267,204.347153579318,150.067040540905,77.3968608729861,2.2286984485565,47.6743419581431,121.744888336736,5.34381192845366,2.77592674307249,3.02645415010265,1,53.4381192845366,121.744888336736,28.0626500232789,-73.5082935328655,0,0,-73.5082935328655,16.0128675758634,18.7887943189359,93.8684803576679,657.079362503675,150.310354551487,91.7272397009361,75.3438119284536
C,E4_volatilidad,17-09-2025,9,C_E4_volatilidad_s9_20260903_223417.mat,-43.70711054151,2.37913351412342,60.8761411699474,98.9001893682692,21.0554827406673,1276.87486055996,50.0553400633502,32.5315331878306,26.6601301008,4,0,80.3851963877655,55.3559100083657,22.302982604368,0,22.2772001202901,3.04881423376009e-15,46.050392935267,243.456357374563,150.066999690661,77.3968608729861,2.42715711063969,46.1342676521497,115.274351129067,9.18677975238504,2.77592674307249,3.02645415010265,1,91.8677975238504,115.274351129067,31.7384146188764,-75.4455251603864,0,0,-75.4455251603864,16.0128675758634,18.7887943189359,93.8684803576679,657.079362503675,150.310354551487,91.2820465395651,79.186779752385
C,E4_volatilidad,17-09-2025,10,C_E4_volatilidad_s10_20260903_193835.mat,-71.8970130993168,2.13977609685095,46.7667958082565,99.7519358300873,3.3934578264632,1737.35777124521,33.3305181470628,20.9952231375341,15.8200772016,3,0,87.0606874449313,62.781135134979,3.27311026492749,0,22.2772001202901,2.9632712035218e-15,27.0320945359429,231.23876598643,69.5057740411042,44.9250766177476,0.197796862235341,72.0948099615522,58.2877030894158,15.8648190612773,3.4029460836973,1.71136036046315,1,158.648190612773,58.2877030894158,35.5460834366777,-107.443096535995,0,0,-107.443096535995,16.0128675758634,19.4158136595607,97.0010577684494,679.007404379146,155.326509276486,50.0486307927014,85.8648190612773
C,E4_volatilidad,17-09-2025,10,C_E4_volatilidad_s10_20260903_223437.mat,-70.1581820473277,2.13977609685095,47.965434488777,99.7519348054524,3.39347184322144,1698.23812293292,33.3305181470628,20.9952231375341,15.8200772016,3,0,87.0606874449313,62.781135134979,3.27311026492749,0,22.2772001202901,3.54667223378465e-15,27.0320945359429,270.358414298724,69.5057600243459,44.9250766177476,0.197799618174139,70.3559816655018,58.2882744612275,19.6623146862727,3.4029460836973,1.71136036046315,1,196.623146862727,58.2882744612275,37.5383102243668,-107.696492271694,0,0,-107.696492271694,16.0128675758634,19.4158136595607,97.0010577684494,679.007404379146,155.326509276486,52.2626160726241,89.6623146862727
C_factor3,E4_volatilidad,17-09-2025,1,C_factor3_E4_volatilidad_s1_20260903_212459.mat,613.130167156423,2.25545692153158,92.470748069112,65.9067825529391,9707.5471999091,1535.38245766176,2.40729023638704,312.652142896759,513.862507636799,22,0,3.4982493571916,-32.483715187945,95.1947830774089,10.0011408711295,20.1948036100751,2.96116743741029e-15,68.960368782459,3420.21641386007,3329.36431301276,705.173439728176,631.139612959622,18.0094458031992,65.0153535143801,8.62430024986705,-16.0101125163043,-182.834472062312,7,86.2430024986705,65.0153535143801,-123.034492764401,736.164659920824,482.082352550398,3856.65882040319,4592.82348032401,16.0128675758634,0.00275505955912704,0.0137642282799106,0.0963495979593745,0.0220404764730163,51.1178667556587,78.624300249867
C_factorB,E4_volatilidad,17-09-2025,1,C_factorB_E4_volatilidad_s1_20260903_213248.mat,276.528382248304,2.1410099978932,74.4833243518326,75.9456412342424,4759.74672937908,5203.41948013691,312.092365201361,221.65294840465,226.7611065888,37,0,68.8578611665582,-2.48490437700513,36.2208395819451,0.0171957387636595,20.1948036100751,3.83684525068586e-15,49.0397667993274,2320.83342938469,2159.73548823415,474.561178596862,379.312314524023,102.783932275719,79.6917012795558,15.6403563064989,-6.40755686134807,1.3595513278011,7,156.403563064989,79.6917012795558,-40.0427954666346,316.571177714938,0.8200040016,6.5600320128,323.131209727738,16.0128675758634,9.60531071451533,47.9879605274131,335.915723691892,76.8424857161227,68.2482569225223,85.6403563064989
C_umbral8,E4_volatilidad,17-09-2025,1,C_umbral8_E4_volatilidad_s1_20260904_000006.mat,-60.6829245861926,2.90035813127433,42.3970746032763,98.1235691662691,23.096447643527,1879.97118723088,27.9572831018096,19.3378004960789,15.600076128,5,0,81.9091650196045,58.5722670292606,10.2440943970556,0,22.2772001202901,3.3404483782538e-15,30.9545028414023,258.157980957991,82.2308589044667,56.0865469097632,2.46423368445462,63.1471582706473,106.69319033333,17.2458917222612,0.667381875119549,3.02641678768537,1,172.458917222612,106.69319033333,21.8992278728774,-82.58215245907,0,0,-82.58215245907,16.0128675758634,16.680249450983,83.3342279111857,583.3395953783,133.441995607864,93.0854253132433,87.2458917222612
C_umbral8,E4_volatilidad,17-09-2025,2,C_umbral8_E4_volatilidad_s2_20260904_000027.mat,-71.9377481061397,2.89193665099193,39.0775762550915,99.1909930423255,8.59218521204992,1988.30876223541,22.7536520286248,16.2749979913259,13.4100654408,5,0,84.3491909507537,60.7446639203033,12.624853879006,0,22.2772001202901,3.41834267405532e-15,26.8978368305922,275.973905362478,54.0830473141857,47.0662631859354,0.925767139222168,72.8635152453619,107.745249476681,21.695989884606,-0.185273473926999,3.02641938716298,1,216.95989884606,107.745249476681,19.5565707934278,-91.4943188995676,0,0,-91.4943188995676,16.0128675758634,15.8275941019364,79.0743770380952,553.520639266667,126.620752815491,98.7980730612809,91.695989884606
C_umbral8,E4_volatilidad,17-09-2025,3,C_umbral8_E4_volatilidad_s3_20260904_000048.mat,-14.1345958242146,3.4975622034295,44.29082167967,73.0086048384834,471.101962123897,1818.16547311128,42.002178579768,27.7126898848051,25.4801243424,6,0,77.6699265080835,39.9028123257159,27.3816275274592,0,22.2772001202901,3.94307745269985e-15,42.0504392310274,243.515238204116,72.2839683876138,96.9268566964575,53.3244101751066,67.4590059993213,113.190804671458,16.7904332613451,-0.199267213579004,2.40560755527577,1,167.904332613451,113.190804671458,15.5105661560745,-29.6451619802891,0,0,-29.6451619802891,16.0128675758634,15.8136003622844,79.0044645650883,553.031251955618,126.508802898275,98.2387897863609,86.7904332613451
C_umbral8,E4_volatilidad,17-09-2025,4,C_umbral8_E4_volatilidad_s4_20260904_000110.mat,-26.4144735531431,3.54988531615206,51.6780409434322,91.7066847380188,132.975770236247,1577.07078436098,33.963136971923,24.9705611851901,32.8401602592,5,0,65.409114735015,27.3120498576714,48.2644876795407,0,22.2772001202901,3.66838928808396e-15,39.2900545132579,243.553856900737,27.3848437124135,88.6426284873828,28.71605571462,55.1305292677631,215.949534743079,21.1461577986322,-9.07518992469659,1.29814033906341,1,211.461577986322,215.949534743079,-31.5029929536075,5.08851940046437,0,0,5.08851940046437,16.0128675758634,6.93767765116681,34.660513456686,242.623594196802,55.5014212093345,196.829703702339,91.1461577986322
C_umbral8,E4_volatilidad,17-09-2025,5,C_umbral8_E4_volatilidad_s5_20260904_000131.mat,-23.965927488056,3.98083672733867,43.9191457986669,85.5698446040673,207.678914879821,1830.29575889906,36.101607187556,24.826218940001,27.900136152,5,0,74.77068872808,43.1984114201944,33.4891957269013,0,22.2772001202901,3.40767171879687e-15,40.279626393213,264.864568848772,63.0091226800221,98.829124157307,42.6938225442627,66.6597500323187,205.576105638691,19.7601427539777,-5.58592069726851,2.54816069084726,1,197.601427539777,205.576105638691,-8.1274468301021,-15.8384806579539,0,0,-15.8384806579539,16.0128675758634,10.4269468785949,52.0928401072232,364.649880750563,83.4155750287592,184.525405889357,89.7601427539777
C_umbral8,E4_volatilidad,17-09-2025,6,C_umbral8_E4_volatilidad_s6_20260904_000151.mat,-20.8183991999092,3.58102651484351,45.1347648328941,77.8950157381514,379.656729294839,1790.62192734871,43.6592284224403,28.0438115729861,27.4801341024,6,0,78.0195532802535,49.7246999287895,28.4742074744505,0,22.2772001202901,3.6512761362904e-15,45.2980868276988,243.678421544197,108.48690595268,100.425632820139,46.9365546061301,67.7549538060393,123.628928409378,13.2797537233216,-1.06778357444539,1.62487099323764,1,132.797537233216,123.628928409378,6.2335869056292,-27.0519861055384,0,0,-27.0519861055384,16.0128675758634,14.945084001418,74.6653723606389,522.657606524472,119.560672011344,102.957867110111,83.2797537233216
C_umbral8,E4_volatilidad,17-09-2025,7,C_umbral8_E4_volatilidad_s7_20260904_000212.mat,-73.366879985485,2.60951204462413,40.6656566932232,97.7556730800225,26.5305446173841,1936.47900799758,26.6166270892323,17.6138694626931,23.0201123376,5,0,81.4191827388074,40.2960794526749,9.64109211698939,0,22.2772001202901,3.54205226711436e-15,25.6374347519126,243.752456612424,72.1436756601624,45.9636045153348,2.87216884359356,76.2390488290786,108.258947753058,16.8271107167771,-7.94717027458648,2.60451457420863,1,168.271107167771,108.258947753058,-47.1821944973893,-26.1846854880957,0,0,-26.1846854880957,16.0128675758634,8.06569730127692,40.2960794526749,282.072556168724,64.5255784102154,93.9981164263658,86.8271107167771
C_umbral8,E4_volatilidad,17-09-2025,8,C_umbral8_E4_volatilidad_s8_20260904_000233.mat,-52.0269854247609,3.35778429788687,38.860945436538,85.4425943335437,196.965164281549,1995.37888401034,26.6242910277179,19.1444818841282,16.3600798368,4,0,80.3892528063631,60.8434092335325,19.469682063865,0,22.2772001202901,3.40765283368464e-15,37.2079026863115,274.559588349708,162.324003775712,64.2830406617053,23.2084302913676,75.2354157161285,117.830126845133,11.0295354582823,-0.199043490299768,2.95071452332763,1,110.295354582823,117.830126845133,10.1041561364325,-62.1311415611934,0,0,-62.1311415611934,16.0128675758634,15.8138240855636,79.0055822825898,553.039075978129,126.510592684509,95.4772044125163,81.0295354582823
C_umbral8,E4_volatilidad,17-09-2025,9,C_umbral8_E4_volatilidad_s9_20260904_000254.mat,-43.70711054151,2.37913351412342,60.8761411699474,98.9001893682692,21.0554827406673,1276.87486055996,50.0553400633502,32.5315331878306,26.6601301008,4,0,80.3851963877655,55.3559100083657,22.302982604368,0,22.2772001202901,3.04881423376009e-15,46.050392935267,243.456357374563,150.066999690661,77.3968608729861,2.42715711063969,46.1342676521497,115.274351129067,9.18677975238504,2.77592674307249,3.02645415010265,1,91.8677975238504,115.274351129067,31.7384146188764,-75.4455251603864,0,0,-75.4455251603864,16.0128675758634,18.7887943189359,93.8684803576679,657.079362503675,150.310354551487,91.2820465395651,79.186779752385
C_umbral8,E4_volatilidad,17-09-2025,10,C_umbral8_E4_volatilidad_s10_20260904_000314.mat,-70.1581820473277,2.13977609685095,47.965434488777,99.7519348054524,3.39347184322144,1698.23812293292,33.3305181470628,20.9952231375341,15.8200772016,3,0,87.0606874449313,62.781135134979,3.27311026492749,0,22.2772001202901,3.54667223378465e-15,27.0320945359429,270.358414298724,69.5057600243459,44.9250766177476,0.197799618174139,70.3559816655018,58.2882744612275,19.6623146862727,3.4029460836973,1.71136036046315,1,196.623146862727,58.2882744612275,37.5383102243668,-107.696492271694,0,0,-107.696492271694,16.0128675758634,19.4158136595607,97.0010577684494,679.007404379146,155.326509276486,52.2626160726241,89.6623146862727
E,E4_volatilidad,17-09-2025,1,E_E4_volatilidad_s1_20260904_022104.mat,-207.008153363996,1.61022055937473,47.5366066425048,95.663306602775,432.567982453488,10698.4564429372,246.519470779824,156.742812169271,159.1807767984,33,0,72.373281193095,28.6051443996069,42.6343541098642,0,1.33366076344277e-06,2.74402027076652e-15,34.2635015484432,1314.8774226348,1163.13848771929,252.390498689171,39.5638916660378,246.572045030034,91.4628295918601,14.7223882718645,-5.44914623043929,3.03995099297005,7,147.223882718645,91.4628295918601,-31.4742082362616,-175.533945127735,0,0,-175.533945127735,16.0128675758634,10.5637213454241,52.7761628971294,369.433140279906,84.5097707633929,77.4894936112495,84.7223882718645
E,E4_volatilidad,17-09-2025,2,E_E4_volatilidad_s2_20260904_022217.mat,-150.466691753161,1.67059106390164,49.2123803416143,95.4039898808434,479.790236843017,10356.7287966529,245.07746319873,164.479589759568,164.400802272,29,0,71.4811118494435,14.8177232253102,46.2148706764704,0,1.33366076344277e-06,2.7175898685549e-15,35.5879041205289,1203.50118852463,1127.48580560516,274.778132846542,53.4451960103163,203.911887763478,111.392837757562,7.35106925941098,-2.83053849087841,2.90849058116758,7,73.5106925941098,111.392837757562,-15.2745997388038,-135.192092014357,0,0,-135.192092014357,16.0128675758634,13.182329084985,65.8586803270892,461.010762289624,105.45863267988,86.163551083875,77.351069259411
E,E4_volatilidad,17-09-2025,3,E_E4_volatilidad_s3_20260904_022330.mat,-84.8701506939832,2.15473959681332,47.5830011321758,89.5987771891158,1122.87021736364,10688.9955713623,259.023126889547,169.049159663408,176.3808607344,37,0,69.597706825234,8.25866168943974,55.4486517052717,0,1.33366076344277e-06,2.70204076753991e-15,39.9238757872424,1694.16850326392,1663.62239973089,364.256918134761,101.527000618829,186.397151312812,90.4173955715046,2.7778549948201,-8.69704172977702,1.45165165906859,7,27.778549948201,90.4173955715046,-67.3158361130538,-17.5543145809294,0,0,-17.5543145809294,16.0128675758634,7.31582584608638,36.549735074878,255.848145524146,58.526606768691,65.8038410391225,72.7778549948201
E,E4_volatilidad,17-09-2025,4,E_E4_volatilidad_s4_20260904_022443.mat,-163.331141282491,1.71135203605277,47.6368410296149,94.5252297871757,562.647814258095,10678.0164150253,241.587068083847,154.569481552337,153.3207482016,36,0,73.8775828594944,12.4460904533857,31.6371831395781,0,1.33366076344277e-06,2.69039797428437e-15,37.1057587537058,1605.95117277977,1606.19236215388,264.522796966213,51.7967262549132,215.127867537404,92.0588775826173,-0.217888458236715,-0.200030873060317,1.43419372260723,7,-2.17888458236715,92.0588775826173,-1.78077408661385,-161.550367195877,0,0,-161.550367195877,16.0128675758634,15.8128367028031,79.0006493359786,553.00454535185,126.502693622425,64.2406286387973,69.7821115417633
E,E4_volatilidad,17-09-2025,5,E_E4_volatilidad_s5_20260904_022557.mat,-138.326384426275,1.45456015354858,56.517006083746,95.2400792444062,568.107364275762,8867.15263062726,292.543446395452,187.879596320341,186.680910998401,30,0,72.8162552262005,16.903606285089,43.2315753446175,0,1.33366076344277e-06,2.79657810512351e-15,40.4132929674389,1213.78720704466,1055.82868147797,273.282174472361,42.4769629524411,180.803347378717,74.7692524750003,15.370934742048,-0.529977793620803,1.71465608486196,7,153.70934742048,74.7692524750003,6.10363735557802,-144.430021781853,0,0,-144.430021781853,16.0128675758634,15.4828897822426,77.3522404223481,541.465682956437,123.863118257941,63.8312097375496,85.370934742048
E0,E4_volatilidad,17-09-2025,1,E0_E4_volatilidad_s1_20260904_012407.mat,-204.964027950008,1.63890352821973,47.405922658821,95.3630142529279,462.676732587964,10725.1058229669,246.883291905586,156.745875161913,159.1807767984,32,0,72.5426040964116,29.7001491316626,42.4099827877269,0,20.1948036100751,2.76591018669169e-15,33.6633041281347,1377.20356631463,1225.3647309668,256.891367836749,41.4845919998807,246.448619949889,89.6621530281814,14.7218174616094,-5.44614260719906,3.03998276144389,7,147.218174616094,89.6621530281814,-31.6892322067305,-173.274795743278,0,0,-173.274795743278,16.0128675758634,10.5667249686643,52.7911689451143,369.5381826158,84.5337997493147,75.9634056206847,84.7218174616093
E0,E4_volatilidad,17-09-2025,2,E0_E4_volatilidad_s2_20260904_012450.mat,-147.04302166602,1.70001999465394,49.0660330929357,95.077617239513,514.064447311912,10386.5722658861,246.287684959935,164.480081707382,164.400802272,28,0,72.0183879912247,14.8201877902327,46.3059750231894,0,20.1948036100751,2.74789861027693e-15,34.9524885044833,1324.20949395176,1247.89278677768,279.619427624863,59.9827434534615,207.025765119481,116.683314255862,7.35383440242649,-2.83008125191419,2.90851472337304,7,73.5383440242649,116.683314255862,-14.9180220802384,-132.124999585781,0,0,-132.124999585781,16.0128675758634,13.1827863239492,65.8609646847762,461.026752793433,105.462290591594,90.2590176847421,77.3538344024265
E0,E4_volatilidad,17-09-2025,3,E0_E4_volatilidad_s3_20260904_012533.mat,-85.7267634621791,2.22472726432213,47.5832873826385,89.6970931742831,1118.68012403487,10688.9371985063,260.783912718655,170.098525760947,176.3808607344,36,0,70.7662681451122,10.8377661357076,55.2026203660378,0,20.1948036100751,2.76123464537255e-15,38.1125361895896,1935.80149281287,1971.7352183642,378.422827881378,101.747762083774,187.474525545953,90.9534011534854,-3.85710759639798,-8.23859549351901,2.03022627529287,7,-38.5710759639798,90.9534011534854,-69.0661174387182,-16.6606460234609,0,0,-16.6606460234609,16.0128675758634,7.77427208234439,38.8401242713716,271.880869899601,62.1941766587551,60.1592102623663,66.142892403602
E0,E4_volatilidad,17-09-2025,4,E0_E4_volatilidad_s4_20260904_012616.mat,-166.041452272754,1.80957930729448,47.8038743734541,94.9453144163915,522.985007704831,10643.9545894509,241.040773505403,155.771195901269,153.3207482016,35,0,74.4410947933537,12.4514207379422,31.4415816111415,0,20.1948036100751,2.74589252238617e-15,35.0435928512023,1930.55021668491,2005.82749879459,281.88033277545,46.5879429366624,212.629395209416,89.0808383611568,-7.74685436475983,-0.199979458925299,2.6217232412119,7,-77.4685436475983,89.0808383611568,-7.81070220467371,-158.23075006808,0,0,-158.23075006808,16.0128675758634,15.8128881169381,79.0009062000776,553.006343400543,126.503104935505,55.4556240380638,62.2531456352402
E0,E4_volatilidad,17-09-2025,5,E0_E4_volatilidad_s5_20260904_012659.mat,-138.478091139693,1.53119243631718,56.4000281102589,94.9838092071502,599.026641456415,8891.0070493761,292.458384344676,187.879651922703,186.680910998401,31,0,73.2211344764449,15.6196927853992,43.4468527664471,0,20.1948036100751,2.84908440374677e-15,38.8215297263067,1383.77671367316,1225.38915346162,287.679901961949,43.8323240726154,182.310415212309,73.1725787121021,15.3725207481912,-0.529925638285368,1.71465769165299,7,153.725207481912,73.1725787121021,5.88421775377107,-144.362308893464,0,0,-144.362308893464,16.0128675758634,15.482941937578,77.3525009894711,541.467506926297,123.863535500624,62.4692749429759,85.3725207481912
E0_8,E4_volatilidad,17-09-2025,1,E0_8_E4_volatilidad_s1_20260904_163008.mat,-204.964027950008,1.63890352821973,47.405922658821,95.3630142529279,462.676732587964,10725.1058229669,246.883291905586,156.745875161913,159.1807767984,32,0,72.5426040964116,29.7001491316626,42.4099827877269,0,20.1948036100751,2.76591018669169e-15,33.6633041281347,1377.20356631463,1225.3647309668,256.891367836749,41.4845919998807,246.448619949889,89.6621530281814,14.7218174616094,-5.44614260719906,3.03998276144389,7,147.218174616094,89.6621530281814,-31.6892322067305,-173.274795743278,0,0,-173.274795743278,16.0128675758634,10.5667249686643,52.7911689451143,369.5381826158,84.5337997493147,75.9634056206847,84.7218174616093
E0_8,E4_volatilidad,17-09-2025,2,E0_8_E4_volatilidad_s2_20260904_163054.mat,-147.04302166602,1.70001999465394,49.0660330929357,95.077617239513,514.064447311912,10386.5722658861,246.287684959935,164.480081707382,164.400802272,28,0,72.0183879912247,14.8201877902327,46.3059750231894,0,20.1948036100751,2.74789861027693e-15,34.9524885044833,1324.20949395176,1247.89278677768,279.619427624863,59.9827434534615,207.025765119481,116.683314255862,7.35383440242649,-2.83008125191419,2.90851472337304,7,73.5383440242649,116.683314255862,-14.9180220802384,-132.124999585781,0,0,-132.124999585781,16.0128675758634,13.1827863239492,65.8609646847762,461.026752793433,105.462290591594,90.2590176847421,77.3538344024265
E0_8,E4_volatilidad,17-09-2025,3,E0_8_E4_volatilidad_s3_20260904_163139.mat,-85.7267634621791,2.22472726432213,47.5832873826385,89.6970931742831,1118.68012403487,10688.9371985063,260.783912718655,170.098525760947,176.3808607344,36,0,70.7662681451122,10.8377661357076,55.2026203660378,0,20.1948036100751,2.76123464537255e-15,38.1125361895896,1935.80149281287,1971.7352183642,378.422827881378,101.747762083774,187.474525545953,90.9534011534854,-3.85710759639798,-8.23859549351901,2.03022627529287,7,-38.5710759639798,90.9534011534854,-69.0661174387182,-16.6606460234609,0,0,-16.6606460234609,16.0128675758634,7.77427208234439,38.8401242713716,271.880869899601,62.1941766587551,60.1592102623663,66.142892403602
E0_8,E4_volatilidad,17-09-2025,4,E0_8_E4_volatilidad_s4_20260904_163225.mat,-166.041452272754,1.80957930729448,47.8038743734541,94.9453144163915,522.985007704831,10643.9545894509,241.040773505403,155.771195901269,153.3207482016,35,0,74.4410947933537,12.4514207379422,31.4415816111415,0,20.1948036100751,2.74589252238617e-15,35.0435928512023,1930.55021668491,2005.82749879459,281.88033277545,46.5879429366624,212.629395209416,89.0808383611568,-7.74685436475983,-0.199979458925299,2.6217232412119,7,-77.4685436475983,89.0808383611568,-7.81070220467371,-158.23075006808,0,0,-158.23075006808,16.0128675758634,15.8128881169381,79.0009062000776,553.006343400543,126.503104935505,55.4556240380638,62.2531456352402
E0_8,E4_volatilidad,17-09-2025,5,E0_8_E4_volatilidad_s5_20260904_163311.mat,-138.478091139693,1.53119243631718,56.4000281102589,94.9838092071502,599.026641456415,8891.0070493761,292.458384344676,187.879651922703,186.680910998401,31,0,73.2211344764449,15.6196927853992,43.4468527664471,0,20.1948036100751,2.84908440374677e-15,38.8215297263067,1383.77671367316,1225.38915346162,287.679901961949,43.8323240726154,182.310415212309,73.1725787121021,15.3725207481912,-0.529925638285368,1.71465769165299,7,153.725207481912,73.1725787121021,5.88421775377107,-144.362308893464,0,0,-144.362308893464,16.0128675758634,15.482941937578,77.3525009894711,541.467506926297,123.863535500624,62.4692749429759,85.3725207481912
E_8,E4_volatilidad,17-09-2025,1,E_8_E4_volatilidad_s1_20260904_171527.mat,-207.008153363996,1.61022055937473,47.5366066425048,95.663306602775,432.567982453488,10698.4564429372,246.519470779824,156.742812169271,159.1807767984,33,0,72.373281193095,28.6051443996069,42.6343541098642,0,1.33366076344277e-06,2.74402027076652e-15,34.2635015484432,1314.8774226348,1163.13848771929,252.390498689171,39.5638916660378,246.572045030034,91.4628295918601,14.7223882718645,-5.44914623043929,3.03995099297005,7,147.223882718645,91.4628295918601,-31.4742082362616,-175.533945127735,0,0,-175.533945127735,16.0128675758634,10.5637213454241,52.7761628971294,369.433140279906,84.5097707633929,77.4894936112495,84.7223882718645
E_8,E4_volatilidad,17-09-2025,2,E_8_E4_volatilidad_s2_20260904_171610.mat,-150.466691753161,1.67059106390164,49.2123803416143,95.4039898808434,479.790236843017,10356.7287966529,245.07746319873,164.479589759568,164.400802272,29,0,71.4811118494435,14.8177232253102,46.2148706764704,0,1.33366076344277e-06,2.7175898685549e-15,35.5879041205289,1203.50118852463,1127.48580560516,274.778132846542,53.4451960103163,203.911887763478,111.392837757562,7.35106925941098,-2.83053849087841,2.90849058116758,7,73.5106925941098,111.392837757562,-15.2745997388038,-135.192092014357,0,0,-135.192092014357,16.0128675758634,13.182329084985,65.8586803270892,461.010762289624,105.45863267988,86.163551083875,77.351069259411
E_8,E4_volatilidad,17-09-2025,3,E_8_E4_volatilidad_s3_20260904_171654.mat,-84.8701506939832,2.15473959681332,47.5830011321758,89.5987771891158,1122.87021736364,10688.9955713623,259.023126889547,169.049159663408,176.3808607344,37,0,69.597706825234,8.25866168943974,55.4486517052717,0,1.33366076344277e-06,2.70204076753991e-15,39.9238757872424,1694.16850326392,1663.62239973089,364.256918134761,101.527000618829,186.397151312812,90.4173955715046,2.7778549948201,-8.69704172977702,1.45165165906859,7,27.778549948201,90.4173955715046,-67.3158361130538,-17.5543145809294,0,0,-17.5543145809294,16.0128675758634,7.31582584608638,36.549735074878,255.848145524146,58.526606768691,65.8038410391225,72.7778549948201
E_8,E4_volatilidad,17-09-2025,4,E_8_E4_volatilidad_s4_20260904_171737.mat,-163.331141282491,1.71135203605277,47.6368410296149,94.5252297871757,562.647814258095,10678.0164150253,241.587068083847,154.569481552337,153.3207482016,36,0,73.8775828594944,12.4460904533857,31.6371831395781,0,1.33366076344277e-06,2.69039797428437e-15,37.1057587537058,1605.95117277977,1606.19236215388,264.522796966213,51.7967262549132,215.127867537404,92.0588775826173,-0.217888458236715,-0.200030873060317,1.43419372260723,7,-2.17888458236715,92.0588775826173,-1.78077408661385,-161.550367195877,0,0,-161.550367195877,16.0128675758634,15.8128367028031,79.0006493359786,553.00454535185,126.502693622425,64.2406286387973,69.7821115417633
E_8,E4_volatilidad,17-09-2025,5,E_8_E4_volatilidad_s5_20260904_171821.mat,-138.326384426275,1.45456015354858,56.517006083746,95.2400792444062,568.107364275762,8867.15263062726,292.543446395452,187.879596320341,186.680910998401,30,0,72.8162552262005,16.903606285089,43.2315753446175,0,1.33366076344277e-06,2.79657810512351e-15,40.4132929674389,1213.78720704466,1055.82868147797,273.282174472361,42.4769629524411,180.803347378717,74.7692524750003,15.370934742048,-0.529977793620803,1.71465608486196,7,153.70934742048,74.7692524750003,6.10363735557802,-144.430021781853,0,0,-144.430021781853,16.0128675758634,15.4828897822426,77.3522404223481,541.465682956437,123.863118257941,63.8312097375496,85.370934742048
E_sinLSTM,E4_volatilidad,17-09-2025,1,E_sinLSTM_E4_volatilidad_s1_20260904_015040.mat,-207.008153363996,1.61022055937473,47.5366066425048,95.663306602775,432.567982453488,10698.4564429372,246.519470779824,156.742812169271,159.1807767984,33,0,72.373281193095,28.6051443996069,42.6343541098642,0,1.33366076344277e-06,2.74402027076652e-15,34.2635015484432,1314.8774226348,1163.13848771929,252.390498689171,39.5638916660378,246.572045030034,91.4628295918601,14.7223882718645,-5.44914623043929,3.03995099297005,7,147.223882718645,91.4628295918601,-31.4742082362616,-175.533945127735,0,0,-175.533945127735,16.0128675758634,10.5637213454241,52.7761628971294,369.433140279906,84.5097707633929,77.4894936112495,84.7223882718645
E_sinLSTM,E4_volatilidad,17-09-2025,2,E_sinLSTM_E4_volatilidad_s2_20260904_015152.mat,-150.466691753161,1.67059106390164,49.2123803416143,95.4039898808434,479.790236843017,10356.7287966529,245.07746319873,164.479589759568,164.400802272,29,0,71.4811118494435,14.8177232253102,46.2148706764704,0,1.33366076344277e-06,2.7175898685549e-15,35.5879041205289,1203.50118852463,1127.48580560516,274.778132846542,53.4451960103163,203.911887763478,111.392837757562,7.35106925941098,-2.83053849087841,2.90849058116758,7,73.5106925941098,111.392837757562,-15.2745997388038,-135.192092014357,0,0,-135.192092014357,16.0128675758634,13.182329084985,65.8586803270892,461.010762289624,105.45863267988,86.163551083875,77.351069259411
E_sinLSTM,E4_volatilidad,17-09-2025,3,E_sinLSTM_E4_volatilidad_s3_20260904_015304.mat,-84.8701506939832,2.15473959681332,47.5830011321758,89.5987771891158,1122.87021736364,10688.9955713623,259.023126889547,169.049159663408,176.3808607344,37,0,69.597706825234,8.25866168943974,55.4486517052717,0,1.33366076344277e-06,2.70204076753991e-15,39.9238757872424,1694.16850326392,1663.62239973089,364.256918134761,101.527000618829,186.397151312812,90.4173955715046,2.7778549948201,-8.69704172977702,1.45165165906859,7,27.778549948201,90.4173955715046,-67.3158361130538,-17.5543145809294,0,0,-17.5543145809294,16.0128675758634,7.31582584608638,36.549735074878,255.848145524146,58.526606768691,65.8038410391225,72.7778549948201
E_sinLSTM,E4_volatilidad,17-09-2025,4,E_sinLSTM_E4_volatilidad_s4_20260904_015417.mat,-163.331141282491,1.71135203605277,47.6368410296149,94.5252297871757,562.647814258095,10678.0164150253,241.587068083847,154.569481552337,153.3207482016,36,0,73.8775828594944,12.4460904533857,31.6371831395781,0,1.33366076344277e-06,2.69039797428437e-15,37.1057587537058,1605.95117277977,1606.19236215388,264.522796966213,51.7967262549132,215.127867537404,92.0588775826173,-0.217888458236715,-0.200030873060317,1.43419372260723,7,-2.17888458236715,92.0588775826173,-1.78077408661385,-161.550367195877,0,0,-161.550367195877,16.0128675758634,15.8128367028031,79.0006493359786,553.00454535185,126.502693622425,64.2406286387973,69.7821115417633
E_sinLSTM,E4_volatilidad,17-09-2025,5,E_sinLSTM_E4_volatilidad_s5_20260904_015531.mat,-138.326384426275,1.45456015354858,56.517006083746,95.2400792444062,568.107364275762,8867.15263062726,292.543446395452,187.879596320341,186.680910998401,30,0,72.8162552262005,16.903606285089,43.2315753446175,0,1.33366076344277e-06,2.79657810512351e-15,40.4132929674389,1213.78720704466,1055.82868147797,273.282174472361,42.4769629524411,180.803347378717,74.7692524750003,15.370934742048,-0.529977793620803,1.71465608486196,7,153.70934742048,74.7692524750003,6.10363735557802,-144.430021781853,0,0,-144.430021781853,16.0128675758634,15.4828897822426,77.3522404223481,541.465682956437,123.863118257941,63.8312097375496,85.370934742048
E_sinLSTM_8,E4_volatilidad,17-09-2025,1,E_sinLSTM_8_E4_volatilidad_s1_20260904_165609.mat,-207.008153363996,1.61022055937473,47.5366066425048,95.663306602775,432.567982453488,10698.4564429372,246.519470779824,156.742812169271,159.1807767984,33,0,72.373281193095,28.6051443996069,42.6343541098642,0,1.33366076344277e-06,2.74402027076652e-15,34.2635015484432,1314.8774226348,1163.13848771929,252.390498689171,39.5638916660378,246.572045030034,91.4628295918601,14.7223882718645,-5.44914623043929,3.03995099297005,7,147.223882718645,91.4628295918601,-31.4742082362616,-175.533945127735,0,0,-175.533945127735,16.0128675758634,10.5637213454241,52.7761628971294,369.433140279906,84.5097707633929,77.4894936112495,84.7223882718645
E_sinLSTM_8,E4_volatilidad,17-09-2025,2,E_sinLSTM_8_E4_volatilidad_s2_20260904_165652.mat,-150.466691753161,1.67059106390164,49.2123803416143,95.4039898808434,479.790236843017,10356.7287966529,245.07746319873,164.479589759568,164.400802272,29,0,71.4811118494435,14.8177232253102,46.2148706764704,0,1.33366076344277e-06,2.7175898685549e-15,35.5879041205289,1203.50118852463,1127.48580560516,274.778132846542,53.4451960103163,203.911887763478,111.392837757562,7.35106925941098,-2.83053849087841,2.90849058116758,7,73.5106925941098,111.392837757562,-15.2745997388038,-135.192092014357,0,0,-135.192092014357,16.0128675758634,13.182329084985,65.8586803270892,461.010762289624,105.45863267988,86.163551083875,77.351069259411
E_sinLSTM_8,E4_volatilidad,17-09-2025,3,E_sinLSTM_8_E4_volatilidad_s3_20260904_165736.mat,-84.8701506939832,2.15473959681332,47.5830011321758,89.5987771891158,1122.87021736364,10688.9955713623,259.023126889547,169.049159663408,176.3808607344,37,0,69.597706825234,8.25866168943974,55.4486517052717,0,1.33366076344277e-06,2.70204076753991e-15,39.9238757872424,1694.16850326392,1663.62239973089,364.256918134761,101.527000618829,186.397151312812,90.4173955715046,2.7778549948201,-8.69704172977702,1.45165165906859,7,27.778549948201,90.4173955715046,-67.3158361130538,-17.5543145809294,0,0,-17.5543145809294,16.0128675758634,7.31582584608638,36.549735074878,255.848145524146,58.526606768691,65.8038410391225,72.7778549948201
E_sinLSTM_8,E4_volatilidad,17-09-2025,4,E_sinLSTM_8_E4_volatilidad_s4_20260904_165819.mat,-163.331141282491,1.71135203605277,47.6368410296149,94.5252297871757,562.647814258095,10678.0164150253,241.587068083847,154.569481552337,153.3207482016,36,0,73.8775828594944,12.4460904533857,31.6371831395781,0,1.33366076344277e-06,2.69039797428437e-15,37.1057587537058,1605.95117277977,1606.19236215388,264.522796966213,51.7967262549132,215.127867537404,92.0588775826173,-0.217888458236715,-0.200030873060317,1.43419372260723,7,-2.17888458236715,92.0588775826173,-1.78077408661385,-161.550367195877,0,0,-161.550367195877,16.0128675758634,15.8128367028031,79.0006493359786,553.00454535185,126.502693622425,64.2406286387973,69.7821115417633
E_sinLSTM_8,E4_volatilidad,17-09-2025,5,E_sinLSTM_8_E4_volatilidad_s5_20260904_165903.mat,-138.326384426275,1.45456015354858,56.517006083746,95.2400792444062,568.107364275762,8867.15263062726,292.543446395452,187.879596320341,186.680910998401,30,0,72.8162552262005,16.903606285089,43.2315753446175,0,1.33366076344277e-06,2.79657810512351e-15,40.4132929674389,1213.78720704466,1055.82868147797,273.282174472361,42.4769629524411,180.803347378717,74.7692524750003,15.370934742048,-0.529977793620803,1.71465608486196,7,153.70934742048,74.7692524750003,6.10363735557802,-144.430021781853,0,0,-144.430021781853,16.0128675758634,15.4828897822426,77.3522404223481,541.465682956437,123.863118257941,63.8312097375496,85.370934742048
