Version,Escenario,N,Coste_Neto_media,Coste_Neto_std,Coste_Neto_ic95,coste_H2_kg_media,coste_H2_kg_std,coste_H2_kg_ic95,Autoconsumo_pct_media,Autoconsumo_pct_std,Autoconsumo_pct_ic95,Autarquia_pct_media,Autarquia_pct_std,Autarquia_pct_ic95,E_Import_Red_media,E_Import_Red_std,E_Import_Red_ic95,E_Export_Red_media,E_Export_Red_std,E_Export_Red_ic95,E_Comp_media,E_Comp_std,E_Comp_ic95,kg_H2_EL_media,kg_H2_EL_std,kg_H2_EL_ic95,kg_H2_Dem_media,kg_H2_Dem_std,kg_H2_Dem_ic95,Conmutaciones_El_media,Conmutaciones_El_std,Conmutaciones_El_ic95,Conmutaciones_FC_media,Conmutaciones_FC_std,Conmutaciones_FC_ic95,LOH_High_media_media,LOH_High_media_std,LOH_High_media_ic95,LOH_High_min_media,LOH_High_min_std,LOH_High_min_ic95,pct_tiempo_critico_media,pct_tiempo_critico_std,pct_tiempo_critico_ic95,pct_tiempo_LOH_negativo_media,pct_tiempo_LOH_negativo_std,pct_tiempo_LOH_negativo_ic95,mae_prevision_precio_media,mae_prevision_precio_std,mae_prevision_precio_ic95,balance_pct_media,balance_pct_std,balance_pct_ic95,t_run_El_pct_media,t_run_El_pct_std,t_run_El_pct_ic95,E_Bat_carga_media,E_Bat_carga_std,E_Bat_carga_ic95,E_Bat_desc_media,E_Bat_desc_std,E_Bat_desc_ic95,coste_energia_H2_media,coste_energia_H2_std,coste_energia_H2_ic95,Coste_Import_media,Coste_Import_std,Coste_Import_ic95,Ingreso_Export_media,Ingreso_Export_std,Ingreso_Export_ic95,precio_medio_import_media,precio_medio_import_std,precio_medio_import_ic95,dSOC_pct_media,dSOC_pct_std,dSOC_pct_ic95,d_kg_H2_high_media,d_kg_H2_high_std,d_kg_H2_high_ic95,d_kg_H2_low_media,d_kg_H2_low_std,d_kg_H2_low_ic95,dias_sim_media,dias_sim_std,dias_sim_ic95,dE_bat_kWh_media,dE_bat_kWh_std,dE_bat_kWh_ic95,precio_valoracion_media,precio_valoracion_std,precio_valoracion_ic95,V_terminal_media,V_terminal_std,V_terminal_ic95,Coste_corregido_media,Coste_corregido_std,Coste_corregido_ic95,kg_H2_no_servido_media,kg_H2_no_servido_std,kg_H2_no_servido_ic95,Coste_H2_deficit_media,Coste_H2_deficit_std,Coste_H2_deficit_ic95,Coste_total_H2_media,Coste_total_H2_std,Coste_total_H2_ic95,kg_H2_high_ini_media,kg_H2_high_ini_std,kg_H2_high_ini_ic95,kg_H2_high_fin_media,kg_H2_high_fin_std,kg_H2_high_fin_ic95,LOH_High_fin_media,LOH_High_fin_std,LOH_High_fin_ic95,bar_H2_high_fin_media,bar_H2_high_fin_std,bar_H2_high_fin_ic95,valor_H2_rem_media,valor_H2_rem_std,valor_H2_rem_ic95,valor_bat_rem_media,valor_bat_rem_std,valor_bat_rem_ic95,SOC_fin_pct_media,SOC_fin_pct_std,SOC_fin_pct_ic95
A,E1_lab_soleado,10,-201.838961892511,25.8486695408211,18.4910242661799,4.43542708047228,0.198969271905299,0.142334042733411,36.6334555842478,5.25874921334516,3.76188256653426,94.9031264416483,6.02984282751488,4.31348970858045,87.5755598679923,107.555569231272,76.9406192251961,2783.11505104199,230.968947735106,165.225231827086,37.5304016671039,8.77769024517045,6.27918133535402,24.7574496036606,5.70365691573294,4.0801503639569,22.45710959016,6.66564919552194,4.76831818479442,5.1,1.44913767461894,1.03665064324093,0,0,0,82.8026528952074,4.49502593871923,3.21554784778007,53.7575284980862,8.71844707738369,6.23680132614618,15.1424173331327,12.0131093272403,8.59366071942197,0,0,0,10.4585706562763,0,0,3.03729225514655e-15,2.66608846047461e-16,1.90720479212921e-16,36.5886968900823,8.95537463885421,6.4062890934589,213.839637769865,11.8698343559448,8.49116797925296,63.584540634373,41.1412468924955,29.4306750847908,110.036576499525,26.6755427337748,19.0825337151214,10.2085435368924,12.3661979534227,8.84624510658121,212.047505429403,18.6448886229101,13.3377498374526,111.069660096575,9.26899633534834,6.63064053990822,14.7374569297741,4.51007101236476,3.22631044511324,-0.269170868339689,3.29102507616469,2.35425751595704,2.5434711763903,0.59308035641141,0.424264128754445,1,0,0,147.374569297741,45.1007101236476,32.2631044511324,111.069660096575,9.26899633534834,6.63064053990822,12.6352902587451,23.9811202680568,17.1550599966675,-214.474252151256,40.2505143639341,28.7934834191117,0,0,0,0,0,0,-214.474252151256,40.2505143639341,28.7934834191117,16.0128675758634,3.74488903314848e-15,2.67893223195657e-15,15.7436967075237,3.29102507616469,2.35425751595704,78.6552271562132,16.4419024166556,11.7618284410504,550.586590093493,115.093316916589,82.3327990873525,125.94957366019,26.3282006093175,18.8340601276563,94.1806034070053,9.95012847224694,7.11789311791719,84.7374569297741,4.51007101236476,3.22631044511324
A_8,E1_lab_soleado,10,-201.838961892511,25.8486695408211,18.4910242661799,4.43542708047228,0.198969271905299,0.142334042733411,36.6334555842478,5.25874921334516,3.76188256653426,94.9031264416483,6.02984282751488,4.31348970858045,87.5755598679923,107.555569231272,76.9406192251961,2783.11505104199,230.968947735106,165.225231827086,37.5304016671039,8.77769024517045,6.27918133535402,24.7574496036606,5.70365691573294,4.0801503639569,22.45710959016,6.66564919552194,4.76831818479442,5.1,1.44913767461894,1.03665064324093,0,0,0,82.8026528952074,4.49502593871923,3.21554784778007,53.7575284980862,8.71844707738369,6.23680132614618,15.1424173331327,12.0131093272403,8.59366071942197,0,0,0,9.41130395253499,0,0,3.03729225514655e-15,2.66608846047461e-16,1.90720479212921e-16,36.5886968900823,8.95537463885421,6.4062890934589,213.839637769865,11.8698343559448,8.49116797925296,63.584540634373,41.1412468924955,29.4306750847908,110.036576499525,26.6755427337748,19.0825337151214,10.2085435368924,12.3661979534227,8.84624510658121,212.047505429403,18.6448886229101,13.3377498374526,111.069660096575,9.26899633534834,6.63064053990822,14.7374569297741,4.51007101236476,3.22631044511324,-0.269170868339689,3.29102507616469,2.35425751595704,2.5434711763903,0.59308035641141,0.424264128754445,1,0,0,147.374569297741,45.1007101236476,32.2631044511324,111.069660096575,9.26899633534834,6.63064053990822,12.6352902587451,23.9811202680568,17.1550599966675,-214.474252151256,40.2505143639341,28.7934834191117,0,0,0,0,0,0,-214.474252151256,40.2505143639341,28.7934834191117,16.0128675758634,3.74488903314848e-15,2.67893223195657e-15,15.7436967075237,3.29102507616469,2.35425751595704,78.6552271562132,16.4419024166556,11.7618284410504,550.586590093493,115.093316916589,82.3327990873525,125.94957366019,26.3282006093175,18.8340601276563,94.1806034070053,9.95012847224694,7.11789311791719,84.7374569297741,4.51007101236476,3.22631044511324
A_8_semana,E1_lab_soleado,5,-662.338420791027,62.3538377376168,77.422515468638,2.65247449662331,0.304196677912438,0.37771006333706,33.2793889724294,2.71891860384612,3.37598334444217,92.232764167151,2.65622936762939,3.29814437675696,832.162671999616,282.259359698246,350.471285093359,20260.4752698316,825.63067522188,1025.15588523567,275.895320382492,22.899305597988,28.4332433448876,167.699079757558,12.7344080698283,15.8118560387412,167.99281980096,13.466888654483,16.7213508100903,33.6,1.51657508881031,1.88307668834844,0,0,0,79.3425066641885,2.45079514744537,3.04306410155541,34.6589992848366,6.29822636975851,7.82028093586673,27.9433400407737,8.33436410723246,10.3484798598722,0,0,0,17.5982677559626,0,0,2.96637901455414e-15,1.25901803084277e-16,1.56327736198686e-16,35.0874089163212,1.91699647021023,2.38026550174373,555.862623329704,105.450706877721,130.934346315204,387.579028440049,128.912317519321,160.065783588753,444.199010632535,55.1191912240039,68.4395153529545,94.0229656470771,29.8419811471311,37.0537136254682,756.361386438104,47.0890549230728,58.4687842074192,113.538952386716,3.97949944435733,4.94120119093038,16.4839903567992,3.20745563055461,3.98258218229561,-2.79712138625257,4.26941000117201,5.30117269202637,2.50696218709022,0.721509970526949,0.895872954748371,7,0,0,164.839903567992,32.0745563055461,39.8258218229561,113.538952386716,3.97949944435733,4.94120119093038,-5.58575687751912,31.9562403049513,39.6789131046061,-656.752663913508,83.0744664596853,103.150574172977,0,0,0,0,0,0,-656.752663913508,83.0744664596853,103.150574172977,16.0128675758634,0,0,13.2157461896108,4.26941000117201,5.30117269202637,66.0256315840956,21.3298960024244,26.4845639516408,462.179421088669,149.309272016971,185.391947661486,105.725969516887,34.155280009376,42.409381536211,98.1341713512582,3.31598987593515,4.11734524735684,86.4839903567992,3.20745563055461,3.98258218229561
A_factor3,E1_lab_soleado,1,311.287236583815,0,NaN,2.82118358724809,0,NaN,80.8731310353032,0,NaN,81.8522888040714,0,NaN,5430.0917619284,0,NaN,5808.09212745996,0,NaN,9.53278250812254,0,NaN,341.328794908248,0,NaN,513.862507636799,0,NaN,24,0,NaN,0,0,NaN,3.85501357861484,0,NaN,-32.4790303200371,0,NaN,95.1947830774089,0,NaN,9.81430255571667,0,NaN,17.5982677559626,0,NaN,3.48366856953643e-15,0,NaN,73.3752093663866,0,NaN,2672.78999298385,0,NaN,2606.28289753189,0,NaN,962.951194050319,0,NaN,514.522503962613,0,NaN,203.235267378798,0,NaN,94.7539243388199,0,NaN,6.33386762009508,0,NaN,-16.0109312731802,0,NaN,-154.494175136383,0,NaN,7,0,NaN,63.3386762009508,0,NaN,94.7539243388199,0,NaN,-122.686020866222,0,NaN,433.973257450038,0,NaN,473.042308435198,0,NaN,3784.33846748159,0,NaN,4218.31172493162,0,NaN,16.0128675758634,0,NaN,0.00193630268317971,0,NaN,0.00967373357210969,0,NaN,0.0677161350047678,0,NaN,0.0154904214654377,0,NaN,72.3293351696399,0,NaN,76.3338676200951,0,NaN
A_factorB,E1_lab_soleado,1,-219.312087401916,0,NaN,2.64982809995005,0,NaN,58.112870127337,0,NaN,87.8755539461574,0,NaN,2414.52751643346,0,NaN,12719.5051999543,0,NaN,338.146536632262,0,NaN,223.372050296228,0,NaN,226.7611065888,0,NaN,41,0,NaN,0,0,NaN,73.8985864512211,0,NaN,3.86350616425771,0,NaN,26.1216499311344,0,NaN,0,0,NaN,17.5982677559626,0,NaN,3.68886123424354e-15,0,NaN,46.0885481340143,0,NaN,1775.42908369923,0,NaN,1628.80391678791,0,NaN,591.897535618402,0,NaN,288.550229720155,0,NaN,507.862317122071,0,NaN,119.505877550064,0,NaN,14.2732964783206,0,NaN,-4.82616142710645,0,NaN,1.47707232140766,0,NaN,7,0,NaN,142.732964783206,0,NaN,119.505877550064,0,NaN,-23.2576060262861,0,NaN,-196.05448137563,0,NaN,0,0,NaN,0,0,NaN,-196.05448137563,0,NaN,16.0128675758634,0,NaN,11.186706148757,0,NaN,55.8885838317627,0,NaN,391.220086822339,0,NaN,89.4936491900556,0,NaN,100.711542496784,0,NaN,84.2732964783206,0,NaN
A_semana,E1_lab_soleado,5,-662.338420791027,62.3538377376168,77.422515468638,2.65247449662331,0.304196677912438,0.37771006333706,33.2793889724294,2.71891860384612,3.37598334444217,92.232764167151,2.65622936762939,3.29814437675696,832.162671999616,282.259359698246,350.471285093359,20260.4752698316,825.63067522188,1025.15588523567,275.895320382492,22.899305597988,28.4332433448876,167.699079757558,12.7344080698283,15.8118560387412,167.99281980096,13.466888654483,16.7213508100903,33.6,1.51657508881031,1.88307668834844,0,0,0,79.3425066641885,2.45079514744537,3.04306410155541,34.6589992848366,6.29822636975851,7.82028093586673,27.9433400407737,8.33436410723246,10.3484798598722,0,0,0,17.5982677559626,0,0,2.96637901455414e-15,1.25901803084277e-16,1.56327736198686e-16,35.0874089163212,1.91699647021023,2.38026550174373,555.862623329704,105.450706877721,130.934346315204,387.579028440049,128.912317519321,160.065783588753,444.199010632535,55.1191912240039,68.4395153529545,94.0229656470771,29.8419811471311,37.0537136254682,756.361386438104,47.0890549230728,58.4687842074192,113.538952386716,3.97949944435733,4.94120119093038,16.4839903567992,3.20745563055461,3.98258218229561,-2.79712138625257,4.26941000117201,5.30117269202637,2.50696218709022,0.721509970526949,0.895872954748371,7,0,0,164.839903567992,32.0745563055461,39.8258218229561,113.538952386716,3.97949944435733,4.94120119093038,-5.58575687751912,31.9562403049513,39.6789131046061,-656.752663913508,83.0744664596853,103.150574172977,0,0,0,0,0,0,-656.752663913508,83.0744664596853,103.150574172977,16.0128675758634,0,0,13.2157461896108,4.26941000117201,5.30117269202637,66.0256315840956,21.3298960024244,26.4845639516408,462.179421088669,149.309272016971,185.391947661486,105.725969516887,34.155280009376,42.409381536211,98.1341713512582,3.31598987593515,4.11734524735684,86.4839903567992,3.20745563055461,3.98258218229561
A_semana_s6a10,E1_lab_soleado,5,-653.971176241859,26.8857254670479,33.3830373780234,2.66578106383451,0.164233043292683,0.203922257171965,34.2404700708955,2.62537257028773,3.25983060239795,92.7950752970868,4.8302907765524,5.99759815810082,786.390037268307,529.733043448805,657.750448709292,19968.6320218774,797.224354141913,989.884779029262,276.011798540973,15.6332515504203,19.4112456250201,173.534301920175,9.23238277654558,11.4635173112732,169.46882700384,8.28899213289672,10.2921431128121,31.8,4.32434966208793,5.3693892910592,0,0,0,77.5264830324143,3.41417031678886,4.23925236609266,19.9969492285694,13.7544226873444,17.0783714669526,29.9798446100453,4.72463620012137,5.86641067430094,0.00509258417231453,0.0113873643904348,0.0141392803980304,17.5982677559626,0,0,2.98924686730162e-15,9.00723272165461e-17,1.11839565939214e-16,36.1648542247781,2.59687697265813,3.22444864471398,545.563215126734,95.2280727637031,118.241269569019,366.404156615301,115.609821778158,143.548553540692,461.597759512779,15.8516490422134,19.6824219278775,88.2101449430608,55.9229392730071,69.4375003690283,742.18132118492,48.7362238530659,60.5140145667514,114.680636292287,9.74377155309075,12.0984903441948,17.5414903141544,3.28713185052965,4.08151327615158,1.77406948490186,2.25660081457217,2.80193998977155,2.24372253840799,0.724644882488049,0.899765462068007,7,0,0,175.414903141544,32.8713185052965,40.8151327615158,114.680636292287,9.74377155309075,12.0984903441948,32.4958546130327,15.5511341219563,19.3092833704712,-686.467030854892,39.6350727800287,49.2134429371476,0.280001366400116,0.626102089063486,0.777408423190297,2.24001093120093,5.00881671250789,6.21926738552238,-684.227019923691,41.0282712181247,50.9433272800852,16.0128675758634,0,0,17.7869370607653,2.25660081457217,2.80193998977155,88.8632194152456,11.2739373076368,13.9984420728989,622.042535906719,78.9175611534574,97.989094510292,142.295496486122,18.0528065165774,22.4155199181724,100.613443997732,11.752153190523,14.5922255180479,87.5414903141544,3.28713185052965,4.08151327615158
A_umbral8,E1_lab_soleado,10,-201.838961892511,25.8486695408211,18.4910242661799,4.43542708047228,0.198969271905299,0.142334042733411,36.6334555842478,5.25874921334516,3.76188256653426,94.9031264416483,6.02984282751488,4.31348970858045,87.5755598679923,107.555569231272,76.9406192251961,2783.11505104199,230.968947735106,165.225231827086,37.5304016671039,8.77769024517045,6.27918133535402,24.7574496036606,5.70365691573294,4.0801503639569,22.45710959016,6.66564919552194,4.76831818479442,5.1,1.44913767461894,1.03665064324093,0,0,0,82.8026528952074,4.49502593871923,3.21554784778007,53.7575284980862,8.71844707738369,6.23680132614618,15.1424173331327,12.0131093272403,8.59366071942197,0,0,0,9.41130395253499,0,0,3.03729225514655e-15,2.66608846047461e-16,1.90720479212921e-16,36.5886968900823,8.95537463885421,6.4062890934589,213.839637769865,11.8698343559448,8.49116797925296,63.584540634373,41.1412468924955,29.4306750847908,110.036576499525,26.6755427337748,19.0825337151214,10.2085435368924,12.3661979534227,8.84624510658121,212.047505429403,18.6448886229101,13.3377498374526,111.069660096575,9.26899633534834,6.63064053990822,14.7374569297741,4.51007101236476,3.22631044511324,-0.269170868339689,3.29102507616469,2.35425751595704,2.5434711763903,0.59308035641141,0.424264128754445,1,0,0,147.374569297741,45.1007101236476,32.2631044511324,111.069660096575,9.26899633534834,6.63064053990822,12.6352902587451,23.9811202680568,17.1550599966675,-214.474252151256,40.2505143639341,28.7934834191117,0,0,0,0,0,0,-214.474252151256,40.2505143639341,28.7934834191117,16.0128675758634,3.74488903314848e-15,2.67893223195657e-15,15.7436967075237,3.29102507616469,2.35425751595704,78.6552271562132,16.4419024166556,11.7618284410504,550.586590093493,115.093316916589,82.3327990873525,125.94957366019,26.3282006093175,18.8340601276563,94.1806034070053,9.95012847224694,7.11789311791719,84.7374569297741,4.51007101236476,3.22631044511324
B,E1_lab_soleado,10,-197.542477826622,25.7847937609938,18.4453302859562,4.4465771710533,0.196993044495907,0.140920334808334,37.0478825749429,5.231350699954,3.74228285076657,92.4496003212828,5.54760895575181,3.96852037812176,124.260023863119,103.425487531664,73.9861367591584,2764.91304861317,229.765580631879,164.364394859374,37.6140839108794,8.73237275384279,6.24676315497151,24.8194066958616,5.68195809507041,4.06462796274454,22.45710959016,6.66564919552194,4.76831818479442,5.1,1.44913767461894,1.03665064324093,0,0,0,82.9561058485132,4.47515041215052,3.20132975258934,54.1280130985049,8.69592971861027,6.22069337804339,14.9723961528223,11.9788500308738,8.56915309517248,0,0,0,9.41130395253499,0,0,2.77662860045529e-15,3.55627378694071e-16,2.54400501301048e-16,36.3140472911193,8.94277642699892,6.39727687560534,265.40405343324,11.973066019034,8.56501546235866,63.5845152252099,41.1412244888848,29.4306590582131,110.576908639454,26.5890982680216,19.0206950695619,13.0203861000372,12.0309906757904,8.60645226559534,210.562863926659,18.6082484877646,13.3115390637406,94.5052157325729,16.4795567095833,11.7887646995356,19.7311621465122,4.48279993937565,3.20680189471725,-0.219606110947248,3.20339706799551,2.29157221515677,2.55513632183609,0.578454876670392,0.413801690818574,1,0,0,197.311621465122,44.8279993937565,32.0680189471725,94.5052157325729,16.4795567095833,11.7887646995356,15.0721664708539,22.2920399102177,15.9467646979479,-212.614644297476,38.4487691879715,27.5045925646875,0,0,0,0,0,0,-212.614644297476,38.4487691879715,27.5045925646875,16.0128675758634,3.74488903314848e-15,2.67893223195657e-15,15.7932614649162,3.20339706799551,2.29157221515677,78.9028517976217,16.0041144551726,11.4486537994527,552.319962583352,112.028801186209,80.1405765961689,126.346091719329,25.6271765439641,18.3325777212541,84.8525569666142,15.7048371468468,11.2345637101415,89.7311621465122,4.48279993937565,3.20680189471725
B_oraculo,E1_lab_soleado,10,-201.555851259111,25.8539912856679,18.4948312131079,4.44410577149159,0.19725090725578,0.141104798714402,36.5653192647117,5.24936102199103,3.75516665901451,94.7065532272995,6.02547167138877,4.31036277185856,90.5554091075474,107.880357795036,77.172958967265,2786.10765886323,230.556610011775,164.930263189108,37.5233659765785,8.78661636933811,6.28556669992091,24.7573177690804,5.70359108078207,4.08010326847014,22.45710959016,6.66564919552194,4.76831818479442,5.1,1.44913767461894,1.03665064324093,0,0,0,82.8613656754034,4.49499196811137,3.21552354667113,53.7726827850599,8.73829436740211,6.25099922212566,15.0074651913751,11.9975727392623,8.5825465139167,0,0,0,1.57674153496619e-06,2.23212780544071e-22,1.59676804063116e-22,3.02927814010212e-15,2.66686313426445e-16,1.90775896037465e-16,36.3150889457298,8.93447170513355,6.39133603546678,213.67903517556,11.8352475776603,8.46642608855186,63.584540691467,41.1412470133095,29.4306751712159,110.247242474658,26.700990143338,19.1007376952915,10.5364083218291,12.4016476434169,8.87160428713313,212.09225958094,18.6246277655606,13.3232560932268,112.50544237054,7.34386311749936,5.25348319760642,14.7227283235487,4.51889989606216,3.23262624803818,-0.269196753064075,3.29109974742897,2.35431093256162,2.54336808906298,0.593198569499648,0.424348693303493,1,0,0,147.227283235487,45.1889989606216,32.3262624803818,112.50544237054,7.34386311749936,5.25348319760642,12.7964618401718,24.2001238458679,17.3117257184869,-214.352313099283,40.4536063045783,28.9387666413985,0,0,0,0,0,0,-214.352313099283,40.4536063045783,28.9387666413985,16.0128675758634,3.74488903314848e-15,2.67893223195657e-15,15.7436708227993,3.29109974742897,2.35431093256162,78.6550978365932,16.4422754729564,11.7620953094514,550.585684856152,115.095928310695,82.3346671661599,125.949366582395,26.3287979794317,18.834487460493,95.3649606201382,8.61994220935295,6.16633518852866,84.7227283235487,4.51889989606216,3.23262624803818
B_prima2,E1_lab_soleado,10,-201.55483931785,25.8540625010477,18.4948821575216,4.44409624551517,0.197225921033565,0.141086924647786,36.5659406961419,5.2496469462066,3.7553711968767,94.7072863894891,6.02481594415877,4.30989369285615,90.5425872758996,107.867761561653,77.1639481647253,2786.0803650415,230.569168057904,164.939246674132,37.5233113755593,8.78658329442112,6.28554303955062,24.7573387765912,5.70352533530505,4.08005623698912,22.45710959016,6.66564919552194,4.76831818479442,5.1,1.44913767461894,1.03665064324093,0,0,0,82.8613331683312,4.49527627684436,3.21572692888671,53.7733621927273,8.7380509515747,6.2508250929325,15.0073494519739,11.998395529737,8.58313510276493,0,0,0,9.41130395253499,0,0,3.02260269961798e-15,2.62012496746434e-16,1.87432448998178e-16,36.3158991215379,8.935301436339,6.3919295894147,213.692750915031,11.8273468602043,8.4607742557576,63.5845406858412,41.1412470105376,29.430675169233,110.246866977342,26.6994296141538,19.0996213599626,10.5349273129765,12.4000911984024,8.8704908734432,212.089766630826,18.6255156251842,13.3238912297401,112.504966155553,7.34554305094353,5.25468494959728,14.7240611103972,4.51927063267475,3.23289145703429,-0.269236372590289,3.29125222989952,2.35442001194997,2.54342847048996,0.593140323275031,0.424307026464466,1,0,0,147.240611103972,45.1927063267475,32.3289145703429,112.504966155553,7.34554305094353,5.25468494959728,12.797594526802,24.1986530939929,17.3106736059762,-214.352433844652,40.4529139019523,28.9382713263983,0,0,0,0,0,0,-214.352433844652,40.4529139019523,28.9382713263983,16.0128675758634,3.74488903314848e-15,2.67893223195657e-15,15.7436312032731,3.29125222989952,2.35442001194997,78.6548998981488,16.4430372726519,11.7626402681246,550.584299287042,115.101260908563,82.3384818768721,125.949049626185,26.3300178391961,18.8353600955997,95.3662379839141,8.62356577033482,6.16892732790125,84.7240611103972,4.51927063267475,3.23289145703429
B_prima2_8,E1_lab_soleado,10,-201.55483931785,25.8540625010477,18.4948821575216,4.44409624551517,0.197225921033565,0.141086924647786,36.5659406961419,5.2496469462066,3.7553711968767,94.7072863894891,6.02481594415877,4.30989369285615,90.5425872758996,107.867761561653,77.1639481647253,2786.0803650415,230.569168057904,164.939246674132,37.5233113755593,8.78658329442112,6.28554303955062,24.7573387765912,5.70352533530505,4.08005623698912,22.45710959016,6.66564919552194,4.76831818479442,5.1,1.44913767461894,1.03665064324093,0,0,0,82.8613331683312,4.49527627684436,3.21572692888671,53.7733621927273,8.7380509515747,6.2508250929325,15.0073494519739,11.998395529737,8.58313510276493,0,0,0,9.41130395253499,0,0,3.02260269961798e-15,2.62012496746434e-16,1.87432448998178e-16,36.3158991215379,8.935301436339,6.3919295894147,213.692750915031,11.8273468602043,8.4607742557576,63.5845406858412,41.1412470105376,29.430675169233,110.246866977342,26.6994296141538,19.0996213599626,10.5349273129765,12.4000911984024,8.8704908734432,212.089766630826,18.6255156251842,13.3238912297401,112.504966155553,7.34554305094353,5.25468494959728,14.7240611103972,4.51927063267475,3.23289145703429,-0.269236372590289,3.29125222989952,2.35442001194997,2.54342847048996,0.593140323275031,0.424307026464466,1,0,0,147.240611103972,45.1927063267475,32.3289145703429,112.504966155553,7.34554305094353,5.25468494959728,12.797594526802,24.1986530939929,17.3106736059762,-214.352433844652,40.4529139019523,28.9382713263983,0,0,0,0,0,0,-214.352433844652,40.4529139019523,28.9382713263983,16.0128675758634,3.74488903314848e-15,2.67893223195657e-15,15.7436312032731,3.29125222989952,2.35442001194997,78.6548998981488,16.4430372726519,11.7626402681246,550.584299287042,115.101260908563,82.3384818768721,125.949049626185,26.3300178391961,18.8353600955997,95.3662379839141,8.62356577033482,6.16892732790125,84.7240611103972,4.51927063267475,3.23289145703429
B_prima2_8_or,E1_lab_soleado,10,-201.555851259111,25.8539912856679,18.4948312131079,4.44410577149159,0.19725090725578,0.141104798714402,36.5653192647117,5.24936102199103,3.75516665901451,94.7065532272995,6.02547167138877,4.31036277185856,90.5554091075474,107.880357795036,77.172958967265,2786.10765886323,230.556610011775,164.930263189108,37.5233659765785,8.78661636933811,6.28556669992091,24.7573177690804,5.70359108078207,4.08010326847014,22.45710959016,6.66564919552194,4.76831818479442,5.1,1.44913767461894,1.03665064324093,0,0,0,82.8613656754034,4.49499196811137,3.21552354667113,53.7726827850599,8.73829436740211,6.25099922212566,15.0074651913751,11.9975727392623,8.5825465139167,0,0,0,1.57674153496619e-06,2.23212780544071e-22,1.59676804063116e-22,3.02927814010212e-15,2.66686313426445e-16,1.90775896037465e-16,36.3150889457298,8.93447170513355,6.39133603546678,213.67903517556,11.8352475776603,8.46642608855186,63.584540691467,41.1412470133095,29.4306751712159,110.247242474658,26.700990143338,19.1007376952915,10.5364083218291,12.4016476434169,8.87160428713313,212.09225958094,18.6246277655606,13.3232560932268,112.50544237054,7.34386311749936,5.25348319760642,14.7227283235487,4.51889989606216,3.23262624803818,-0.269196753064075,3.29109974742897,2.35431093256162,2.54336808906298,0.593198569499648,0.424348693303493,1,0,0,147.227283235487,45.1889989606216,32.3262624803818,112.50544237054,7.34386311749936,5.25348319760642,12.7964618401718,24.2001238458679,17.3117257184869,-214.352313099283,40.4536063045783,28.9387666413985,0,0,0,0,0,0,-214.352313099283,40.4536063045783,28.9387666413985,16.0128675758634,3.74488903314848e-15,2.67893223195657e-15,15.7436708227993,3.29109974742897,2.35431093256162,78.6550978365932,16.4422754729564,11.7620953094514,550.585684856152,115.095928310695,82.3346671661599,125.949366582395,26.3287979794317,18.834487460493,95.3649606201382,8.61994220935295,6.16633518852866,84.7227283235487,4.51889989606216,3.23262624803818
B_prima2_oraculo,E1_lab_soleado,10,-201.555851259111,25.8539912856679,18.4948312131079,4.44410577149159,0.19725090725578,0.141104798714402,36.5653192647117,5.24936102199103,3.75516665901451,94.7065532272995,6.02547167138877,4.31036277185856,90.5554091075474,107.880357795036,77.172958967265,2786.10765886323,230.556610011775,164.930263189108,37.5233659765785,8.78661636933811,6.28556669992091,24.7573177690804,5.70359108078207,4.08010326847014,22.45710959016,6.66564919552194,4.76831818479442,5.1,1.44913767461894,1.03665064324093,0,0,0,82.8613656754034,4.49499196811137,3.21552354667113,53.7726827850599,8.73829436740211,6.25099922212566,15.0074651913751,11.9975727392623,8.5825465139167,0,0,0,1.57674153496619e-06,2.23212780544071e-22,1.59676804063116e-22,3.02927814010212e-15,2.66686313426445e-16,1.90775896037465e-16,36.3150889457298,8.93447170513355,6.39133603546678,213.67903517556,11.8352475776603,8.46642608855186,63.584540691467,41.1412470133095,29.4306751712159,110.247242474658,26.700990143338,19.1007376952915,10.5364083218291,12.4016476434169,8.87160428713313,212.09225958094,18.6246277655606,13.3232560932268,112.50544237054,7.34386311749936,5.25348319760642,14.7227283235487,4.51889989606216,3.23262624803818,-0.269196753064075,3.29109974742897,2.35431093256162,2.54336808906298,0.593198569499648,0.424348693303493,1,0,0,147.227283235487,45.1889989606216,32.3262624803818,112.50544237054,7.34386311749936,5.25348319760642,12.7964618401718,24.2001238458679,17.3117257184869,-214.352313099283,40.4536063045783,28.9387666413985,0,0,0,0,0,0,-214.352313099283,40.4536063045783,28.9387666413985,16.0128675758634,3.74488903314848e-15,2.67893223195657e-15,15.7436708227993,3.29109974742897,2.35431093256162,78.6550978365932,16.4422754729564,11.7620953094514,550.585684856152,115.095928310695,82.3346671661599,125.949366582395,26.3287979794317,18.834487460493,95.3649606201382,8.61994220935295,6.16633518852866,84.7227283235487,4.51889989606216,3.23262624803818
B_prima2_semana,E1_lab_soleado,5,-661.261412732901,61.8489439451142,76.795607023571,2.65956346716751,0.303131544288374,0.376387525262784,33.209723828794,2.7480554510914,3.4121615186878,92.0322671486617,2.64584224050654,3.28524705496375,853.100283309555,279.478675522583,347.018609662063,20281.6298860448,834.478411535475,1036.14180088186,275.897859412847,22.9283712441096,28.4693331112614,167.701083492951,12.7325214791032,15.8095135269586,167.99281980096,13.466888654483,16.7213508100903,33.2,1.78885438199983,2.22115608415823,0,0,0,79.3899191032912,2.45399380117707,3.04703575473677,34.6805309764013,6.33703518676527,7.8684684467569,27.8500862267093,8.32088547504743,10.331743927543,0,0,0,17.5982677559626,0,0,2.96464557803681e-15,1.2649169095929e-16,1.57060178736067e-16,35.0881694970742,1.92880387128253,2.39492632656756,550.408708140124,108.548681287458,134.780989607131,382.20866718396,131.929424782659,163.812017056359,445.365372190582,54.737601536623,67.9657091760478,94.9072260453068,29.721156011838,36.9036894048966,756.168638778208,46.8533305679808,58.1760937622017,111.675989502273,4.19963418611033,5.21453457451896,16.4779238765788,3.2073103374506,3.98240177707918,-2.79515557302949,4.27154058400587,5.30381816002637,2.50697505913728,0.721533326459049,0.895901954968405,7,0,0,164.779238765788,32.073103374506,39.8240177707918,111.675989502273,4.19963418611033,5.21453457451896,-5.83644792893841,31.9074095821857,39.6182817541417,-655.424964803962,82.5372434292316,102.483523677057,0,0,0,0,0,0,-655.424964803962,82.5372434292316,102.483523677057,16.0128675758634,0,0,13.2177120028339,4.27154058400587,5.30381816002637,66.0354527517972,21.3405403561544,26.4977806624515,462.24816926258,149.383782493081,185.48446463716,105.741696022671,34.172324672047,42.430545280211,96.5340778241437,4.05297789220674,5.03243673426888,86.4779238765788,3.2073103374506,3.98240177707918
B_prima2_semana_s6a10,E1_lab_soleado,5,-653.060579865084,27.3336530445047,33.9392129247542,2.66833983674926,0.164960765931357,0.204825844173084,34.2152168998765,2.62104560757557,3.2544579685767,92.7251860303571,4.81899843777677,5.98357686758759,794.145657926761,528.737346057855,656.514127105844,19976.300435566,795.910422514596,988.25331743152,276.037271937718,15.7142090052254,19.5117675820378,173.534144373355,9.23242130290894,11.4635651480715,169.46882700384,8.28899213289672,10.2921431128121,31.6,4.50555213042752,5.59438187238213,0,0,0,77.5587070548442,3.39824559409993,4.21947921124844,20.0590052684625,13.7763642868834,17.1056155611631,29.9245867649028,4.68984578674693,5.82321267053127,0.00512565290070618,0.011461308315048,0.0142310939071086,17.5982677559626,0,0,2.98642362595138e-15,9.58059349469616e-17,1.18958780237894e-16,36.0925990532423,2.67227028013675,3.31806180031569,545.357113590384,95.0288625094852,117.993917368283,366.404156707379,115.609822191437,143.548554053845,462.036919671463,15.919925985247,19.7671989499498,88.8309206657404,55.9227528318692,69.4372688717796,741.891500530825,48.7344857516322,60.511856428776,113.982641955205,8.72644804722056,10.8353163724293,17.5230922369893,3.27780394903084,4.06993115668172,1.77389423234618,2.25669256822967,2.80205391698478,2.24373955709944,0.724667147199583,0.89979310735875,7,0,0,175.230922369893,32.7780394903084,40.6993115668172,113.982641955205,8.72644804722056,10.8353163724293,32.3519795377184,15.7414633087212,19.5456082694847,-685.412559402803,40.1972484929114,49.9114762804985,0.280001366400116,0.626102089063486,0.777408423190297,2.24001093120093,5.00881671250789,6.21926738552238,-683.172548471602,41.5860855793148,51.635945290056,16.0128675758634,0,0,17.7867618082096,2.25669256822967,2.80205391698478,88.862343856612,11.2743957072685,13.9990112512184,622.036406996284,78.9207699508797,97.9930787585288,142.294094465677,18.0535405458374,22.4164313358782,99.9665445674755,10.9163445034758,13.5544319619555,87.5230922369893,3.27780394903084,4.06993115668172
C,E1_lab_soleado,25,-291.886996321913,189.881756408918,78.3793367863537,4.0933628913527,0.730308358770541,0.301456474242289,36.2975643873419,4.96762989913647,2.05053684070563,94.2169258008011,5.50762101098449,2.27343421651264,250.536985797261,364.299057141588,150.375260007394,6267.99879105293,7164.07527397233,2957.18493066928,85.2668438483239,98.1920094359595,40.5316694076485,53.3467019395916,58.7959624238358,24.269780455218,51.5642516323201,59.9471141826753,24.7449525470749,10.56,11.2215566359277,4.63203092002373,0,0,0,82.1950633825303,4.21001452343312,1.73780858386934,50.0905187101985,11.0786287833447,4.57303320215121,17.5633759171421,12.0220850714701,4.96247281735538,0,0,0,11.0486967132205,3.34231397683883,1.37963940186138,3.45803884354277e-15,3.91564079985841e-16,1.61629708293596e-16,36.517572495066,7.80721222975694,3.22265881826402,306.757301029187,157.40340242589,64.9729311724305,127.309331139841,145.225871599435,59.94629350105,179.293864739099,145.052457888856,59.8747118394839,27.5158206717103,38.8306436295254,16.0285019068136,319.402816993623,223.524523033529,92.266388315498,110.000960738286,8.81227643563788,3.63752893203631,17.5714778133082,4.84448546378014,1.99970531610474,-0.773446579079993,3.49600084247981,1.44307822204889,2.5357697053384,0.591630929422836,0.244213244850089,2.2,2.44948974278318,1.01109967137056,175.714778133081,48.4448546378014,19.9970531610474,110.000960738286,8.81227643563788,3.63752893203631,11.2391344592085,25.326259581718,10.4541661444251,-303.126130781121,186.62884969075,77.0366028870063,0,0,0,0,0,0,-303.126130781121,186.62884969075,77.0366028870063,16.0128675758634,7.25194642938943e-15,2.99345636092407e-15,15.2394209967834,3.49600084247981,1.44307822204889,76.1358747249202,17.4659576789328,7.20959298620106,532.951123074442,122.261703752529,50.4671509034074,121.915367974267,27.9680067398385,11.5446257763911,96.363680396632,9.64115318314658,3.97967243742634,87.5714778133081,4.84448546378014,1.99970531610474
C_factor3,E1_lab_soleado,1,331.197259830401,0,NaN,2.77895331916702,0,NaN,80.9276383468144,0,NaN,80.5071239111362,0,NaN,5926.6196522142,0,NaN,5791.54036002421,0,NaN,9.53278250812254,0,NaN,350.871474231384,0,NaN,513.862507636799,0,NaN,24,0,NaN,0,0,NaN,3.85501357861484,0,NaN,-32.4790303200371,0,NaN,95.1947830774089,0,NaN,9.81430255571667,0,NaN,17.5982677559626,0,NaN,4.06149346496769e-15,0,NaN,73.7717034198025,0,NaN,2641.43978380862,0,NaN,2544.24757848128,0,NaN,975.05544791633,0,NaN,531.305744523309,0,NaN,200.108484692908,0,NaN,89.6473497037746,0,NaN,9.36827988063766,0,NaN,-16.0109312731802,0,NaN,-145.063694841589,0,NaN,7,0,NaN,93.6827988063766,0,NaN,89.6473497037746,0,NaN,-120.528877022201,0,NaN,451.726136852602,0,NaN,473.042308435198,0,NaN,3784.33846748159,0,NaN,4236.06460433419,0,NaN,16.0128675758634,0,NaN,0.00193630268317971,0,NaN,0.00967373357210969,0,NaN,0.0677161350047678,0,NaN,0.0154904214654377,0,NaN,71.1515594184658,0,NaN,79.3682798806376,0,NaN
C_factorB,E1_lab_soleado,1,-207.515772860444,0,NaN,2.72693542014822,0,NaN,56.7443298695769,0,NaN,85.5536850264561,0,NaN,2880.0077086072,0,NaN,13135.07807348,0,NaN,347.64853454891,0,NaN,223.794240793679,0,NaN,226.7611065888,0,NaN,46,0,NaN,0,0,NaN,75.6212517196205,0,NaN,3.86382515603939,0,NaN,23.3483410245684,0,NaN,0,0,NaN,17.5982677559626,0,NaN,4.07880180396295e-15,0,NaN,48.3015074379837,0,NaN,1709.78175062708,0,NaN,1534.64368123939,0,NaN,610.272442045465,0,NaN,304.1101463132,0,NaN,511.625919173644,0,NaN,105.593518171614,0,NaN,17.0724155352156,0,NaN,-4.4347992029591,0,NaN,1.50295161659274,0,NaN,7,0,NaN,170.724155352156,0,NaN,105.593518171614,0,NaN,-19.2537658432126,0,NaN,-188.262007017231,0,NaN,0,0,NaN,0,0,NaN,-188.262007017231,0,NaN,16.0128675758634,0,NaN,11.5780683729043,0,NaN,57.8438225036281,0,NaN,404.906757525397,0,NaN,92.6245469832345,0,NaN,91.9428269206412,0,NaN,87.0724155352156,0,NaN
C_umbral8,E1_lab_soleado,10,-198.844030140485,25.8550848445152,18.4956134979814,4.43544966017604,0.198975455285228,0.142338466056945,37.5104329339522,5.24953799400795,3.75529325716897,94.8508474797297,6.02535999712229,4.31028288490081,88.4044264680774,107.534717054665,76.9257024766559,2744.5974249999,230.56438278033,164.935823492773,37.5331450569782,8.77591143705736,6.27790885268592,24.7579129471155,5.70395572343317,4.08036411810882,22.45710959016,6.66564919552194,4.76831818479442,5.1,1.44913767461894,1.03665064324093,0,0,0,82.8045627901868,4.49496869917414,3.2155069010762,53.7692649054535,8.71612672454018,6.23514144571528,15.1417228967257,12.0127394040486,8.59339609231207,0,0,0,9.41130395253499,0,0,3.7452367101295e-15,9.42464030042541e-17,6.74198152519876e-17,36.5935579449312,8.96112915901044,6.41040562919321,253.162645010255,11.9452855295091,8.54514249732578,63.5845216840797,41.1412302329347,29.4306631672589,110.039237892812,26.6772837735864,19.0837791799742,10.2799236211226,12.36103026655,8.84254836608896,209.123953761608,18.6112561002972,13.3136905801363,110.104188695279,10.3037704973095,7.37087338278714,18.5588393137125,4.49211986666199,3.21346896906468,-0.26772316684951,3.28844606385317,2.35241260168941,2.54248135965634,0.591381489737465,0.423048832746915,1,0,0,185.588393137125,44.9211986666199,32.1346896906468,110.104188695279,10.3037704973095,7.37087338278714,16.3398634346047,23.6328673503843,16.9059348669861,-215.18389357509,39.9454486592044,28.5752525604585,0,0,0,0,0,0,-215.18389357509,39.9454486592044,28.5752525604585,16.0128675758634,3.74488903314848e-15,2.67893223195657e-15,15.7451444090139,3.28844606385317,2.35241260168941,78.6624598469643,16.429017717276,11.7526112823678,550.63721892875,115.003124020932,82.2682789765743,125.961155272111,26.3075685108253,18.8193008135153,97.6080973860296,11.2713931980809,8.06306896415791,88.5588393137125,4.49211986666199,3.21346896906468
E,E1_lab_soleado,5,-712.376303892564,65.6931454520341,81.5688136365541,2.52412853788286,0.259906993421468,0.32271715661282,34.9845471714418,2.3803581435016,2.95560500961708,97.2124228706157,1.12664101260557,1.39890958425217,301.075873408081,123.849467460094,153.779424941907,19742.684515368,722.822926184351,897.503204519406,274.084552986636,22.6756273630687,28.1555101334065,167.437463450639,12.7581177368088,15.8412954786404,167.99281980096,13.466888654483,16.7213508100903,32.2,0.447213595499958,0.555289021039559,0,0,0,78.285300965207,2.85554198445928,3.54562367746242,32.3583745510205,5.15071925922085,6.39546266902929,30.152231891151,8.99770676577051,11.1721285574517,0,0,0,1.17775939620236e-06,0,0,2.9879466057042e-15,1.37476877612698e-16,1.70700089517152e-16,34.9901537861214,2.11276174727623,2.62334019837497,959.42653662043,220.523538228148,273.816138174403,790.759839744814,207.207544450377,257.282148100239,422.114676425071,48.3575279452424,60.0438014917399,32.579969358737,13.7546905436742,17.0787040545141,744.956273251301,54.705290285232,67.9255894584587,107.198780139477,8.94671732652072,11.1088168064466,16.4437861197796,3.19508847004881,3.96722632433555,-2.79579352430078,4.27087710308417,5.3029943396524,2.24708431655185,0.715065347101262,0.887870897858715,7,0,0,164.437861197796,31.9508847004881,39.6722632433555,107.198780139477,8.94671732652072,11.1088168064466,-6.62515856991712,32.3159976432399,40.1256108396487,-705.751145322646,77.8948014598416,96.7191706199153,0,0,0,0,0,0,-705.751145322646,77.8948014598416,96.7191706199153,16.0128675758634,0,0,13.2170740515626,4.27087710308417,5.3029943396524,66.0322655586563,21.3372256173367,26.4936648705981,462.225858910595,149.360579321357,185.455654094187,105.736592412501,34.1670168246733,42.4239547172192,92.5293567915107,6.26109690025406,7.77417861031065,86.4437861197796,3.19508847004881,3.96722632433555
E0,E1_lab_soleado,5,-708.957521988363,66.675384630738,82.788424662376,2.56965908821024,0.270445042326547,0.335801872549566,34.8405214931236,2.41410106068268,2.9975023750752,96.7201741805862,1.30985027177757,1.62639392550363,354.050345357851,142.327312277103,176.722699615584,19786.4195568918,733.069348220215,910.22581787174,274.0882248208,22.771524946368,28.274582710104,167.698889075031,12.7351133375623,15.8127317442957,167.99281980096,13.466888654483,16.7213508100903,33,1.4142135623731,1.75597806617017,0,0,0,78.4789092728684,2.82766218079404,3.5110063289743,33.6022611610818,6.46495623467562,8.02730340655968,30.0277611974848,9.07248767394686,11.2649813188872,0,0,0,17.5982677559626,0,0,3.00376221804469e-15,1.3173121311017e-16,1.63565904758606e-16,34.487145358556,1.69356200022677,2.10283496440754,1074.19963026003,233.41129694321,289.818404188432,912.077724634714,218.201308539992,270.932709175059,430.453542556615,50.6480382121219,62.8878456276403,38.9298411272283,16.0918420157111,19.9806608956911,747.887363115591,51.5763991884159,64.0405580292419,108.944155776043,6.88349976337259,8.54699383782388,15.7843422559268,3.34819739602617,4.15733616552529,-2.79725172475669,4.26900936562945,5.30067523729678,2.5068968208907,0.721645703328313,0.896041489281201,7,0,0,157.843422559268,33.4819739602617,41.5733616552529,108.944155776043,6.88349976337259,8.54699383782388,-6.97897240419286,31.6800293772016,39.3359519397088,-701.97854958417,78.3963868517876,97.3419711431196,0,0,0,0,0,0,-701.97854958417,78.3963868517876,97.3419711431196,16.0128675758634,0,0,13.2156158511067,4.26900936562946,5.30067523729678,66.0249804152603,21.3278944344197,26.4820786767094,462.174862906822,149.295261040938,185.374550736965,105.724926808854,34.1520749250356,42.4054018983743,93.3709550364085,5.35706890369289,6.65167959361237,85.7843422559268,3.34819739602617,4.15733616552529
E0_8,E1_lab_soleado,5,-708.957521988363,66.675384630738,82.788424662376,2.56965908821024,0.270445042326547,0.335801872549566,34.8405214931236,2.41410106068268,2.9975023750752,96.7201741805862,1.30985027177757,1.62639392550363,354.050345357851,142.327312277103,176.722699615584,19786.4195568918,733.069348220215,910.22581787174,274.0882248208,22.771524946368,28.274582710104,167.698889075031,12.7351133375623,15.8127317442957,167.99281980096,13.466888654483,16.7213508100903,33,1.4142135623731,1.75597806617017,0,0,0,78.4789092728684,2.82766218079404,3.5110063289743,33.6022611610818,6.46495623467562,8.02730340655968,30.0277611974848,9.07248767394686,11.2649813188872,0,0,0,17.5982677559626,0,0,3.00376221804469e-15,1.3173121311017e-16,1.63565904758606e-16,34.487145358556,1.69356200022677,2.10283496440754,1074.19963026003,233.41129694321,289.818404188432,912.077724634714,218.201308539992,270.932709175059,430.453542556615,50.6480382121219,62.8878456276403,38.9298411272283,16.0918420157111,19.9806608956911,747.887363115591,51.5763991884159,64.0405580292419,108.944155776043,6.88349976337259,8.54699383782388,15.7843422559268,3.34819739602617,4.15733616552529,-2.79725172475669,4.26900936562945,5.30067523729678,2.5068968208907,0.721645703328313,0.896041489281201,7,0,0,157.843422559268,33.4819739602617,41.5733616552529,108.944155776043,6.88349976337259,8.54699383782388,-6.97897240419286,31.6800293772016,39.3359519397088,-701.97854958417,78.3963868517876,97.3419711431196,0,0,0,0,0,0,-701.97854958417,78.3963868517876,97.3419711431196,16.0128675758634,0,0,13.2156158511067,4.26900936562946,5.30067523729678,66.0249804152603,21.3278944344197,26.4820786767094,462.174862906822,149.295261040938,185.374550736965,105.724926808854,34.1520749250356,42.4054018983743,93.3709550364085,5.35706890369289,6.65167959361237,85.7843422559268,3.34819739602617,4.15733616552529
E_8,E1_lab_soleado,5,-712.376303892564,65.6931454520341,81.5688136365541,2.52412853788286,0.259906993421468,0.32271715661282,34.9845471714418,2.3803581435016,2.95560500961708,97.2124228706157,1.12664101260557,1.39890958425217,301.075873408081,123.849467460094,153.779424941907,19742.684515368,722.822926184351,897.503204519406,274.084552986636,22.6756273630687,28.1555101334065,167.437463450639,12.7581177368088,15.8412954786404,167.99281980096,13.466888654483,16.7213508100903,32.2,0.447213595499958,0.555289021039559,0,0,0,78.285300965207,2.85554198445928,3.54562367746242,32.3583745510205,5.15071925922085,6.39546266902929,30.152231891151,8.99770676577051,11.1721285574517,0,0,0,1.17775939620236e-06,0,0,2.9879466057042e-15,1.37476877612698e-16,1.70700089517152e-16,34.9901537861214,2.11276174727623,2.62334019837497,959.42653662043,220.523538228148,273.816138174403,790.759839744814,207.207544450377,257.282148100239,422.114676425071,48.3575279452424,60.0438014917399,32.579969358737,13.7546905436742,17.0787040545141,744.956273251301,54.705290285232,67.9255894584587,107.198780139477,8.94671732652072,11.1088168064466,16.4437861197796,3.19508847004881,3.96722632433555,-2.79579352430078,4.27087710308417,5.3029943396524,2.24708431655185,0.715065347101262,0.887870897858715,7,0,0,164.437861197796,31.9508847004881,39.6722632433555,107.198780139477,8.94671732652072,11.1088168064466,-6.62515856991712,32.3159976432399,40.1256108396487,-705.751145322646,77.8948014598416,96.7191706199153,0,0,0,0,0,0,-705.751145322646,77.8948014598416,96.7191706199153,16.0128675758634,0,0,13.2170740515626,4.27087710308417,5.3029943396524,66.0322655586563,21.3372256173367,26.4936648705981,462.225858910595,149.360579321357,185.455654094187,105.736592412501,34.1670168246733,42.4239547172192,92.5293567915107,6.26109690025406,7.77417861031065,86.4437861197796,3.19508847004881,3.96722632433555
E_sinLSTM,E1_lab_soleado,5,-712.376303892564,65.6931454520341,81.5688136365541,2.52412853788286,0.259906993421468,0.32271715661282,34.9845471714418,2.3803581435016,2.95560500961708,97.2124228706157,1.12664101260557,1.39890958425217,301.075873408081,123.849467460094,153.779424941907,19742.684515368,722.822926184351,897.503204519406,274.084552986636,22.6756273630687,28.1555101334065,167.437463450639,12.7581177368088,15.8412954786404,167.99281980096,13.466888654483,16.7213508100903,32.2,0.447213595499958,0.555289021039559,0,0,0,78.285300965207,2.85554198445928,3.54562367746242,32.3583745510205,5.15071925922085,6.39546266902929,30.152231891151,8.99770676577051,11.1721285574517,0,0,0,1.17775939620236e-06,0,0,2.9879466057042e-15,1.37476877612698e-16,1.70700089517152e-16,34.9901537861214,2.11276174727623,2.62334019837497,959.42653662043,220.523538228148,273.816138174403,790.759839744814,207.207544450377,257.282148100239,422.114676425071,48.3575279452424,60.0438014917399,32.579969358737,13.7546905436742,17.0787040545141,744.956273251301,54.705290285232,67.9255894584587,107.198780139477,8.94671732652072,11.1088168064466,16.4437861197796,3.19508847004881,3.96722632433555,-2.79579352430078,4.27087710308417,5.3029943396524,2.24708431655185,0.715065347101262,0.887870897858715,7,0,0,164.437861197796,31.9508847004881,39.6722632433555,107.198780139477,8.94671732652072,11.1088168064466,-6.62515856991712,32.3159976432399,40.1256108396487,-705.751145322646,77.8948014598416,96.7191706199153,0,0,0,0,0,0,-705.751145322646,77.8948014598416,96.7191706199153,16.0128675758634,0,0,13.2170740515626,4.27087710308417,5.3029943396524,66.0322655586563,21.3372256173367,26.4936648705981,462.225858910595,149.360579321357,185.455654094187,105.736592412501,34.1670168246733,42.4239547172192,92.5293567915107,6.26109690025406,7.77417861031065,86.4437861197796,3.19508847004881,3.96722632433555
E_sinLSTM_8,E1_lab_soleado,5,-712.376303892564,65.6931454520341,81.5688136365541,2.52412853788286,0.259906993421468,0.32271715661282,34.9845471714418,2.3803581435016,2.95560500961708,97.2124228706157,1.12664101260557,1.39890958425217,301.075873408081,123.849467460094,153.779424941907,19742.684515368,722.822926184351,897.503204519406,274.084552986636,22.6756273630687,28.1555101334065,167.437463450639,12.7581177368088,15.8412954786404,167.99281980096,13.466888654483,16.7213508100903,32.2,0.447213595499958,0.555289021039559,0,0,0,78.285300965207,2.85554198445928,3.54562367746242,32.3583745510205,5.15071925922085,6.39546266902929,30.152231891151,8.99770676577051,11.1721285574517,0,0,0,1.17775939620236e-06,0,0,2.9879466057042e-15,1.37476877612698e-16,1.70700089517152e-16,34.9901537861214,2.11276174727623,2.62334019837497,959.42653662043,220.523538228148,273.816138174403,790.759839744814,207.207544450377,257.282148100239,422.114676425071,48.3575279452424,60.0438014917399,32.579969358737,13.7546905436742,17.0787040545141,744.956273251301,54.705290285232,67.9255894584587,107.198780139477,8.94671732652072,11.1088168064466,16.4437861197796,3.19508847004881,3.96722632433555,-2.79579352430078,4.27087710308417,5.3029943396524,2.24708431655185,0.715065347101262,0.887870897858715,7,0,0,164.437861197796,31.9508847004881,39.6722632433555,107.198780139477,8.94671732652072,11.1088168064466,-6.62515856991712,32.3159976432399,40.1256108396487,-705.751145322646,77.8948014598416,96.7191706199153,0,0,0,0,0,0,-705.751145322646,77.8948014598416,96.7191706199153,16.0128675758634,0,0,13.2170740515626,4.27087710308417,5.3029943396524,66.0322655586563,21.3372256173367,26.4936648705981,462.225858910595,149.360579321357,185.455654094187,105.736592412501,34.1670168246733,42.4239547172192,92.5293567915107,6.26109690025406,7.77417861031065,86.4437861197796,3.19508847004881,3.96722632433555
A,E2_lab_nublado,10,57.6505203879709,36.2749700020116,25.9495503048177,6.56720568496421,0.526020667244563,0.376292516996695,91.6090231530458,0.764197160426739,0.54667371623444,60.5879604083505,17.9930935557567,12.8714837348868,461.901702317571,249.463027113855,178.455099230244,65.7767365353774,5.99052961285659,4.28536672897873,14.9655905852716,7.54514925001186,5.39747462257536,15.8370507827468,4.20609241261527,3.00885725451515,22.45710959016,6.66564919552194,4.76831818479442,4,1.15470053837925,0.826023004457642,0,0,0,57.2837996510596,12.4516121803236,8.90734676366291,17.5265988254675,20.1441127221935,14.4102301504726,56.1395122741635,13.8621385275557,9.916376527209,0.108910776495642,0.219600378621842,0.157092647400908,24.4825658894636,3.74488903314848e-15,2.67893223195657e-15,4.79603167231342e-15,1.10276224133149e-15,7.8886858498017e-16,40.5241837478733,6.74587099520867,4.82570540320972,235.837401107632,23.726724593941,16.9730762943397,124.822526587042,54.3045393137963,38.8471272236797,105.452544139852,32.6052666390889,23.3244026612872,66.3683927561634,36.062574820267,25.7976119447618,8.71787236819251,0.814412208395939,0.582595397582855,141.315927276419,14.7554299054779,10.5553986834497,10.907230691272,4.56960147182045,3.26889597040047,-7.57357754290698,6.39215476103973,4.57267205234303,1.03235169811027,2.07004017737046,1.48081753651869,1,0,0,109.07230691272,45.6960147182045,32.6889597040047,141.315927276419,14.7554299054779,10.5553986834497,-46.514315686157,51.7008110121609,36.9845322018335,104.164836074128,45.2075049500578,32.3395008677269,0.748003650240007,1.50992127321021,1.08013261026294,5.98402920192006,12.0793701856817,8.64106088210354,110.148865276048,47.6990534442794,34.1218472896291,16.0128675758634,3.74488903314848e-15,2.67893223195657e-15,8.43929003295642,6.39215476103973,4.57267205234303,42.1625420579993,31.9350908549311,22.8449877858756,295.137794405995,223.545635984518,159.914914501129,67.5143202636513,51.1372380883179,36.5813764187443,114.559265379159,15.0010072186364,10.7310741103674,80.9072306912719,4.56960147182045,3.26889597040047
A_8,E2_lab_nublado,10,69.7388092185668,34.2537731404401,24.5036731715663,6.71485254306357,0.420974803264473,0.301147232754883,91.7708919703376,0.874853596241535,0.625832561784653,56.0052073371902,14.8367918718765,10.6136015279963,536.533520410929,227.39815981248,162.670844026878,64.5078494031049,6.85796368606294,4.90589168372116,16.1346211569931,6.12705563480708,4.38303156162572,17.3391362429904,4.51492546959144,3.22978311461508,22.45710959016,6.66564919552194,4.76831818479442,4.3,0.948683298050514,0.678647148839461,0,0,0,57.9414617155556,11.3828221894395,8.14278046265163,17.5265988254675,20.1441127221935,14.4102301504726,56.1395122741635,13.8621385275557,9.916376527209,0.108910776495642,0.219600378621842,0.157092647400908,24.0583492914836,3.74488903314848e-15,2.67893223195657e-15,5.12169956578904e-15,9.02168761399753e-16,6.45372653818314e-16,43.0810985983959,6.69159608475285,4.78687947119421,235.837401107632,23.726724593941,16.9730762943397,124.822526587042,54.3045393137963,38.8471272236797,117.540832970448,34.3287160158644,24.5572840750543,78.253631334005,33.8272841122427,24.1985812999245,8.51482211543821,0.968372621904776,0.692732042632501,145.738877066948,10.8829542772353,7.78519649958323,10.907230691272,4.56960147182045,3.26889597040047,-6.38916443416381,5.88212443501188,4.20781833636454,1.33236344621943,1.90592869059272,1.36341925110313,1,0,0,109.07230691272,45.6960147182045,32.6889597040047,145.738877066948,10.8829542772353,7.78519649958323,-36.8346230341743,45.7313876575754,32.7142639804682,106.573432252741,46.4762066659553,33.2470754018109,0.74800365024,1.50992127321019,1.08013261026293,5.98402920192,12.0793701856816,8.64106088210345,112.557461454661,50.2386055096001,35.9385333976283,16.0128675758634,3.74488903314848e-15,2.67893223195657e-15,9.62370314169959,5.88212443501188,4.20781833636454,48.0798487646555,29.3869884685896,21.0221851466859,336.558941352588,205.708919280128,147.155296026801,76.9896251335967,47.0569954800951,33.6625466909164,117.882427768126,10.3480155793684,7.40252440779318,80.9072306912719,4.56960147182045,3.26889597040047
A_8_semana,E2_lab_nublado,5,59.4200684826881,79.5888684343669,98.8226325927294,4.87481512584833,0.291400161808119,0.361821089987893,71.1207457475073,6.92989410644704,8.60460002333973,80.3378578531813,4.99550109819521,6.20273386661636,2109.06823633853,545.313056120461,677.095589535245,3554.12328779186,852.85090156125,1058.95426030423,230.173569891661,13.2731072956658,16.480739473324,168.498456840655,12.699181103571,15.7681159829737,170.77683338688,13.8123329674774,17.1502765769196,26.8,4.86826457785523,6.04474886005349,0,0,0,62.2160922683063,3.63773845451438,4.5168488738519,1.11377767982202,8.24923170360773,10.2427740192108,62.3376945474627,9.69646808264945,12.0397553279577,0.0169642576649179,0.0190229997815577,0.0236201739665982,22.1842060379755,0,0,3.05493527512139e-15,9.44288979890791e-17,1.17248963023095e-16,41.1058844148737,3.23784301463324,4.02031310310564,862.610749891897,117.890333806758,146.380183224075,728.900221548458,129.033097065017,160.215751202364,821.299331807372,76.3690590495903,94.8247111985736,314.436009515193,84.4540513994136,104.863555125102,255.015941032505,59.4978798825771,73.876375419648,148.919553269159,5.11963924117564,6.35687172955903,13.0955737181635,3.99519994757325,4.96069594052727,-4.84814768312224,3.46123533364774,4.29769130310119,2.59662973326036,0.628913215524757,0.780898897711656,7,0,0,130.955737181635,39.9519994757325,49.6069594052727,148.919553269159,5.11963924117564,6.35687172955903,-21.2569298049414,26.1005646740386,32.4081314885427,80.6769982876295,83.090672098934,103.1706961318,0.81600398208,0.918416154248654,1.14036427409931,6.52803185664,7.34732923398923,9.12291419279446,87.2050301442695,81.793393019367,101.559911403079,16.0128675758634,0,0,11.1647198927412,3.46123533364774,4.29769130310119,55.7787408899579,17.2922698186298,21.4711888810182,390.451186229705,121.045888730409,150.298322167127,89.3177591419293,27.6898826691819,34.3815304248095,123.71952246623,6.77993654772346,8.41840312141414,83.0955737181634,3.99519994757325,4.96069594052727
A_factor3,E2_lab_nublado,1,618.111734493165,0,NaN,4.27276669569943,0,NaN,98.3875229146271,0,NaN,67.8889136890969,0,NaN,5939.10629139545,0,NaN,198.444956716976,0,NaN,0,0,NaN,119.036290404241,0,NaN,512.642501683199,0,NaN,20,0,NaN,0,0,NaN,3.32372375245014,0,NaN,-32.4899936008744,0,NaN,95.1947830774089,0,NaN,10.1886405611102,0,NaN,22.1842060379755,0,NaN,3.66110962302324e-15,0,NaN,38.4653795215286,0,NaN,3193.61661374649,0,NaN,3641.61741393414,0,NaN,508.614297218848,0,NaN,639.286642826136,0,NaN,21.1749083329709,0,NaN,107.640209058447,0,NaN,-45.4026889818312,0,NaN,-16.008899080749,0,NaN,-372.969444198225,0,NaN,7,0,NaN,-454.026889818312,0,NaN,107.640209058447,0,NaN,-172.055587050371,0,NaN,790.167321543536,0,NaN,491.062396372802,0,NaN,3928.49917098241,0,NaN,4718.66649252595,0,NaN,16.0128675758634,0,NaN,0.00396849511444874,0,NaN,0.0198265306105725,0,NaN,0.138785714274007,0,NaN,0.0317479609155899,0,NaN,26.4765970027133,0,NaN,24.5973110181688,0,NaN
A_factorB,E2_lab_nublado,1,368.576381223994,0,NaN,4.53472580008397,0,NaN,96.455161803563,0,NaN,77.3610223880428,0,NaN,3548.79817222943,0,NaN,436.257525047534,0,NaN,34.1415601857754,0,NaN,151.581139465219,0,NaN,241.8211800816,0,NaN,23,0,NaN,3,0,NaN,13.2749377433989,0,NaN,-29.0316035193523,0,NaN,92.1627113711783,0,NaN,3.95072098095076,0,NaN,22.1842060379755,0,NaN,3.81244466916528e-15,0,NaN,44.069536922062,0,NaN,3243.21628596946,0,NaN,3302.7300247933,0,NaN,687.378903939056,0,NaN,413.155221282052,0,NaN,44.5788400580581,0,NaN,116.42116604859,0,NaN,-6.25175505294386,0,NaN,-16.0119142355641,0,NaN,-84.6121735194962,0,NaN,7,0,NaN,-62.5175505294386,0,NaN,116.42116604859,0,NaN,-134.645843402538,0,NaN,503.222224626531,0,NaN,190.440929347201,0,NaN,1523.52743477761,0,NaN,2026.74965940414,0,NaN,16.0128675758634,0,NaN,0.000953340299334478,0,NaN,0.00476287108385994,0,NaN,0.0333400975870196,0,NaN,0.00762672239467582,0,NaN,74.2164501028743,0,NaN,63.7482449470561,0,NaN
A_semana,E2_lab_nublado,5,59.7207796240564,79.7659256013046,99.0424781025399,4.87710279318205,0.289107702802742,0.358974626173558,71.1261031924534,6.93972832641373,8.61681082022279,80.3466398254363,5.00422416079039,6.21356497939487,2107.97464609918,546.005253120893,677.955065630346,3553.46395567477,854.0611831667,1060.4570234014,229.451289577216,12.3146877891361,15.2907044768899,168.494191279616,12.6930072488227,15.7604501298026,170.77683338688,13.8123329674774,17.1502765769196,26.8,4.86826457785523,6.04474886005349,0,0,0,61.9288610944948,4.22239000031382,5.24278964976525,0.619269624317942,8.15918925290129,10.1309715498586,62.5957298351028,10.2000570789862,12.6650436546006,0.0169642576649179,0.0190229997815577,0.0236201739665982,22.1842060379755,0,0,3.05935113877097e-15,9.57947106566505e-17,1.18944843440709e-16,40.9900777280461,3.09941078758292,3.84842679058608,862.608240165777,117.889392124001,146.379013970498,728.900221617281,129.033097073087,160.215751212384,821.698619687981,76.5592306009653,95.0608403673986,314.72317136293,84.2538992199216,104.615033369665,255.002391738874,59.5219477227944,73.9062595903603,149.163438483378,4.93660866769741,6.12960925590053,13.0956767962898,3.99527336194439,4.96078709650886,-4.85236675112604,3.45792259217993,4.29357799128525,2.59663370823573,0.628916633127871,0.780903141226403,7,0,0,130.956767962898,39.9527336194439,49.6078709650886,149.163438483378,4.93660866769741,6.12960925590053,-21.2568058136127,26.1006836848405,32.4082792599708,80.977585437669,83.16971998578,103.268847047031,0.840004099200233,0.920873648499548,1.14341565623644,6.72003279360186,7.36698918799639,9.1473252498915,87.6976182312709,82.0100461785637,101.828921830951,16.0128675758634,0,0,11.1605008247374,3.45792259217993,4.29357799128525,55.7576625016739,17.2757194215089,21.4506388487572,390.303637511717,120.930035950563,150.1544719413,89.2840065978989,27.6633807374394,34.348623930282,123.927882711026,6.81208354310014,8.45831888822378,83.0956767962898,3.99527336194439,4.96078709650886
A_semana_s6a10,E2_lab_nublado,5,75.9245319263039,37.7673494645887,46.89435813776,4.80903273140335,0.122764048389994,0.152431699159601,73.5471392784761,5.0404528276807,6.25854881077549,81.0002564709036,3.46693894419275,4.30477327097471,2080.73005689835,353.891218330426,439.413985081358,3255.51094557671,620.320407834978,770.229517759769,201.615620903901,39.4274436177683,48.9556372813916,175.934926871275,9.88819957112328,12.2778214145177,175.50885647904,12.5740869696172,15.6127911004568,27.2,4.96990945591567,6.17095764574295,0,0,0,54.1252807061538,11.3720044824943,14.120208553325,-1.88325281529274,9.6664759356807,12.0025151588378,66.9023364710045,8.03462323762066,9.97630241328494,0.173941511340094,0.334075345349668,0.414809329008171,22.1842060379755,0,0,3.02476456628317e-15,5.98630410059059e-17,7.4329782840029e-17,42.9130573527491,2.20603367563712,2.73915259386373,805.634546233644,122.864904202197,152.556928190623,645.742022805552,150.685499760993,187.100760104567,845.590413575887,40.7369193522495,50.5815661574183,312.894403020074,52.5217501952542,65.2143663400986,236.96987109377,56.4927042128215,70.1449569822346,150.460663879082,3.18449021358062,3.95406685083527,15.6552810493253,3.51053841913642,4.35890916935285,-2.33376622463772,4.6501365389995,5.77390712720753,2.75488789988768,0.396288128468433,0.492056702034802,7,0,0,156.552810493253,35.1053841913642,43.5890916935285,150.460663879082,3.18449021358062,3.95406685083527,2.56099499721036,35.3057965272625,43.8379364758093,73.3635369290935,57.7231567973353,71.6727656579222,8.28004040640003,15.8774828113252,19.7144987889215,66.2403232512003,127.019862490601,157.715990311372,139.603860180294,169.612788519142,210.602093139167,16.0128675758634,0,0,13.6791013512257,4.6501365389995,5.77390712720753,68.34054568387,23.2319989756676,28.8463367343932,478.38381978709,162.623992829673,201.924357140752,109.432810809805,37.201092311996,46.1912570176602,128.912603375704,6.84436948075922,8.49840717466332,85.6552810493253,3.51053841913642,4.35890916935285
A_umbral8,E2_lab_nublado,10,69.7388092185668,34.2537731404401,24.5036731715663,6.71485254306357,0.420974803264473,0.301147232754883,91.7708919703376,0.874853596241535,0.625832561784653,56.0052073371902,14.8367918718765,10.6136015279963,536.533520410929,227.39815981248,162.670844026878,64.5078494031049,6.85796368606294,4.90589168372116,16.1346211569931,6.12705563480708,4.38303156162572,17.3391362429904,4.51492546959144,3.22978311461508,22.45710959016,6.66564919552194,4.76831818479442,4.3,0.948683298050514,0.678647148839461,0,0,0,57.9414617155556,11.3828221894395,8.14278046265163,17.5265988254675,20.1441127221935,14.4102301504726,56.1395122741635,13.8621385275557,9.916376527209,0.108910776495642,0.219600378621842,0.157092647400908,24.0583492914836,3.74488903314848e-15,2.67893223195657e-15,5.12169956578904e-15,9.02168761399753e-16,6.45372653818314e-16,43.0810985983959,6.69159608475285,4.78687947119421,235.837401107632,23.726724593941,16.9730762943397,124.822526587042,54.3045393137963,38.8471272236797,117.540832970448,34.3287160158644,24.5572840750543,78.253631334005,33.8272841122427,24.1985812999245,8.51482211543821,0.968372621904776,0.692732042632501,145.738877066948,10.8829542772353,7.78519649958323,10.907230691272,4.56960147182045,3.26889597040047,-6.38916443416381,5.88212443501188,4.20781833636454,1.33236344621943,1.90592869059272,1.36341925110313,1,0,0,109.07230691272,45.6960147182045,32.6889597040047,145.738877066948,10.8829542772353,7.78519649958323,-36.8346230341743,45.7313876575754,32.7142639804682,106.573432252741,46.4762066659553,33.2470754018109,0.748003650240007,1.50992127321021,1.08013261026294,5.98402920192006,12.0793701856817,8.64106088210354,112.557461454661,50.2386055096002,35.9385333976284,16.0128675758634,3.74488903314848e-15,2.67893223195657e-15,9.62370314169959,5.88212443501188,4.20781833636454,48.0798487646555,29.3869884685896,21.0221851466859,336.558941352588,205.708919280128,147.155296026801,76.9896251335967,47.0569954800951,33.6625466909164,117.882427768126,10.3480155793684,7.40252440779318,80.9072306912719,4.56960147182045,3.26889597040047
B,E2_lab_nublado,10,57.1175898089299,36.1478745778147,25.8586317154012,6.53074990712008,0.527739201921461,0.377521882645964,91.7725452356316,0.680000748740335,0.486443231676622,60.8198567823679,17.7440635352346,12.6933383899123,457.729815329782,247.213202059292,176.845671340236,64.4948894822699,5.33051525579977,3.81322090061835,15.1307944619634,7.61096109575302,5.44455358092098,15.7895034348551,4.2133818948565,3.01407183597736,22.45710959016,6.66564919552194,4.76831818479442,4.1,1.44913767461894,1.03665064324093,0,0,0,57.425279184939,12.5246336683263,8.9595831893899,17.6620846255321,20.1830804631194,14.4381059930541,56.0639344452032,13.9527151248564,9.98117112160737,0.109605212902628,0.214657711204792,0.153556876130205,24.0583492914836,3.74488903314848e-15,2.67893223195657e-15,4.78746239673173e-15,1.07569284849441e-15,7.69504307873729e-16,39.2581104385366,6.59252108118604,4.71600548318362,234.683907718355,23.5687385117885,16.8600598594247,124.822527214028,54.3045399084768,38.8471276490884,104.616061719698,32.7874254747508,23.4547112423615,65.6808729147221,35.8876087811761,25.6724487803878,8.56328310579224,0.826100532315836,0.590956720818175,140.912034122536,14.7072268243626,10.5209162764848,10.7944795467719,4.58040136988071,3.27662175206166,-7.51121006735436,6.43344151643654,4.60220681794127,0.922995908674394,2.14459877055187,1.53415354105048,1,0,0,107.944795467719,45.8040136988071,32.7662175206166,140.912034122536,14.7072268243626,10.5209162764848,-46.2055223775765,52.0140874136338,37.2086366391048,103.323112186506,43.6273227307925,31.2091066044833,0.754003679519993,1.47796526326081,1.05727265785837,6.03202943615994,11.8237221060865,8.45818126286696,109.355141622666,46.5345808919609,33.2888338075148,16.0128675758634,3.74488903314848e-15,2.67893223195657e-15,8.50165750850904,6.43344151643654,4.60220681794127,42.4741288503443,32.1413587464313,22.9925429465403,297.31890195241,224.989511225019,160.947800625782,68.0132600680723,51.4675321314923,36.8176545435301,114.065266287174,14.876777972354,10.6422058611157,80.7944795467719,4.58040136988071,3.27662175206166
B_oraculo,E2_lab_nublado,10,96.5482392061501,35.5239828201906,25.4123264380066,6.50148373956127,0.292924887511939,0.209545841212346,84.2346799097038,4.73961208277668,3.39051423503631,36.2580985350483,5.15018834881512,3.68422280237455,874.288607484164,217.003133887594,155.234690443767,123.584098119841,37.1537451401567,26.5781881686851,26.9694018678504,5.60950413876723,4.01279752473816,21.501080691392,4.68757131789429,3.35328651448569,22.45710959016,6.66564919552194,4.76831818479442,4.9,1.10050493461461,0.787253805031357,0,0,0,70.8211451247277,8.02718735774867,5.74230391188592,38.3169473879724,15.8561037857144,11.3427733448984,37.2207497598407,19.3023627866554,13.8080785209851,0,0,0,2.81016031659457e-06,4.46425561088143e-22,3.19353608126232e-22,1.18097543313294e-15,1.07340514826015e-16,7.67867785712362e-17,53.1540144211294,8.70719210189396,6.22875000170307,300.243194062448,30.4740826375164,21.7998454678681,123.814530618129,54.1072218990207,38.7059748483516,140.82638982451,36.4292167242206,26.0598917627732,111.705162798734,33.435141310031,23.9180592382357,15.156923592584,4.21839962969364,3.01766130724544,126.407751827766,8.78960104834388,6.28770181065979,17.2081583642701,4.31966310261287,3.09010083192078,-3.41458191693134,4.57514855170501,3.27286411230386,2.47079352889487,0.505344267445889,0.361501511610103,1,0,0,172.081583642701,43.1966310261287,30.9010083192078,126.407751827766,8.78960104834388,6.28770181065979,-7.90804498445333,34.2600840223668,24.5081877045353,104.456284190603,49.6417474914759,35.5115668924792,0,0,0,0,0,0,104.456284190603,49.6417474914759,35.5115668924792,16.0128675758634,3.74488903314848e-15,2.67893223195657e-15,12.5982856589321,4.57514855170501,3.27286411230386,62.9408098168339,22.8573603323929,16.3511705660372,440.585668717838,160.00152232675,114.45819396226,100.786285271457,36.6011884136401,26.1829128984309,110.050548891656,6.50722205616302,4.65498623656084,87.2081583642701,4.31966310261287,3.09010083192078
B_prima2,E2_lab_nublado,10,57.1175898089299,36.1478745778147,25.8586317154012,6.53074990712008,0.527739201921461,0.377521882645964,91.7725452356316,0.680000748740335,0.486443231676622,60.8198567823679,17.7440635352346,12.6933383899123,457.729815329782,247.213202059292,176.845671340236,64.4948894822699,5.33051525579977,3.81322090061835,15.1307944619634,7.61096109575302,5.44455358092098,15.7895034348551,4.2133818948565,3.01407183597736,22.45710959016,6.66564919552194,4.76831818479442,4.1,1.44913767461894,1.03665064324093,0,0,0,57.425279184939,12.5246336683263,8.9595831893899,17.6620846255321,20.1830804631194,14.4381059930541,56.0639344452032,13.9527151248564,9.98117112160737,0.109605212902628,0.214657711204792,0.153556876130205,24.0583492914836,3.74488903314848e-15,2.67893223195657e-15,4.78746239673173e-15,1.07569284849441e-15,7.69504307873729e-16,39.2581104385366,6.59252108118604,4.71600548318362,234.683907718355,23.5687385117885,16.8600598594247,124.822527214028,54.3045399084768,38.8471276490884,104.616061719698,32.7874254747508,23.4547112423615,65.6808729147221,35.8876087811761,25.6724487803878,8.56328310579224,0.826100532315836,0.590956720818175,140.912034122536,14.7072268243626,10.5209162764848,10.7944795467719,4.58040136988071,3.27662175206166,-7.51121006735436,6.43344151643654,4.60220681794127,0.922995908674394,2.14459877055187,1.53415354105048,1,0,0,107.944795467719,45.8040136988071,32.7662175206166,140.912034122536,14.7072268243626,10.5209162764848,-46.2055223775765,52.0140874136338,37.2086366391048,103.323112186506,43.6273227307925,31.2091066044833,0.754003679519993,1.47796526326081,1.05727265785837,6.03202943615994,11.8237221060865,8.45818126286696,109.355141622666,46.5345808919609,33.2888338075148,16.0128675758634,3.74488903314848e-15,2.67893223195657e-15,8.50165750850904,6.43344151643654,4.60220681794127,42.4741288503443,32.1413587464313,22.9925429465403,297.31890195241,224.989511225019,160.947800625782,68.0132600680723,51.4675321314923,36.8176545435301,114.065266287174,14.876777972354,10.6422058611157,80.7944795467719,4.58040136988071,3.27662175206166
B_prima2_8,E2_lab_nublado,10,69.2066412245043,34.268337677048,24.514092013411,6.68020466194363,0.426396852638587,0.305025933219169,91.9665725631158,0.778978361340076,0.557247550386335,56.2626322299868,14.6135121073834,10.4538768065026,532.114031993981,226.333559904752,161.90927513079,62.9739122905349,6.10639921610852,4.36825484985708,16.3043136639882,6.17839771226699,4.41975947130355,17.2915888950986,4.55057962743627,3.25528856265595,22.45710959016,6.66564919552194,4.76831818479442,4.4,1.26491106406735,0.904862865119282,0,0,0,58.0858278714171,11.4510273462498,8.19157149259869,17.6620846255321,20.1830804631194,14.4381059930541,56.0639344452032,13.9527151248564,9.98117112160737,0.109605212902628,0.214657711204792,0.153556876130205,24.0583492914836,3.74488903314848e-15,2.67893223195657e-15,5.11007039375396e-15,8.89731820579932e-16,6.36475802313706e-16,41.8150252890592,6.74439399090012,4.82464881797745,234.683907718355,23.5687385117885,16.8600598594247,124.822527214028,54.3045399084768,38.8471276490884,116.705113135272,34.7695754254097,24.8726558982347,77.5262668994466,33.8706732616874,24.229620027624,8.31962567494226,0.95343137549721,0.682043718831039,145.332577650078,10.9855309733682,7.85857544755355,10.7944795467719,4.58040136988071,3.27662175206166,-6.32441936054871,5.91559739919619,4.2317634524571,1.22063005872108,2.00844660376847,1.4367561482791,1,0,0,107.944795467719,45.8040136988071,32.7662175206166,145.332577650078,10.9855309733682,7.85857544755355,-36.5167953611944,45.9683062966379,32.8837453650747,105.723436585699,44.9869246656672,32.1817072379671,0.75400367952,1.47796526326082,1.05727265785838,6.03202943616,11.8237221060865,8.45818126286702,111.755466021859,49.1694528567816,35.1737076638977,16.0128675758634,3.74488903314848e-15,2.67893223195657e-15,9.68844821531469,5.91559739919619,4.2317634524571,48.4033139943945,29.554218798951,21.1418145183976,338.823197960762,206.879531592657,147.992701628783,77.5075857225175,47.3247791935695,33.8541076196568,117.375648269716,10.2401444765098,7.32535806940865,80.7944795467719,4.58040136988071,3.27662175206166
B_prima2_8_or,E2_lab_nublado,10,78.8432554137979,26.8052779579169,19.1753407036591,6.68211281520747,0.240588656287902,0.172106756773753,90.605436088914,0.801770713776342,0.573552217104936,49.0580054247513,6.86302033702331,4.90950899390674,633.085173035805,182.752588382668,130.733326183555,73.6438398669366,6.28506811110925,4.496066877778,19.5025236564867,4.63959948784895,3.3189695345707,18.7690711215572,3.62079660637737,2.5901618574872,22.45710959016,6.66564919552194,4.76831818479442,4.8,1.03279555898864,0.73881743557836,0,0,0,61.4910072152223,11.1365894401901,7.96663616499997,23.9790970532797,20.5999593231861,14.736323164556,52.1708082082383,16.616468948374,11.8867058150665,0.0253469288549901,0.0642847609227871,0.0459865476747888,2.81016031659457e-06,4.46425561088143e-22,3.19353608126232e-22,4.37526201255002e-15,7.13645043944626e-16,5.10510910597527e-16,46.511730188308,4.73817881528077,3.389488937235,227.309402098852,18.7459842746358,13.4100693100782,102.044626798203,41.4510636903474,29.6523046707199,125.826423342464,27.1208420616708,19.4010816645558,88.2128906454814,26.5883590322295,19.0201662521329,9.36963523168352,0.721305319592367,0.515990741683777,139.423565865707,9.41699732501883,6.7365140699595,12.308978458055,3.09915219207891,2.21699992325777,-5.59579927824653,5.56236370662298,3.97907529105334,1.95212012990986,0.84769084711909,0.606401501614764,1,0,0,123.08978458055,30.9915219207891,22.1699992325777,139.423565865707,9.41699732501883,6.7365140699595,-29.3681014936671,42.9568593738981,30.7294860119287,108.211356907465,46.6490608481917,33.3707278347997,0.17200083936,0.43769304665899,0.313106743622849,1.37600671488,3.50154437327192,2.50485394898279,109.587363622345,47.6811278299686,34.1090240776381,16.0128675758634,3.74488903314848e-15,2.67893223195657e-15,10.4170682976169,5.56236370662298,3.97907529105334,52.0434868933471,27.7894695888563,19.8793889836501,364.30440825343,194.526287121994,139.155722885551,83.336546380935,44.4989096529839,31.8326023284267,114.705710253001,8.2089124358813,5.87230220151616,82.308978458055,3.09915219207891,2.21699992325777
B_prima2_oraculo,E2_lab_nublado,10,78.8393494798459,26.7976703396667,19.1698985414058,6.68213124718305,0.240614856279933,0.172125499118989,90.605436088914,0.801770713776342,0.573552217104936,49.0588585960232,6.86191412805514,4.90871765968192,633.053112147001,182.698723442427,130.694793526565,73.6438398669366,6.28506811110925,4.496066877778,19.5015741627514,4.63985483841478,3.31915220136142,18.7684439379634,3.61941712486843,2.58917503586312,22.45710959016,6.66564919552194,4.76831818479442,4.8,1.03279555898864,0.73881743557836,0,0,0,61.4901815825975,11.1378140672101,7.96751221039598,23.9790970532797,20.5999593231861,14.736323164556,52.1708082082383,16.616468948374,11.8867058150665,0.0253469288549901,0.0642847609227871,0.0459865476747888,2.81016031659457e-06,4.46425561088143e-22,3.19353608126232e-22,4.37360388488029e-15,7.12523042837408e-16,5.09708279356971e-16,46.511730188308,4.73817881528077,3.389488937235,227.309402098852,18.7459842746358,13.4100693100782,102.044626798203,41.4510636903474,29.6523046707199,125.822517408512,27.1119660461518,19.3947321455569,88.2089847115294,26.5806569343382,19.0146565032159,9.36963523168352,0.721305319592367,0.515990741683777,139.424519775997,9.41806211330966,6.73727577361674,12.308978458055,3.09915219207891,2.21699992325777,-5.59639266950407,5.56199254793011,3.97880978011917,1.95209370385518,0.847697909050667,0.606406553416287,1,0,0,123.08978458055,30.9915219207891,22.1699992325777,139.424519775997,9.41806211330966,6.73727577361674,-29.3727854767573,42.954495958042,30.7277953260744,108.212134956603,46.6495700004417,33.3710920603779,0.172000839359978,0.437693046658962,0.313106743622828,1.37600671487983,3.50154437327169,2.50485394898263,109.588141671483,47.6818011768079,34.1095057609497,16.0128675758634,3.74488903314848e-15,2.67893223195657e-15,10.4164749063593,5.56199254793011,3.97880978011917,52.0405223212379,27.7876152866653,19.878062495772,364.283656248666,194.513307006657,139.146437470404,83.3317992508747,44.4959403834409,31.8304782409534,114.706448153504,8.20895882052677,5.87233538309263,82.308978458055,3.09915219207891,2.21699992325777
B_prima2_semana,E2_lab_nublado,5,60.9182062805523,80.0294755709499,99.3697186115761,4.87097780711244,0.281544203444898,0.349583301320486,71.0523362856042,6.88576121902305,8.54980180588858,80.2531998196892,4.91978501294885,6.10871992948103,2118.3201987305,537.862306383762,667.84426182756,3562.54233004029,847.419538217179,1052.21033197873,229.9861943433,12.6982313300313,15.766936683363,168.514133047658,12.7024317060753,15.7721521390758,170.77683338688,13.8123329674774,17.1502765769196,27.4,4.61519230368573,5.73051812827366,0,0,0,62.1033810268538,4.13634661511946,5.13595267608584,0.699090021490216,8.15010972915102,10.1196978320971,62.334850636821,10.0515728424201,12.4806761237557,0.0164682267390431,0.0191251211703358,0.0237469744184906,22.1842060379755,0,0,3.06081439794698e-15,9.29688576238183e-17,1.15436083465627e-16,40.9578357178642,3.09598367771992,3.84417147165131,852.85903243389,125.91045459674,156.338478470242,719.363070425306,136.352249991501,169.303679888527,820.806868524394,76.4202102228611,94.8882237688899,315.809905887775,83.1672606940108,103.26579343298,254.891699607222,59.1934155131639,73.4983329734119,148.938097206577,5.11836192699168,6.35528573452241,13.0763972930473,4.02999706500123,5.00390226847886,-4.83302083085877,3.43118488002092,4.26037873670308,2.59699607607862,0.627220696669326,0.778797357982586,7,0,0,130.763972930473,40.2999706500123,50.0390226847886,148.938097206577,5.11836192699168,6.35528573452241,-21.1562369929228,25.8307923798654,32.073164943155,82.0744432734751,83.6450357534166,103.859029523484,0.800003904000233,0.93808772981084,1.16478976126282,6.40003123200186,7.50470183848672,9.31831809010256,88.474474505477,81.8443498695218,101.623182689378,16.0128675758634,0,0,11.1798467450046,3.43118488002092,4.26037873670308,55.8543143733046,17.142138289798,21.2847759666725,390.980200613132,119.994968028586,148.993431766707,89.438773960037,27.4494790401674,34.0830298936246,123.709923215657,6.893649838536,8.55959682073334,83.0763972930473,4.02999706500123,5.00390226847886
B_prima2_semana_s6a10,E2_lab_nublado,5,77.2412608523406,38.1352835624712,47.3512086608123,4.80370842798595,0.124056092137169,0.154035983364572,73.5564030213329,5.04549361068352,6.26480776955284,80.9809787594569,3.42122421128016,4.24801093292964,2083.50828298614,348.182770405319,432.326010807131,3254.37087166997,620.940768876934,770.999797731454,202.208558078758,39.1455937914942,48.6056744992071,175.998694717022,9.96202348796461,12.3694859142659,175.50885647904,12.5740869696172,15.6127911004568,26.6,5.41294744108974,6.72106196177032,0,0,0,54.2957924122634,11.3065093194445,14.0388855673096,-1.87979358272441,9.65592610064762,11.9894158084902,65.9807110107292,8.55957698877886,10.6281185868201,0.167889934044421,0.321381163667486,0.399047420626748,22.1842060379755,0,0,3.0252516280373e-15,5.60928466405689e-17,6.96484682303593e-17,42.7995324081805,2.15777766217624,2.67923483925252,802.786517142437,120.726082891584,149.901230770644,642.972084591554,148.311416220804,184.152946043986,844.940913815516,40.7240908899099,50.565637517579,312.784662259946,52.1599885630837,64.7651799455012,235.543401407605,56.2398959399455,69.8310540513563,150.169163696543,3.18095605714444,3.94967861602445,15.6488549368583,3.50783393411373,4.35555110766649,-2.27122868379091,4.67711542299713,5.80740583617911,2.75536605970591,0.395213486625571,0.490722357947556,7,0,0,156.488549368583,35.0783393411373,43.5555110766649,150.169163696543,3.18095605714444,3.94967861602445,3.0109346106039,35.6308173536511,44.2415031346025,74.2303262417368,57.8669606811774,71.8513217632908,7.96003884480003,15.2712237923369,18.9617287914574,63.6803107584003,122.169790338695,151.69383033166,137.910637000137,165.090086362432,204.986416696583,16.0128675758634,0,0,13.7416388920725,4.67711542299713,5.80740583617911,68.6529821193831,23.3667849975707,29.0136956852513,480.570874835682,163.567494982995,203.095869796759,109.93311113658,37.4169233839771,46.4592466894329,128.652596899726,6.82414497667477,8.47329513606013,85.6488549368583,3.50783393411372,4.35555110766649
C,E2_lab_nublado,25,59.6986835064753,45.1050469943414,18.6184483227571,6.24458807051528,0.798646227405607,0.329664959998416,87.754915699438,8.84735712473977,3.65200952879197,64.1753983866903,17.1454487077834,7.07729338529224,802.355320028712,752.439268554638,310.591664816472,755.63005832665,1454.28463004216,600.299191228352,58.6977228675991,89.713205072823,37.0317909817679,46.5820481032729,62.9536213038485,25.9859776916577,52.1210543495041,61.0866324241371,25.2153225589753,8.84,10.3588931197627,4.27594092198733,0,0,0,58.4900176926116,11.1561587336141,4.60503599272,14.1841269408099,19.1235025537725,7.89379388280418,57.1913646413485,12.769941286039,5.27117269046606,0.0898468807745245,0.192422261515608,0.0794280057534549,23.6835206407819,0.765115779329052,0.315824271287227,4.27560197664052e-15,9.97667333417876e-16,4.11816834884885e-16,40.9364879522958,5.54618676910238,2.28935337905416,361.586531499634,263.036375112126,108.576079249953,237.618585950381,245.054737531282,101.153624062189,251.496816361472,300.361772667297,123.983246115216,116.918496354055,112.34102063518,46.3720941801545,57.2198128475793,102.413088153431,42.2740450663502,143.452798826542,11.3870378870533,4.70033822325864,12.166822298019,4.84295213861017,1.99907239058218,-6.94591606739079,5.79655494610572,2.39270028313308,1.47284781833927,1.88751919159541,0.779129628915812,2.2,2.44948974278318,1.01109967137056,121.66822298019,48.4295213861017,19.9907239058218,143.452798826542,11.3870378870533,4.70033822325864,-39.7521979957195,47.4115405670865,19.5705220761957,99.4508815021947,54.0691506405055,22.3186484470777,0.77040375955198,1.34446580789524,0.554968209414608,6.16323007641584,10.7557264631619,4.43974567531686,105.614111578611,55.9692493424632,23.102970642662,16.0128675758634,7.25194642938943e-15,2.99345636092407e-15,9.06695150847261,5.79655494610572,2.39270028313308,45.2983275632128,28.9594848325256,11.9538878182677,317.088292942489,202.716393827679,83.6772147278736,72.5356120677809,46.3724395688458,19.1416022650647,117.989326449031,12.3889266907528,5.11389759543194,82.166822298019,4.84295213861017,1.99907239058218
C_factor3,E2_lab_nublado,1,596.562128388886,0,NaN,4.14394610800315,0,NaN,98.8952885942203,0,NaN,65.7279589926151,0,NaN,6510.87551390867,0,NaN,135.955052690872,0,NaN,0,0,NaN,129.10039802911,0,NaN,512.642501683199,0,NaN,17,0,NaN,0,0,NaN,3.32376128853735,0,NaN,-32.4899936008744,0,NaN,95.1947830774089,0,NaN,10.1884752174682,0,NaN,22.1842060379755,0,NaN,3.91341392861903e-15,0,NaN,38.9458681450593,0,NaN,3865.96360771943,0,NaN,4181.83418833209,0,NaN,534.985091954388,0,NaN,613.499019160639,0,NaN,16.9368907717539,0,NaN,94.2268083378453,0,NaN,-32.0443289020864,0,NaN,-16.008899080749,0,NaN,-363.023666462905,0,NaN,7,0,NaN,-320.443289020864,0,NaN,94.2268083378453,0,NaN,-155.246106185938,0,NaN,751.808234574823,0,NaN,491.062396372802,0,NaN,3928.49917098241,0,NaN,4680.30740555724,0,NaN,16.0128675758634,0,NaN,0.00396849511444305,0,NaN,0.0198265306105441,0,NaN,0.138785714273808,0,NaN,0.0317479609155444,0,NaN,35.7644174587739,0,NaN,37.9556710979135,0,NaN
C_factorB,E2_lab_nublado,1,991.635259582136,0,NaN,5.7592442605338,0,NaN,92.1834917608603,0,NaN,58.6290947007726,0,NaN,8001.62249173632,0,NaN,961.965074272833,0,NaN,257.532985951699,0,NaN,219.999197793091,0,NaN,241.8211800816,0,NaN,32,0,NaN,0,0,NaN,52.0508101159611,0,NaN,-6.83924187524675,0,NaN,73.2956790746047,0,NaN,0.132770944492486,0,NaN,22.1842060379755,0,NaN,4.38396813600674e-15,0,NaN,52.761156148882,0,NaN,3044.7532031126,0,NaN,3039.43988891896,0,NaN,1267.0291172119,0,NaN,1061.85221233036,0,NaN,70.2169527482252,0,NaN,132.704612524147,0,NaN,0.212992329034634,0,NaN,-15.8861698860878,0,NaN,-5.67919035355255,0,NaN,7,0,NaN,2.12992329034634,0,NaN,132.704612524147,0,NaN,-126.834973508246,0,NaN,1118.47023309038,0,NaN,6.3800311344,0,NaN,51.0402490752,0,NaN,1169.51048216558,0,NaN,16.0128675758634,0,NaN,0.1266976897756,0,NaN,0.632979391981356,0,NaN,4.43085574386949,0,NaN,1.0135815182048,0,NaN,93.1758794118542,0,NaN,70.2129923290346,0,NaN
C_umbral8,E2_lab_nublado,10,69.8009802379323,33.9962395992706,24.3194447743716,6.69753887108831,0.411157516526809,0.294124368889201,92.2502677483801,0.791349263409134,0.566097160614523,56.0170229272833,14.7038000103887,10.5184648814431,536.418788072303,226.089009242867,161.73433412595,60.7500301612145,6.20337452434059,4.43762680630953,16.1493631162183,6.08298383013876,4.35150449179765,17.3593546665116,4.52322196562376,3.23571807034716,22.45710959016,6.66564919552194,4.76831818479442,4.1,0.994428926011753,0.711371599719499,0,0,0,58.0187990015208,11.3988696232,8.15426010521533,17.6919584722156,20.1664421873426,14.4262036875737,56.0977303503432,13.8388402929051,9.89970997415472,0.107290424879342,0.218251253611006,0.156127541507388,24.0583492914836,3.74488903314848e-15,2.67893223195657e-15,4.77806329552717e-15,9.34860473432919e-16,6.68758895789243e-16,43.0658209974422,6.98266472702435,4.99509743455463,236.521352806046,23.9157639820137,17.108306926098,122.815690251478,55.2045181319259,39.490933286456,117.368781605156,34.3236411089479,24.5536537053445,77.9650286765845,33.5494673467423,23.9998431581294,8.16404843865224,0.932316298815719,0.666938902906835,145.099827575563,10.8255665227568,7.74414377309891,11.1707630962704,4.5297573431237,3.24039319777487,-6.39964514934305,5.83861695530073,4.17669496029179,1.36282485498879,1.92079983117969,1.37405742422168,1,0,0,111.707630962704,45.297573431237,32.4039319777487,145.099827575563,10.8255665227568,7.74414377309891,-36.6609005964682,45.3382930223254,32.4330610184421,106.4618808344,46.4243238937822,33.209960702436,0.736003591679993,1.49986805359613,1.07294097018477,5.88802873343994,11.998944428769,8.58352776147816,112.34990956784,50.0893695435054,35.8317764186633,16.0128675758634,3.74488903314848e-15,2.67893223195657e-15,9.61322242652035,5.83861695530073,4.17669496029179,48.0274872990799,29.1696258781353,20.8666933165047,336.192411093559,204.187381146947,146.066853215533,76.9057794121628,46.7089356424058,33.4135596823343,117.721279967645,9.96974883499326,7.13192867990542,81.1707630962704,4.5297573431237,3.24039319777487
E,E2_lab_nublado,5,-44.0319252286199,69.7094440347616,86.5557069927636,4.78796778200536,0.330154288476518,0.409940693853872,76.6918284382533,5.36957012284663,6.66720190736922,89.0621269266407,3.45748352490298,4.29303281725467,1162.13673640136,380.411851603677,472.343700626319,2868.49911771187,660.824343045263,820.521795895957,206.460071679299,15.408883706333,19.1326561506623,166.137373774441,11.0148782550621,13.6767777739081,170.77683338688,13.8123329674774,17.1502765769196,26.4,3.13049516849971,3.88702314727691,0,0,0,56.1342242332251,8.03728968855864,9.97961324941761,-2.62477999541725,9.79517068073334,12.1623107905276,71.6072228716553,14.2657360526195,17.7132508644152,0.0639218519810648,0.054724948946596,0.0679499989105273,1.96547735141296e-06,0,0,3.14066650289493e-15,1.42051644524358e-16,1.76380412891534e-16,40.9129614534368,3.29025497537077,4.0853911478287,1868.79412053612,317.10736578094,393.740799655425,1855.54974424776,358.288971303056,444.874516620466,796.680891918364,89.2226223099785,110.784517947632,170.293170260711,55.5173366702105,68.933878219558,214.325095489331,47.3456376454175,58.7873737363157,146.846998221154,11.1756962961809,13.8764597458269,1.00994240674246,11.6329466354153,14.4442110302208,-6.33015251797962,4.75424543822848,5.90317539927279,1.7452939724202,0.881367784403734,1.09436264707073,7,0,0,10.0994240674246,116.329466354153,144.442110302208,146.846998221154,11.1756962961809,13.8764597458269,-49.5785877781435,43.5404331636828,54.0625883255421,5.54666254952361,93.2337015848132,115.764930677136,3.07201499136,2.62354477329111,3.25756109267123,24.57611993088,20.9883581863289,26.0604887413698,30.1227824804036,112.672229307415,139.901050728376,16.0128675758634,0,0,9.68271505788378,4.75424543822848,5.90317539927279,48.374671242414,23.7521251741052,29.4921587095158,338.622698696898,166.264876218737,206.445110966611,77.4617204630703,38.0339635058279,47.2254031941823,103.973601383356,16.7494104068579,20.797139893335,71.0099424067424,11.6329466354153,14.4442110302208
E0,E2_lab_nublado,5,-35.2247951277523,71.9390088859804,89.3240774001826,4.84816413623001,0.342176230406488,0.424867906336812,76.3564135321956,5.42605064940728,6.73733174379917,88.5493967383658,3.44450260881568,4.27691488108537,1222.82448720001,384.256284067866,477.117194010627,2909.77808974728,667.775310442165,829.152561865379,210.20393885015,13.0623181027927,16.219010121323,166.974309082678,11.3549879673083,14.0990797590436,170.77683338688,13.8123329674774,17.1502765769196,26,3.08220700148449,3.82706546875486,0,0,0,57.1543921085326,7.13157080769094,8.85501472255077,-2.20538042600316,9.54711124180042,11.85430431579,70.6713117207147,12.8724247826558,15.9832264222096,0.0569443502904261,0.0482818439786706,0.0599498274352065,22.1842060379755,0,0,3.18390303532165e-15,1.43157799432689e-16,1.77753885617646e-16,40.1321757073814,3.26824092198598,4.05805709028627,1957.64770956601,306.952779210625,381.132215094422,1974.39568680855,366.461906008289,455.022555403624,810.717289668117,91.6241219022153,113.766373533014,181.19689800886,55.7190249970836,69.1843073538943,216.421693136613,48.2232336846958,59.8770531432538,148.734793959042,9.48777262392215,11.7806256902674,-1.97578241333033,11.6749575752933,14.496374501798,-6.0744111679118,4.49115369794796,5.57650385714168,2.31664452482305,0.718668938420806,0.892345347464433,7,0,0,-19.7578241333033,116.749575752933,144.96374501798,148.734793959042,9.48777262392215,11.7806256902674,-51.2715061142892,38.9060796354616,48.3082783946013,16.0467109865369,90.8257004849956,112.775002403857,2.7400133712,2.31828653411781,2.87853292693467,21.9201069696,18.5462922729425,23.0282634154774,37.9668179561369,107.94402955121,134.030215314781,16.0128675758634,0,0,9.9384564079516,4.49115369794796,5.57650385714168,49.6523504531173,22.4377235453697,27.8601135279344,347.566453171821,157.064064817588,195.020794695541,79.5076512636128,35.9292295835837,44.6120308571335,101.140781581335,18.3021659878902,22.7251405963127,68.0242175866697,11.6749575752933,14.496374501798
E0_8,E2_lab_nublado,5,-35.3412024182238,71.8247657017479,89.1822257512809,4.85026509485612,0.341973855241128,0.424616624379854,76.3549770093691,5.42340739903679,6.73404971497589,88.5485747023719,3.44412908209367,4.27645108640228,1222.91319016387,384.241915557557,477.099353148669,2909.95488029687,667.450009878131,828.748647866422,210.395252023544,12.7288525476875,15.8049579469078,166.974133498406,11.3547270536894,14.0987557919964,170.77683338688,13.8123329674774,17.1502765769196,26.2,2.86356421265527,3.55558458939876,0,0,0,57.2123650929949,7.00845270172925,8.70214340285111,-2.15813470257298,9.52126770337784,11.8222153245445,70.6642350128389,12.8575028588534,15.9646984066403,0.0562829757225931,0.0480360416741023,0.0596446235629485,22.1842060379755,0,0,3.18406105603582e-15,1.4337824370647e-16,1.78027603336009e-16,40.2249996279768,3.34838843948667,4.15757337731228,1966.76354854817,320.592283205783,398.067896158566,1983.54228526847,375.946543583553,466.799288416839,811.095608395179,91.9306375506773,114.146962978595,181.064864127861,55.7398603178887,69.210177821629,216.406066546084,48.2489366557636,59.9089675970756,148.611018188924,9.49206599379963,11.7859566130752,-1.98035619131411,11.6717014021746,14.4923314288646,-6.07440353639721,4.49115782316278,5.57650897927241,2.31646398285941,0.718833678061273,0.892549898745078,7,0,0,-19.8035619131411,116.717014021746,144.923314288646,148.611018188924,9.49206599379963,11.7859566130752,-51.2827568578279,38.8972380408711,48.2973001049115,15.941554439604,90.7794074371789,112.717521993016,2.70801321504,2.3062462814786,2.86358297870328,21.66410572032,18.4499702518288,22.9086638296262,37.605660159924,107.78688388175,133.835093194538,16.0128675758634,0,0,9.93846403946619,4.49115782316278,5.57650897927241,49.6523885800277,22.4377441548691,27.8601391180079,347.566720060194,157.064209084084,195.020973826056,79.5077123157295,35.9292625853022,44.6120718341793,101.041569880413,18.2361387178848,22.6431569122473,68.0196438086859,11.6717014021746,14.4923314288646
E_8,E2_lab_nublado,5,-43.9732980081436,69.7671273686262,86.6273303117197,4.79010451190563,0.330052486839741,0.409814290426528,76.6715718383486,5.33139805435128,6.61980502418158,89.0400143790185,3.44557754832678,4.27824959477655,1164.66354684597,379.727017931838,471.493367311238,2870.99206482273,656.126568082089,814.68873785252,206.66148947309,15.0048823354495,18.6310221932113,166.137498896035,11.015063614067,13.6770079275112,170.77683338688,13.8123329674774,17.1502765769196,26.6,2.88097205817759,3.57719928447011,0,0,0,56.1955618534723,7.90638186269933,9.81706971496498,-2.62589333133142,9.79578670082406,12.1630756804965,71.6005760572486,14.2515677923004,17.6956586456598,0.0639218519810648,0.054724948946596,0.0679499989105273,1.96547735141296e-06,0,0,3.13998047046283e-15,1.41102610497871e-16,1.75202031507775e-16,40.9982126352304,3.3553199105728,4.16617993541452,1876.57675215145,330.108157288043,409.883414417949,1863.30489369906,367.881115710462,456.784736996714,797.064373972214,89.5391949028638,111.177594739036,170.551804932995,55.4528543719385,68.8538128712722,214.525102941138,46.9960487185153,58.3533017516106,146.741667546745,11.1683507917151,13.8673390973831,1.01134191544104,11.6340250996342,14.4455501204148,-6.3299744177393,4.75433727965084,5.90328943546047,1.74524011941897,0.881442837474496,1.09445583776665,7,0,0,10.1134191544104,116.340250996342,144.455501204148,146.741667546745,11.1683507917151,13.8673390973831,-49.5830629539266,43.5371585212796,54.0585223199631,5.60976494578301,93.2585758915494,115.79581620829,3.07201499136,2.62354477329111,3.25756109267123,24.57611993088,20.9883581863289,26.0604887413698,30.185884876663,112.698457281958,139.933617060112,16.0128675758634,0,0,9.68289315812411,4.75433727965084,5.90328943546047,48.3755610280291,23.7525840122087,29.4927284322698,338.628927196204,166.268088085461,206.449099025889,77.4631452649928,38.0346982372067,47.2263154836838,103.893314380486,16.6814379245837,20.7127409092265,71.011341915441,11.6340250996342,14.4455501204148
E_sinLSTM,E2_lab_nublado,5,-44.0319252286199,69.7094440347616,86.5557069927636,4.78796778200536,0.330154288476518,0.409940693853872,76.6918284382533,5.36957012284663,6.66720190736922,89.0621269266407,3.45748352490298,4.29303281725467,1162.13673640136,380.411851603677,472.343700626319,2868.49911771187,660.824343045263,820.521795895957,206.460071679299,15.408883706333,19.1326561506623,166.137373774441,11.0148782550621,13.6767777739081,170.77683338688,13.8123329674774,17.1502765769196,26.4,3.13049516849971,3.88702314727691,0,0,0,56.1342242332251,8.03728968855864,9.97961324941761,-2.62477999541725,9.79517068073334,12.1623107905276,71.6072228716553,14.2657360526195,17.7132508644152,0.0639218519810648,0.054724948946596,0.0679499989105273,1.96547735141296e-06,0,0,3.14066650289493e-15,1.42051644524358e-16,1.76380412891534e-16,40.9129614534368,3.29025497537077,4.0853911478287,1868.79412053612,317.10736578094,393.740799655425,1855.54974424776,358.288971303056,444.874516620466,796.680891918364,89.2226223099785,110.784517947632,170.293170260711,55.5173366702105,68.933878219558,214.325095489331,47.3456376454175,58.7873737363157,146.846998221154,11.1756962961809,13.8764597458269,1.00994240674246,11.6329466354153,14.4442110302208,-6.33015251797962,4.75424543822848,5.90317539927279,1.7452939724202,0.881367784403734,1.09436264707073,7,0,0,10.0994240674246,116.329466354153,144.442110302208,146.846998221154,11.1756962961809,13.8764597458269,-49.5785877781435,43.5404331636828,54.0625883255421,5.54666254952361,93.2337015848132,115.764930677136,3.07201499136,2.62354477329111,3.25756109267123,24.57611993088,20.9883581863289,26.0604887413698,30.1227824804036,112.672229307415,139.901050728376,16.0128675758634,0,0,9.68271505788378,4.75424543822848,5.90317539927279,48.374671242414,23.7521251741052,29.4921587095158,338.622698696898,166.264876218737,206.445110966611,77.4617204630703,38.0339635058279,47.2254031941823,103.973601383356,16.7494104068579,20.797139893335,71.0099424067424,11.6329466354153,14.4442110302208
E_sinLSTM_8,E2_lab_nublado,5,-43.9732980081436,69.7671273686262,86.6273303117197,4.79010451190563,0.330052486839741,0.409814290426528,76.6715718383486,5.33139805435128,6.61980502418158,89.0400143790185,3.44557754832678,4.27824959477655,1164.66354684597,379.727017931838,471.493367311238,2870.99206482273,656.126568082089,814.68873785252,206.66148947309,15.0048823354495,18.6310221932113,166.137498896035,11.015063614067,13.6770079275112,170.77683338688,13.8123329674774,17.1502765769196,26.6,2.88097205817759,3.57719928447011,0,0,0,56.1955618534723,7.90638186269933,9.81706971496498,-2.62589333133142,9.79578670082406,12.1630756804965,71.6005760572486,14.2515677923004,17.6956586456598,0.0639218519810648,0.054724948946596,0.0679499989105273,1.96547735141296e-06,0,0,3.13998047046283e-15,1.41102610497871e-16,1.75202031507775e-16,40.9982126352304,3.3553199105728,4.16617993541452,1876.57675215145,330.108157288043,409.883414417949,1863.30489369906,367.881115710462,456.784736996714,797.064373972214,89.5391949028638,111.177594739036,170.551804932995,55.4528543719385,68.8538128712722,214.525102941138,46.9960487185153,58.3533017516106,146.741667546745,11.1683507917151,13.8673390973831,1.01134191544104,11.6340250996342,14.4455501204148,-6.3299744177393,4.75433727965084,5.90328943546047,1.74524011941897,0.881442837474496,1.09445583776665,7,0,0,10.1134191544104,116.340250996342,144.455501204148,146.741667546745,11.1683507917151,13.8673390973831,-49.5830629539266,43.5371585212796,54.0585223199631,5.60976494578301,93.2585758915494,115.79581620829,3.07201499136,2.62354477329111,3.25756109267123,24.57611993088,20.9883581863289,26.0604887413698,30.185884876663,112.698457281958,139.933617060112,16.0128675758634,0,0,9.68289315812411,4.75433727965084,5.90328943546047,48.3755610280291,23.7525840122087,29.4927284322698,338.628927196204,166.268088085461,206.449099025889,77.4631452649928,38.0346982372067,47.2263154836838,103.893314380486,16.6814379245837,20.7127409092265,71.011341915441,11.6340250996342,14.4455501204148
A,E3_finde_soleado,10,-0.333963577190553,17.7757620125634,12.7160141145783,1.35754829438139,0.958635063352078,0.685766212874534,33.3720897130456,7.89123622353332,5.64505032915043,90.5322328826089,8.70570017287863,6.22768273997873,137.941729840752,111.116043397119,79.4876290082651,2983.47923050525,353.355512344984,252.775306018786,34.0204570466395,10.9301714083986,7.81897360044106,22.6901227210388,6.56164577184763,4.69391861742441,21.86210668656,6.98174637266786,4.99444048342359,5,1.15470053837925,0.826023004457642,0,0,0,82.0981611996667,5.08911368736155,3.64053262152392,47.7209445567085,22.4475431670911,16.0580050266532,13.0439462506221,10.2209336576093,7.3116154774388,0,0,0,26.0255260096338,3.74488903314848e-15,2.67893223195657e-15,3.02014855052597e-15,4.16610241943316e-16,2.98025013672261e-16,33.5926667515422,8.82140068322416,6.31044989907874,219.146396156275,14.2243588518478,10.1754933376743,85.8475206084366,73.2449340437168,52.3962693955386,29.803110771386,18.0129299381936,12.8856738280525,16.4231582107095,14.0152356388671,10.0258956030698,16.7571217879,5.82215223739606,4.16491681063383,89.5899187087447,45.4410608915498,32.5065767234037,13.070877348828,6.9155876280129,4.94711336854431,-1.19128184235967,3.68918118506406,2.63908123811262,2.00958103204541,0.438921558967979,0.313985568387154,1,0,0,130.70877348828,69.155876280129,49.4711336854431,89.5899187087447,45.4410608915498,32.5065767234037,0.109666631033161,26.5100557499621,18.9641514584027,-0.443630208223715,37.2585106515376,26.653132900759,0,0,0,0,0,0,-0.443630208223715,37.2585106515376,26.653132900759,16.0128675758634,3.74488903314848e-15,2.67893223195657e-15,14.8215857335037,3.68918118506406,2.63908123811262,74.0483772230512,18.4310832152255,13.1848026625316,518.338640561358,129.017582506579,92.293618637721,118.57268586803,29.5134494805125,21.1126499049009,73.4239668404663,36.8915267407531,26.3906084257992,83.070877348828,6.9155876280129,4.94711336854431
A_8,E3_finde_soleado,10,-0.333963577190553,17.7757620125634,12.7160141145783,1.35754829438139,0.958635063352078,0.685766212874534,33.3720897130456,7.89123622353332,5.64505032915043,90.5322328826089,8.70570017287863,6.22768273997873,137.941729840752,111.116043397119,79.4876290082651,2983.47923050525,353.355512344984,252.775306018786,34.0204570466395,10.9301714083986,7.81897360044106,22.6901227210388,6.56164577184763,4.69391861742441,21.86210668656,6.98174637266786,4.99444048342359,5,1.15470053837925,0.826023004457642,0,0,0,82.0981611996667,5.08911368736155,3.64053262152392,47.7209445567085,22.4475431670911,16.0580050266532,13.0439462506221,10.2209336576093,7.3116154774388,0,0,0,25.0817057259878,3.74488903314848e-15,2.67893223195657e-15,3.02014855052597e-15,4.16610241943316e-16,2.98025013672261e-16,33.5926667515422,8.82140068322416,6.31044989907874,219.146396156275,14.2243588518478,10.1754933376743,85.8475206084366,73.2449340437168,52.3962693955386,29.803110771386,18.0129299381936,12.8856738280525,16.4231582107095,14.0152356388671,10.0258956030698,16.7571217879,5.82215223739606,4.16491681063383,89.5899187087447,45.4410608915498,32.5065767234037,13.070877348828,6.9155876280129,4.94711336854431,-1.19128184235967,3.68918118506406,2.63908123811262,2.00958103204541,0.438921558967979,0.313985568387154,1,0,0,130.70877348828,69.155876280129,49.4711336854431,89.5899187087447,45.4410608915498,32.5065767234037,0.109666631033161,26.5100557499621,18.9641514584027,-0.443630208223715,37.2585106515376,26.653132900759,0,0,0,0,0,0,-0.443630208223715,37.2585106515376,26.653132900759,16.0128675758634,3.74488903314848e-15,2.67893223195657e-15,14.8215857335037,3.68918118506406,2.63908123811262,74.0483772230512,18.4310832152255,13.1848026625316,518.338640561358,129.017582506579,92.293618637721,118.57268586803,29.5134494805125,21.1126499049009,73.4239668404663,36.8915267407531,26.3906084257992,83.070877348828,6.9155876280129,4.94711336854431
A_8_semana,E3_finde_soleado,5,-884.85386208525,43.4681312666994,53.9728136630561,3.07822554359675,0.155268624145477,0.19279146065207,31.9657135895078,2.82813833940956,3.51159755798463,91.886244130442,3.01956249205718,3.74928203671384,862.284187344347,320.819584855478,398.350128433724,21231.8866708621,882.594877964407,1095.88628496745,278.556812866371,25.1422097443117,31.2181766747997,168.350682725199,14.4154407694655,17.8991338216841,169.6408278432,10.6638412345071,13.2409077434482,35.4,2.30217288664427,2.85852519098702,0,0,0,80.4160214395017,1.68377567925489,2.09068364198188,29.5470013221343,10.4603621911268,12.9882551408939,23.8010188475217,4.37838716228742,5.43648570960983,0,0,0,17.737791637239,0,0,2.96536013046106e-15,1.06501813425884e-16,1.32239467474335e-16,34.4655845476446,1.4270982599116,1.77197653123147,568.389433453538,111.552584484172,138.51082806058,426.911860212713,147.270994212757,182.861091493655,517.589939595156,42.2430402602366,52.4516622658079,95.000986562534,33.7575062721863,41.9154802073114,979.854848647784,51.8861473639565,64.4251611873199,111.34592640364,9.30612726695132,11.5550831900758,13.8694040054575,3.83134457977628,4.75724262942133,-3.54447613979302,6.49517210322543,8.06482136271244,2.26963482024204,0.608056910641806,0.755002374802933,7,0,0,138.694040054575,38.3134457977628,47.5724262942133,111.34592640364,9.30612726695132,11.5550831900758,-14.3754370861533,48.4613010366093,60.1726528032726,-870.478424999096,31.594689950747,39.2299890462528,0,0,0,0,0,0,-870.478424999096,31.594689950747,39.2299890462528,16.0128675758634,0,0,12.4683914360704,6.49517210322543,8.06482136271244,62.2918606027283,32.4497636539043,40.291703279274,436.043024219098,227.14834557733,282.041922954918,99.7471314885631,51.9613768258034,64.5185709016995,93.4758951849821,10.0925628895717,12.5315719895885,83.8694040054575,3.83134457977628,4.75724262942133
A_factor3,E3_finde_soleado,1,75.3708486633638,0,NaN,2.92860388044996,0,NaN,77.8017252430418,0,NaN,86.2679491545233,0,NaN,3918.19958799425,0,NaN,6927.55489614,0,NaN,14.7925028426913,0,NaN,323.043302482977,0,NaN,540.042635395199,0,NaN,24,0,NaN,0,0,NaN,4.61748293926525,0,NaN,-50.0674483543283,0,NaN,94.0231580304927,0,NaN,10.407059512137,0,NaN,17.737791637239,0,NaN,3.35687563658274e-15,0,NaN,68.7111959140279,0,NaN,2618.43009772368,0,NaN,2953.40201466551,0,NaN,946.065869205015,0,NaN,368.948459066232,0,NaN,293.577610402868,0,NaN,94.1627527593859,0,NaN,-33.7061663596173,0,NaN,-16.0081000798446,0,NaN,-198.439826929847,0,NaN,7,0,NaN,-337.061663596173,0,NaN,94.1627527593859,0,NaN,-156.629589323243,0,NaN,232.000437986607,0,NaN,501.702448295998,0,NaN,4013.61958636798,0,NaN,4245.62002435459,0,NaN,16.0128675758634,0,NaN,0.00476749601882768,0,NaN,0.0238183248377766,0,NaN,0.166728273864436,0,NaN,0.0381399681506214,0,NaN,34.1752728376964,0,NaN,36.2938336403827,0,NaN
A_factorB,E3_finde_soleado,1,-239.293171281687,0,NaN,3.60009045251252,0,NaN,54.9787241042237,0,NaN,85.4062391326887,0,NaN,2927.32127086463,0,NaN,14050.0720743846,0,NaN,358.004707015581,0,NaN,236.252047579286,0,NaN,234.081142310401,0,NaN,35,0,NaN,0,0,NaN,72.2194847905038,0,NaN,3.7558956074517,0,NaN,37.5341641300196,0,NaN,0,0,NaN,17.737791637239,0,NaN,3.73003271996933e-15,0,NaN,48.7132131064598,0,NaN,1694.66791689934,0,NaN,1668.50876708649,0,NaN,850.528740876722,0,NaN,344.358573362423,0,NaN,583.65174464411,0,NaN,117.636071171891,0,NaN,2.44294631081932,0,NaN,0.418947174096978,0,NaN,1.72654541071074,0,NaN,7,0,NaN,24.4294631081932,0,NaN,117.636071171891,0,NaN,5.93798484757367,0,NaN,-245.231156129261,0,NaN,0,0,NaN,0,0,NaN,-245.231156129261,0,NaN,16.0128675758634,0,NaN,16.4318147499604,0,NaN,82.0930525884244,0,NaN,574.651368118971,0,NaN,131.454517999683,0,NaN,85.2190358812098,0,NaN,72.4429463108193,0,NaN
A_semana,E3_finde_soleado,5,-884.85386208525,43.4681312666994,53.9728136630561,3.07822554359675,0.155268624145477,0.19279146065207,31.9657135895078,2.82813833940956,3.51159755798463,91.886244130442,3.01956249205718,3.74928203671384,862.284187344347,320.819584855478,398.350128433724,21231.8866708621,882.594877964407,1095.88628496745,278.556812866371,25.1422097443117,31.2181766747997,168.350682725199,14.4154407694655,17.8991338216841,169.6408278432,10.6638412345071,13.2409077434482,35.4,2.30217288664427,2.85852519098702,0,0,0,80.4160214395017,1.68377567925489,2.09068364198188,29.5470013221343,10.4603621911268,12.9882551408939,23.8010188475217,4.37838716228742,5.43648570960983,0,0,0,17.737791637239,0,0,2.96536013046106e-15,1.06501813425884e-16,1.32239467474335e-16,34.4655845476446,1.4270982599116,1.77197653123147,568.389433453538,111.552584484172,138.51082806058,426.911860212713,147.270994212757,182.861091493655,517.589939595156,42.2430402602366,52.4516622658079,95.000986562534,33.7575062721863,41.9154802073114,979.854848647784,51.8861473639565,64.4251611873199,111.34592640364,9.30612726695132,11.5550831900758,13.8694040054575,3.83134457977628,4.75724262942133,-3.54447613979302,6.49517210322543,8.06482136271244,2.26963482024204,0.608056910641806,0.755002374802933,7,0,0,138.694040054575,38.3134457977628,47.5724262942133,111.34592640364,9.30612726695132,11.5550831900758,-14.3754370861533,48.4613010366093,60.1726528032726,-870.478424999096,31.594689950747,39.2299890462528,0,0,0,0,0,0,-870.478424999096,31.594689950747,39.2299890462528,16.0128675758634,0,0,12.4683914360704,6.49517210322543,8.06482136271244,62.2918606027283,32.4497636539043,40.291703279274,436.043024219098,227.14834557733,282.041922954918,99.7471314885631,51.9613768258034,64.5185709016995,93.4758951849821,10.0925628895717,12.5315719895885,83.8694040054575,3.83134457977628,4.75724262942133
A_semana_s6a10,E3_finde_soleado,5,-877.992958347946,49.0790084394743,60.939637846834,3.01526521664735,0.22315548602407,0.277084132997751,33.3511367990048,1.51629839542704,1.88273312813589,93.953074059244,3.69899366458743,4.59290726290202,662.496893841986,407.984300352481,506.579417580027,20799.5289564335,473.200754935119,587.556341325779,278.873598533735,16.260972404466,20.1906640104103,173.516158604192,8.9886766664152,11.160916208182,171.22883559264,6.65249967553379,8.26016934517253,32.8,4.38178046004133,5.44069904526604,0,0,0,77.8336231583166,3.40232160428878,4.22454024635625,20.6071437546957,12.3858360786707,15.3790467465386,28.1989613112412,8.59474284363636,10.6717827627627,9.92061851749584e-05,0.000221831773839639,0.000275440527234359,17.737791637239,0,0,2.98536716065974e-15,5.54051649141632e-17,6.87945985884588e-17,35.9845635175868,3.493392415324,4.33761959370591,496.122127177414,81.7184261193808,101.466827702309,341.795646353033,84.8142122742277,105.31075391692,524.614219911019,62.8176979358733,77.9984739770128,77.8073564333643,48.1033457537354,59.7281926155611,955.80031478131,58.8968240156061,73.1300659887209,116.090027739809,6.82911863667285,8.47947075061905,15.1292862572022,2.81951623631423,3.50089180298236,-0.777689036974757,2.55520938703994,3.1727115037598,3.03824609552931,0.00633284851130453,0.00786327000256513,7,0,0,151.292862572022,28.1951623631423,35.0089180298236,116.090027739809,6.82911863667285,8.47947075061905,9.62303484377724,21.9153877239874,27.2115479435519,-887.615993191723,36.4464619974295,45.2542597241098,0,0,0,0,0,0,-887.615993191723,36.4464619974295,45.2542597241098,16.0128675758634,0,0,15.2351785388886,2.55520938703994,3.1727115037598,76.1146794811593,12.7657803947194,15.8508099250986,532.802756368115,89.360462763036,110.95566947569,121.881428311109,20.4416750963195,25.3816920300784,98.8680717951722,7.41705814916835,9.20949407640619,85.1292862572022,2.81951623631423,3.50089180298236
A_umbral8,E3_finde_soleado,10,-0.333963577190553,17.7757620125634,12.7160141145783,1.35754829438139,0.958635063352078,0.685766212874534,33.3720897130456,7.89123622353332,5.64505032915043,90.5322328826089,8.70570017287863,6.22768273997873,137.941729840752,111.116043397119,79.4876290082651,2983.47923050525,353.355512344984,252.775306018786,34.0204570466395,10.9301714083986,7.81897360044106,22.6901227210388,6.56164577184763,4.69391861742441,21.86210668656,6.98174637266786,4.99444048342359,5,1.15470053837925,0.826023004457642,0,0,0,82.0981611996667,5.08911368736155,3.64053262152392,47.7209445567085,22.4475431670911,16.0580050266532,13.0439462506221,10.2209336576093,7.3116154774388,0,0,0,25.0817057259878,3.74488903314848e-15,2.67893223195657e-15,3.02014855052597e-15,4.16610241943316e-16,2.98025013672261e-16,33.5926667515422,8.82140068322416,6.31044989907874,219.146396156275,14.2243588518478,10.1754933376743,85.8475206084366,73.2449340437168,52.3962693955386,29.803110771386,18.0129299381936,12.8856738280525,16.4231582107095,14.0152356388671,10.0258956030698,16.7571217879,5.82215223739606,4.16491681063383,89.5899187087447,45.4410608915498,32.5065767234037,13.070877348828,6.9155876280129,4.94711336854431,-1.19128184235967,3.68918118506406,2.63908123811262,2.00958103204541,0.438921558967979,0.313985568387154,1,0,0,130.70877348828,69.155876280129,49.4711336854431,89.5899187087447,45.4410608915498,32.5065767234037,0.109666631033161,26.5100557499621,18.9641514584027,-0.443630208223715,37.2585106515376,26.653132900759,0,0,0,0,0,0,-0.443630208223715,37.2585106515376,26.653132900759,16.0128675758634,3.74488903314848e-15,2.67893223195657e-15,14.8215857335037,3.68918118506406,2.63908123811262,74.0483772230512,18.4310832152255,13.1848026625316,518.338640561358,129.017582506579,92.293618637721,118.57268586803,29.5134494805125,21.1126499049009,73.4239668404663,36.8915267407531,26.3906084257992,83.070877348828,6.9155876280129,4.94711336854431
B,E3_finde_soleado,10,2.6627155869337,18.3549681846614,13.1303532497694,1.41799973461436,0.97661439976072,0.698627855339226,31.2606013981498,7.96871429654106,5.70047480373781,80.1167098597188,9.41158507422146,6.73264237897475,288.674560449099,115.676236562464,82.7497946816546,3078.02791897252,356.824842549737,255.25711533985,34.5918633993422,11.0572403712437,7.90987326054684,22.7834664645006,6.51649669789387,4.66162091557341,21.86210668656,6.98174637266786,4.99444048342359,4.3,1.25166555703457,0.8953876001903,0,0,0,82.8711891481332,4.80625826917695,3.43819004473434,49.2739871065899,22.8553449918293,16.3497288782472,10.8997581046516,8.62870596255633,6.17260439990492,0,0,0,25.0817057259878,3.74488903314848e-15,2.67893223195657e-15,1.88010179089872e-15,2.46567299668074e-16,1.76383620604095e-16,32.6159419451164,8.8242552880391,6.31249196034693,269.226945158985,14.4879011823044,10.364020163782,85.8405657529896,73.2479477275176,52.398425255058,31.2811170525828,18.5270986707889,13.2534879817488,19.9740662481968,14.423957019681,10.3182772654528,17.3113506612631,6.00520032425116,4.29586152369034,59.5882926552612,27.7381627328793,19.8426862699033,17.9071399602012,6.82722452769815,4.88390221450118,-1.18763687104936,3.73192321244941,2.66965704257792,2.09817972939623,0.419827064639052,0.300326190002938,1,0,0,179.071399602012,68.2722452769815,48.8390221450118,59.5882926552612,27.7381627328793,19.8426862699033,-0.614329520422579,26.8515534116292,19.2084441690491,3.27704510735628,38.4408238838703,27.4989088365287,0,0,0,0,0,0,3.27704510735628,38.4408238838703,27.4989088365287,16.0128675758634,3.74488903314848e-15,2.67893223195657e-15,14.825230704814,3.73192321244941,2.66965704257792,74.0665874345229,18.6446216195512,13.3375588347559,518.46611204166,130.512351336858,93.3629118432913,118.601845638512,29.8553856995953,21.3572563406233,51.5859886897632,22.9146604919385,16.3921606308813,87.9071399602012,6.82722452769815,4.88390221450118
B_oraculo,E3_finde_soleado,10,-0.100140154755614,18.241379974252,13.0490971390162,1.33217281192358,0.967306491651496,0.691969378993153,33.6034731588587,7.84888585801551,5.61475470270688,87.5002871861454,9.0609524735513,6.4818149266269,183.067357936277,116.103725518241,83.0556018583964,2973.11829164505,351.459138357228,251.418721790342,34.0822092075985,10.8580730937173,7.76739757312492,22.7942695570957,6.51230653152278,4.65862345112268,21.86210668656,6.98174637266786,4.99444048342359,5.2,1.13529242439509,0.812139276087208,0,0,0,82.1667913060878,5.07076942011141,3.62740992326156,48.063337394717,22.2801497830898,15.9382590133941,12.2878207428155,9.97431026928513,7.13519173342724,0,0,0,9.13174201396319e-07,0,0,2.25659377506498e-15,5.41167995110203e-16,3.87128262592383e-16,32.9646647608245,8.74615119068818,6.25661965492234,268.992797895995,14.4016506627504,10.3023202589755,85.8407851308878,73.247810324486,52.3983269628504,29.445311339921,18.367211776504,13.1391117877479,16.8133735929579,14.4147932193044,10.3117218775685,16.9135137477135,5.94715661548617,4.25433955577716,68.5983163281882,43.3079621600639,30.9806498147179,17.907909248424,6.82190699491523,4.88009828070219,-1.17864050182639,3.72959853525711,2.66799406869425,2.09986219375724,0.420919232367022,0.30110747972962,1,0,0,179.07909248424,68.2190699491523,48.8009828070219,68.5983163281882,43.3079621600639,30.9806498147179,0.719762011313722,25.7574874459312,18.4257965248996,-0.819902166069336,36.3774246904771,26.0228419737605,0,0,0,0,0,0,-0.819902166069336,36.3774246904771,26.0228419737605,16.0128675758634,3.74488903314848e-15,2.67893223195657e-15,14.834227074037,3.72959853525711,2.66799406869425,74.1115331342502,18.633007573878,13.3292506469773,518.780731939751,130.431053017146,93.3047545288415,118.673816592296,29.8367882820569,21.343952549554,59.2953614585371,37.1242230034496,26.5570693043127,87.907909248424,6.82190699491523,4.88009828070219
B_prima2,E3_finde_soleado,10,-0.0751049344918416,17.8546385817136,12.7724390130391,1.34994898101636,0.958211536689723,0.685463240151756,33.2979590563568,7.88930160474498,5.64366638623977,90.3640404815809,8.73800897870026,6.25079506734691,140.475647795281,111.751195478953,79.9419894363466,2986.79866936537,353.268883559102,252.71333551855,34.0410438962028,10.9487258324561,7.8322466358269,22.6929430241353,6.56216747770664,4.69429182331354,21.86210668656,6.98174637266786,4.99444048342359,5,1.15470053837925,0.826023004457642,0,0,0,82.1501612259152,5.06855350383587,3.6258247522508,47.9041408402302,22.5159638526308,16.1069502365653,12.9206837883821,10.1050093718101,7.22868823902261,0,0,0,25.0817057259878,3.74488903314848e-15,2.67893223195657e-15,3.0145938643118e-15,4.16784252921564e-16,2.98149493627265e-16,33.3505399243064,8.90571938631935,6.37076786564038,218.058259112625,14.2204436939257,10.1726926024167,85.847520914957,73.2449340744383,52.3962694175155,29.6591033043009,18.01969214646,12.8905112204355,16.5587409339536,14.0703558011359,10.065326191807,16.6338458684455,5.8605158603931,4.19236049328282,91.6515441774178,40.6770669557297,29.0986207614124,12.9656397591684,6.87891154385388,4.9208768784572,-1.18987497171948,3.68900747410012,2.63895697277492,2.01096157836252,0.442155860889823,0.316299248602939,1,0,0,129.656397591684,68.7891154385388,49.208768784572,91.6515441774178,40.6770669557297,29.0986207614124,0.361069708983908,26.7376124574363,19.1269357205943,-0.436174643475748,37.7304227869329,26.9907185058254,0,0,0,0,0,0,-0.436174643475748,37.7304227869329,26.9907185058254,16.0128675758634,3.74488903314848e-15,2.67893223195657e-15,14.8229926041439,3.68900747410012,2.63895697277492,74.0554059236061,18.4302153583567,13.1841818351271,518.387841465242,129.011507508497,92.2892728458895,118.583940833151,29.512059792801,21.1116557821994,75.1339359050144,32.8722942230566,23.5154226875631,82.9656397591684,6.87891154385388,4.9208768784572
B_prima2_8,E3_finde_soleado,10,-0.0751049344918416,17.8546385817136,12.7724390130391,1.34994898101636,0.958211536689723,0.685463240151756,33.2979590563568,7.88930160474498,5.64366638623977,90.3640404815809,8.73800897870026,6.25079506734691,140.475647795281,111.751195478953,79.9419894363466,2986.79866936537,353.268883559102,252.71333551855,34.0410438962028,10.9487258324561,7.8322466358269,22.6929430241353,6.56216747770664,4.69429182331354,21.86210668656,6.98174637266786,4.99444048342359,5,1.15470053837925,0.826023004457642,0,0,0,82.1501612259152,5.06855350383587,3.6258247522508,47.9041408402302,22.5159638526308,16.1069502365653,12.9206837883821,10.1050093718101,7.22868823902261,0,0,0,25.0817057259878,3.74488903314848e-15,2.67893223195657e-15,3.0145938643118e-15,4.16784252921564e-16,2.98149493627265e-16,33.3505399243064,8.90571938631935,6.37076786564038,218.058259112625,14.2204436939257,10.1726926024167,85.847520914957,73.2449340744383,52.3962694175155,29.6591033043009,18.01969214646,12.8905112204355,16.5587409339536,14.0703558011359,10.065326191807,16.6338458684455,5.8605158603931,4.19236049328282,91.6515441774178,40.6770669557297,29.0986207614124,12.9656397591684,6.87891154385388,4.9208768784572,-1.18987497171948,3.68900747410012,2.63895697277492,2.01096157836252,0.442155860889823,0.316299248602939,1,0,0,129.656397591684,68.7891154385388,49.208768784572,91.6515441774178,40.6770669557297,29.0986207614124,0.361069708983908,26.7376124574363,19.1269357205943,-0.436174643475748,37.7304227869329,26.9907185058254,0,0,0,0,0,0,-0.436174643475748,37.7304227869329,26.9907185058254,16.0128675758634,3.74488903314848e-15,2.67893223195657e-15,14.8229926041439,3.68900747410012,2.63895697277492,74.0554059236061,18.4302153583567,13.1841818351271,518.387841465242,129.011507508497,92.2892728458895,118.583940833151,29.512059792801,21.1116557821994,75.1339359050144,32.8722942230566,23.5154226875631,82.9656397591684,6.87891154385388,4.9208768784572
B_prima2_8_or,E3_finde_soleado,10,-0.402127578569132,17.8279558865747,12.7533513628016,1.33241487970564,0.955755777926261,0.683706496160916,33.3497932247076,7.87293217220606,5.63195639962623,90.5171279655558,8.67575712315733,6.20626277257478,138.450745614566,111.428080169066,79.7108466679941,2984.47762756713,352.535889506239,252.188983160799,34.0218269239262,10.9406499702693,7.82646951203992,22.6928427198139,6.56239516166325,4.69445469860428,21.86210668656,6.98174637266786,4.99444048342359,5,1.15470053837925,0.826023004457642,0,0,0,82.1096267458805,5.09287970019376,3.64322666481141,47.8359160083798,22.487030416102,16.086252502931,12.9665165912432,10.0998653376651,7.22500841867244,0,0,0,9.13174201396319e-07,0,0,3.01107460554368e-15,4.19008757128922e-16,2.99740808074359e-16,32.7665189060312,8.92741057827095,6.38628480960169,218.067794514965,14.2209045944803,10.1730223108115,85.8475209084662,73.2449340691174,52.3962694137092,29.2890378216025,18.0066092536555,12.8811522827177,16.4425608195218,14.0492612114627,10.0502360314056,16.844688398091,5.84744073150393,4.18300710953549,89.4035992866717,45.3599442879212,32.4485494008091,12.9669241838021,6.87901176416433,4.9209485717484,-1.18999282492555,3.68890069519315,2.63888058774641,2.01097940608148,0.44219246738751,0.316325435313863,1,0,0,129.669241838021,68.7901176416433,49.209485717484,89.4035992866717,45.3599442879212,32.4485494008091,0.0507547924315043,26.408080051202,18.8912024380535,-0.452882371000635,37.1466448884427,26.5731089545874,0,0,0,0,0,0,-0.452882371000635,37.1466448884427,26.5731089545874,16.0128675758634,3.74488903314848e-15,2.67893223195657e-15,14.8228747509379,3.68890069519315,2.63888058774641,74.0548171310965,18.4296818928474,13.1838002168909,518.383719917675,129.007773249931,92.286601518236,118.582998007503,29.5112055615452,21.1110447019713,73.2166277138212,36.8569307600153,26.3658599520595,82.9669241838021,6.87901176416433,4.9209485717484
B_prima2_oraculo,E3_finde_soleado,10,-0.402127578569132,17.8279558865747,12.7533513628016,1.33241487970564,0.955755777926261,0.683706496160916,33.3497932247076,7.87293217220606,5.63195639962623,90.5171279655558,8.67575712315733,6.20626277257478,138.450745614566,111.428080169066,79.7108466679941,2984.47762756713,352.535889506239,252.188983160799,34.0218269239262,10.9406499702693,7.82646951203992,22.6928427198139,6.56239516166325,4.69445469860428,21.86210668656,6.98174637266786,4.99444048342359,5,1.15470053837925,0.826023004457642,0,0,0,82.1096267458805,5.09287970019376,3.64322666481141,47.8359160083798,22.487030416102,16.086252502931,12.9665165912432,10.0998653376651,7.22500841867244,0,0,0,9.13174201396319e-07,0,0,3.01107460554368e-15,4.19008757128922e-16,2.99740808074359e-16,32.7665189060312,8.92741057827095,6.38628480960169,218.067794514965,14.2209045944803,10.1730223108115,85.8475209084662,73.2449340691174,52.3962694137092,29.2890378216025,18.0066092536555,12.8811522827177,16.4425608195218,14.0492612114627,10.0502360314056,16.844688398091,5.84744073150393,4.18300710953549,89.4035992866717,45.3599442879212,32.4485494008091,12.9669241838021,6.87901176416433,4.9209485717484,-1.18999282492555,3.68890069519315,2.63888058774641,2.01097940608148,0.44219246738751,0.316325435313863,1,0,0,129.669241838021,68.7901176416433,49.209485717484,89.4035992866717,45.3599442879212,32.4485494008091,0.0507547924315043,26.408080051202,18.8912024380535,-0.452882371000635,37.1466448884427,26.5731089545874,0,0,0,0,0,0,-0.452882371000635,37.1466448884427,26.5731089545874,16.0128675758634,3.74488903314848e-15,2.67893223195657e-15,14.8228747509379,3.68890069519315,2.63888058774641,74.0548171310965,18.4296818928474,13.1838002168909,518.383719917675,129.007773249931,92.286601518236,118.582998007503,29.5112055615452,21.1110447019713,73.2166277138212,36.8569307600153,26.3658599520595,82.9669241838021,6.87901176416433,4.9209485717484
B_prima2_semana,E3_finde_soleado,5,-884.284557339422,43.4422974898763,53.9407367924371,3.07775882331127,0.153741023659893,0.190894694125482,31.9589381834287,2.82720124693734,3.51043400399889,91.8712367226165,3.01604082127489,3.74490930488995,863.951488870311,320.479154413595,397.927428210146,21234.0011143525,882.302433636408,1095.52316737389,278.60939377963,25.1343056286768,31.2083624189782,168.358709904556,14.4062621134189,17.8877370149191,169.6408278432,10.6638412345071,13.2409077434482,35.2,2.28035085019828,2.83142955396454,0,0,0,80.4367976639036,1.68560283465605,2.09295235506263,29.5741363794919,10.4624666268738,12.9908681429976,23.7557146896252,4.40103916501794,5.46461188588753,0,0,0,17.737791637239,0,0,2.96332378548257e-15,1.04974690845345e-16,1.30343294345235e-16,34.4408160700793,1.45473285839661,1.80628941727512,567.385060697139,111.413040032163,138.337560738371,426.911860786186,147.270994704928,182.861092104766,517.53625849573,42.0593319542265,52.2235582760643,95.0523455101131,33.7317053473524,41.8834441278249,979.336902849535,52.0761608775577,64.6610941263308,111.153191451779,9.24168251603269,11.475064462987,13.7727655705208,3.82755459818352,4.75253674572376,-3.53683332184715,6.49801519257447,8.06835152440082,2.26992558862208,0.607640221798564,0.754484987267827,7,0,0,137.727655705208,38.2755459818352,47.5253674572376,111.153191451779,9.24168251603269,11.475064462987,-14.4274211466822,48.4854237329134,60.2026050868129,-869.857136192739,31.3734806281802,38.9553213943546,0,0,0,0,0,0,-869.857136192739,31.3734806281802,38.9553213943546,16.0128675758634,0,0,12.4760342540163,6.49801519257447,8.06835152440082,62.3300439844851,32.4639676774401,40.309339903928,436.310307891396,227.247773742081,282.165379327496,99.8082740321301,51.9841215405958,64.5468121952066,93.2152844919062,10.1217161215733,12.5677705081962,83.7727655705208,3.82755459818352,4.75253674572376
B_prima2_semana_s6a10,E3_finde_soleado,5,-877.07708758359,49.1890418550972,61.0762623776122,3.01582466334125,0.22405818742365,0.278204984826738,33.3350853839831,1.52297875670138,1.89102789222523,93.9077070070225,3.71557115603871,4.61349093721761,667.422003960973,409.741649292584,508.761454491234,20804.5382222409,475.285537196835,590.144940404246,278.909306890302,16.2466925280856,20.17293320201,173.51596072659,8.9888669789768,11.1611525124381,171.22883559264,6.65249967553379,8.26016934517253,32.4,4.4497190922574,5.52505599897594,0,0,0,77.8512092699438,3.40184973132474,4.22395433868508,20.6076296557186,12.3846981638693,15.3776338386968,28.1702907237257,8.59739585750932,10.6750769145755,9.92061851749584e-05,0.000221831773839639,0.000275440527234359,17.737791637239,0,0,2.98529833575114e-15,5.65844996721838e-17,7.02589360993233e-17,35.9355887308387,3.51875969446953,4.36911723095329,495.798661382427,82.0982912055986,101.938492504041,341.795646531072,84.8142122385601,105.310753872633,524.714374565351,62.9502112976567,78.1630110476201,78.246001661997,48.3474204054599,60.0312513234816,955.323089245587,59.4435183125747,73.8088766152902,115.761480664048,6.97559553742824,8.66134584485548,15.0989160605346,2.83854118871265,3.52451440144301,-0.777879295713431,2.55544882921935,3.17300881049363,3.03823969117865,0.0063293482384882,0.00785892383982521,7,0,0,150.989160605346,28.3854118871265,35.2451440144301,115.761480664048,6.97559553742824,8.66134584485548,9.54321641269431,21.9571204486998,27.2633659653742,-886.620303996284,36.4736301223756,45.2879934067541,0,0,0,0,0,0,-886.620303996284,36.4736301223756,45.2879934067541,16.0128675758634,0,0,15.23498828015,2.55544882921935,3.17300881049363,76.1137289519039,12.7669766435651,15.8522952642231,532.796102663327,89.3688365049554,110.966066849561,121.8799062412,20.4435906337548,25.3840704839491,98.5510928852798,7.48408536890814,9.29271936205678,85.0989160605346,2.83854118871265,3.52451440144301
C,E3_finde_soleado,25,-177.563871819748,362.969500864523,149.826446149826,1.71155243973747,1.10229430987037,0.455004728126441,33.4769801439505,6.98626290937506,2.88378759396288,90.7366312746669,7.65755639500766,3.16088392584836,285.278658035967,340.151050438679,140.40745274733,6610.29243236218,7459.98866189373,3079.33197380877,82.9466746000835,100.818363448715,41.6157750614991,51.8308102972273,60.0279439805651,24.7783174477952,51.4178509178881,60.7887317647797,25.0923552105042,11.12,12.4810523060624,5.15192518041729,0,0,0,81.8273694570382,4.49541637063187,1.85561667625324,44.1786844841728,21.186500934923,8.74535776110367,14.8670369948813,9.99013374898967,4.12372453500228,0,0,0,23.612922908238,2.99814037204516,1.23757152028458,3.52041023101661e-15,4.96435761173842e-16,2.04918610685481e-16,33.9545846162253,7.67028724393841,3.16613896200766,314.265036215295,160.637691284876,66.3079799972206,153.548903429455,164.466562131335,67.8884602037539,128.947538375844,203.642518936045,84.0595003836821,32.3092824748329,37.1892066605865,15.3509500269744,209.873154294581,395.133713887831,163.103180748767,96.7813856185681,35.0933377555979,14.485817863301,15.7405937457391,6.54887752657785,2.70324378147642,-1.65418999934864,4.26087417970883,1.75880241815581,2.0623350772086,0.467251416107261,0.192871905124487,2.2,2.44948974278318,1.01109967137056,157.405937457391,65.4887752657785,27.0324378147642,96.7813856185681,35.0933377555979,14.485817863301,-0.0754511059620127,30.7714012302975,12.701810147698,-177.488420713786,358.829847229785,148.117681113351,0,0,0,0,0,0,-177.488420713786,358.829847229785,148.117681113351,16.0128675758634,7.25194642938943e-15,2.99345636092407e-15,14.3586775765148,4.26087417970883,1.75880241815581,71.7356963503924,21.2872511910676,8.7869454228518,502.149874452747,149.010758337474,61.5086179599626,114.869420612118,34.0869934376707,14.0704193452465,82.3670464761389,29.6634314779877,12.2444627120741,85.7405937457391,6.54887752657785,2.70324378147642
C_factor3,E3_finde_soleado,1,91.5667520505444,0,NaN,2.93000724923747,0,NaN,77.9336873254047,0,NaN,85.4344903051669,0,NaN,4186.01428979029,0,NaN,6886.37266104348,0,NaN,15.0875483660047,0,NaN,327.097419363195,0,NaN,540.042635395199,0,NaN,23,0,NaN,0,0,NaN,4.62672690873056,0,NaN,-50.0554639423484,0,NaN,94.0223313122829,0,NaN,10.4037526392979,0,NaN,17.737791637239,0,NaN,3.97633233205637e-15,0,NaN,68.6273666875551,0,NaN,2506.55027250775,0,NaN,2738.50399580301,0,NaN,958.397809941031,0,NaN,384.907554532532,0,NaN,293.340802481988,0,NaN,91.950845813241,0,NaN,-23.3164794128278,0,NaN,-16.00833599581,0,NaN,-194.433141287496,0,NaN,7,0,NaN,-233.164794128278,0,NaN,91.950845813241,0,NaN,-147.362417997049,0,NaN,238.929170047593,0,NaN,501.502447319998,0,NaN,4012.01957855998,0,NaN,4250.94874860758,0,NaN,16.0128675758634,0,NaN,0.00453158005340683,0,NaN,0.0226396928941692,0,NaN,0.158477850259184,0,NaN,0.0362526404272546,0,NaN,42.9258920353033,0,NaN,46.6835205871721,0,NaN
C_factorB,E3_finde_soleado,1,-237.732110782533,0,NaN,3.62316128242198,0,NaN,54.9520800567375,0,NaN,85.0135817262046,0,NaN,3006.18611715432,0,NaN,14058.3870494733,0,NaN,359.575801291981,0,NaN,236.251880999123,0,NaN,234.081142310401,0,NaN,37,0,NaN,0,0,NaN,72.6857365833096,0,NaN,3.69188935003389,0,NaN,36.8736162803964,0,NaN,0,0,NaN,17.737791637239,0,NaN,4.12790399881831e-15,0,NaN,48.827300219411,0,NaN,1700.11943680373,0,NaN,1604.09641173987,0,NaN,855.978668135389,0,NaN,347.569043983051,0,NaN,585.301154765583,0,NaN,115.61793928849,0,NaN,9.33957216367642,0,NaN,0.418778640416608,0,NaN,1.72655418566919,0,NaN,7,0,NaN,93.3957216367642,0,NaN,115.61793928849,0,NaN,13.0686279099365,0,NaN,-250.800738692469,0,NaN,0,0,NaN,0,0,NaN,-250.800738692469,0,NaN,16.0128675758634,0,NaN,16.43164621628,0,NaN,82.0922105971717,0,NaN,574.645474180202,0,NaN,131.45316973024,0,NaN,91.7307783759468,0,NaN,79.3395721636764,0,NaN
C_umbral8,E3_finde_soleado,10,0.0330295211946586,17.9870349547655,12.8671496728272,1.35924934435674,0.961639696952644,0.687915598270611,34.2838754203237,7.90449672963959,5.65453632377022,90.4426816659184,8.73917356014857,6.25162815872852,139.257229567755,111.710571618642,79.9129288773264,2942.65108943614,353.949294205823,253.200071973578,34.0458926450289,10.9076146784961,7.80283748792914,22.7044324948104,6.55338093633431,4.68800631026325,21.86210668656,6.98174637266786,4.99444048342359,5.1,1.19721899973786,0.856438879421773,0,0,0,82.1091267661454,5.09062663344349,3.64161491795199,47.7832453419276,22.4135570882369,16.033692850438,12.4357356975035,10.1189851106781,7.23868588033792,0,0,0,25.0817057259878,3.74488903314848e-15,2.67893223195657e-15,3.89562115012535e-15,1.14549337445702e-16,8.19436596161469e-17,33.6441707850604,8.75116439499818,6.26020588524654,260.051011153368,14.5217720591375,10.3882499294359,85.3136149705627,73.4839460030215,52.5672482512368,29.8781899285778,18.1185462799832,12.9612272075351,16.4827648254704,14.0888839517391,10.0785804322959,16.4497353042758,5.91295468628167,4.2298729695232,93.4852091411721,38.6048992338806,27.6162812712581,17.1045630656562,6.83106420577848,4.88664895473265,-1.17873124902875,3.68837497793802,2.63850451227736,2.01117204736177,0.44213044198834,0.316281065016221,1,0,0,171.045630656562,68.3106420577848,48.8664895473265,93.4852091411721,38.6048992338806,27.6162812712581,4.17684710582334,26.257604940816,18.7835590286622,-4.14381758462868,36.9221366585719,26.412505441902,0,0,0,0,0,0,-4.14381758462868,36.9221366585719,26.412505441902,16.0128675758634,3.74488903314848e-15,2.67893223195657e-15,14.8341363268346,3.68837497793802,2.63850451227736,74.1110797628503,18.4270554188438,13.181921350574,518.777558339952,128.989387931906,92.2734494540183,118.673090614677,29.5069998235041,21.1080360982189,80.5581987299908,32.6652663198492,23.3673238472751,87.1045630656562,6.83106420577848,4.88664895473265
E,E3_finde_soleado,5,-929.42643730237,45.8733379654028,56.9592722290745,2.97206211018261,0.154912080199726,0.192348752870855,33.3563524535579,2.72650498829905,3.38540308489391,97.0286206520791,1.01280290229802,1.25756090105974,315.409156882601,104.581039623495,129.854511795215,20797.9012743892,850.877520340657,1056.50398388788,277.751189531776,25.5267306531009,31.6956224437999,167.771132038753,14.7264547119159,18.2853086369642,169.6408278432,10.6638412345071,13.2409077434482,34.6,3.20936130717624,3.98494839234891,0,0,0,79.66285242566,1.77903393491359,2.20896238856498,27.8475164849456,9.89685572842117,12.2885694533973,25.2998589618734,4.36837095893215,5.42404895050491,0,0,0,1.3664834901939e-06,0,0,2.99012369914155e-15,9.30091277554898e-17,1.15486085438326e-16,34.3962394242073,2.23759842484354,2.77834540656568,910.848646657376,252.247794417569,313.2070049546,853.054787425254,331.229691085791,411.275982557381,498.13088677068,43.85666478174,54.4552417407775,34.090312332805,8.97841965695066,11.1481804488006,963.516749635175,49.5012034754672,61.4638622232466,110.327634319891,9.98096479795639,12.3930046569616,5.55048112019539,11.9246105164498,14.8063595708777,-3.56452934796238,6.50194504397227,8.07323107939976,1.71694492354817,0.121736912977694,0.151156342096867,7,0,0,55.5048112019539,119.246105164498,148.063595708777,110.327634319891,9.98096479795639,12.3930046569616,-22.1561311114429,47.6656786735742,59.184757158926,-907.270306190927,34.4633216660984,42.7918657713101,0,0,0,0,0,0,-907.270306190927,34.4633216660984,42.7918657713101,16.0128675758634,0,0,12.448338227901,6.50194504397227,8.07323107939976,62.1916751333894,32.4836011447335,40.3337180734261,435.341725933726,227.385208013134,282.336026513983,99.5867058232082,52.0155603517782,64.5858486351981,84.2961258819864,19.7569292914754,24.5314678162824,75.5504811201954,11.9246105164498,14.8063595708777
E0,E3_finde_soleado,5,-924.098515237967,42.7850940888461,53.1247109898809,3.0155725256366,0.144570739945094,0.179508282983502,33.2086751449035,2.73206175830411,3.39230272615549,96.4817169009742,1.07443371318492,1.3340856601181,373.502859182531,109.515795520538,135.981820532498,20843.9878587666,852.611656424509,1058.65719823119,277.83244726746,25.2563858500818,31.3599450347896,168.349197908441,14.4158588683648,17.899652960035,169.6408278432,10.6638412345071,13.2409077434482,34.8,2.58843582110896,3.21396757073199,0,0,0,79.8351866216846,1.79702471713407,2.23130089514768,28.487920621425,10.671411837442,13.2503078885572,25.1508512717406,4.40816484650611,5.47345958805406,0,0,0,17.737791637239,0,0,2.9993497271726e-15,1.0482270282522e-16,1.30154576292487e-16,34.1233893462478,1.34332114543742,1.66795350431549,1004.63128730964,243.980961853897,302.94237658111,965.702718981826,341.224175794319,423.685774400559,507.029867376268,40.2771889417469,50.0107354578179,40.0931734275559,10.4959961074819,13.0325004919471,964.191688665523,50.8441495255105,63.1313499851154,108.364315306757,8.06100226969996,10.0090563077253,3.66892901567183,12.2939370674843,15.264939052878,-3.54592233648829,6.49532841538825,8.06501544989749,2.26960866927425,0.608076995057935,0.755027312899366,7,0,0,36.6892901567183,122.939370674843,152.64939052878,108.364315306757,8.06100226969996,10.0090563077253,-24.1824753819969,47.3353015111238,58.7745397304826,-899.91603985597,31.8712880631867,39.5734309644404,0,0,0,0,0,0,-899.91603985597,31.8712880631867,39.5734309644404,16.0128675758634,0,0,12.4669452393751,6.49532841538825,8.06501544989749,62.2846354299057,32.4505445866739,40.292672935379,435.99244800934,227.153812106717,282.048710547653,99.7355619150009,51.962627323106,64.5201235991799,80.5049132812959,18.1357078114269,22.5184554713915,73.6689290156718,12.2939370674843,15.264939052878
E0_8,E3_finde_soleado,5,-924.098515237967,42.7850940888461,53.1247109898809,3.0155725256366,0.144570739945094,0.179508282983502,33.2086751449035,2.73206175830411,3.39230272615549,96.4817169009742,1.07443371318492,1.3340856601181,373.502859182531,109.515795520538,135.981820532498,20843.9878587666,852.611656424509,1058.65719823119,277.83244726746,25.2563858500818,31.3599450347896,168.349197908441,14.4158588683648,17.899652960035,169.6408278432,10.6638412345071,13.2409077434482,34.8,2.58843582110896,3.21396757073199,0,0,0,79.8351866216846,1.79702471713407,2.23130089514768,28.487920621425,10.671411837442,13.2503078885572,25.1508512717406,4.40816484650611,5.47345958805406,0,0,0,17.737791637239,0,0,2.9993497271726e-15,1.0482270282522e-16,1.30154576292487e-16,34.1233893462478,1.34332114543742,1.66795350431549,1004.63128730964,243.980961853897,302.94237658111,965.702718981826,341.224175794319,423.685774400559,507.029867376268,40.2771889417469,50.0107354578179,40.0931734275559,10.4959961074819,13.0325004919471,964.191688665523,50.8441495255105,63.1313499851154,108.364315306757,8.06100226969996,10.0090563077253,3.66892901567183,12.2939370674843,15.264939052878,-3.54592233648829,6.49532841538825,8.06501544989749,2.26960866927425,0.608076995057935,0.755027312899366,7,0,0,36.6892901567183,122.939370674843,152.64939052878,108.364315306757,8.06100226969996,10.0090563077253,-24.1824753819969,47.3353015111238,58.7745397304826,-899.91603985597,31.8712880631867,39.5734309644404,0,0,0,0,0,0,-899.91603985597,31.8712880631867,39.5734309644404,16.0128675758634,0,0,12.4669452393751,6.49532841538825,8.06501544989749,62.2846354299057,32.4505445866739,40.292672935379,435.99244800934,227.153812106717,282.048710547653,99.7355619150009,51.962627323106,64.5201235991799,80.5049132812959,18.1357078114269,22.5184554713915,73.6689290156718,12.2939370674843,15.264939052878
E_8,E3_finde_soleado,5,-929.42643730237,45.8733379654028,56.9592722290745,2.97206211018261,0.154912080199726,0.192348752870855,33.3563524535579,2.72650498829905,3.38540308489391,97.0286206520791,1.01280290229802,1.25756090105974,315.409156882601,104.581039623495,129.854511795215,20797.9012743892,850.877520340657,1056.50398388788,277.751189531776,25.5267306531009,31.6956224437999,167.771132038753,14.7264547119159,18.2853086369642,169.6408278432,10.6638412345071,13.2409077434482,34.6,3.20936130717624,3.98494839234891,0,0,0,79.66285242566,1.77903393491359,2.20896238856498,27.8475164849456,9.89685572842117,12.2885694533973,25.2998589618734,4.36837095893215,5.42404895050491,0,0,0,1.3664834901939e-06,0,0,2.99012369914155e-15,9.30091277554898e-17,1.15486085438326e-16,34.3962394242073,2.23759842484354,2.77834540656568,910.848646657376,252.247794417569,313.2070049546,853.054787425254,331.229691085791,411.275982557381,498.13088677068,43.85666478174,54.4552417407775,34.090312332805,8.97841965695066,11.1481804488006,963.516749635175,49.5012034754672,61.4638622232466,110.327634319891,9.98096479795639,12.3930046569616,5.55048112019539,11.9246105164498,14.8063595708777,-3.56452934796238,6.50194504397227,8.07323107939976,1.71694492354817,0.121736912977694,0.151156342096867,7,0,0,55.5048112019539,119.246105164498,148.063595708777,110.327634319891,9.98096479795639,12.3930046569616,-22.1561311114429,47.6656786735742,59.184757158926,-907.270306190927,34.4633216660984,42.7918657713101,0,0,0,0,0,0,-907.270306190927,34.4633216660984,42.7918657713101,16.0128675758634,0,0,12.448338227901,6.50194504397227,8.07323107939976,62.1916751333894,32.4836011447335,40.3337180734261,435.341725933726,227.385208013134,282.336026513983,99.5867058232082,52.0155603517782,64.5858486351981,84.2961258819864,19.7569292914754,24.5314678162824,75.5504811201954,11.9246105164498,14.8063595708777
E_sinLSTM,E3_finde_soleado,5,-929.42643730237,45.8733379654028,56.9592722290745,2.97206211018261,0.154912080199726,0.192348752870855,33.3563524535579,2.72650498829905,3.38540308489391,97.0286206520791,1.01280290229802,1.25756090105974,315.409156882601,104.581039623495,129.854511795215,20797.9012743892,850.877520340657,1056.50398388788,277.751189531776,25.5267306531009,31.6956224437999,167.771132038753,14.7264547119159,18.2853086369642,169.6408278432,10.6638412345071,13.2409077434482,34.6,3.20936130717624,3.98494839234891,0,0,0,79.66285242566,1.77903393491359,2.20896238856498,27.8475164849456,9.89685572842117,12.2885694533973,25.2998589618734,4.36837095893215,5.42404895050491,0,0,0,1.3664834901939e-06,0,0,2.99012369914155e-15,9.30091277554898e-17,1.15486085438326e-16,34.3962394242073,2.23759842484354,2.77834540656568,910.848646657376,252.247794417569,313.2070049546,853.054787425254,331.229691085791,411.275982557381,498.13088677068,43.85666478174,54.4552417407775,34.090312332805,8.97841965695066,11.1481804488006,963.516749635175,49.5012034754672,61.4638622232466,110.327634319891,9.98096479795639,12.3930046569616,5.55048112019539,11.9246105164498,14.8063595708777,-3.56452934796238,6.50194504397227,8.07323107939976,1.71694492354817,0.121736912977694,0.151156342096867,7,0,0,55.5048112019539,119.246105164498,148.063595708777,110.327634319891,9.98096479795639,12.3930046569616,-22.1561311114429,47.6656786735742,59.184757158926,-907.270306190927,34.4633216660984,42.7918657713101,0,0,0,0,0,0,-907.270306190927,34.4633216660984,42.7918657713101,16.0128675758634,0,0,12.448338227901,6.50194504397227,8.07323107939976,62.1916751333894,32.4836011447335,40.3337180734261,435.341725933726,227.385208013134,282.336026513983,99.5867058232082,52.0155603517782,64.5858486351981,84.2961258819864,19.7569292914754,24.5314678162824,75.5504811201954,11.9246105164498,14.8063595708777
E_sinLSTM_8,E3_finde_soleado,5,-929.42643730237,45.8733379654028,56.9592722290745,2.97206211018261,0.154912080199726,0.192348752870855,33.3563524535579,2.72650498829905,3.38540308489391,97.0286206520791,1.01280290229802,1.25756090105974,315.409156882601,104.581039623495,129.854511795215,20797.9012743892,850.877520340657,1056.50398388788,277.751189531776,25.5267306531009,31.6956224437999,167.771132038753,14.7264547119159,18.2853086369642,169.6408278432,10.6638412345071,13.2409077434482,34.6,3.20936130717624,3.98494839234891,0,0,0,79.66285242566,1.77903393491359,2.20896238856498,27.8475164849456,9.89685572842117,12.2885694533973,25.2998589618734,4.36837095893215,5.42404895050491,0,0,0,1.3664834901939e-06,0,0,2.99012369914155e-15,9.30091277554898e-17,1.15486085438326e-16,34.3962394242073,2.23759842484354,2.77834540656568,910.848646657376,252.247794417569,313.2070049546,853.054787425254,331.229691085791,411.275982557381,498.13088677068,43.85666478174,54.4552417407775,34.090312332805,8.97841965695066,11.1481804488006,963.516749635175,49.5012034754672,61.4638622232466,110.327634319891,9.98096479795639,12.3930046569616,5.55048112019539,11.9246105164498,14.8063595708777,-3.56452934796238,6.50194504397227,8.07323107939976,1.71694492354817,0.121736912977694,0.151156342096867,7,0,0,55.5048112019539,119.246105164498,148.063595708777,110.327634319891,9.98096479795639,12.3930046569616,-22.1561311114429,47.6656786735742,59.184757158926,-907.270306190927,34.4633216660984,42.7918657713101,0,0,0,0,0,0,-907.270306190927,34.4633216660984,42.7918657713101,16.0128675758634,0,0,12.448338227901,6.50194504397227,8.07323107939976,62.1916751333894,32.4836011447335,40.3337180734261,435.341725933726,227.385208013134,282.336026513983,99.5867058232082,52.0155603517782,64.5858486351981,84.2961258819864,19.7569292914754,24.5314678162824,75.5504811201954,11.9246105164498,14.8063595708777
A,E4_volatilidad,10,-47.4876756494977,23.0556644431671,16.4930287811619,3.08584053815963,0.597335794306269,0.427308285640462,44.3558400495814,6.69187467377876,4.78707876177782,90.9173904769697,9.73365925772762,6.96304037038074,144.490294405856,166.099139625549,118.820166606922,1816.04348605537,218.400914339321,156.234602342941,34.287195629822,8.78749926266623,6.28619828376041,23.1350595586457,5.30537199611146,3.7952344961617,22.45710959016,6.66564919552194,4.76831818479442,4.7,0.948683298050514,0.678647148839461,0,0,0,79.1258961854208,5.9239476020511,4.23773682773561,49.8747723443994,11.8114281139206,8.44938667066915,21.5154917188458,13.4422860477063,9.61603215625983,0,0,0,24.431532206661,3.74488903314848e-15,2.67893223195657e-15,2.95699064211447e-15,2.56460330742472e-16,1.83460668704148e-16,35.981412252173,7.9218172060467,5.66692664618274,217.978106180358,14.0266485488719,10.0340599070589,86.9660925124216,42.0563409812285,30.0852939607789,71.9768992469757,23.1903271634584,16.589360688099,20.1547350595507,21.331033553527,15.2593021640075,67.6424107090484,9.3228224762981,6.66914544155838,125.926443312835,50.2919741441842,35.9767110189403,12.8604035489929,4.30389393455086,3.07882024864621,-1.75257630343295,4.30682473587311,3.08091681761211,2.42356177991245,0.653355299979061,0.467382225892557,1,0,0,128.604035489929,43.0389393455086,30.7882024864621,125.926443312835,50.2919741441842,35.9767110189403,0.817580132698754,27.7674657149281,19.8636483604775,-48.3052557821965,38.1027723987976,27.2570813721083,0,0,0,0,0,0,-48.3052557821965,38.1027723987976,27.2570813721083,16.0128675758634,3.74488903314848e-15,2.67893223195657e-15,14.2602912724305,4.30682473587311,3.08091681761211,71.2441601349422,21.5168193477845,15.3922053149609,498.709120944595,150.617735434492,107.745437204726,114.082330179444,34.4545978869849,24.6473345408969,104.635388719165,44.664927012635,31.9513639931641,82.8604035489929,4.30389393455086,3.07882024864621
A_8,E4_volatilidad,10,-47.4876756494977,23.0556644431671,16.4930287811619,3.08584053815963,0.597335794306269,0.427308285640462,44.3558400495814,6.69187467377876,4.78707876177782,90.9173904769697,9.73365925772762,6.96304037038074,144.490294405856,166.099139625549,118.820166606922,1816.04348605537,218.400914339321,156.234602342941,34.287195629822,8.78749926266623,6.28619828376041,23.1350595586457,5.30537199611146,3.7952344961617,22.45710959016,6.66564919552194,4.76831818479442,4.7,0.948683298050514,0.678647148839461,0,0,0,79.1258961854208,5.9239476020511,4.23773682773561,49.8747723443994,11.8114281139206,8.44938667066915,21.5154917188458,13.4422860477063,9.61603215625983,0,0,0,22.2772001202901,3.74488903314848e-15,2.67893223195657e-15,2.95699064211447e-15,2.56460330742472e-16,1.83460668704148e-16,35.981412252173,7.9218172060467,5.66692664618274,217.978106180358,14.0266485488719,10.0340599070589,86.9660925124216,42.0563409812285,30.0852939607789,71.9768992469757,23.1903271634584,16.589360688099,20.1547350595507,21.331033553527,15.2593021640075,67.6424107090484,9.3228224762981,6.66914544155838,125.926443312835,50.2919741441842,35.9767110189403,12.8604035489929,4.30389393455086,3.07882024864621,-1.75257630343295,4.30682473587311,3.08091681761211,2.42356177991245,0.653355299979061,0.467382225892557,1,0,0,128.604035489929,43.0389393455086,30.7882024864621,125.926443312835,50.2919741441842,35.9767110189403,0.817580132698754,27.7674657149281,19.8636483604775,-48.3052557821965,38.1027723987976,27.2570813721083,0,0,0,0,0,0,-48.3052557821965,38.1027723987976,27.2570813721083,16.0128675758634,3.74488903314848e-15,2.67893223195657e-15,14.2602912724305,4.30682473587311,3.08091681761211,71.2441601349422,21.5168193477845,15.3922053149609,498.709120944595,150.617735434492,107.745437204726,114.082330179444,34.4545978869849,24.6473345408969,104.635388719165,44.664927012635,31.9513639931641,82.8604035489929,4.30389393455086,3.07882024864621
A_8_semana,E4_volatilidad,5,-75.9177856623385,56.4685357294788,70.1149478465767,1.85752587338234,0.296101794701645,0.367658938284554,46.0107240013719,4.71331246614037,5.8523504014915,86.144058194593,5.14009453304787,6.38227032904953,1478.86647728631,551.125532274788,684.312731916491,11009.6179582047,961.149572947929,1193.42482161837,260.39880335841,20.954188783838,26.0180618244567,166.995266482699,13.0685397876558,16.2267353634256,167.99281980096,13.466888654483,16.7213508100903,32.6,3.57770876399966,4.44231216831647,0,0,0,73.9760642560408,1.28353458785897,1.59371868819379,22.3728818639044,6.62210863214496,8.22243388072877,40.9592576731851,7.61956941735143,9.4609450273397,0,0,0,20.1948036100751,0,0,2.69982513358661e-15,3.03843701976797e-17,3.77271785825542e-17,36.3910773957054,2.29284423907785,2.84694214515187,758.899270790231,135.318964849509,168.020686927837,610.932899674696,145.230762420842,180.327809129643,309.487001886852,50.6840055516232,62.9325049782102,137.604048961721,49.2448926048331,61.1456102428321,213.521834624059,26.4784978186277,32.8773974679069,93.6765067228671,10.0543240520905,12.484092201755,14.4939092828113,2.24757739797168,2.79073593823793,-3.44726927121522,3.40450507114364,4.2272513785412,2.461552591861,0.57047323109491,0.708336072989526,7,0,0,144.939092828113,22.4757739797168,27.9073593823793,93.6765067228671,10.0543240520905,12.484092201755,-15.2884834074329,26.968045088613,33.4852506884666,-60.6293022549056,74.6687548692914,92.7135047119011,0,0,0,0,0,0,-60.6293022549056,74.6687548692914,92.7135047119011,16.0128675758634,0,0,12.5655983046482,3.40450507114364,4.2272513785412,62.7775043794835,17.008846441847,21.1192722778176,439.442530656385,119.061925092929,147.834905944723,100.524786437185,27.2360405691491,33.8180110283296,79.2287444418835,9.79235677161921,12.1588168608864,84.4939092828113,2.24757739797168,2.79073593823793
A_factor3,E4_volatilidad,1,552.440493970386,0,NaN,2.33361242387708,0,NaN,94.3817595022039,0,NaN,70.1118633086891,0,NaN,8253.020965659,0,NaN,1145.68458891023,0,NaN,2.37573908331275,0,NaN,295.599896361878,0,NaN,513.862507636799,0,NaN,24,0,NaN,0,0,NaN,3.49603780888235,0,NaN,-32.4736228998136,0,NaN,95.1947830774089,0,NaN,10.0019675893393,0,NaN,20.1948036100751,0,NaN,3.87246670236823e-15,0,NaN,67.8654631854114,0,NaN,4038.44214825238,0,NaN,4151.90734650068,0,NaN,689.815590646855,0,NaN,572.158519316299,0,NaN,19.7180253459122,0,NaN,69.3271617383578,0,NaN,-11.7920105351044,0,NaN,-16.0124836453711,0,NaN,-199.683854296727,0,NaN,7,0,NaN,-117.920105351044,0,NaN,69.3271617383578,0,NaN,-135.457428757258,0,NaN,687.897922727644,0,NaN,482.142352843198,0,NaN,3857.13882274559,0,NaN,4545.03674547323,0,NaN,16.0128675758634,0,NaN,0.000383930492260297,0,NaN,0.00191810987228299,0,NaN,0.0134267691059809,0,NaN,0.00307144393808237,0,NaN,40.3539470009744,0,NaN,58.2079894648956,0,NaN
A_factorB,E4_volatilidad,1,274.526186351086,0,NaN,2.21500708304946,0,NaN,76.7746350545723,0,NaN,79.097737745618,0,NaN,4132.81363981178,0,NaN,4736.17010525455,0,NaN,297.744931490336,0,NaN,221.581719433494,0,NaN,226.7611065888,0,NaN,34,0,NaN,0,0,NaN,65.670982472406,0,NaN,-2.48742524485134,0,NaN,41.6780064847776,0,NaN,0.0208332988867413,0,NaN,20.1948036100751,0,NaN,3.57080810617698e-15,0,NaN,48.5875519385715,0,NaN,2796.64884117964,0,NaN,2779.86193056037,0,NaN,490.805078019468,0,NaN,371.280261492122,0,NaN,96.7540751410366,0,NaN,89.8371651495586,0,NaN,1.37267349428059,0,NaN,-6.47290881912159,0,NaN,1.35448633841331,0,NaN,7,0,NaN,13.7267349428059,0,NaN,89.8371651495586,0,NaN,-50.6734166943538,0,NaN,325.19960304544,0,NaN,0.9800047824,0,NaN,7.8400382592,0,NaN,333.03964130464,0,NaN,16.0128675758634,0,NaN,9.53995875674181,0,NaN,47.6614633152734,0,NaN,333.630243206914,0,NaN,76.3196700539345,0,NaN,64.1191865587121,0,NaN,71.3726734942806,0,NaN
A_semana,E4_volatilidad,5,-75.9177856623385,56.4685357294788,70.1149478465767,1.85752587338234,0.296101794701645,0.367658938284554,46.0107240013719,4.71331246614037,5.8523504014915,86.144058194593,5.14009453304787,6.38227032904953,1478.86647728631,551.125532274788,684.312731916491,11009.6179582047,961.149572947929,1193.42482161837,260.39880335841,20.954188783838,26.0180618244567,166.995266482699,13.0685397876558,16.2267353634256,167.99281980096,13.466888654483,16.7213508100903,32.6,3.57770876399966,4.44231216831647,0,0,0,73.9760642560408,1.28353458785897,1.59371868819379,22.3728818639044,6.62210863214496,8.22243388072877,40.9592576731851,7.61956941735143,9.4609450273397,0,0,0,20.1948036100751,0,0,2.69982513358661e-15,3.03843701976797e-17,3.77271785825542e-17,36.3910773957054,2.29284423907785,2.84694214515187,758.899270790231,135.318964849509,168.020686927837,610.932899674696,145.230762420842,180.327809129643,309.487001886852,50.6840055516232,62.9325049782102,137.604048961721,49.2448926048331,61.1456102428321,213.521834624059,26.4784978186277,32.8773974679069,93.6765067228671,10.0543240520905,12.484092201755,14.4939092828113,2.24757739797168,2.79073593823793,-3.44726927121522,3.40450507114364,4.2272513785412,2.461552591861,0.57047323109491,0.708336072989526,7,0,0,144.939092828113,22.4757739797168,27.9073593823793,93.6765067228671,10.0543240520905,12.484092201755,-15.2884834074329,26.968045088613,33.4852506884666,-60.6293022549056,74.6687548692914,92.7135047119011,0,0,0,0,0,0,-60.6293022549056,74.6687548692914,92.7135047119011,16.0128675758634,0,0,12.5655983046482,3.40450507114364,4.2272513785412,62.7775043794835,17.008846441847,21.1192722778176,439.442530656385,119.061925092929,147.834905944723,100.524786437185,27.2360405691491,33.8180110283296,79.2287444418835,9.79235677161921,12.1588168608864,84.4939092828113,2.24757739797168,2.79073593823793
A_semana_s6a10,E4_volatilidad,5,-70.056701766668,30.435168532401,37.7902530459464,1.87798109721314,0.187627547668876,0.232970371011704,48.4146047898914,3.72901892691784,4.63018855017432,88.8153110932952,4.93342550199613,6.12565683364893,1217.22626794125,538.206815714393,668.272026660449,10519.4130312237,760.430159228718,944.198751862655,253.884758554404,10.5205337250908,13.0629679683337,172.465925875196,9.0309065217787,11.2133514992362,169.46882700384,8.28899213289672,10.2921431128121,28.6,3.13049516849971,3.88702314727691,0,0,0,70.5344245866078,3.37082255891952,4.18542901574345,5.01409118208833,14.4432867697872,17.9337091977775,41.7176558901192,3.32826622146494,4.1325883436307,0.0152446837885519,0.0247652543687465,0.030750124756031,20.1948036100751,0,0,2.69154317134615e-15,9.1695934408144e-17,1.13855540536246e-16,37.1283446951973,2.57194242986823,3.1934883206201,746.627961451064,122.338359517735,151.90313661248,580.578285003114,153.354285720921,190.414495549921,322.726805003059,18.9128284379057,23.4833781755519,116.73230514603,44.7393552211698,55.5512466809761,186.789006912698,21.4584192061199,26.6441465866032,98.2484261642383,9.91912143628734,12.3162159812492,16.2532948016209,3.54212222553226,4.39812564468081,0.715386964581502,1.70001578902379,2.11084840160881,2.24656436242279,0.720254446873916,0.894314016229507,7,0,0,162.532948016209,35.4212222553226,43.9812564468081,98.2484261642383,9.91912143628734,12.3162159812492,20.2893356663862,13.4251494213966,16.6695247070543,-90.3460374330542,39.5357259522789,49.0900875577949,0.720003513599854,1.18828186098798,1.47544680650735,5.76002810879884,9.50625488790384,11.8035744520588,-84.5860093242554,44.4050353533388,55.1361337372061,16.0128675758634,0,0,16.7282545404449,1.70001578902379,2.11084840160881,83.57406047951,8.49324847517639,10.5457608594255,585.01842335657,59.4527393262348,73.8203260159788,133.826036323559,13.6001263121903,16.8867872128705,84.958609370227,11.0826698064862,13.7609521026938,86.2532948016209,3.54212222553226,4.39812564468081
A_umbral8,E4_volatilidad,10,-47.4876756494977,23.0556644431671,16.4930287811619,3.08584053815963,0.597335794306269,0.427308285640462,44.3558400495814,6.69187467377876,4.78707876177782,90.9173904769697,9.73365925772762,6.96304037038074,144.490294405856,166.099139625549,118.820166606922,1816.04348605537,218.400914339321,156.234602342941,34.287195629822,8.78749926266623,6.28619828376041,23.1350595586457,5.30537199611146,3.7952344961617,22.45710959016,6.66564919552194,4.76831818479442,4.7,0.948683298050514,0.678647148839461,0,0,0,79.1258961854208,5.9239476020511,4.23773682773561,49.8747723443994,11.8114281139206,8.44938667066915,21.5154917188458,13.4422860477063,9.61603215625983,0,0,0,22.2772001202901,3.74488903314848e-15,2.67893223195657e-15,2.95699064211447e-15,2.56460330742472e-16,1.83460668704148e-16,35.981412252173,7.9218172060467,5.66692664618274,217.978106180358,14.0266485488719,10.0340599070589,86.9660925124216,42.0563409812285,30.0852939607789,71.9768992469757,23.1903271634584,16.589360688099,20.1547350595507,21.331033553527,15.2593021640075,67.6424107090484,9.3228224762981,6.66914544155838,125.926443312835,50.2919741441842,35.9767110189403,12.8604035489929,4.30389393455086,3.07882024864621,-1.75257630343295,4.30682473587311,3.08091681761211,2.42356177991245,0.653355299979061,0.467382225892557,1,0,0,128.604035489929,43.0389393455086,30.7882024864621,125.926443312835,50.2919741441842,35.9767110189403,0.817580132698754,27.7674657149281,19.8636483604775,-48.3052557821965,38.1027723987976,27.2570813721083,0,0,0,0,0,0,-48.3052557821965,38.1027723987976,27.2570813721083,16.0128675758634,3.74488903314848e-15,2.67893223195657e-15,14.2602912724305,4.30682473587311,3.08091681761211,71.2441601349422,21.5168193477845,15.3922053149609,498.709120944595,150.617735434492,107.745437204726,114.082330179444,34.4545978869849,24.6473345408969,104.635388719165,44.664927012635,31.9513639931641,82.8604035489929,4.30389393455086,3.07882024864621
B,E4_volatilidad,10,-45.0244421314397,23.0218724491865,16.4688554449013,3.09107663692973,0.594646726329173,0.425384642292422,44.803580361267,6.71235580163749,4.80173007803363,87.7141426037922,9.28700486978081,6.64352306938089,190.084910645755,163.972635012493,117.298956846394,1801.43070589649,219.069351402043,156.712773411966,34.4399313263648,8.77527903604,6.27745646025081,23.2938914895933,5.26244777443965,3.76452835775536,22.45710959016,6.66564919552194,4.76831818479442,4.9,1.10050493461461,0.787253805031357,0,0,0,79.3176903589494,5.94783832331624,4.25482722018125,50.1115236060246,11.7249730845093,8.38754046832391,21.3429242717098,13.4106684398431,9.59341428212461,0,0,0,22.2772001202901,3.74488903314848e-15,2.67893223195657e-15,2.00621400590968e-15,3.92454423874893e-16,2.80744982397643e-16,36.0675223666393,7.77721278831572,5.56348287732502,269.994770180417,13.609911996592,9.73594453641507,86.9430753758197,42.0603537311005,30.0881645091118,72.5540469973282,23.0441636384006,16.484801601048,21.9761510261046,21.3517649290586,15.2741324966643,67.0005931575443,9.45577484423484,6.76425383612708,93.6900124753437,50.6514837135278,36.2338886721328,17.9130298474842,4.25537497931528,3.04411187894796,-1.65578856038455,4.34901139093069,3.11109533264736,2.48373966500515,0.67966198453471,0.486200894362632,1,0,0,179.130298474842,42.5537497931528,30.4411187894796,93.6900124753437,50.6514837135278,36.2338886721328,2.09299732079047,27.5658419220065,19.719415387803,-47.1174394522302,36.4830581630658,26.0984076078785,0,0,0,0,0,0,-47.1174394522302,36.4830581630658,26.0984076078785,16.0128675758634,3.74488903314848e-15,2.67893223195657e-15,14.3570790154789,4.34901139093069,3.11109533264736,71.7277099680491,21.7275831218941,15.5429766362986,502.093969776344,152.093081853259,108.80083645409,114.856632123831,34.7920911274455,24.8887626611789,82.6266818481482,46.6174570408929,33.3481198329935,87.9130298474842,4.25537497931528,3.04411187894796
B_oraculo,E4_volatilidad,10,-42.0163851981603,22.4359036671236,16.0496786299694,3.12076708025951,0.5862338481884,0.41936643181533,44.7779700142408,6.59318371086683,4.71647949990188,86.0777778820989,8.98094168130414,6.42457865384071,215.510296033052,163.421852470138,116.904950751033,1802.26654390598,215.179963919934,153.930473216643,34.9466012684515,8.80984311723625,6.30218211443308,23.6157259715674,5.30882674618798,3.79770587548735,22.45710959016,6.66564919552194,4.76831818479442,4.9,0.994428926011753,0.711371599719498,0,0,0,79.7239625940025,5.84900572284452,4.18412663689877,50.5501717968326,11.1025262870424,7.94226885315666,21.2560039814354,13.4040192752268,9.58865775629739,0,0,0,1.87873840188738e-06,0,0,1.63223401394767e-15,3.90552132542752e-16,2.79384165156028e-16,35.3526000856472,7.07809165107223,5.06336174368782,277.381289498055,14.2729497745842,10.2102531898212,86.5958422103716,42.1854623106369,30.1776617954793,74.1858796919649,23.0236764154404,16.4701459246192,24.8327896548172,20.7444251265975,14.8396677747029,66.8491748529775,9.4310475588834,6.74656500178501,102.361431604078,40.9807004242265,29.3158270599854,18.6596683065518,4.49139869732968,3.21295307560243,-1.35212486507074,4.28009971061252,3.06179888622971,2.49812672572071,0.67364634938304,0.481897568213085,1,0,0,186.596683065518,44.9139869732968,32.1295307560243,102.361431604078,40.9807004242265,29.3158270599854,6.63645194723567,27.4662466053872,19.648169190257,-48.652837145396,38.0892236785874,27.2473892015389,0,0,0,0,0,0,-48.652837145396,38.0892236785874,27.2473892015389,16.0128675758634,3.74488903314848e-15,2.67893223195657e-15,14.6607427107927,4.28009971061252,3.06179888622971,73.2448083584538,21.3833015995912,15.2966924717211,512.713658509176,149.683111197138,107.076847302048,117.285941686341,34.2407976849002,24.4943910898377,91.0457253093011,38.1912666399616,27.3203863386636,88.6596683065518,4.49139869732968,3.21295307560243
B_prima2,E4_volatilidad,10,-47.2540552044731,22.9932181992664,16.4483574293356,3.06620803127273,0.598766877423449,0.428332020831354,44.3306147697998,6.68624032671356,4.7830481926941,90.8558105936995,9.69906615828877,6.93829395779823,145.354856922599,165.623928887879,118.480221323938,1816.86675672874,218.217027669182,156.103057743541,34.2839018341246,8.79793815570072,6.29366581798332,23.1350080413244,5.30470366086299,3.7947563979262,22.45710959016,6.66564919552194,4.76831818479442,4.7,0.948683298050514,0.678647148839461,0,0,0,79.1669364409809,5.92847917791952,4.24097852182802,49.9763947762007,11.8789359820946,8.49767889037479,21.4073911181584,13.439091704214,9.61374706058253,0,0,0,22.2772001202901,3.74488903314848e-15,2.67893223195657e-15,2.94778222124448e-15,2.58437811267361e-16,1.8487527305405e-16,35.5091954954225,7.93818402252221,5.67863476137725,217.708521017601,14.2820692503554,10.216776869793,86.9660926423087,42.0563409732893,30.0852939550995,71.5428371898904,23.1830606802616,16.5841625591621,20.2243259988853,21.2775884971389,15.2210698738303,67.4783812033584,9.34801218686149,6.6871650749693,126.45283514739,48.6545470107666,34.8053662110262,12.8350530700477,4.30716413805001,3.08115961130326,-1.75274030546348,4.30699814467517,3.08104086679622,2.42367584752655,0.653455877983926,0.467454175062926,1,0,0,128.350530700477,43.0716413805001,30.8115961130326,126.45283514739,48.6545470107666,34.8053662110262,0.894868510512749,27.9724411744059,20.0102789709694,-48.1489237149858,38.3346307863388,27.4229428708431,0,0,0,0,0,0,-48.1489237149858,38.3346307863388,27.4229428708431,16.0128675758634,3.74488903314848e-15,2.67893223195657e-15,14.2601272703999,4.30699814467517,3.08104086679622,71.243340783731,21.5176856950579,15.3928250624659,498.703385486117,150.623799865406,107.749775437261,114.081018163199,34.4559851574013,24.6483269343698,105.091196774529,43.404238670644,31.0495218814442,82.8350530700476,4.30716413805001,3.08115961130326
B_prima2_8,E4_volatilidad,10,-47.2540552044731,22.9932181992664,16.4483574293356,3.06620803127273,0.598766877423449,0.428332020831354,44.3306147697998,6.68624032671356,4.7830481926941,90.8558105936995,9.69906615828877,6.93829395779823,145.354856922599,165.623928887879,118.480221323938,1816.86675672874,218.217027669182,156.103057743541,34.2839018341246,8.79793815570072,6.29366581798332,23.1350080413244,5.30470366086299,3.7947563979262,22.45710959016,6.66564919552194,4.76831818479442,4.7,0.948683298050514,0.678647148839461,0,0,0,79.1669364409809,5.92847917791952,4.24097852182802,49.9763947762007,11.8789359820946,8.49767889037479,21.4073911181584,13.439091704214,9.61374706058253,0,0,0,22.2772001202901,3.74488903314848e-15,2.67893223195657e-15,2.94778222124448e-15,2.58437811267361e-16,1.8487527305405e-16,35.5091954954225,7.93818402252221,5.67863476137725,217.708521017601,14.2820692503554,10.216776869793,86.9660926423087,42.0563409732893,30.0852939550995,71.5428371898904,23.1830606802616,16.5841625591621,20.2243259988853,21.2775884971389,15.2210698738303,67.4783812033584,9.34801218686149,6.6871650749693,126.45283514739,48.6545470107666,34.8053662110262,12.8350530700477,4.30716413805001,3.08115961130326,-1.75274030546348,4.30699814467517,3.08104086679622,2.42367584752655,0.653455877983926,0.467454175062926,1,0,0,128.350530700477,43.0716413805001,30.8115961130326,126.45283514739,48.6545470107666,34.8053662110262,0.894868510512749,27.9724411744059,20.0102789709694,-48.1489237149858,38.3346307863388,27.4229428708431,0,0,0,0,0,0,-48.1489237149858,38.3346307863388,27.4229428708431,16.0128675758634,3.74488903314848e-15,2.67893223195657e-15,14.2601272703999,4.30699814467517,3.08104086679622,71.243340783731,21.5176856950579,15.3928250624659,498.703385486117,150.623799865406,107.749775437261,114.081018163199,34.4559851574013,24.6483269343698,105.091196774529,43.404238670644,31.0495218814442,82.8350530700476,4.30716413805001,3.08115961130326
B_prima2_8_or,E4_volatilidad,10,-47.1136195752581,22.8480613866011,16.3445185009467,3.06850377068265,0.599916615663992,0.429154494021786,44.2976301127991,6.72135105264252,4.80816489296102,90.7597012078604,9.70828336596105,6.94488755096036,146.558773294795,165.410250198409,118.327364797768,1817.94326810997,219.362926990347,156.922784736483,34.2867929308561,8.79334384235363,6.29037924420229,23.1343505929343,5.30387705633319,3.79416508066731,22.45710959016,6.66564919552194,4.76831818479442,4.7,0.948683298050514,0.678647148839461,0,0,0,79.1757335591601,5.93031315072833,4.24229046694216,49.9747204375271,11.8787562592742,8.49755032441406,21.3760257404428,13.4445752891123,9.61766978090906,0,0,0,1.87873840188738e-06,0,0,2.94927844227582e-15,2.57863505080892e-16,1.84464439157418e-16,35.4971585977014,7.93617506229264,5.67719763780321,216.802423717279,13.6579588137445,9.77031515887507,85.9089788678197,40.8639625214147,29.2323177950204,71.5846331418383,23.1640861996448,16.5705890334156,20.3991563153597,21.2100470605052,15.1727536406952,67.5127758906179,9.38697498497037,6.71503738167243,127.443694768082,48.3697803327211,34.6016564012961,12.849847694583,4.31693036438489,3.08814594875719,-1.75322354975401,4.30677837579312,3.08088365360873,2.42350934858927,0.653505035348408,0.467489340123087,1,0,0,128.49847694583,43.1693036438489,30.8814594875719,127.443694768082,48.3697803327211,34.6016564012961,1.01956524734654,27.6665943657478,19.7914893442268,-48.1331848226047,38.2510146301392,27.363127476055,0,0,0,0,0,0,-48.1331848226047,38.2510146301392,27.363127476055,16.0128675758634,3.74488903314848e-15,2.67893223195657e-15,14.2596440261094,4.30677837579312,3.08088365360873,71.240926503899,21.5165877336541,15.3920396281931,498.686485527293,150.616114135578,107.744277397352,114.077152208875,34.4542270063449,24.6470692288698,105.927645943633,43.1694805473537,30.8815860367157,82.849847694583,4.31693036438489,3.08814594875719
B_prima2_oraculo,E4_volatilidad,10,-47.1136195752581,22.8480613866011,16.3445185009467,3.06850377068265,0.599916615663992,0.429154494021786,44.2976301127991,6.72135105264252,4.80816489296102,90.7597012078604,9.70828336596105,6.94488755096036,146.558773294795,165.410250198409,118.327364797768,1817.94326810997,219.362926990347,156.922784736483,34.2867929308561,8.79334384235363,6.29037924420229,23.1343505929343,5.30387705633319,3.79416508066731,22.45710959016,6.66564919552194,4.76831818479442,4.7,0.948683298050514,0.678647148839461,0,0,0,79.1757335591601,5.93031315072833,4.24229046694216,49.9747204375271,11.8787562592742,8.49755032441406,21.3760257404428,13.4445752891123,9.61766978090906,0,0,0,1.87873840188738e-06,0,0,2.94927844227582e-15,2.57863505080892e-16,1.84464439157418e-16,35.4971585977014,7.93617506229264,5.67719763780321,216.802423717279,13.6579588137445,9.77031515887507,85.9089788678197,40.8639625214147,29.2323177950204,71.5846331418383,23.1640861996448,16.5705890334156,20.3991563153597,21.2100470605052,15.1727536406952,67.5127758906179,9.38697498497037,6.71503738167243,127.443694768082,48.3697803327211,34.6016564012961,12.849847694583,4.31693036438489,3.08814594875719,-1.75322354975401,4.30677837579312,3.08088365360873,2.42350934858927,0.653505035348408,0.467489340123087,1,0,0,128.49847694583,43.1693036438489,30.8814594875719,127.443694768082,48.3697803327211,34.6016564012961,1.01956524734654,27.6665943657478,19.7914893442268,-48.1331848226047,38.2510146301392,27.363127476055,0,0,0,0,0,0,-48.1331848226047,38.2510146301392,27.363127476055,16.0128675758634,3.74488903314848e-15,2.67893223195657e-15,14.2596440261094,4.30677837579312,3.08088365360873,71.240926503899,21.5165877336541,15.3920396281931,498.686485527293,150.616114135578,107.744277397352,114.077152208875,34.4542270063449,24.6470692288698,105.927645943633,43.1694805473537,30.8815860367157,82.849847694583,4.31693036438489,3.08814594875719
B_prima2_semana,E4_volatilidad,5,-74.6741322165293,56.5787725453036,70.251824932063,1.8573194109617,0.298505009162071,0.370642923160029,45.8825174452945,4.69777877981257,5.83306278241887,85.9077949972366,5.23179280181986,6.49612876808132,1504.80618219217,562.497531066179,698.432933403378,11035.7621354703,957.981907725744,1189.49164575362,260.555934568672,21.0241640017675,26.1049475333263,166.996560598432,13.0669773650079,16.2247953594738,167.99281980096,13.466888654483,16.7213508100903,32.6,3.57770876399966,4.44231216831647,0,0,0,74.0412283474628,1.27386712491955,1.58171494750795,23.5561141806025,6.71399717312642,8.33652857391291,40.8574390584672,7.56730276806892,9.39604741061887,0,0,0,20.1948036100751,0,0,2.69553203678737e-15,3.11331952693147e-17,3.86569677149558e-17,36.3632996638564,2.30666413145915,2.86410180798078,756.544047489749,138.373350326595,171.81320741137,608.998030613793,148.664170192606,184.590947950996,309.486405232269,51.3034653144918,63.7016658641,138.365807527122,49.4550064125181,61.40650099336,213.039939743652,26.4979332879676,32.9015297904744,92.655419053538,10.5926388197953,13.1524982685154,14.455665032768,2.31647162064167,2.87627941421149,-3.44733515463209,3.40431081028066,4.22701017182138,2.46289723754827,0.570942799181827,0.708919118777756,7,0,0,144.556650327681,23.1647162064167,28.7627941421149,92.655419053538,10.5926388197953,13.1524982685154,-15.4560611124058,26.9316716104919,33.4400870501942,-59.2180711041234,74.8094643596724,92.8882186203128,0,0,0,0,0,0,-59.2180711041234,74.8094643596724,92.8882186203128,16.0128675758634,0,0,12.5655324212313,3.40431081028066,4.22701017182138,62.7771752271112,17.0078759180501,21.1180672133596,439.440226589779,119.055131426351,147.826470493517,100.52425936985,27.2344864822453,33.816081374571,78.3283712537554,10.185064594115,12.6464280258924,84.455665032768,2.31647162064167,2.87627941421149
B_prima2_semana_s6a10,E4_volatilidad,5,-69.3440352908782,30.4059276119831,37.7539456477891,1.87603844153343,0.18934489606086,0.235102740682404,48.2116099277514,3.85675915541578,4.78879899302253,88.4418744882971,5.30269549681505,6.58416609183247,1258.44162207801,581.588481438102,722.13747917169,10560.8082127352,786.47924189639,976.542959997338,253.976751473371,10.5033204402968,13.0415948523142,172.464786059843,9.03024581042761,11.2125311177383,169.46882700384,8.28899213289672,10.2921431128121,28.4,2.96647939483827,3.68337066598396,0,0,0,70.5857832046395,3.40073807205735,4.22257403139449,5.00805750155809,14.4672649362504,17.9634820238178,41.5420278736312,3.4031553138187,4.22557543346451,0.0154430961589019,0.0249749915546793,0.0310105478688884,20.1948036100751,0,0,2.6899861321301e-15,9.4717893669583e-17,1.17607798555213e-16,37.0479215477488,2.57682186703881,3.1995469420863,742.036491973543,114.521017875892,142.196624934145,576.476437383054,145.148163055559,180.225248471497,322.376969235401,19.0895442863958,23.702799882534,117.67640365879,45.2883944161982,56.2329688830457,187.020438949668,22.0140248316993,27.3340220890848,96.4877233850294,10.9201228122018,13.5591233518747,16.2090032435935,3.54505741657415,4.40177016572537,0.714626655071254,1.70004210493097,2.11088107712333,2.24619592874682,0.720562057532591,0.894695965309847,7,0,0,162.090032435935,35.4505741657415,44.0177016572537,96.4877233850294,10.9201228122018,13.5591233518747,20.0156753170183,13.4147929822114,16.6566654893684,-89.3597106078966,39.5497111728224,49.1074525026508,0.720003513599854,1.18828186098798,1.47544680650735,5.76002810879884,9.50625488790384,11.8035744520588,-83.5996824990977,44.3787776038551,55.1035304349983,16.0128675758634,0,0,16.7274942309347,1.70004210493097,2.11088107712333,83.5702619867958,8.49337994897797,10.5459241057117,584.991833907571,59.4536596428458,73.8214687399817,133.819953847477,13.6003368394478,16.8870486169867,83.4288086766853,11.9083319308729,14.7861470372252,86.2090032435935,3.54505741657415,4.40177016572537
C,E4_volatilidad,25,-51.7746652095617,32.5782810157623,13.4476534657491,2.85335414254512,0.714943272050765,0.295114078166242,45.0994000204008,6.14547946642021,2.53672924625185,89.6909340324826,9.0724875638756,3.7449388066942,432.030787237542,649.134356960501,267.949493126822,3648.09388685503,3802.81501696226,1569.72488872917,79.7801246966931,93.5489364625417,38.6151030813743,51.9131206283971,59.1523988112704,24.4169101646857,51.5642516323201,59.9471141826753,24.7449525470749,10.32,11.4735928694256,4.7360663639826,0,0,0,78.2147960069776,5.48618625196308,2.26458638285001,45.0956182655885,14.3033252865858,5.90412249709642,25.2282862018082,14.1974644864504,5.86042530646998,0,0,0,21.8607208182471,0.850134815363204,0.350918404523605,3.23556801700253e-15,3.27616473418807e-16,1.35233433650944e-16,36.2488472687734,6.91096376228036,2.85270563368677,347.262436523885,233.423857565244,96.3526327757145,185.268344036535,215.490382543547,88.95005811526,121.498683191189,105.188870324404,43.4198316323627,44.2842927412854,56.3951466266707,23.2787724011175,96.0589579508472,61.0583311149201,25.2036403526983,119.190578057007,45.2132297950393,18.6631039881078,15.8735245858227,4.74696304715215,1.95945004102374,-2.08495623181254,4.04089608279115,1.6679999225922,2.4305492663944,0.61134492907089,0.2523507839536,2.2,2.44948974278318,1.01109967137056,158.735245858227,47.4696304715215,19.5945004102374,119.190578057007,45.2132297950393,18.6631039881078,0.353409717568306,26.7371125716906,11.0365376357598,-52.12807492713,44.9943470445225,18.5727536293164,0,0,0,0,0,0,-52.12807492713,44.9943470445225,18.5727536293164,16.0128675758634,7.25194642938943e-15,2.99345636092407e-15,13.9279113440509,4.04089608279115,1.6679999225922,69.5835959577646,20.1882445534345,8.33329777912565,487.085171704352,141.317711874041,58.3330844538796,111.423290752407,32.3271686623292,13.3439993807376,102.359026386648,40.4630918483372,16.7023434129612,85.8735245858227,4.74696304715215,1.95945004102374
C_factor3,E4_volatilidad,1,613.130167156423,0,NaN,2.25545692153158,0,NaN,92.470748069112,0,NaN,65.9067825529391,0,NaN,9707.5471999091,0,NaN,1535.38245766176,0,NaN,2.40729023638704,0,NaN,312.652142896759,0,NaN,513.862507636799,0,NaN,22,0,NaN,0,0,NaN,3.4982493571916,0,NaN,-32.483715187945,0,NaN,95.1947830774089,0,NaN,10.0011408711295,0,NaN,20.1948036100751,0,NaN,2.96116743741029e-15,0,NaN,68.960368782459,0,NaN,3420.21641386007,0,NaN,3329.36431301276,0,NaN,705.173439728176,0,NaN,631.139612959622,0,NaN,18.0094458031992,0,NaN,65.0153535143801,0,NaN,8.62430024986705,0,NaN,-16.0101125163043,0,NaN,-182.834472062312,0,NaN,7,0,NaN,86.2430024986705,0,NaN,65.0153535143801,0,NaN,-123.034492764401,0,NaN,736.164659920824,0,NaN,482.082352550398,0,NaN,3856.65882040319,0,NaN,4592.82348032401,0,NaN,16.0128675758634,0,NaN,0.00275505955912704,0,NaN,0.0137642282799106,0,NaN,0.0963495979593745,0,NaN,0.0220404764730163,0,NaN,51.1178667556587,0,NaN,78.624300249867,0,NaN
C_factorB,E4_volatilidad,1,276.528382248304,0,NaN,2.1410099978932,0,NaN,74.4833243518326,0,NaN,75.9456412342424,0,NaN,4759.74672937908,0,NaN,5203.41948013691,0,NaN,312.092365201361,0,NaN,221.65294840465,0,NaN,226.7611065888,0,NaN,37,0,NaN,0,0,NaN,68.8578611665582,0,NaN,-2.48490437700513,0,NaN,36.2208395819451,0,NaN,0.0171957387636595,0,NaN,20.1948036100751,0,NaN,3.83684525068586e-15,0,NaN,49.0397667993274,0,NaN,2320.83342938469,0,NaN,2159.73548823415,0,NaN,474.561178596862,0,NaN,379.312314524023,0,NaN,102.783932275719,0,NaN,79.6917012795558,0,NaN,15.6403563064989,0,NaN,-6.40755686134807,0,NaN,1.3595513278011,0,NaN,7,0,NaN,156.403563064989,0,NaN,79.6917012795558,0,NaN,-40.0427954666346,0,NaN,316.571177714938,0,NaN,0.8200040016,0,NaN,6.5600320128,0,NaN,323.131209727738,0,NaN,16.0128675758634,0,NaN,9.60531071451533,0,NaN,47.9879605274131,0,NaN,335.915723691892,0,NaN,76.8424857161227,0,NaN,68.2482569225223,0,NaN,85.6403563064989,0,NaN
C_umbral8,E4_volatilidad,10,-45.7213226756739,23.0466541699531,16.4865832199936,3.08878114975154,0.596127370029126,0.426443830988465,45.4865601901517,6.69235609180073,4.7874231474845,90.7345103714603,9.76435064667269,6.98499566741643,147.10466728732,167.017235596778,119.476932900284,1779.14047686871,218.416626249854,156.245841966647,34.3063862619485,8.7619578042259,6.26792702507655,23.1451187742573,5.29191320221526,3.78560665500202,22.45710959016,6.66564919552194,4.76831818479442,4.8,0.918936583472681,0.657367631136271,0,0,0,79.1381958599657,5.93381674967039,4.24479679064111,49.8731438311487,11.8114497321929,8.44940213544954,21.5165333734563,13.4428535366013,9.61643811335991,0,0,0,22.2772001202901,3.74488903314848e-15,2.67893223195657e-15,3.4974397216524e-15,2.36686369213513e-16,1.69315228766009e-16,36.0698371546626,7.82258164229758,5.59593780033691,256.187078845371,14.1515962750752,10.1234421258838,86.1519186102263,42.2752444346512,30.2418880579257,72.0545634924758,23.0956132336121,16.5216064242919,20.3766399727571,21.3478412947213,15.2713256977446,66.097962648431,9.32554870880854,6.671095670812,127.24355134611,47.568554684061,34.0284941002862,16.6624109757861,4.26193684462217,3.04880595461129,-1.74133939469134,4.31253331527031,3.08500048930718,2.42226593613745,0.652220676568319,0.466570565200006,1,0,0,166.624109757861,42.6193684462217,30.4880595461129,127.24355134611,47.568554684061,34.0284941002862,5.57681984265857,27.1490961955037,19.4212934543155,-51.2981425183325,37.416428860197,26.766100781902,0,0,0,0,0,0,-51.2981425183325,37.416428860197,26.766100781902,16.0128675758634,3.74488903314848e-15,2.67893223195657e-15,14.2715281811721,4.31253331527031,3.08500048930718,71.3002995300299,21.5453393083482,15.4126072657081,499.10209671021,150.817375158438,107.888250859957,114.172225449377,34.5002665221625,24.6800039144574,110.745524831376,44.5200558483653,31.8477294053278,86.6624109757861,4.26193684462217,3.04880595461129
E,E4_volatilidad,5,-148.800504303981,44.1555299498909,54.8263318603876,1.72029268193821,0.261736488017421,0.324988774187523,49.6971670459312,3.8771086105381,4.81406617883097,94.0862765408632,2.54386435004011,3.15862477975882,633.1967230388,279.633396500853,347.210721130547,10257.869971321,790.628949822832,981.69550293266,256.95011506948,20.9580773707338,26.0228901428092,166.544127892985,13.2777789915087,16.4865401498626,167.99281980096,13.466888654483,16.7213508100903,33,3.53553390593274,4.38994516542541,0,0,0,72.0291875906935,1.60988560701902,1.99893699946193,16.2062452105663,7.63953294539367,9.48573302138688,43.8333269951604,8.53131121812427,10.5930219970168,0,0,0,1.33366076344277e-06,0,0,2.73012539725384e-15,4.22290893072288e-17,5.24343398697176e-17,37.4588666354718,2.6758386076715,3.32249246414938,1406.45709884956,228.733121564679,284.009682243626,1323.25354733744,287.829475778975,357.387497696615,285.84610422181,44.7285396404699,55.5378173638014,57.7619555005074,25.1714027776325,31.2544246132725,206.562459804489,26.2265618754342,32.56457767739,92.0202385957088,12.9978404355476,16.1389505232166,8.00087176198138,6.97758517544956,8.66381630675601,-3.54134702355517,3.56927418196722,4.43183925146689,2.10978860813508,0.798252671137719,0.991161603221695,7,0,0,80.0087176198138,69.7758517544956,86.6381630675601,92.0202385957088,12.9978404355476,16.1389505232166,-21.948356163831,29.0995482212517,36.1318613903226,-126.85214814015,63.0445011279876,78.2800873353388,0,0,0,0,0,0,-126.85214814015,63.0445011279876,78.2800873353388,16.0128675758634,0,0,12.4715205523082,3.56927418196722,4.43183925146689,62.3074936114847,17.8320299724318,22.141389631659,436.152455280393,124.824209807023,154.989727421613,99.7721644184659,28.5541934557377,35.4547140117351,71.5057448221188,9.9353993710695,12.3364277068333,78.0008717619814,6.97758517544956,8.66381630675601
E0,E4_volatilidad,5,-148.450671298131,43.4134699778642,53.9049427086139,1.78088450616149,0.26779823685262,0.332515429482343,49.6518291236216,3.82816026618235,4.75328878187277,94.0133696580532,2.41840236946368,3.00284315533372,643.486590619199,270.06874527795,335.334638051694,10267.1153852373,780.647290297392,969.301635657595,257.490809486851,20.8698881916403,25.9133888140976,166.995066090843,13.0685090051565,16.2266971419045,167.99281980096,13.466888654483,16.7213508100903,32.4,3.20936130717624,3.98494839234891,0,0,0,72.5978979005094,1.36743878436674,1.6978995082957,16.6858433161889,7.51864091166975,9.33562573544226,43.7614025109085,8.53052722712765,10.5920485436214,0,0,0,20.1948036100751,0,0,2.77400407369482e-15,4.28292534503265e-17,5.31795420792148e-17,36.1186902799433,2.2262942753091,2.76430945105845,1590.30829668746,313.850126015406,389.696402305044,1535.24187767298,414.300410349942,514.421903972569,296.898771616078,47.0528450223423,58.4238236773037,58.7270729092788,25.0941804651715,31.1585404480316,207.17774420741,25.3896935529156,31.5254684100815,91.9104571021574,15.642730800884,19.4230156690508,5.16884213021386,10.5881014666045,13.1468644004113,-3.44894488996859,3.4054733001493,4.22845359363955,2.46302093859493,0.570941075793567,0.708916978908598,7,0,0,51.6884213021385,105.881014666045,131.468644004113,91.9104571021574,15.642730800884,19.4230156690508,-23.519971235318,28.8382092528747,35.8073662019612,-124.930700062813,62.4455660687231,77.536411234988,0,0,0,0,0,0,-124.930700062813,62.4455660687231,77.536411234988,16.0128675758634,0,0,12.5639226858948,3.4054733001493,4.22845359363955,62.7691330181621,17.0136836966413,21.1252785229459,439.383931127135,119.095785876489,147.876949660621,100.511381487159,27.2437864011944,33.8276287491164,68.8613065097666,14.182724742543,17.6101787092493,75.1688421302138,10.5881014666045,13.1468644004113
E0_8,E4_volatilidad,5,-148.450671298131,43.4134699778642,53.9049427086139,1.78088450616149,0.26779823685262,0.332515429482343,49.6518291236216,3.82816026618235,4.75328878187277,94.0133696580532,2.41840236946368,3.00284315533372,643.486590619199,270.06874527795,335.334638051694,10267.1153852373,780.647290297392,969.301635657595,257.490809486851,20.8698881916403,25.9133888140976,166.995066090843,13.0685090051565,16.2266971419045,167.99281980096,13.466888654483,16.7213508100903,32.4,3.20936130717624,3.98494839234891,0,0,0,72.5978979005094,1.36743878436674,1.6978995082957,16.6858433161889,7.51864091166975,9.33562573544226,43.7614025109085,8.53052722712765,10.5920485436214,0,0,0,20.1948036100751,0,0,2.77400407369482e-15,4.28292534503265e-17,5.31795420792148e-17,36.1186902799433,2.2262942753091,2.76430945105845,1590.30829668746,313.850126015406,389.696402305044,1535.24187767298,414.300410349942,514.421903972569,296.898771616078,47.0528450223423,58.4238236773037,58.7270729092788,25.0941804651715,31.1585404480316,207.17774420741,25.3896935529156,31.5254684100815,91.9104571021574,15.642730800884,19.4230156690508,5.16884213021386,10.5881014666045,13.1468644004113,-3.44894488996859,3.4054733001493,4.22845359363955,2.46302093859493,0.570941075793567,0.708916978908598,7,0,0,51.6884213021385,105.881014666045,131.468644004113,91.9104571021574,15.642730800884,19.4230156690508,-23.519971235318,28.8382092528747,35.8073662019612,-124.930700062813,62.4455660687231,77.536411234988,0,0,0,0,0,0,-124.930700062813,62.4455660687231,77.536411234988,16.0128675758634,0,0,12.5639226858948,3.4054733001493,4.22845359363955,62.7691330181621,17.0136836966413,21.1252785229459,439.383931127135,119.095785876489,147.876949660621,100.511381487159,27.2437864011944,33.8276287491164,68.8613065097666,14.182724742543,17.6101787092493,75.1688421302138,10.5881014666045,13.1468644004113
E_8,E4_volatilidad,5,-148.800504303981,44.1555299498909,54.8263318603876,1.72029268193821,0.261736488017421,0.324988774187523,49.6971670459312,3.8771086105381,4.81406617883097,94.0862765408632,2.54386435004011,3.15862477975882,633.1967230388,279.633396500853,347.210721130547,10257.869971321,790.628949822832,981.69550293266,256.95011506948,20.9580773707338,26.0228901428092,166.544127892985,13.2777789915087,16.4865401498626,167.99281980096,13.466888654483,16.7213508100903,33,3.53553390593274,4.38994516542541,0,0,0,72.0291875906935,1.60988560701902,1.99893699946193,16.2062452105663,7.63953294539367,9.48573302138688,43.8333269951604,8.53131121812427,10.5930219970168,0,0,0,1.33366076344277e-06,0,0,2.73012539725384e-15,4.22290893072288e-17,5.24343398697176e-17,37.4588666354718,2.6758386076715,3.32249246414938,1406.45709884956,228.733121564679,284.009682243626,1323.25354733744,287.829475778975,357.387497696615,285.84610422181,44.7285396404699,55.5378173638014,57.7619555005074,25.1714027776325,31.2544246132725,206.562459804489,26.2265618754342,32.56457767739,92.0202385957088,12.9978404355476,16.1389505232166,8.00087176198138,6.97758517544956,8.66381630675601,-3.54134702355517,3.56927418196722,4.43183925146689,2.10978860813508,0.798252671137719,0.991161603221695,7,0,0,80.0087176198138,69.7758517544956,86.6381630675601,92.0202385957088,12.9978404355476,16.1389505232166,-21.948356163831,29.0995482212517,36.1318613903226,-126.85214814015,63.0445011279876,78.2800873353388,0,0,0,0,0,0,-126.85214814015,63.0445011279876,78.2800873353388,16.0128675758634,0,0,12.4715205523082,3.56927418196722,4.43183925146689,62.3074936114847,17.8320299724318,22.141389631659,436.152455280393,124.824209807023,154.989727421613,99.7721644184659,28.5541934557377,35.4547140117351,71.5057448221188,9.9353993710695,12.3364277068333,78.0008717619814,6.97758517544956,8.66381630675601
E_sinLSTM,E4_volatilidad,5,-148.800504303981,44.1555299498909,54.8263318603876,1.72029268193821,0.261736488017421,0.324988774187523,49.6971670459312,3.8771086105381,4.81406617883097,94.0862765408632,2.54386435004011,3.15862477975882,633.1967230388,279.633396500853,347.210721130547,10257.869971321,790.628949822832,981.69550293266,256.95011506948,20.9580773707338,26.0228901428092,166.544127892985,13.2777789915087,16.4865401498626,167.99281980096,13.466888654483,16.7213508100903,33,3.53553390593274,4.38994516542541,0,0,0,72.0291875906935,1.60988560701902,1.99893699946193,16.2062452105663,7.63953294539367,9.48573302138688,43.8333269951604,8.53131121812427,10.5930219970168,0,0,0,1.33366076344277e-06,0,0,2.73012539725384e-15,4.22290893072288e-17,5.24343398697176e-17,37.4588666354718,2.6758386076715,3.32249246414938,1406.45709884956,228.733121564679,284.009682243626,1323.25354733744,287.829475778975,357.387497696615,285.84610422181,44.7285396404699,55.5378173638014,57.7619555005074,25.1714027776325,31.2544246132725,206.562459804489,26.2265618754342,32.56457767739,92.0202385957088,12.9978404355476,16.1389505232166,8.00087176198138,6.97758517544956,8.66381630675601,-3.54134702355517,3.56927418196722,4.43183925146689,2.10978860813508,0.798252671137719,0.991161603221695,7,0,0,80.0087176198138,69.7758517544956,86.6381630675601,92.0202385957088,12.9978404355476,16.1389505232166,-21.948356163831,29.0995482212517,36.1318613903226,-126.85214814015,63.0445011279876,78.2800873353388,0,0,0,0,0,0,-126.85214814015,63.0445011279876,78.2800873353388,16.0128675758634,0,0,12.4715205523082,3.56927418196722,4.43183925146689,62.3074936114847,17.8320299724318,22.141389631659,436.152455280393,124.824209807023,154.989727421613,99.7721644184659,28.5541934557377,35.4547140117351,71.5057448221188,9.9353993710695,12.3364277068333,78.0008717619814,6.97758517544956,8.66381630675601
E_sinLSTM_8,E4_volatilidad,5,-148.800504303981,44.1555299498909,54.8263318603876,1.72029268193821,0.261736488017421,0.324988774187523,49.6971670459312,3.8771086105381,4.81406617883097,94.0862765408632,2.54386435004011,3.15862477975882,633.1967230388,279.633396500853,347.210721130547,10257.869971321,790.628949822832,981.69550293266,256.95011506948,20.9580773707338,26.0228901428092,166.544127892985,13.2777789915087,16.4865401498626,167.99281980096,13.466888654483,16.7213508100903,33,3.53553390593274,4.38994516542541,0,0,0,72.0291875906935,1.60988560701902,1.99893699946193,16.2062452105663,7.63953294539367,9.48573302138688,43.8333269951604,8.53131121812427,10.5930219970168,0,0,0,1.33366076344277e-06,0,0,2.73012539725384e-15,4.22290893072288e-17,5.24343398697176e-17,37.4588666354718,2.6758386076715,3.32249246414938,1406.45709884956,228.733121564679,284.009682243626,1323.25354733744,287.829475778975,357.387497696615,285.84610422181,44.7285396404699,55.5378173638014,57.7619555005074,25.1714027776325,31.2544246132725,206.562459804489,26.2265618754342,32.56457767739,92.0202385957088,12.9978404355476,16.1389505232166,8.00087176198138,6.97758517544956,8.66381630675601,-3.54134702355517,3.56927418196722,4.43183925146689,2.10978860813508,0.798252671137719,0.991161603221695,7,0,0,80.0087176198138,69.7758517544956,86.6381630675601,92.0202385957088,12.9978404355476,16.1389505232166,-21.948356163831,29.0995482212517,36.1318613903226,-126.85214814015,63.0445011279876,78.2800873353388,0,0,0,0,0,0,-126.85214814015,63.0445011279876,78.2800873353388,16.0128675758634,0,0,12.4715205523082,3.56927418196722,4.43183925146689,62.3074936114847,17.8320299724318,22.141389631659,436.152455280393,124.824209807023,154.989727421613,99.7721644184659,28.5541934557377,35.4547140117351,71.5057448221188,9.9353993710695,12.3364277068333,78.0008717619814,6.97758517544956,8.66381630675601
