Version,Escenario,Semilla,E_imp,E_imp_con_excedente,E_imp_en_deficit,imp_a_EV,imp_a_EL,imp_a_Comp,imp_a_Bateria,E_exp,Coste_Import,Ingreso_Export,p_imp,p_exp,Coste_imp_EL,p_imp_EL
A_8_semana,E1_lab_soleado,1,762.216293392062,43.9179374801785,718.298355911883,162.569751029787,576.114484059687,19.122203652937,4.40985464958274,20968.6499712816,89.2981310350688,828.645088797327,117.155893686907,39.518285151034,67.0664852615718,116.411732593454
A_8_semana,E1_lab_soleado,2,752.810877425617,118.499941497893,634.310935927724,156.217614374288,578.860368522982,12.0643762107798,5.66851831748156,20322.5213111351,81.6071735293732,718.880070660203,108.403286903139,35.3735670714399,63.1343544463267,109.066638311101
A_8_semana,E1_lab_soleado,3,1327.71300331627,83.3884036779307,1244.32459963834,245.966268100841,1047.70998169864,29.2815249376587,4.75522857900563,20638.2138626434,146.285286687644,720.502037529904,110.178394217924,34.9110655759829,115.293977696822,110.043790467565
A_8_semana,E1_lab_soleado,4,697.716093909426,152.658663874346,545.05743003508,151.818178097234,520.682226714678,17.3853441534251,7.83034494405397,20515.7118965293,81.3107871104789,778.159870321389,116.53850014392,37.9299472641274,61.0417864146208,117.234242466414
A_8_semana,E1_lab_soleado,5,622.462166683629,22.8953703043173,599.566796379311,95.7343199757838,511.779086808262,13.10170865383,1.84705124572071,18843.0911946679,71.8109722635097,735.023171086239,115.366003119685,39.0075685296387,59.0524391104461,115.386581110084
A_8_semana,E2_lab_nublado,1,1951.87495029615,104.33793541269,1847.53701488346,371.32157564241,1529.72076104129,43.3583171265706,7.47429648572478,4060.24514371175,278.828259731503,312.139458589925,142.851497576316,76.8769981963643,218.669396198892,142.947263165888
A_8_semana,E2_lab_nublado,2,1446.81221732149,56.7348032505463,1390.07741407094,338.736629674762,1073.67771868975,28.7039047940437,5.69396416285255,3551.53715210509,220.500223507732,237.26308182336,152.404175792729,66.805744009387,161.805461935865,150.702076721237
A_8_semana,E2_lab_nublado,3,2499.35284008263,139.299877635859,2360.05296244677,556.544563911533,1870.50149861576,55.8889527726643,16.4178247825453,3291.70733141965,388.678645380056,242.706275691447,155.511714531353,73.7326412268772,291.712655757073,155.954248618861
A_8_semana,E2_lab_nublado,4,2815.99443900659,180.839021576101,2635.15541743049,630.398447207385,2106.61153472736,67.0827202092996,11.9017368623846,4562.94844340063,417.859529011662,312.355085518595,148.387909870685,68.4546602691407,315.706193295566,149.864456778656
A_8_semana,E2_lab_nublado,5,1834.59935320709,238.401281766778,1596.19807144031,435.944401461739,1345.12609746495,35.3745515963061,18.1543026839735,2301.87898154293,266.804900476196,170.442075248303,145.429518444881,74.0447593530988,195.84150154316,145.593414559606
A_8_semana,E3_finde_soleado,1,911.758668486453,59.2855134589003,852.473155027553,169.926664109555,715.449357799007,22.4233436008318,3.9593029769751,21318.1967796533,106.937036023744,953.14011440695,117.286558077109,44.7101658859183,84.105961392313,117.556834002975
A_8_semana,E3_finde_soleado,2,598.559970534039,104.88534322051,493.674627313528,99.6008649733305,481.975794462268,11.2178345783974,5.76547651995818,21830.991961137,70.3002516244377,1018.68560026573,117.448969335045,46.6623597351493,56.7335563803265,117.710385110985
A_8_semana,E3_finde_soleado,3,1252.63721004147,38.1959746585073,1214.44123538296,286.155577670838,932.564890752166,28.5309807880092,5.38576083037004,21298.2796808615,141.416907954502,1019.1300696182,112.89534337705,47.8503468303117,105.193713256395,112.800422039854
A_8_semana,E3_finde_soleado,4,1069.48922942618,122.372814067419,947.116415358763,238.730486873168,801.804527786822,22.0368413433211,6.91737342280294,21957.8607393481,101.712931919544,1007.07282239777,95.1042134142074,45.8638860293487,76.2925173825455,95.1510184073563
A_8_semana,E3_finde_soleado,5,482.432924736865,32.0397933155184,450.393131421347,88.5280317293859,382.731585397388,8.94343520635993,2.22987240368359,19744.2795152464,54.9203013879415,900.897908958259,113.840284466274,45.6282999976064,43.6816792855057,114.131367653263
A_8_semana,E4_volatilidad,1,1222.91801844844,63.623480047658,1159.29453840078,224.646618649253,966.162369394175,26.9278556077575,5.18117479715398,11486.4843987598,116.166274406736,250.336461580249,94.9910563539824,21.7940017928616,92.1684458379204,95.3964351723966
A_8_semana,E4_volatilidad,2,1055.53797107481,63.8982570897552,991.639713985052,192.13712588695,834.773370971777,20.1904011563461,8.43707305966885,10824.095791571,114.940178204329,210.189227801975,108.892509179268,19.4186407668024,89.7042831013507,107.459444947225
A_8_semana,E4_volatilidad,3,2385.72348476972,88.2916328137746,2297.43185195595,501.69811916895,1823.82530829175,52.9118314966802,7.28822581217841,11778.754697173,217.505400478811,199.666357183691,91.1695768044155,16.9513978614065,167.819567777492,92.0151546392768
A_8_semana,E4_volatilidad,4,1613.51149589378,142.154758034609,1471.35673785918,365.017277152102,1197.31832847292,40.7945521602724,10.3813381083912,11541.3376602434,149.002237378189,226.668008516146,92.3465607511218,19.6396652787443,111.506599673087,93.1302870935793
A_8_semana,E4_volatilidad,5,1119.56243406142,63.3037928499147,1056.25864121151,265.399246991448,827.006382114838,24.3216745281277,2.83513042692551,9409.64747377703,90.558272368526,180.668680488861,80.8872016543186,19.2003665378912,65.4355996163274,79.1234518033515
A,E1_lab_soleado,10,3.35346031971106,3.35340114722301,5.91724880495646e-05,5.91724880495646e-05,0.935574939935205,0,2.4178262072878,2840.2810220382,0.350293923943491,221.982568624565,104.457453062594,78.1551427137547,0.0978774112296133,104.617393061417
A,E1_lab_soleado,1,4.37532498263474,4.37518700407632,0.000137978558424762,0.603247499574642,2.10370751758619,0.0122804296398208,1.65608953583409,2874.84814236882,0.428428399780456,218.084135629218,97.9192177680168,75.8593584179793,0.200716444557986,95.4108129956629
A,E1_lab_soleado,2,2.5305088547466,2.53048322666657,2.56280800313537e-05,2.56280800313537e-05,0.850992657735711,0,1.67949056893086,3127.28495763432,0.264624216242882,241.258815644596,104.573519174419,77.1464125952563,0.0890723939771795,104.668816079072
A,E1_lab_soleado,3,270.240968318288,7.20234678373563,263.038621534552,50.1959405377976,211.318436582982,6.94486455694866,1.78172664055955,2783.43302163139,29.8501297897837,211.154401362026,110.457455712734,75.8611397224379,23.3630403488815,110.558457305769
A,E1_lab_soleado,4,155.913076889113,17.2443334607831,138.66874342833,18.6619935053919,132.148859762106,3.4274794619669,1.67474415963148,2421.14363937368,19.2656679338242,179.697249082187,123.566722677958,74.2199868524416,16.3098008751792,123.419913758923
A,E1_lab_soleado,5,119.983263920629,12.7780263744594,107.20523754617,23.490698295809,91.2760241053752,2.75400845721201,2.46253306221602,2763.88340137396,14.9689468311573,208.973466094047,124.758623344832,75.6086403609372,11.4059070479076,124.960603397227
A,E1_lab_soleado,6,259.688909366616,14.4494118580431,245.239497508573,50.0653892798803,201.264601590358,6.75412828225269,1.60479021412549,2738.60712819551,30.1815271355931,207.434639041603,116.221856409679,75.7445771998278,23.3785294745937,116.158178287988
A,E1_lab_soleado,7,27.2684701500806,26.3473389387049,0.92113121137576,8.97787729656883,15.2163608166461,0.708844051079652,2.36538798578608,2911.99543619112,3.08845102801013,222.003489346773,113.260883761057,76.2375814836965,1.75904361564062,115.602123059299
A,E1_lab_soleado,8,29.044383847211,14.7846313857386,14.2597524614724,9.43489467716326,17.1820704104278,0.597182243582058,1.83023651603778,2985.40508753437,3.35132560405009,225.705000916159,115.386355643826,75.6028057494093,2.02373313722076,117.781681071017
A,E1_lab_soleado,9,3.35723203089284,3.35699696432059,0.00023506657224905,0.609201308905857,1.61666891380472,0,1.13136180818226,2384.26867407852,0.336040506538812,184.181288552858,100.094513410633,77.2485460867959,0.157647525292989,97.513797628468
A,E2_lab_nublado,10,627.500339535616,94.2851411757927,533.215198359823,135.829960614441,469.278807616106,13.0280800455608,9.36349125949102,53.2049546209228,92.3264684312316,7.05079515546785,147.133734620061,132.521401544343,70.4208544324404,150.0618678908
A,E2_lab_nublado,1,549.479213955099,35.0997754777145,514.379438477384,115.678011088852,417.324278570949,13.4690250015733,3.00789929369121,71.5725479149695,86.6888576245823,9.18004200533808,157.765490346039,128.262053996516,65.8622945576991,157.820423923651
A,E2_lab_nublado,2,263.429787003797,19.6233628436753,243.806424160121,51.0010817255298,200.626922442471,8.9563401207578,2.84544271502107,65.2316188088375,37.5229781698836,8.8513925299233,142.440149220266,135.691750282366,28.7722259661756,143.411590109129
A,E2_lab_nublado,3,722.729586557346,26.2587217054368,696.470864851909,164.414329640578,539.260444516915,13.4887350476303,5.56607735220608,66.9383917726261,101.646014818339,8.69516585670218,140.641834385832,129.898039472439,75.8629895406849,140.679685135529
A,E2_lab_nublado,4,635.152345293614,101.951903730014,533.2004415636,151.487263395917,465.814705754814,10.2036098952979,7.64676624755093,56.9328916723285,83.6208861728508,7.48354587709023,131.654849096393,131.445033921007,62.5303696704494,134.238719598009
A,E2_lab_nublado,5,32.6283598267746,32.6282369861896,0.000122840584974541,5.25514386371484,24.2287727203715,0.536845966352574,2.60759727633564,68.7559516817468,4.7111714805813,8.96783677014,144.388853917056,130.42997079947,3.71378205754822,153.279825619301
A,E2_lab_nublado,6,517.821120188181,22.4168373177864,495.404282870394,100.222088095625,410.944493449501,5.14432794845894,1.51021069457914,69.7093288444571,83.3515482710468,9.45285819372899,160.965910855,135.603919165844,66.6555278979951,162.200805608765
A,E2_lab_nublado,7,589.062269275226,14.5910418416307,574.471227433595,125.610795959377,447.230302111279,14.6434706465401,1.57770055799626,67.5318230731196,88.0959345361995,8.92065483260315,149.552838691556,132.095572526517,67.2988512258764,150.479184679958
A,E2_lab_nublado,8,618.598199656823,23.3608263461858,595.237373310637,179.773091961465,420.326198659214,14.6352376717103,3.86367136443353,70.3556858682579,78.7502221727364,9.55313278125688,127.304318403164,135.783379315572,53.6947620190802,127.745456244126
A,E2_lab_nublado,9,62.6158018832335,15.7326047972982,46.8831970859353,16.2038395955504,44.9631383169959,0.152804819915797,1.29601915077133,67.5341710965083,6.96984588418237,9.02329967967442,111.311293228821,133.610874808545,4.99945167100961,111.190007151254
A,E3_finde_soleado,10,198.017389005304,22.8006242381038,175.216764767201,44.5353944978538,141.266596474656,4.97722553608276,7.23817249669649,2820.71470535196,23.4169409085364,18.7619077630391,118.256992611437,6.65147302116045,16.7573717332918,118.622322272046
A,E3_finde_soleado,1,2.48636118168808,2.48623331912788,0.000127862560200171,0.000127862560200171,0.904184232570437,0,1.58204908655744,3201.84493628282,0.0610280981242167,20.5074595020863,24.5451459641847,6.40488840346356,0.0223931944523264,24.7661855246762
A,E3_finde_soleado,2,98.6509164325234,39.4783751396744,59.172541292849,29.0357942872325,64.4962146198844,0.906113072394569,4.21279445299524,2603.52329662576,9.48212866782365,16.9945049969906,96.1179988055089,6.52750256508783,6.47086677209552,100.329403984905
A,E3_finde_soleado,3,209.524796907086,18.6107033679032,190.914093539183,32.9914765953445,171.060134520716,1.78526659763875,3.68791919336995,3327.61566144472,26.042555599798,15.1116642796051,124.293429628506,4.54128896395571,21.659424713241,126.618775168904
A,E3_finde_soleado,4,200.78012393243,25.5343203584332,175.245803573996,34.7731157386258,157.470341705281,5.24813903084401,3.28852745767909,3080.15225988951,23.0579856618695,6.86333764538004,114.84197344967,2.22824622495326,18.2941728581075,116.175355054138
A,E3_finde_soleado,5,322.848853344511,5.02099305252957,317.827860291981,75.1591824928871,238.076231140538,7.27263221464155,2.34080749642826,3501.6918416654,41.1404217435147,12.8024138241228,127.429356856392,3.65606524017659,30.5143978431431,128.17070270711
A,E3_finde_soleado,6,3.95821371984373,3.9581518251276,6.1894716134358e-05,0.133142126566238,1.13279824424861,0,2.69227334902889,3018.10351764994,0.1030375852006,25.610851953081,26.031334458784,8.48574338266003,0.0299048233667737,26.3990728433816
A,E3_finde_soleado,7,3.30034483909274,3.30019004324578,0.000154795846962533,0.000154795846962533,0.959385812081214,0,2.34080423116456,2906.86661495082,0.0792030322274524,21.2596172350833,23.9984111021638,7.31358540007966,0.0237676441269276,24.7738123991723
A,E3_finde_soleado,8,225.740734979137,3.74077138572379,221.999963593413,87.751201946231,131.447777110841,4.18328078649798,2.35847513556767,3090.98146477857,27.134114235965,20.5135525875088,120.20034504837,6.63658220576818,15.9063310369703,121.008748771443
A,E3_finde_soleado,9,114.109564065908,9.32096113631248,104.788602929595,24.6346956253348,82.8943583724935,4.23908256450764,2.3414275035552,2283.29800641302,13.7141665740351,9.14590809210313,120.18419916243,4.0055691663617,10.1120215220881,121.986848328674
A,E4_volatilidad,10,3.3934578264632,3.39333253963888,0.000125286824319382,0.000125286824319382,0.907436959330649,0,2.48589558030823,1737.35777124521,0.197796862235341,72.0948099615522,58.2877030894158,41.4968126627596,0.0539025213506414,59.4008440987476
A,E4_volatilidad,1,20.1520150162824,19.8133001412218,0.33871487506054,4.037141817019,13.9034431945595,0.565253654747403,1.64617634995649,1916.07055870521,2.23947371488837,64.6513613058161,111.129021741941,33.7416391124472,1.6568849353794,119.170835036586
A,E4_volatilidad,2,4.48254214123178,3.94090701129557,0.541635129936217,0.426518655907355,2.13605728417273,0.180856839583912,1.73910936156779,2024.55473742593,0.348063811804491,74.2605922305194,77.6487539521144,36.6799626889497,0.174882527052919,81.8716465839767
A,E4_volatilidad,3,462.948629883733,47.395065437153,415.55356444658,101.179429396775,348.993723214089,9.31905848434469,3.45641878852073,1854.49285239809,52.6707166317462,68.9310834737456,113.772270251614,37.1697757608552,40.3951718323383,115.74755975642
A,E4_volatilidad,4,131.040565944075,28.9865911434687,102.053974800606,22.4972134571285,102.754276210156,3.67229555076547,2.1167807260077,1613.55492401158,28.6646223902468,56.6960084555263,218.746173627488,35.1373279036391,22.4891912440314,218.863798894713
A,E4_volatilidad,5,205.868767647842,6.22929723944699,199.639470408395,31.4954737645613,167.885491254138,4.80619905306876,1.68160357605657,1867.61038217841,42.5453428369123,68.250668911155,206.662444833255,36.5443828982929,33.9049043070595,201.952557387676
A,E4_volatilidad,6,379.470665497636,11.7134967730753,367.75716872456,80.3220587981483,286.965005847433,9.78503738238295,2.39856346966885,1827.72305879656,46.966990661027,69.3077354625405,123.769753320549,37.9202610203841,35.0360150497794,122.091594221794
A,E4_volatilidad,7,24.7794194293854,4.33723746909582,20.4421819602896,5.32078699617172,16.1708086094001,0.934344604709658,2.35347921910394,1973.92802827843,2.7096540064401,77.8241797528544,109.350988394295,39.4260472712013,1.83647703447657,113.567421322952
A,E4_volatilidad,8,194.460580678506,27.3834608276461,167.07711985086,65.3861288838126,123.118408624311,4.27289810979552,1.68314506057102,2031.90762505609,22.97599123165,76.7333255786316,118.152435580943,37.7641801391013,14.9354625344153,121.309743208183
A,E4_volatilidad,9,18.3062999934101,18.3060260580033,0.00027393540681669,0.662694533318472,15.0889755397144,0.733694426766423,1.82093549361087,1313.23492245819,2.2286984485565,47.6743419581431,121.744888336736,36.302980634191,1.97000988716752,130.559552037342
A_factor3,E1_lab_soleado,1,5430.0917619284,365.196563540847,5064.89519838755,1822.83084077026,3573.64113651766,0,33.6197846403717,5808.09212745996,514.522503962613,203.235267378798,94.75392433882,34.9917430575741,342.267678543591,95.7756152530508
A_factor3,E2_lab_nublado,1,5939.10629139545,396.742917108396,5542.36337428705,3420.97626713713,2463.77112143988,0,54.3589028184129,198.444956716976,639.286642826136,21.1749083329709,107.640209058446,106.704189833208,237.730038771517,96.4903097949224
A_factor3,E3_finde_soleado,1,3918.19958799425,296.987541016639,3621.21204697761,1370.78737867325,2520.16522962498,0.000466147692335196,27.2465135482238,6927.55489614,368.948459066232,293.577610402868,94.1627527593864,42.3782438110232,243.671068663721,96.688528910456
A_factor3,E4_volatilidad,1,8253.020965659,411.127398229617,7841.89356742938,2832.25260306879,5356.27438774194,0,64.4939748480994,1145.68458891023,572.158519316299,19.7180253459122,69.3271617383577,17.2106926607679,380.195387971308,70.9813128396486
A_factorB,E1_lab_soleado,1,2414.52751643346,106.006594866416,2308.52092156704,615.705234807102,1748.77905467694,44.2788995504629,5.76432739880113,12719.5051999543,288.550229720155,507.862317122071,119.505877550063,39.927835960466,211.408995845334,120.889483025281
A_factorB,E2_lab_nublado,1,3548.79817222943,280.485007806925,3268.3131644225,1381.57540380534,2104.91057039267,21.8052377671637,40.5069602642111,436.257525047534,413.155221282052,44.5788400580581,116.421166048589,102.184690231305,248.939882820852,118.266251460941
A_factorB,E3_finde_soleado,1,2927.32127086463,214.629474477948,2712.69179638668,761.658322596733,2096.26644129638,51.954949954674,17.4415570167164,14050.0720743846,344.358573362423,583.65174464411,117.636071171891,41.5408363426261,248.890999801794,118.730613102729
A_factorB,E4_volatilidad,1,4132.81363981178,181.86715971295,3950.94648009884,1174.19994150903,2869.97515570721,74.1759071143986,14.4626354809635,4736.17010525455,371.280261492122,96.7540751410366,89.8371651495593,20.4287584674572,267.068624781838,93.0560755032139
A_semana,E1_lab_soleado,1,762.216293392062,43.9179374801785,718.298355911883,162.569751029787,576.114484059687,19.122203652937,4.40985464958274,20968.6499712816,89.2981310350688,828.645088797327,117.155893686907,39.518285151034,67.0664852615718,116.411732593454
A_semana,E1_lab_soleado,2,752.810877425617,118.499941497893,634.310935927724,156.217614374288,578.860368522982,12.0643762107798,5.66851831748156,20322.5213111351,81.6071735293732,718.880070660203,108.403286903139,35.3735670714399,63.1343544463267,109.066638311101
A_semana,E1_lab_soleado,3,1327.71300331627,83.3884036779307,1244.32459963834,245.966268100841,1047.70998169864,29.2815249376587,4.75522857900563,20638.2138626434,146.285286687644,720.502037529904,110.178394217924,34.9110655759829,115.293977696822,110.043790467565
A_semana,E1_lab_soleado,4,697.716093909426,152.658663874346,545.05743003508,151.818178097234,520.682226714678,17.3853441534251,7.83034494405397,20515.7118965293,81.3107871104789,778.159870321389,116.53850014392,37.9299472641274,61.0417864146208,117.234242466414
A_semana,E1_lab_soleado,5,622.462166683629,22.8953703043173,599.566796379311,95.7343199757838,511.779086808262,13.10170865383,1.84705124572071,18843.0911946679,71.8109722635097,735.023171086239,115.366003119685,39.0075685296387,59.0524391104461,115.386581110084
A_semana,E2_lab_nublado,1,1951.87495029615,104.33793541269,1847.53701488346,371.32157564241,1529.72076104129,43.3583171265706,7.47429648572478,4060.24514371175,278.828259731503,312.139458589925,142.851497576316,76.8769981963643,218.669396198892,142.947263165888
A_semana,E2_lab_nublado,2,1446.81221732149,56.7348032505463,1390.07741407094,338.736629674762,1073.67771868975,28.7039047940437,5.69396416285255,3551.53715210509,220.500223507732,237.26308182336,152.404175792729,66.805744009387,161.805461935865,150.702076721237
A_semana,E2_lab_nublado,3,2499.35284008263,139.299877635859,2360.05296244677,556.544563911533,1870.50149861576,55.8889527726643,16.4178247825453,3291.70733141965,388.678645380056,242.706275691447,155.511714531353,73.7326412268772,291.712655757073,155.954248618861
A_semana,E2_lab_nublado,4,2815.99443900659,180.839021576101,2635.15541743049,630.398447207385,2106.61153472736,67.0827202092996,11.9017368623846,4562.94844340063,417.859529011662,312.355085518595,148.387909870685,68.4546602691407,315.706193295566,149.864456778656
A_semana,E2_lab_nublado,5,1830.0614931657,209.022156905339,1621.03933626036,420.037532421431,1359.02623762024,35.798113895199,15.1996092287086,2296.48809348453,268.370326128755,170.180037332027,146.645523732932,74.1044718737503,199.459765901499,146.766677772733
A_semana,E3_finde_soleado,1,911.758668486453,59.2855134589003,852.473155027553,169.926664109555,715.449357799007,22.4233436008318,3.9593029769751,21318.1967796533,106.937036023744,953.14011440695,117.286558077109,44.7101658859183,84.105961392313,117.556834002975
A_semana,E3_finde_soleado,2,598.559970534039,104.88534322051,493.674627313528,99.6008649733305,481.975794462268,11.2178345783974,5.76547651995818,21830.991961137,70.3002516244377,1018.68560026573,117.448969335045,46.6623597351493,56.7335563803265,117.710385110985
A_semana,E3_finde_soleado,3,1252.63721004147,38.1959746585073,1214.44123538296,286.155577670838,932.564890752166,28.5309807880092,5.38576083037004,21298.2796808615,141.416907954502,1019.1300696182,112.89534337705,47.8503468303117,105.193713256395,112.800422039854
A_semana,E3_finde_soleado,4,1069.48922942618,122.372814067419,947.116415358763,238.730486873168,801.804527786822,22.0368413433211,6.91737342280294,21957.8607393481,101.712931919544,1007.07282239777,95.1042134142074,45.8638860293487,76.2925173825455,95.1510184073563
A_semana,E3_finde_soleado,5,482.432924736865,32.0397933155184,450.393131421347,88.5280317293859,382.731585397388,8.94343520635993,2.22987240368359,19744.2795152464,54.9203013879415,900.897908958259,113.840284466274,45.6282999976064,43.6816792855057,114.131367653263
A_semana,E4_volatilidad,1,1222.91801844844,63.623480047658,1159.29453840078,224.646618649253,966.162369394175,26.9278556077575,5.18117479715398,11486.4843987598,116.166274406736,250.336461580249,94.9910563539824,21.7940017928616,92.1684458379204,95.3964351723966
A_semana,E4_volatilidad,2,1055.53797107481,63.8982570897552,991.639713985052,192.13712588695,834.773370971777,20.1904011563461,8.43707305966885,10824.095791571,114.940178204329,210.189227801975,108.892509179268,19.4186407668024,89.7042831013507,107.459444947225
A_semana,E4_volatilidad,3,2385.72348476972,88.2916328137746,2297.43185195595,501.69811916895,1823.82530829175,52.9118314966802,7.28822581217841,11778.754697173,217.505400478811,199.666357183691,91.1695768044155,16.9513978614065,167.819567777492,92.0151546392768
A_semana,E4_volatilidad,4,1613.51149589378,142.154758034609,1471.35673785918,365.017277152102,1197.31832847292,40.7945521602724,10.3813381083912,11541.3376602434,149.002237378189,226.668008516146,92.3465607511218,19.6396652787443,111.506599673087,93.1302870935793
A_semana,E4_volatilidad,5,1119.56243406142,63.3037928499147,1056.25864121151,265.399246991448,827.006382114838,24.3216745281277,2.83513042692551,9409.64747377703,90.558272368526,180.668680488861,80.8872016543186,19.2003665378912,65.4355996163274,79.1234518033515
A_semana_s6a10,E1_lab_soleado,10,877.453658672583,137.317225563024,740.136433109559,150.841778997418,696.840781062394,19.5717237804393,10.1993748322305,20514.5885926812,103.779810221443,793.305340418309,118.273836111689,38.6703022014942,82.0888887825391,117.801499300009
A_semana_s6a10,E1_lab_soleado,6,138.086534968263,34.9792000467151,103.107334921548,15.352341644865,117.757718334286,3.4650361248994,1.51143886419685,18905.8125658194,15.224793863923,689.492031764396,110.255455880779,36.4698438305136,12.9941887866994,110.346811831154
A_semana_s6a10,E1_lab_soleado,7,352.345349725876,93.6624365916306,258.682913134246,70.2823085780988,268.453081775793,10.1891511366277,3.42080823530579,19413.0035526519,45.0729248484886,690.21552328213,127.92257619848,35.554288207393,34.2870639806133,127.720880512183
A_semana_s6a10,E1_lab_soleado,8,1206.55085651556,55.4506854312616,1151.1001710843,240.929414990814,934.387639818786,25.6516014389124,5.58220026696466,20853.0295525428,138.983136354466,766.797587369967,115.190450202688,36.771519717933,107.389343955654,114.930184624961
A_semana_s6a10,E1_lab_soleado,9,1359.96719251432,148.845388707348,1211.12180380697,237.639377647013,1086.24877595728,26.2516170225945,9.82742188729343,20144.2218997116,138.208379313028,770.924260115804,101.626259864039,38.2702426509134,110.156316331176,101.409841621315
A_semana_s6a10,E2_lab_nublado,10,2081.90805297469,145.83317012753,1936.07488284716,391.770505655932,1640.83357387209,44.0480594872341,5.25591395927387,3468.18438179712,301.874413622024,265.178450836193,144.998917310828,76.460309384931,238.069178668184,145.090387263579
A_semana_s6a10,E2_lab_nublado,6,1714.39312363844,191.105702384727,1523.28742125371,324.910529023243,1351.63760859601,26.1725715208548,11.6724144981977,2958.98908687831,259.532632528232,184.37194567783,151.384550573458,62.3090995824994,205.437633131422,151.991652070718
A_semana_s6a10,E2_lab_nublado,7,2068.81537140998,222.621651399216,1846.19372001076,417.394545725819,1594.73220469282,38.8255759185043,17.863045072732,2463.995156001,315.207877471565,180.796925347615,152.361531061488,73.3755197964934,245.344486669944,153.846825158461
A_semana_s6a10,E2_lab_nublado,8,1889.33960980041,205.295483555597,1684.04412624481,391.569628078283,1440.78202574564,39.8566460987493,17.1313098775751,3238.80694484986,289.119903119768,239.050816874554,153.026963294498,73.808294518658,220.839912177757,153.277809017271
A_semana_s6a10,E2_lab_nublado,9,2654.20734651071,79.748438989076,2574.45890752164,537.87170602621,2044.44272341513,60.2849962362523,11.607920832941,4140.80773290555,399.356886759149,314.912974012761,150.461827062665,76.0510978353953,306.989931812327,150.158245225632
A_semana_s6a10,E3_finde_soleado,10,895.135116091558,160.640239741639,734.494876349919,154.289837557643,714.256826545662,20.7322665483923,5.85618543974633,21085.7283426719,107.741381401637,958.673108521453,120.363260769022,45.4654965169666,86.0045579593603,120.411250915587
A_semana_s6a10,E3_finde_soleado,6,322.025871562599,48.2874067628611,273.738464799738,87.5359924647697,225.519261164871,5.94326979752949,3.02734813541171,21018.1287694167,37.5508348575996,979.561593831775,116.608130506372,46.6055567828249,26.5197724922214,117.594268246709
A_semana_s6a10,E3_finde_soleado,7,625.154738147068,171.373378874054,453.781359273015,122.359595041343,483.650471848905,14.5361816399006,4.60848961681644,20291.9399394173,76.9502301226624,889.00696464514,123.089893472998,43.8108415114238,60.6443032600589,125.388698636491
A_semana_s6a10,E3_finde_soleado,8,244.734435661357,30.5196639773363,214.214771684021,45.997947124942,191.897693194538,4.31417656807586,2.52461877378493,20287.4593933713,25.7535133098355,911.899237297489,105.230443930951,44.9489125087513,20.2714893413372,105.636962090976
A_semana_s6a10,E3_finde_soleado,9,1228.1419623343,99.9280935144486,1128.21386881985,219.365936491423,975.670184709195,24.7045546505739,8.40128648299432,21301.622008567,141.27032053394,1039.31651209762,115.027679915302,48.790487019234,112.300016254098,115.100387419925
A_semana_s6a10,E4_volatilidad,10,1128.94709309571,143.107450352725,985.839642742987,170.728402222159,926.341552980383,22.9819847460997,8.89515314696841,10851.9949547142,112.98290522198,205.940384935802,100.078122272468,18.9771913639104,92.3247385893375,99.6659798886219
A_semana_s6a10,E4_volatilidad,6,631.97236516502,95.8877539286688,536.084611236351,114.148473270713,502.365226289528,12.5047822071393,2.9538833975696,9530.91236816048,67.7895033234825,166.583315296739,107.266562685508,17.4782128784687,53.9061879631398,107.304775772979
A_semana_s6a10,E4_volatilidad,7,809.874232219584,93.3609393643811,716.513292855203,193.327652821757,590.936393706069,18.6462523633358,6.963933328387,9920.22116940193,78.8137612221266,160.754401404342,97.3160499329944,16.204719497603,59.9270184546154,101.410268673388
A_semana_s6a10,E4_volatilidad,8,1593.17169116353,137.832056811446,1455.33963435209,346.989107065116,1202.61181174218,33.503861467323,10.0669108887806,11363.6581260952,166.573556508515,195.839849071409,104.55468009657,17.2338737137549,127.303877749861,105.856167806501
A_semana_s6a10,E4_volatilidad,9,1924.88330413308,148.440012089794,1776.44329204328,355.966417450227,1521.98637942255,34.8254934318216,12.1050138282999,10916.3479289825,157.662651150777,204.503339825039,81.9076412644063,18.733677339295,125.218149139301,82.2728447719809
A_umbral8,E1_lab_soleado,10,3.35346031971106,3.35340114722301,5.91724880495646e-05,5.91724880495646e-05,0.935574939935205,0,2.4178262072878,2840.2810220382,0.350293923943491,221.982568624565,104.457453062594,78.1551427137547,0.0978774112296133,104.617393061417
A_umbral8,E1_lab_soleado,1,4.37532498263474,4.37518700407632,0.000137978558424762,0.603247499574642,2.10370751758619,0.0122804296398208,1.65608953583409,2874.84814236882,0.428428399780456,218.084135629218,97.9192177680168,75.8593584179793,0.200716444557986,95.4108129956629
A_umbral8,E1_lab_soleado,2,2.5305088547466,2.53048322666657,2.56280800313537e-05,2.56280800313537e-05,0.850992657735711,0,1.67949056893086,3127.28495763432,0.264624216242882,241.258815644596,104.573519174419,77.1464125952563,0.0890723939771795,104.668816079072
A_umbral8,E1_lab_soleado,3,270.240968318288,7.20234678373563,263.038621534552,50.1959405377976,211.318436582982,6.94486455694866,1.78172664055955,2783.43302163139,29.8501297897837,211.154401362026,110.457455712734,75.8611397224379,23.3630403488815,110.558457305769
A_umbral8,E1_lab_soleado,4,155.913076889113,17.2443334607831,138.66874342833,18.6619935053919,132.148859762106,3.4274794619669,1.67474415963148,2421.14363937368,19.2656679338242,179.697249082187,123.566722677958,74.2199868524416,16.3098008751792,123.419913758923
A_umbral8,E1_lab_soleado,5,119.983263920629,12.7780263744594,107.20523754617,23.490698295809,91.2760241053752,2.75400845721201,2.46253306221602,2763.88340137396,14.9689468311573,208.973466094047,124.758623344832,75.6086403609372,11.4059070479076,124.960603397227
A_umbral8,E1_lab_soleado,6,259.688909366616,14.4494118580431,245.239497508573,50.0653892798803,201.264601590358,6.75412828225269,1.60479021412549,2738.60712819551,30.1815271355931,207.434639041603,116.221856409679,75.7445771998278,23.3785294745937,116.158178287988
A_umbral8,E1_lab_soleado,7,27.2684701500806,26.3473389387049,0.92113121137576,8.97787729656883,15.2163608166461,0.708844051079652,2.36538798578608,2911.99543619112,3.08845102801013,222.003489346773,113.260883761057,76.2375814836965,1.75904361564062,115.602123059299
A_umbral8,E1_lab_soleado,8,29.044383847211,14.7846313857386,14.2597524614724,9.43489467716326,17.1820704104278,0.597182243582058,1.83023651603778,2985.40508753437,3.35132560405009,225.705000916159,115.386355643826,75.6028057494093,2.02373313722076,117.781681071017
A_umbral8,E1_lab_soleado,9,3.35723203089284,3.35699696432059,0.00023506657224905,0.609201308905857,1.61666891380472,0,1.13136180818226,2384.26867407852,0.336040506538812,184.181288552858,100.094513410633,77.2485460867959,0.157647525292989,97.513797628468
A_umbral8,E2_lab_nublado,10,627.500339535616,94.2851411757927,533.215198359823,135.829960614441,469.278807616106,13.0280800455608,9.36349125949102,53.2049546209228,92.3264684312316,7.05079515546785,147.133734620061,132.521401544343,70.4208544324404,150.0618678908
A_umbral8,E2_lab_nublado,1,549.479213955099,35.0997754777145,514.379438477384,115.678011088852,417.324278570949,13.4690250015733,3.00789929369121,71.5725479149695,86.6888576245823,9.18004200533808,157.765490346039,128.262053996516,65.8622945576991,157.820423923651
A_umbral8,E2_lab_nublado,2,263.429787003797,19.6233628436753,243.806424160121,51.0010817255298,200.626922442471,8.9563401207578,2.84544271502107,65.2316188088375,37.5229781698836,8.8513925299233,142.440149220266,135.691750282366,28.7722259661756,143.411590109129
A_umbral8,E2_lab_nublado,3,722.729586557346,26.2587217054368,696.470864851909,164.414329640578,539.260444516915,13.4887350476303,5.56607735220608,66.9383917726261,101.646014818339,8.69516585670218,140.641834385832,129.898039472439,75.8629895406849,140.679685135529
A_umbral8,E2_lab_nublado,4,635.152345293614,101.951903730014,533.2004415636,151.487263395917,465.814705754814,10.2036098952979,7.64676624755093,56.9328916723285,83.6208861728508,7.48354587709023,131.654849096393,131.445033921007,62.5303696704494,134.238719598009
A_umbral8,E2_lab_nublado,5,32.6283598267746,32.6282369861896,0.000122840584974541,5.25514386371484,24.2287727203715,0.536845966352574,2.60759727633564,68.7559516817468,4.7111714805813,8.96783677014,144.388853917056,130.42997079947,3.71378205754822,153.279825619301
A_umbral8,E2_lab_nublado,6,517.821120188181,22.4168373177864,495.404282870394,100.222088095625,410.944493449501,5.14432794845894,1.51021069457914,69.7093288444571,83.3515482710468,9.45285819372899,160.965910855,135.603919165844,66.6555278979951,162.200805608765
A_umbral8,E2_lab_nublado,7,589.062269275226,14.5910418416307,574.471227433595,125.610795959377,447.230302111279,14.6434706465401,1.57770055799626,67.5318230731196,88.0959345361995,8.92065483260315,149.552838691556,132.095572526517,67.2988512258764,150.479184679958
A_umbral8,E2_lab_nublado,8,618.598199656823,23.3608263461858,595.237373310637,179.773091961465,420.326198659214,14.6352376717103,3.86367136443353,70.3556858682579,78.7502221727364,9.55313278125688,127.304318403164,135.783379315572,53.6947620190802,127.745456244126
A_umbral8,E2_lab_nublado,9,808.933982816817,60.9425985849887,747.991384231829,155.435768579818,639.70043536206,9.11279889777295,4.68497997716574,54.8452997737828,125.822231662598,6.99279715213138,155.540791134115,127.500390753158,99.9434701793646,156.234800938971
A_umbral8,E3_finde_soleado,10,198.017389005304,22.8006242381038,175.216764767201,44.5353944978538,141.266596474656,4.97722553608276,7.23817249669649,2820.71470535196,23.4169409085364,18.7619077630391,118.256992611437,6.65147302116045,16.7573717332918,118.622322272046
A_umbral8,E3_finde_soleado,1,2.48636118168808,2.48623331912788,0.000127862560200171,0.000127862560200171,0.904184232570437,0,1.58204908655744,3201.84493628282,0.0610280981242167,20.5074595020863,24.5451459641847,6.40488840346356,0.0223931944523264,24.7661855246762
A_umbral8,E3_finde_soleado,2,98.6509164325234,39.4783751396744,59.172541292849,29.0357942872325,64.4962146198844,0.906113072394569,4.21279445299524,2603.52329662576,9.48212866782365,16.9945049969906,96.1179988055089,6.52750256508783,6.47086677209552,100.329403984905
A_umbral8,E3_finde_soleado,3,209.524796907086,18.6107033679032,190.914093539183,32.9914765953445,171.060134520716,1.78526659763875,3.68791919336995,3327.61566144472,26.042555599798,15.1116642796051,124.293429628506,4.54128896395571,21.659424713241,126.618775168904
A_umbral8,E3_finde_soleado,4,200.78012393243,25.5343203584332,175.245803573996,34.7731157386258,157.470341705281,5.24813903084401,3.28852745767909,3080.15225988951,23.0579856618695,6.86333764538004,114.84197344967,2.22824622495326,18.2941728581075,116.175355054138
A_umbral8,E3_finde_soleado,5,322.848853344511,5.02099305252957,317.827860291981,75.1591824928871,238.076231140538,7.27263221464155,2.34080749642826,3501.6918416654,41.1404217435147,12.8024138241228,127.429356856392,3.65606524017659,30.5143978431431,128.17070270711
A_umbral8,E3_finde_soleado,6,3.95821371984373,3.9581518251276,6.1894716134358e-05,0.133142126566238,1.13279824424861,0,2.69227334902889,3018.10351764994,0.1030375852006,25.610851953081,26.031334458784,8.48574338266003,0.0299048233667737,26.3990728433816
A_umbral8,E3_finde_soleado,7,3.30034483909274,3.30019004324578,0.000154795846962533,0.000154795846962533,0.959385812081214,0,2.34080423116456,2906.86661495082,0.0792030322274524,21.2596172350833,23.9984111021638,7.31358540007966,0.0237676441269276,24.7738123991723
A_umbral8,E3_finde_soleado,8,225.740734979137,3.74077138572379,221.999963593413,87.751201946231,131.447777110841,4.18328078649798,2.35847513556767,3090.98146477857,27.134114235965,20.5135525875088,120.20034504837,6.63658220576818,15.9063310369703,121.008748771443
A_umbral8,E3_finde_soleado,9,114.109564065908,9.32096113631248,104.788602929595,24.6346956253348,82.8943583724935,4.23908256450764,2.3414275035552,2283.29800641302,13.7141665740351,9.14590809210313,120.18419916243,4.0055691663617,10.1120215220881,121.986848328674
A_umbral8,E4_volatilidad,10,3.3934578264632,3.39333253963888,0.000125286824319382,0.000125286824319382,0.907436959330649,0,2.48589558030823,1737.35777124521,0.197796862235341,72.0948099615522,58.2877030894158,41.4968126627596,0.0539025213506414,59.4008440987476
A_umbral8,E4_volatilidad,1,20.1520150162824,19.8133001412218,0.33871487506054,4.037141817019,13.9034431945595,0.565253654747403,1.64617634995649,1916.07055870521,2.23947371488837,64.6513613058161,111.129021741941,33.7416391124472,1.6568849353794,119.170835036586
A_umbral8,E4_volatilidad,2,4.48254214123178,3.94090701129557,0.541635129936217,0.426518655907355,2.13605728417273,0.180856839583912,1.73910936156779,2024.55473742593,0.348063811804491,74.2605922305194,77.6487539521144,36.6799626889497,0.174882527052919,81.8716465839767
A_umbral8,E4_volatilidad,3,462.948629883733,47.395065437153,415.55356444658,101.179429396775,348.993723214089,9.31905848434469,3.45641878852073,1854.49285239809,52.6707166317462,68.9310834737456,113.772270251614,37.1697757608552,40.3951718323383,115.74755975642
A_umbral8,E4_volatilidad,4,131.040565944075,28.9865911434687,102.053974800606,22.4972134571285,102.754276210156,3.67229555076547,2.1167807260077,1613.55492401158,28.6646223902468,56.6960084555263,218.746173627488,35.1373279036391,22.4891912440314,218.863798894713
A_umbral8,E4_volatilidad,5,205.868767647842,6.22929723944699,199.639470408395,31.4954737645613,167.885491254138,4.80619905306876,1.68160357605657,1867.61038217841,42.5453428369123,68.250668911155,206.662444833255,36.5443828982929,33.9049043070595,201.952557387676
A_umbral8,E4_volatilidad,6,379.470665497636,11.7134967730753,367.75716872456,80.3220587981483,286.965005847433,9.78503738238295,2.39856346966885,1827.72305879656,46.966990661027,69.3077354625405,123.769753320549,37.9202610203841,35.0360150497794,122.091594221794
A_umbral8,E4_volatilidad,7,24.7794194293854,4.33723746909582,20.4421819602896,5.32078699617172,16.1708086094001,0.934344604709658,2.35347921910394,1973.92802827843,2.7096540064401,77.8241797528544,109.350988394295,39.4260472712013,1.83647703447657,113.567421322952
A_umbral8,E4_volatilidad,8,194.460580678506,27.3834608276461,167.07711985086,65.3861288838126,123.118408624311,4.27289810979552,1.68314506057102,2031.90762505609,22.97599123165,76.7333255786316,118.152435580943,37.7641801391013,14.9354625344153,121.309743208183
A_umbral8,E4_volatilidad,9,18.3062999934101,18.3060260580033,0.00027393540681669,0.662694533318472,15.0889755397144,0.733694426766423,1.82093549361087,1313.23492245819,2.2286984485565,47.6743419581431,121.744888336736,36.302980634191,1.97000988716752,130.559552037342
B,E1_lab_soleado,10,45.5338497275331,45.5337852878335,6.44396995632238e-05,1.78096854084232,8.48151963436564,0.217195172410898,35.0541663799142,2831.47545647258,3.49556874006094,221.263624279762,76.7685746093914,78.1442847311169,0.680982906033979,80.290199798012
B,E1_lab_soleado,1,46.6798679485784,46.6797052018649,0.000162746713472252,2.44502179745717,9.66331576679911,0.256993270767413,34.3145371135547,2864.68603264977,3.57997091977669,217.104688632386,76.6919675891181,75.7865560686137,0.784455381986688,81.1786969315328
B,E1_lab_soleado,2,30.4556500768086,30.4556243951509,2.56816576921716e-05,2.56816576921716e-05,1.97756755588554,0,28.4780568392654,3102.8146961835,2.38897468840399,239.288432859779,78.4410998412129,77.119794860488,0.212504673797126,107.457605260907
B,E1_lab_soleado,3,297.119645374586,39.6919207114354,257.427724663151,51.8496278841386,209.73128601964,6.86313834907901,28.6755931217285,2756.62704576824,31.8264567553221,208.885391383508,107.116635506204,75.7757171773282,23.1649801986709,110.450761249333
B,E1_lab_soleado,4,188.109135682893,49.4359638746091,138.673171808284,20.7801575656496,134.203302972712,3.46394047150655,29.6617346730081,2399.0394995062,21.7434283199454,177.996104169104,115.589432916217,74.1947367710039,16.5331570381196,123.194859380483
B,E1_lab_soleado,5,158.869047439124,51.8130513112512,107.055996127873,23.4792508086922,98.4253974215744,2.98187685273945,33.9825223561013,2750.55577209147,17.8652682700514,207.798791899682,112.452794034011,75.5479288979025,11.9519900786377,121.431971744499
B,E1_lab_soleado,6,289.443489680497,53.0862599635544,236.357229716943,52.1197969969343,202.411866366459,6.76823394345522,28.1435923736487,2711.94245439627,32.4673868319339,205.381475687386,112.17176405582,75.7322395814287,23.4752461545382,115.977618189821
B,E1_lab_soleado,7,90.0479563803358,89.1736713779637,0.874285002372108,19.8101590344992,34.0217568616134,1.36143424474345,34.8546062394798,2901.10742249636,8.44134467684163,221.210090638595,93.7427679223268,76.250223939742,3.54922365952966,104.322174600402
B,E1_lab_soleado,8,53.8981795062153,39.64941300598,14.2487665002353,9.42682126999087,17.3190336585212,0.597815641268387,26.5545089364348,2958.08835146559,5.13782316351652,223.581602144708,95.3246141258638,75.5831386962915,2.03824378266407,117.688077917744
B,E1_lab_soleado,9,42.4434168146168,42.4431351294839,0.000281685132843442,0.600871293039725,8.90178742090717,0.22838815760735,32.7123699430625,2372.79375510169,3.2576386345198,183.118437571679,76.7525067255643,77.1741906256961,0.721180204327854,81.0152130384574
B,E2_lab_nublado,10,625.354483084432,93.9454210271802,531.409062057252,134.698512933005,468.282112491595,12.986550423669,9.38730723614655,52.5195084559321,91.7493370503381,6.83760301118902,146.71572609155,130.19167947709,70.1292054284551,149.758454482315
B,E2_lab_nublado,1,545.257110795717,32.7060032028541,512.551107592863,115.447359521344,413.355140322133,13.4061600451014,3.04845090710502,67.6999536174088,85.8468827416856,8.65966004781675,157.442940297295,127.912348312007,65.1130819974264,157.523339244512
B,E2_lab_nublado,2,268.197186967204,24.0835489263041,244.1136380409,51.1404563475042,203.344859387794,9.04949404047997,4.66237719140882,62.407215656501,38.0484550193278,8.41994623723485,141.867464940937,134.919434374056,29.0698518974533,142.958381072299
B,E2_lab_nublado,3,748.759639568387,49.5444612844084,699.215178283978,169.634843261117,559.058955796909,14.0956992315173,5.97014127882651,60.0211893936981,105.734782170909,7.78196993137476,141.213249998169,129.653710797538,79.1693795501615,141.611861735243
B,E2_lab_nublado,4,573.650291536008,61.5201397165177,512.13015181949,149.522348897573,409.548737276736,10.029423487616,4.5497818740661,69.1015548787656,74.9311758632988,9.49630861762192,130.621699263262,137.425397073664,54.6374832961145,133.408989756439
B,E2_lab_nublado,5,34.2378262578781,34.2377034171842,0.000122840693939591,5.74204705717099,24.7505243729308,0.54298503143261,3.20226979634365,65.1624726497594,4.90162908901076,8.4457953558064,143.164144011126,129.611339354809,3.77412366548071,152.486614368801
B,E2_lab_nublado,6,515.884216794881,20.4205698572829,495.463646937598,98.9669768284111,410.47065877335,5.19752283266462,1.24905836043833,65.9356087798202,83.1397513149979,8.90688718809402,161.159711052092,135.084628062462,66.6059977416346,162.267378478841
B,E2_lab_nublado,7,584.891150212681,21.9224017685047,562.968748444176,128.678146217594,439.123579991478,14.4624151990954,2.62700880447999,63.0562850371739,86.7615683982829,8.28737273750762,148.337974282453,131.428179326168,65.6335025642732,149.464764715088
B,E2_lab_nublado,8,617.881445596928,24.7580863504976,593.12335924643,179.165822174804,419.635687434338,14.6079922899131,4.47194369787142,70.3312193791712,78.6635854821837,9.55602401680973,127.311778080968,135.871723839894,53.6155956732535,127.767006664901
B,E2_lab_nublado,9,63.1848024837015,16.3016077076652,46.8831947760363,16.2037286515956,45.2099373596226,0.152327299348143,1.61880917313514,68.7138869744687,7.03156201718635,9.24126391446728,111.285653207512,134.489028657351,5.02647641359813,111.180786949891
B,E3_finde_soleado,10,365.596878654318,204.979826819133,160.617051835185,48.4574657322599,159.510962235138,4.79839293801961,152.830057748884,2938.00118148121,26.5720792997737,18.9373300134465,72.6813625914416,6.44565091832232,16.6514191877499,104.390437838396
B,E3_finde_soleado,1,147.491834089385,145.615933112399,1.87590097698552,0.196110892640514,18.9110652215632,0.0813646745678826,128.303293300613,3298.98637497065,3.4970559398837,21.3351813050338,23.7101664744665,6.46719291322431,0.456326220686204,24.1301172271291
B,E3_finde_soleado,2,226.760560705219,173.398322846791,53.362237858428,26.2539983131205,81.9510554580543,1.0743803524063,117.481126581622,2682.48239984725,11.593138338065,17.2227887569526,51.1250206032772,6.4204666386379,6.64929946588009,81.1374475742226
B,E3_finde_soleado,3,384.15104634547,174.543942108576,209.607104236894,41.7928269778345,218.337732316809,1.94661740400723,122.073869646802,3414.50984186416,32.4893343371579,15.8524743175412,84.5743741849398,4.64267934541564,24.8164489394302,113.66083487311
B,E3_finde_soleado,4,373.677380839842,195.272783572042,178.404597267799,41.6409626223018,176.839141820282,5.52076717332838,149.67650922393,3206.4715478936,27.1439198945678,8.05337764470232,72.6399864866365,2.51160115547969,18.9518410949306,107.169944955914
B,E3_finde_soleado,5,463.578827979831,145.424251769344,318.154576210487,79.3482323546567,260.727378953908,7.69517086701623,115.808045804233,3578.67407621712,45.0080972104985,12.805547953008,97.0883364251845,3.57829399388734,31.4348330985732,120.565907672206
B,E3_finde_soleado,6,178.203954706637,178.203885121988,6.95846487075234e-05,8.93712006801999,17.0655851850468,0.00553470620389404,152.195714747367,3139.12457655227,4.02438775649699,26.8872443450196,22.5830440358185,8.56520462610953,0.387980779045535,22.7346894254462
B,E3_finde_soleado,7,135.164017955335,133.55396435945,1.61005359588534,0.168381566104533,17.5361672709379,0.209751284278577,117.249717834014,2988.75106654099,3.20816393555454,22.1439196844678,23.7353401007558,7.40908800748531,0.426523519648536,24.3225052007458
B,E3_finde_soleado,8,367.050093012813,153.592869412826,213.457223599987,90.5739624514783,148.465487309971,4.32121775445535,123.689425496909,3175.92851167116,30.0803902762557,20.9068925886396,81.951730428265,6.58292291901701,15.9170699311694,107.210572770608
B,E3_finde_soleado,9,245.071010202142,152.816122186201,92.2548880159406,27.1734665640455,97.7600278956625,4.32946993818381,115.808045804233,2357.34961268678,16.1240954937138,8.96875000381935,65.7935652218275,3.80459052639089,9.88816359881372,101.147307459519
B,E4_volatilidad,10,34.6312979809867,34.6311535446735,0.000144436313150213,0.000144436313150213,1.25953775974215,0,33.3716157849314,1715.94466003988,1.0039283476509,71.4128633659546,28.9890476586259,41.6172298728416,0.0854721945719713,67.8599699857104
B,E4_volatilidad,1,79.8990689290934,79.5597344852636,0.339334443829816,10.1989391954381,31.9320467778568,1.26759242894391,36.5004905268546,1901.32352021338,4.90492428971353,63.8192801537568,61.3890043458005,33.5657132914415,2.83454389836381,88.7679990600982
B,E4_volatilidad,2,50.6694255308969,50.0127914650252,0.656634065871692,0.499467077131874,13.0133865281778,0.624502671351217,36.532069254236,2013.42596855325,1.97901686669359,73.6505902113253,39.0574166957317,36.5797359136314,0.901625933740817,69.2844965289036
B,E4_volatilidad,3,508.249625692099,103.875643957134,404.373981734965,102.957673221321,355.035634965874,9.15114754713519,41.1051699577521,1836.08978948197,56.5609005479077,68.4295760752614,111.285670837213,37.2691882865749,43.1484735807742,121.532796517515
B,E4_volatilidad,4,174.5686488819,72.4983599216292,102.070288960271,22.5452977515373,111.789624234977,3.99893322554593,36.2347936698233,1601.60236724824,29.7915874987809,56.1559923329023,170.65829225118,35.0623809512628,22.8207025439742,204.139719586195
B,E4_volatilidad,5,249.733679855294,50.0795380960092,199.654141759285,31.49625432185,176.768077105984,5.15441529893341,36.3149331285103,1855.651339652,43.7532562631966,67.4494754024007,175.199661849972,36.3481403866794,34.2360763255337,193.677936005419
B,E4_volatilidad,6,416.633909186897,50.8038678736442,365.830041313253,80.086205980999,291.1370149696,9.9961617877754,35.4145264485201,1813.29552351465,47.636574180878,68.6822956551888,114.3367669565,37.8770557609187,34.9818213379992,120.155870051948
B,E4_volatilidad,7,78.8212755773987,40.1571405728767,38.6641350045219,19.0106098492276,25.7841618898733,0.78322685902375,33.2432769792741,1953.87983990819,6.10795737998528,77.3515077173713,77.4912272764168,39.5886717992883,2.85819926227328,110.850966359928
B,E4_volatilidad,8,240.07104820483,74.8967507185376,165.174297486293,66.9188761069494,131.400512059093,4.48808153883417,37.2635784999365,2024.24876351542,24.0959237229447,76.3790900907408,100.369969236715,37.7320670598295,15.1713039116706,115.458483942953
B,E4_volatilidad,9,67.5711266181578,67.5707967501849,0.000329867972976243,2.83241613717831,26.6398578820485,1.19304132615945,36.9058112727716,1298.8452868379,3.92744116329509,46.6752605705412,58.1230676452818,35.935966387632,2.54512912284521,95.5383896608651
B_oraculo,E1_lab_soleado,10,6.67444076100992,6.67438158245846,5.91785514624865e-05,5.91785514624865e-05,2.07184042847508,0,4.60254115398337,2843.94308715576,0.714601738497233,222.120109644385,107.065410284517,78.1028673349888,0.222303811175973,107.297747510214
B_oraculo,E1_lab_soleado,1,7.46048078483126,7.46034279670005,0.000137988131213991,0.603122728571322,3.14209235731501,0.0122476341675723,3.70301806477736,2877.75490205264,0.768184410473071,218.037786794388,102.967145500187,75.7666285752363,0.315029199919722,100.260961198773
B_oraculo,E1_lab_soleado,2,5.82847856350307,5.82845287645509,2.56870479773542e-05,2.56870479773542e-05,1.97906049590959,0,3.8493923805455,3130.41013069282,0.626605118451169,241.262509462978,107.507493014534,77.0705752251004,0.212670330053725,107.460247169443
B_oraculo,E1_lab_soleado,3,274.23684228273,11.1982922326947,263.038550050036,50.5446181877507,212.576283100052,6.94480462709222,4.17113636783606,2787.3200594393,30.2906225119882,211.178265862564,110.454241887599,75.7639099060064,23.5016695338779,110.55640446407
B_oraculo,E1_lab_soleado,4,159.048625522321,20.3344603420104,138.714165180311,18.670107826757,133.275243820928,3.43033175474006,3.67294211987961,2424.2557727864,19.611615316089,179.826296230534,123.305783069069,74.1779387510108,16.4346266163893,123.313423747859
B_oraculo,E1_lab_soleado,5,123.164665054547,15.9594234751922,107.205241579355,23.4907000212531,92.3486971646383,2.75398478720323,4.57128308143572,2766.87401787244,15.3184863862162,208.971549544686,124.374035194526,75.5262249726039,11.5238161782013,124.78590962314
B_oraculo,E1_lab_soleado,6,262.901825247095,17.5735720672452,245.32825317985,50.0830502036715,202.424864843688,6.75592543753473,3.6379847622011,2741.71012936701,30.5358382753698,207.5913085592,116.149206064545,75.7159943115969,23.5065243445574,116.124688351449
B_oraculo,E1_lab_soleado,7,30.3822709777371,29.4707964844634,0.911474493273716,8.97189779197608,16.306972572518,0.708467924117348,4.39493268912571,2914.97197427457,3.43156280670534,222.20285880029,112.946224764431,76.2281286960187,1.87920484309343,115.239345300699
B_oraculo,E1_lab_soleado,8,29.2650464492153,15.0052934316379,14.2597530175774,9.43489495514859,17.3107695891501,0.597182487345168,1.9221994175713,2985.71282764858,3.37465715477357,225.560060410977,115.31357589436,75.5464686095141,2.0371993921993,117.683929747188
B_oraculo,E1_lab_soleado,9,6.59141543248338,6.59118097653371,0.000234455949675852,0.600782919594214,2.70731842793371,0,3.28331408495546,2388.12368734275,0.691909499727639,184.171850499399,104.971308031628,77.1198960403623,0.277902503989135,102.648621278449
B_oraculo,E2_lab_nublado,10,882.187051555976,118.58206453388,763.604987022097,96.4199225087795,455.079179940501,11.2009952627014,319.486953843988,179.667585079645,103.407370743137,21.4852719384861,117.217057947915,119.583462587099,55.5225718858448,122.006398739455
B_oraculo,E2_lab_nublado,1,673.056370977442,53.6551224788686,619.401248498573,52.3470130635468,321.442279908045,6.61357400074099,292.653504005086,125.025937909422,82.2763788051741,15.2345634218496,122.242924000093,121.851222846948,41.6246203058649,129.493296021209
B_oraculo,E2_lab_nublado,2,556.79018384485,100.717863693966,456.072320150884,34.3460126914375,223.838613106955,4.24388078626959,294.361677260175,106.816888371207,63.7094199768971,13.2316754988315,114.422670918799,123.872504625384,27.6820115027134,123.669509556362
B_oraculo,E2_lab_nublado,3,1161.93415825672,59.7532469672959,1102.18091128942,154.419617498558,672.557588024597,18.0189025648336,316.938050168705,97.7760072427988,151.452409713033,12.0687222971143,130.345087659925,123.432349483703,91.0851035555981,135.43093584466
B_oraculo,E2_lab_nublado,4,1065.1119161848,124.724588508309,940.387327676487,139.419261450984,610.014236727716,11.7703420757488,303.908075930307,98.9057339699613,135.111429011514,12.5130384396249,126.851861253679,126.514792796799,82.4060386874038,135.088713878962
B_oraculo,E2_lab_nublado,5,706.879334619155,77.9900727228444,628.889261896311,33.6486420792556,388.643182013732,6.17570840412845,278.411802122016,108.633602835646,93.6875681330519,13.7110888854146,132.536861023852,126.214067540026,56.6666138914479,145.806272987559
B_oraculo,E2_lab_nublado,6,1032.94140349796,94.189020404112,938.752383093845,106.835820917688,653.421768966525,15.1575471475299,257.52626646619,89.4980147529922,143.437420542651,11.4119421399906,138.863075927554,127.510561787172,97.0797695740565,148.57137332232
B_oraculo,E2_lab_nublado,7,718.750776070344,99.4170638386586,619.333712231685,64.0245635571864,360.203253568735,9.79558172237217,284.727377222044,201.737099138782,86.1959697330029,24.050060126135,119.924697965915,119.214860473383,45.3994100715593,126.038312041221
B_oraculo,E2_lab_nublado,8,790.172947415316,154.075497716396,636.09744969892,85.959123097966,336.596484470955,7.18353666545559,360.433803180944,118.290805390818,96.3117261064682,14.8423437606757,121.886893776239,125.473351133576,43.3479084668858,128.783010122693
B_oraculo,E2_lab_nublado,9,1155.06193241908,103.288717799935,1051.77321461915,152.101153884294,710.92314091424,16.3674146367999,275.670222983742,109.489306507139,161.461935222412,13.0205294177181,139.786387803689,118.920557934752,105.371033269944,148.217194244708
B_oraculo,E3_finde_soleado,10,248.866939597333,88.2498865660094,160.617053031323,44.1135052111255,150.423698034445,5.05301667648782,49.2767196752582,2823.52295820397,23.2782335449824,18.8538553972926,93.5368658554916,6.67742238203205,16.3466308561079,108.670582293255
B_oraculo,E3_finde_soleado,1,36.195856030844,34.5866468899592,1.60920914088479,0.168252313592296,1.11233987069054,0,34.9152638465612,3189.18510715243,0.368198058460423,21.1140740533128,10.1723815606589,6.6205232195397,0.0269335585864297,24.2134254971094
B_oraculo,E3_finde_soleado,2,145.138449494873,91.7771445451488,53.3613049497244,30.5372461294088,73.2251800724656,1.31674557222344,40.0592777207586,2602.04176208288,8.85640747628987,17.1518940066963,61.0204084934965,6.59170588905789,6.2952722989199,85.9714143780858
B_oraculo,E3_finde_soleado,3,274.075001821306,64.4679551584931,209.607046662813,38.5483244041119,199.720548172766,1.72908085584258,34.077048388569,3305.11777681802,29.2139328654998,15.4679545125805,106.591015858305,4.68000100361692,24.3153288198599,121.746755866233
B_oraculo,E3_finde_soleado,4,240.871662711682,66.4723218192011,174.399340892481,34.7342680639053,162.474881291648,5.49998462477346,38.1625287313555,3068.93528136811,22.9560617924704,6.95058613041446,95.3041197708188,2.26482004120854,18.0615437934349,111.165145343383
B_oraculo,E3_finde_soleado,5,368.352130271807,50.2125403566102,318.139589915197,81.2511262386356,244.365094369539,7.48211671298387,35.2537929506326,3484.75540605578,42.1997081019964,12.7555786275874,114.563496811752,3.66039424328631,31.0365483570793,127.008926692879
B_oraculo,E3_finde_soleado,6,37.0303449624754,37.030275409216,6.95532593961193e-05,0.942321794926255,1.28375023514418,0,34.804272932405,2999.59585309883,0.302036860391949,25.6916493517776,8.15646899044599,8.56503696164133,0.0331790330862812,25.8453959173413
B_oraculo,E3_finde_soleado,7,54.40884256245,52.7979950713563,1.61084749109372,4.47238692609401,8.93800866533445,0.268754009689775,40.7296929613318,2908.95788303357,0.487053171114509,21.8122774493551,8.95172821505023,7.49831325388887,0.0747573401158438,8.36398161100311
B_oraculo,E3_finde_soleado,8,277.563365173317,64.1060423419742,213.457322831343,94.8782603429481,138.874400103493,4.39096695184507,39.4197377750305,3087.24125165838,27.162448880892,20.4600532724247,97.8603529465466,6.62729330318263,15.5429169182778,111.920677293257
B_oraculo,E3_finde_soleado,9,148.170986736678,55.9160872296541,92.2548995070234,27.9323177784433,81.5026122844033,4.11985537491843,34.6162012988958,2261.82963697853,13.3096551774807,8.87721467569323,89.8263247793171,3.92479368497085,9.49215194167523,116.464389000838
B_oraculo,E4_volatilidad,10,50.9339575721786,50.9338131406322,0.000144431546352741,2.1312490791823,8.93174260319161,0.258942566031069,39.6120233237736,1732.25564245144,1.80935088421477,71.7460865879667,35.5234694192128,41.417724283717,0.335768735605576,37.5927465134961
B_oraculo,E4_volatilidad,1,99.6505249318968,96.715986278634,2.93453865326278,11.1291952365838,49.9900927881314,1.82353260214659,36.7077043050351,1890.67206220965,8.44346898628418,63.2793849617005,84.7308028939598,33.4692547832674,5.66178755357309,113.258192529647
B_oraculo,E4_volatilidad,2,76.4073010260102,58.3722551326416,18.0350458933686,1.8048973125945,23.5632941293191,0.952853806535621,50.086255777561,2001.67694428573,6.18676560198127,72.9815810624361,80.970869522995,36.4602196527166,2.80821015074221,119.177316012367
B_oraculo,E4_volatilidad,3,527.977371954306,108.380772482464,419.596599471842,105.69791513557,359.327714375418,9.63770013524499,53.3140423080722,1847.51303103518,54.7347581731159,68.8808964545437,103.668757565339,37.2830368703538,39.4363145545671,109.75027245843
B_oraculo,E4_volatilidad,4,208.788025744947,103.891102254483,104.896923490464,24.7098864827078,138.170924912827,4.75135201227705,41.1558623371187,1604.80683832398,33.4739688951719,56.0412051148913,160.325137304873,34.9208414225225,25.637572647255,185.549692624769
B_oraculo,E4_volatilidad,5,271.215304451833,71.4700289329693,199.745275518864,31.4942996619462,199.780939210087,5.67799543641535,34.2620701433679,1844.65641643697,47.4758136736721,66.8639517963194,175.048431612765,36.2473744164618,37.6202817745902,188.307662999968
B_oraculo,E4_volatilidad,6,457.393924725532,72.578801673489,384.815123052043,81.293171981223,312.926411511466,10.5494243166502,52.62491691619,1816.63197309542,52.4758832156986,68.5663453061972,114.727984739167,37.7436631754118,37.4697410704819,119.739784473606
B_oraculo,E4_volatilidad,7,135.060899440431,68.7081218349162,66.3527776055149,15.4340951584689,50.0413707079745,1.37025420887416,68.2151793651135,1968.75658207501,12.3179243158361,77.6810101790983,91.2027416289271,39.4568891280733,5.59144937257149,111.736535060188
B_oraculo,E4_volatilidad,8,232.387156710898,104.070276769917,128.316879940981,58.8264884401575,133.238307031347,4.65678478190663,35.6655764574702,2012.64859193724,24.5852208957571,75.7464305541214,105.79423253731,37.6351991388686,16.2260256163271,121.781985810654
B_oraculo,E4_volatilidad,9,95.2884937724923,95.2881639537957,0.000329818696558493,4.96312199947849,49.2146138045882,1.90452325413403,39.2062347142916,1303.04735720918,6.8247419064399,46.7048565125004,71.6218888162345,35.8427928609835,4.91588344218557,99.8866609358066
B_prima2,E1_lab_soleado,10,6.66929025045699,6.66923107267286,5.91777841292822e-05,5.91777841292822e-05,2.07026487025173,0,4.59896620242113,2843.94593046423,0.714031971075444,222.120430269768,107.062662481441,78.1029019892478,0.222129402566347,107.295161000021
B_prima2,E1_lab_soleado,1,7.45432052734254,7.45418256054026,0.000137966802280899,0.603110596831354,3.140223686589,0.0122432052862581,3.69874303863592,2877.77666586332,0.767518622217068,218.03874679707,102.962921892317,75.7663891654565,0.314829969924082,100.257179534258
B_prima2,E1_lab_soleado,2,5.82344572900967,5.82342004195884,2.5687050830483e-05,2.5687050830483e-05,1.97756755588553,0,3.84585248607331,3130.38987559389,0.626047823423313,241.260102134045,107.504706415419,77.0703048891871,0.212504673797125,107.457605260907
B_prima2,E1_lab_soleado,3,274.229834635128,11.1911591917999,263.038675443328,50.5436578976919,212.574724540443,6.9450778578798,4.16637433911314,2787.24965613797,30.2898449896845,211.172583750288,110.454229132239,75.7637850220028,23.5014951043577,110.556394487467
B_prima2,E1_lab_soleado,4,159.000867620317,20.3319698995729,138.668897720744,18.6608638282654,133.24317622702,3.42746704619315,3.66936051882247,2424.17849384277,19.6054577099571,179.820127977839,123.304092634095,74.1777589540409,16.4303929665925,123.311327693047
B_prima2,E1_lab_soleado,5,123.159497551734,15.9542531163593,107.205244435374,23.4907003328341,92.3471002170149,2.75398688500375,4.5677101168641,2766.80177563805,15.3179141577152,208.965666805526,124.374607417352,75.5260708032967,11.5236390541428,124.786149506182
B_prima2,E1_lab_soleado,6,262.849688474693,17.5661151727373,245.283573301955,50.0719269550351,202.388068768673,6.75529189168525,3.63440085929952,2741.64923712506,30.530005950404,207.586680625971,116.150055674665,75.7159879590031,23.502403650744,116.125440564418
B_prima2,E1_lab_soleado,7,30.3882333193606,29.4668037541514,0.921429565209272,8.97804735397603,16.3097140799541,0.70886782149113,4.39160406393938,2914.97377231843,3.43237604410519,222.203062750497,112.950825671014,76.2281516426018,1.8795687811144,115.242288853153
B_prima2,E1_lab_soleado,8,29.2644073326771,15.0157209267305,14.2486864059466,9.42674783139087,17.3177028782418,0.597652287750385,1.922304335294,2985.71174334132,3.37473412075717,225.558095419244,115.318724291706,75.5458379136163,2.0381058105202,117.689154551837
B_prima2,E1_lab_soleado,9,6.58628731827787,6.58605287016394,0.000234448113930939,0.600824056020812,2.70578509400174,0,3.27967816825532,2388.12650009001,0.691341740426157,184.172169778014,104.966835945281,77.1199389023458,0.277732317791233,102.643893784069
B_prima2,E2_lab_nublado,10,625.354483084432,93.9454210271802,531.409062057252,134.698512933005,468.282112491595,12.986550423669,9.38730723614655,52.5195084559321,91.7493370503381,6.83760301118902,146.71572609155,130.19167947709,70.1292054284551,149.758454482315
B_prima2,E2_lab_nublado,1,545.257110795717,32.7060032028541,512.551107592863,115.447359521344,413.355140322133,13.4061600451014,3.04845090710502,67.6999536174088,85.8468827416856,8.65966004781675,157.442940297295,127.912348312007,65.1130819974264,157.523339244512
B_prima2,E2_lab_nublado,2,268.197186967204,24.0835489263041,244.1136380409,51.1404563475042,203.344859387794,9.04949404047997,4.66237719140882,62.407215656501,38.0484550193278,8.41994623723485,141.867464940937,134.919434374056,29.0698518974533,142.958381072299
B_prima2,E2_lab_nublado,3,748.759639568387,49.5444612844084,699.215178283978,169.634843261117,559.058955796909,14.0956992315173,5.97014127882651,60.0211893936981,105.734782170909,7.78196993137476,141.213249998169,129.653710797538,79.1693795501615,141.611861735243
B_prima2,E2_lab_nublado,4,573.650291536008,61.5201397165177,512.13015181949,149.522348897573,409.548737276736,10.029423487616,4.5497818740661,69.1015548787656,74.9311758632988,9.49630861762192,130.621699263262,137.425397073664,54.6374832961145,133.408989756439
B_prima2,E2_lab_nublado,5,34.2378262578781,34.2377034171842,0.000122840693939591,5.74204705717099,24.7505243729308,0.54298503143261,3.20226979634365,65.1624726497594,4.90162908901076,8.4457953558064,143.164144011126,129.611339354809,3.77412366548071,152.486614368801
B_prima2,E2_lab_nublado,6,515.884216794881,20.4205698572829,495.463646937598,98.9669768284111,410.47065877335,5.19752283266462,1.24905836043833,65.9356087798202,83.1397513149979,8.90688718809402,161.159711052092,135.084628062462,66.6059977416346,162.267378478841
B_prima2,E2_lab_nublado,7,584.891150212681,21.9224017685047,562.968748444176,128.678146217594,439.123579991478,14.4624151990954,2.62700880447999,63.0562850371739,86.7615683982829,8.28737273750762,148.337974282453,131.428179326168,65.6335025642732,149.464764715088
B_prima2,E2_lab_nublado,8,617.881445596928,24.7580863504976,593.12335924643,179.165822174804,419.635687434338,14.6079922899131,4.47194369787142,70.3312193791712,78.6635854821837,9.55602401680973,127.311778080968,135.871723839894,53.6155956732535,127.767006664901
B_prima2,E2_lab_nublado,9,63.1848024837015,16.3016077076652,46.8831947760363,16.2037286515956,45.2099373596226,0.152327299348143,1.61880917313514,68.7138869744687,7.03156201718635,9.24126391446728,111.285653207512,134.489028657351,5.02647641359813,111.180786949891
B_prima2,E3_finde_soleado,10,206.809081163303,31.5348990053744,175.274182157929,44.5276658292101,144.512299246956,4.97852442899972,12.7905916581231,2829.28779946351,24.1166706126307,18.7874423364019,116.613209037892,6.64034331889614,17.0183612014024,117.764102364186
B_prima2,E3_finde_soleado,1,5.33160670396021,5.3314796492993,0.00012705466091771,0.00012705466091771,1.92465471418106,0,3.40682493511824,3208.02800171973,0.209163339229608,20.4481992293381,39.2308268114086,6.37407130435784,0.0741319842701053,38.5170304698776
B_prima2,E3_finde_soleado,2,98.8692219603089,39.6966941638045,59.1725277965044,29.0348714225322,64.3066655442744,0.906105619621173,4.62157937386439,2606.32492523488,9.33627606269648,16.6706660618234,94.4305606697758,6.39623475201237,6.38584095270349,99.3029400398146
B_prima2,E3_finde_soleado,3,212.588494364044,21.6743273535217,190.914167010522,33.7891840925988,172.008400223887,1.78532207695975,5.00558797058105,3330.65992722642,26.2044725408305,14.8012287599265,123.263832406457,4.443932759071,21.706360965261,126.193609945839
B_prima2,E3_finde_soleado,4,199.809805702125,25.312308582248,174.497497119877,34.6695869098379,156.484385917053,5.21806690893038,3.43776596630326,3078.0440049164,22.949904263674,6.97560700794627,114.858748713702,2.26624668029583,18.1877849127976,116.227474110025
B_prima2,E3_finde_soleado,5,325.66421364843,7.83649548546262,317.827718162968,75.1592339551563,239.151933375823,7.27252939098007,4.08051692645406,3505.55641121513,41.2891546740277,12.6330037510741,126.784439135831,3.60370858978564,30.5683815838736,127.819922475123
B_prima2,E3_finde_soleado,6,4.04575055098156,4.0456885588799,6.19921016647183e-05,0.124396278644162,1.14385920379249,0,2.77749506854491,3018.26851725681,0.105759740700488,25.7048947647381,26.1409445213644,8.51643736061641,0.0297419227678768,26.0013843218352
B_prima2,E3_finde_soleado,7,6.11566766113002,6.11551375573774,0.000153905392278233,0.000153905392278233,2.03500009420321,0,4.08051366153453,2911.92311022369,0.227943165966095,21.226504259943,37.2720001472377,7.28951399349017,0.0777472581720055,38.2050391021957
B_prima2,E3_finde_soleado,8,228.590415924357,6.57812151176856,222.012294412589,87.7467077762829,132.508756952283,4.18467992932582,4.15027126646547,3093.78073535852,27.2844003863639,20.25405537514,119.359336549755,6.5467003345319,15.9612263433707,120.454124772436
B_prima2,E3_finde_soleado,9,116.932220274169,12.1436235052433,104.788596768925,24.6390573395969,83.9732580570592,4.23928311222775,4.08062176526813,2286.11326103859,13.8636645534168,8.83685713812323,118.561543780756,3.86545027699486,10.1663352240191,121.066342538612
B_prima2,E4_volatilidad,10,4.42751978923751,4.42739450569265,0.000125283544858349,0.000125283544858349,1.25953775974215,0,3.1678567459505,1737.99390307107,0.292173000109461,71.9324537779847,65.9902189075879,41.388208353826,0.0854721945719713,67.8599699857104
B_prima2,E4_volatilidad,1,21.2266820377664,20.887987338992,0.338694698774336,4.03427961975521,14.2795413952227,0.56530074445536,2.34756027833315,1916.86488528079,2.33725885483761,64.5242410649712,110.109476868744,33.6613402230065,1.69176874179219,118.475005251793
B_prima2,E4_volatilidad,2,5.54952110293322,4.9034312768815,0.646089826051716,0.492803030255368,2.49586449188693,0.182479497855179,2.37837408293574,2025.13681030892,0.449337393354495,73.9029866779126,80.9686791022375,36.4928365835389,0.208452489226204,83.5191533449835
B_prima2,E4_volatilidad,3,462.591074796404,47.0835579800424,415.507516816362,101.146721500683,348.908586425488,9.31778338666996,3.21798348355954,1855.28803929586,52.5840271118462,68.9408579948502,113.67280947863,37.1591130512627,40.3751034923991,115.718285714993
B_prima2,E4_volatilidad,4,131.76674530458,29.7129050331197,102.053840271461,22.497240633437,103.063402734904,3.67221027617487,2.53389166004736,1614.42503052458,28.7108974826844,56.5903582872306,217.891831632624,35.0529490172997,22.5158364724231,218.465875130645
B_prima2,E4_volatilidad,5,206.850242634914,7.21105734869665,199.639185286218,31.4954550431664,168.207920213238,4.80653793639617,2.34032944209738,1868.2726301727,42.6332882438737,67.8909504048848,206.107025550463,36.3388882909499,33.9333472432122,201.734539016919
B_prima2,E4_volatilidad,6,379.730749517345,11.973756457332,367.756993060013,80.3220445333753,286.976837280681,9.78494275039611,2.64692495288994,1828.59147293213,46.9703833261055,69.182210901208,123.693915717405,37.8336068636889,35.0286127232842,122.06076648975
B_prima2,E4_volatilidad,7,25.7997076676211,5.35752937866165,20.4421782889595,5.32078676567726,16.505061526702,0.934341758057541,3.03951761718432,1974.825781916,2.80399937290818,77.7757277337059,108.683377696842,39.38358940111,1.86761524649991,113.154091760183
B_prima2,E4_volatilidad,8,195.600751386524,28.5703649114223,167.030386475101,65.3609582043518,123.496499524713,4.2715310057878,2.47176265165382,2032.62627826432,23.0721114448311,76.6385500092495,117.955126865738,37.7042011257927,14.9655897576251,121.18229921675
B_prima2,E4_volatilidad,9,20.00557498866,20.0053010574227,0.000273931237362101,0.917506744458832,15.5888163359281,0.733796956551169,2.76545495172198,1314.64273552101,2.38978375830275,47.4054751815867,119.455889653628,36.0595878261932,2.01647202209449,129.353760968179
B_prima2_oraculo,E1_lab_soleado,10,6.67444076100992,6.67438158245846,5.91785514624865e-05,5.91785514624865e-05,2.07184042847508,0,4.60254115398337,2843.94308715576,0.714601738497233,222.120109644385,107.065410284517,78.1028673349888,0.222303811175973,107.297747510214
B_prima2_oraculo,E1_lab_soleado,1,7.46048078483126,7.46034279670005,0.000137988131213991,0.603122728571322,3.14209235731501,0.0122476341675723,3.70301806477736,2877.75490205264,0.768184410473071,218.037786794388,102.967145500187,75.7666285752363,0.315029199919722,100.260961198773
B_prima2_oraculo,E1_lab_soleado,2,5.82847856350307,5.82845287645509,2.56870479773542e-05,2.56870479773542e-05,1.97906049590959,0,3.8493923805455,3130.41013069282,0.626605118451169,241.262509462978,107.507493014534,77.0705752251004,0.212670330053725,107.460247169443
B_prima2_oraculo,E1_lab_soleado,3,274.23684228273,11.1982922326947,263.038550050036,50.5446181877507,212.576283100052,6.94480462709222,4.17113636783606,2787.3200594393,30.2906225119882,211.178265862564,110.454241887599,75.7639099060064,23.5016695338779,110.55640446407
B_prima2_oraculo,E1_lab_soleado,4,159.048625522321,20.3344603420104,138.714165180311,18.670107826757,133.275243820928,3.43033175474006,3.67294211987961,2424.2557727864,19.611615316089,179.826296230534,123.305783069069,74.1779387510108,16.4346266163893,123.313423747859
B_prima2_oraculo,E1_lab_soleado,5,123.164665054547,15.9594234751922,107.205241579355,23.4907000212531,92.3486971646383,2.75398478720323,4.57128308143572,2766.87401787244,15.3184863862162,208.971549544686,124.374035194526,75.5262249726039,11.5238161782013,124.78590962314
B_prima2_oraculo,E1_lab_soleado,6,262.901825247095,17.5735720672452,245.32825317985,50.0830502036715,202.424864843688,6.75592543753473,3.6379847622011,2741.71012936701,30.5358382753698,207.5913085592,116.149206064545,75.7159943115969,23.5065243445574,116.124688351449
B_prima2_oraculo,E1_lab_soleado,7,30.3822709777371,29.4707964844634,0.911474493273716,8.97189779197608,16.306972572518,0.708467924117348,4.39493268912571,2914.97197427457,3.43156280670534,222.20285880029,112.946224764431,76.2281286960187,1.87920484309343,115.239345300699
B_prima2_oraculo,E1_lab_soleado,8,29.2650464492153,15.0052934316379,14.2597530175774,9.43489495514859,17.3107695891501,0.597182487345168,1.9221994175713,2985.71282764858,3.37465715477357,225.560060410977,115.31357589436,75.5464686095141,2.0371993921993,117.683929747188
B_prima2_oraculo,E1_lab_soleado,9,6.59141543248338,6.59118097653371,0.000234455949675852,0.600782919594214,2.70731842793371,0,3.28331408495546,2388.12368734275,0.691909499727639,184.171850499399,104.971308031628,77.1198960403623,0.277902503989135,102.648621278449
B_prima2_oraculo,E2_lab_nublado,10,665.144365612238,69.563466214677,595.580899397561,150.361185738798,393.439981853453,11.7851937413587,109.558004278595,79.0585328576935,90.0103504648262,9.68436455740743,135.324532715504,122.496133021333,56.4686534496328,143.525457640617
B_prima2_oraculo,E2_lab_nublado,1,575.570931677146,47.6208436959551,527.950087981191,113.668373662094,338.089597663352,11.3150577150349,112.497902636649,78.458276215399,82.8823612994306,9.69339076283087,144.000255638208,123.548352454478,51.6797010358432,152.858003893106
B_prima2_oraculo,E2_lab_nublado,2,386.204029488598,31.4271009615527,354.776928527046,84.8315821498538,186.295834699095,7.74217121784358,107.33444142179,69.7940449307789,49.4623061719727,9.16428398497129,128.072993535229,131.304669245927,26.0480590018069,139.820941482024
B_prima2_oraculo,E2_lab_nublado,3,832.47109846302,14.7880784744282,817.683019988592,159.954789207082,542.171812770817,15.4817444477865,114.862752037317,66.6804936989002,114.145763474122,8.24928583644687,137.116788420485,123.713628661735,76.2885003978521,140.709086309694
B_prima2_oraculo,E2_lab_nublado,4,719.804161379628,61.9264594514653,657.877701928163,152.457077818277,446.64954547182,11.6365416882046,109.06099640131,66.0519392225404,95.00505695326,8.68978313622537,131.987368301909,131.5598487873,62.0491061725208,138.921234335916
B_prima2_oraculo,E2_lab_nublado,5,329.916255172285,15.9765565821415,313.939698590144,35.2766925838774,172.389986757435,1.65729471370948,120.592281117246,80.399365369256,50.6849225034974,10.381235021357,153.629661190926,129.120857778893,30.596521418668,177.484330697927
B_prima2_oraculo,E2_lab_nublado,6,683.060972952217,28.6859436534408,654.375029298776,118.836130681076,445.826982057238,9.47855107124081,108.919309142645,68.4327666329924,102.811942424066,9.0145175747439,150.516493395471,131.728089017489,71.1225096608025,159.529397105156
B_prima2_oraculo,E2_lab_nublado,7,523.712267885316,19.4175947974756,504.294673087841,104.444490066431,295.614639640248,12.7023354015126,110.950802777108,68.9213427994338,72.1026204523872,8.78931891530521,137.676019589017,127.526808943389,42.9277766322695,145.21532723992
B_prima2_oraculo,E2_lab_nublado,8,705.443431169976,20.3002329636608,685.143198206315,213.101913541191,368.983291920498,12.735887684238,110.622338024048,82.676739123737,89.6134044784361,10.4621240301614,127.031311822994,126.542533499095,48.5776552533839,131.6527233538
B_prima2_oraculo,E2_lab_nublado,9,909.203607669588,22.9776335048656,886.225974164722,161.874431247697,621.230996865863,10.9538396355009,115.144339920527,75.9648978186351,135.371118893295,9.56804849738585,148.889773150229,125.953549233087,96.010894571503,154.549426953713
B_prima2_oraculo,E3_finde_soleado,10,208.416828843825,33.2001338153689,175.216695028457,44.570663311028,145.035756724494,4.9771665583945,13.8332422498943,2830.89337259414,24.2142558107879,18.787070132539,116.181864704086,6.63644569393409,17.0496300566652,117.554666805733
B_prima2_oraculo,E3_finde_soleado,1,2.95910681248093,2.95897975761369,0.000127054867234372,0.000127054867234372,1.11233186015755,0,1.84664789745614,3205.31283269141,0.0722765670990356,20.7395010502441,24.4251294999516,6.47035161083784,0.0269335122054437,24.2135581746519
B_prima2_oraculo,E3_finde_soleado,2,96.4287706911025,37.2562381655937,59.1725325255088,29.034871868549,63.4651247887684,0.906108319034684,3.02266571473373,2603.53960984575,9.19783510439859,16.9604007043293,95.3847595326368,6.51436246262223,6.33797211077224,99.8654321072711
B_prima2_oraculo,E3_finde_soleado,3,204.525312437825,13.6111859304921,190.914126507333,30.5446880773898,169.587203523758,1.78532547296702,2.60809536369322,3321.95997178628,25.75060936227,15.1154446170521,125.904266104461,4.55015856465128,21.5700388911737,127.191429795302
B_prima2_oraculo,E3_finde_soleado,4,200.17546171442,25.6771696722507,174.49829204217,34.7474808550708,156.662491491266,5.22002218238635,3.54546718569759,3078.33949317254,22.9633548522407,7.01999027558354,114.716132814527,2.28044706932202,18.1946237092704,116.138991127208
B_prima2_oraculo,E3_finde_soleado,5,323.226310534755,5.39853991327083,317.827770621484,75.1592072548887,238.307853937737,7.27256633004662,2.48668301206575,3502.74348907928,41.1509490784068,12.9092649461989,127.313116962309,3.68547254072326,30.5205349629932,128.071880379433
B_prima2_oraculo,E3_finde_soleado,6,4.37311296110859,4.37305096880052,6.19923080629832e-05,0.194331813850407,1.28375023514418,0,2.895030912114,3018.47002462589,0.11295064118307,25.7465966544326,25.8284298136303,8.52968439122519,0.0331790330862812,25.8453959173413
B_prima2_oraculo,E3_finde_soleado,7,3.67778469907202,3.67763079653598,0.00015390253603827,0.00015390253603827,1.19095104937098,0,2.48667974716501,2909.16955571461,0.0897349753090277,21.5015632452465,24.399192082035,7.39096255252983,0.0299018765194153,25.1075613352946
B_prima2_oraculo,E3_finde_soleado,8,226.182648287288,4.21665021598753,221.9659980713,87.7410092032546,131.642414491255,4.18321392030971,2.6160106724691,3091.00207237022,27.1420383979182,20.5236373515063,120.000533212625,6.63980057954751,15.9088508141141,120.848974668198
B_prima2_oraculo,E3_finde_soleado,9,114.542119163787,9.69642104757368,104.845698116213,24.6463612168547,83.1686415062452,4.24085417521786,2.48626226545229,2283.34585379122,13.7316034056049,9.14341500377735,119.882568140456,4.00439337238194,10.1234697554609,121.722196877542
B_prima2_oraculo,E4_volatilidad,10,4.42803856536425,4.42791328332837,0.000125282035877845,0.000125282035877845,1.25977793289354,0,3.16813535043482,1738.01761257064,0.292215086810378,71.9295526447722,65.9919922775877,41.3859745289829,0.085493231141535,67.8637313047453
B_prima2_oraculo,E4_volatilidad,1,21.2225904791131,20.8834332058447,0.339157273268465,4.0372890970844,14.2721281450454,0.565414041560442,2.34775919542292,1916.82292890709,2.33593891756407,64.5189893837349,110.068510244452,33.6593372349326,1.69016448635937,118.424138935868
B_prima2_oraculo,E4_volatilidad,2,5.55043141835876,4.90434159218536,0.6460898261734,0.492803030376675,2.49652740823134,0.182479500487148,2.3786214792636,2025.13724422682,0.449424175417565,73.8959217146178,80.9710347795737,36.4893401300467,0.208512282499684,83.5209266328078
B_prima2_oraculo,E4_volatilidad,3,462.013521173399,46.2568081526333,415.756713020766,101.59718906068,348.469303334765,9.31981161455414,2.62721716339645,1855.88381674546,52.5203736333574,68.9472575605287,113.677135465578,37.1506324579288,40.3229450866359,115.714482454424
B_prima2_oraculo,E4_volatilidad,4,131.669382192616,29.6154258168125,102.053956375803,22.4972197222035,103.053427311451,3.6723601021754,2.44637505676903,1614.4204738827,28.6994133347047,56.5898721570782,217.965732479257,35.0527468355125,22.5146506691694,218.475515628655
B_prima2_oraculo,E4_volatilidad,5,206.849166760873,7.20971603141154,199.639450729462,31.4954731029175,168.20696805479,4.80619050047319,2.34053510267571,1868.2758691546,42.6331901164455,67.8856279513984,206.107623173224,36.3359764327078,33.9332418838055,201.735054595077
B_prima2_oraculo,E4_volatilidad,6,378.569743044055,10.6908120776959,367.878930966359,80.3374256586925,286.171670077071,9.7769464350152,2.28370087327356,1828.59818242664,46.8334614015134,69.1828167778635,123.711580922787,37.8337993785243,34.9336992100452,122.072528006133
B_prima2_oraculo,E4_volatilidad,7,29.420072247688,5.3579672211065,24.0621050265815,8.94067087084414,16.505307667148,0.934343044638935,3.03975066505697,1974.83206639101,3.47581942777998,77.7765334117499,118.144489874702,39.383872044313,1.86763454244896,113.153573390594
B_prima2_oraculo,E4_volatilidad,8,205.859637144719,28.5826197216346,177.277017423084,73.5126249802432,123.500485037356,4.27146055430967,4.57506657279276,2042.79586834851,24.3619892905851,76.9949096482769,118.342719478606,37.6909464333913,14.9666382598036,121.186878377656
B_prima2_oraculo,E4_volatilidad,9,20.0051499217626,20.0048760119878,0.000273909774805132,0.917237443934066,15.5887854766868,0.733767302310211,2.76535969883156,1314.64861844624,2.38973776941933,47.406277656158,119.45612898505,36.0600368729606,2.01646771675794,129.353740852589
B_prima2_semana,E1_lab_soleado,1,790.231468009336,48.7076915171223,741.523776492214,163.520831394603,577.663714986876,19.1169479558496,29.9299736719408,20998.8940890237,90.4610549513383,828.249442564792,114.474123865527,39.4425267851475,67.1946572672832,116.321409020488
B_prima2_semana,E1_lab_soleado,2,785.942188526253,121.034431433905,664.907757092348,167.753844258145,594.081125013432,12.9118376836075,11.1953815709829,20353.946079386,82.7389749189702,719.283479808873,105.273614429729,35.3387729830604,63.6263267272924,107.100401019901
B_prima2_semana,E1_lab_soleado,3,1339.1065523992,85.3103348121671,1253.79621758703,245.904845544363,1048.81113660158,29.2090158823816,15.1815543707537,20650.5718375122,146.816943825815,720.633440532491,109.637984791256,34.8965368224548,115.418393411627,110.046880113814
B_prima2_semana,E1_lab_soleado,4,726.329426745835,155.97838673148,570.351040014355,152.971448726518,521.972698789434,17.1041377594918,34.2811414703571,20546.3034296677,82.5027884249436,778.242971826179,113.588662921974,37.8775176999693,61.1665326011212,117.183394347979
B_prima2_semana,E1_lab_soleado,5,626.037626099402,26.6048932486289,599.432732850773,95.6516800419876,513.122592126623,13.163344158987,4.1000097717701,18843.5453229002,72.2084225358994,733.810721543084,115.3419850909,38.942285486548,59.1973048199595,115.366787056905
B_prima2_semana,E2_lab_nublado,1,1977.03324099528,111.07989464917,1865.95334634611,377.244320336547,1544.34481576339,44.1735590986964,11.2705457964945,4083.31060721605,281.175892787342,313.318450726118,142.221125551633,76.7314762125664,219.950684441926,142.423299639336
B_prima2_semana,E2_lab_nublado,2,1456.46208016939,56.9661303967244,1399.49594977267,342.854591596228,1078.14144744862,28.6811415228501,6.78489960160659,3562.12105241469,221.516054883742,237.08386560138,152.091879287361,66.5569367556066,162.291324480642,150.528787168601
B_prima2_semana,E2_lab_nublado,3,2513.76676967138,156.749069031472,2357.01770063991,557.21887528014,1873.50367111842,56.0413249075422,27.0028983651541,3301.4719228876,391.040859137191,241.857234788403,155.559721711299,73.2573956215461,292.296271560247,156.015852045679
B_prima2_semana,E2_lab_nublado,4,2804.07287696072,174.111190680482,2629.96168628024,636.427483030466,2080.54872511902,66.9760433302985,20.120625480763,4549.38273787331,415.369118414355,310.800329334806,148.130643046826,68.3170327146613,311.82652951092,149.877061635786
B_prima2_semana,E2_lab_nublado,5,1845.50713375409,226.774891463736,1618.73224229035,416.947571035107,1364.48962079331,34.7836958173577,29.2862461082046,2313.717393574,270.600770261347,171.228431720206,146.626780960145,74.0057675996933,200.513120603865,146.95100464545
B_prima2_semana,E3_finde_soleado,1,909.885098872,57.5499669430343,852.335131928966,169.922733946073,714.645124315722,22.3736435896819,2.9435970204387,21317.8112229632,106.731811370496,952.936159011045,117.302516002089,44.701407149368,84.0103195761272,117.555296632812
B_prima2_semana,E3_finde_soleado,2,600.528237178095,106.967157175542,493.561080002552,99.8700836047187,482.700480475054,10.7893464272717,7.16832667096661,21835.4169048125,70.3002332834278,1018.26563479423,117.063992883618,46.6336703912351,56.7402571174091,117.547546382319
B_prima2_semana,E3_finde_soleado,3,1254.8161528136,40.1929846253499,1214.62316818825,286.173151131303,933.59808525988,28.5790150067857,6.46590141554447,21300.4208375774,141.527791474405,1018.8427959236,112.787671052103,47.8320500657053,105.266758540137,112.753828657258
B_prima2_semana,E3_finde_soleado,4,1071.420583218,123.948650486583,947.47193273142,240.154257849369,802.501601473766,22.0564396073484,6.70828428745308,21960.896613263,101.837504978147,1006.61417636314,95.0490466332824,45.8366611386536,76.34184604777,95.1298363860844
B_prima2_semana,E3_finde_soleado,5,485.247529297843,34.9821420538459,450.265387243997,88.5027114377998,383.866752591851,9.0318129359581,3.84625233218306,19745.2706548212,55.0868633196476,899.661511269719,113.523222672269,45.5633922166596,43.7529862847828,113.979619202144
B_prima2_semana,E4_volatilidad,1,1238.19180081366,67.7629307004304,1170.42887011323,226.777692531383,975.488262708869,27.0709186867641,8.85492688654714,11501.7478086473,116.82586639062,249.651593442492,94.3519948313739,21.7055353321864,92.5808001838557,94.9071390431338
B_prima2_semana,E4_volatilidad,2,1066.90225606989,72.3172366186464,994.585019451242,193.211957004521,838.136597863038,20.2214478974856,15.3322533047793,10833.6785270286,115.543017767424,209.784442257154,108.297659987191,19.3641007284617,89.9013980131305,107.26342011833
B_prima2_semana,E4_volatilidad,3,2437.0745084258,92.9039217808782,2344.17058664492,503.026517743657,1825.06385366351,52.9316708804086,56.0524661380518,11828.7136890073,218.822148337933,199.336365261971,89.7888626635706,16.8519054990078,168.015761307155,92.0602098221882
B_prima2_semana,E4_volatilidad,4,1625.84143701768,141.689317100801,1484.15211991688,365.140362394033,1197.48558256484,40.7540148939527,22.4614771647635,11556.0076957467,149.45954521636,226.327012428645,91.9275040071047,19.5852251389506,111.478845449252,93.0941024028706
B_prima2_semana,E4_volatilidad,5,1160.54525000029,64.9218687861624,1095.62338121413,265.014583492223,826.808552531001,24.3502842986361,44.3718296783475,9449.75282360427,91.4449224544465,179.896416420278,78.7947927531681,19.0371557625211,65.3998925262362,79.0991969374725
B_prima2_semana_s6a10,E1_lab_soleado,10,886.798376173007,146.569902607611,740.228473565395,150.814440162467,701.214095075378,19.4952659317454,15.2745750033172,20522.9573833596,104.800878796792,793.791533671597,118.178925010059,38.6782235544288,82.5744892069115,117.759311723526
B_prima2_semana_s6a10,E1_lab_soleado,6,140.975067323364,37.8577056544482,103.117361668916,15.3581959339881,118.685438393583,3.29815064639922,3.63328234937723,18908.1347300397,15.5394939267898,689.491238933835,110.228668244902,36.4653229299466,13.0936133674538,110.321986797006
B_prima2_semana_s6a10,E1_lab_soleado,7,367.570880586663,97.0592528729752,270.511627713688,70.3090100573367,269.741358922125,9.96025940435279,17.5602522027972,19427.7146076073,45.8392889635184,689.796518568542,124.708706223835,35.5057984174031,34.432939805096,127.651688056621
B_prima2_semana_s6a10,E1_lab_soleado,8,1206.70575533359,55.7438014958257,1150.96195383777,240.456071678901,934.787186237029,25.7195741850842,5.74292323249476,20852.6163573427,139.032208389192,765.400996935373,115.216329892084,36.7052739962704,107.437963703761,114.933072773762
B_prima2_semana_s6a10,E1_lab_soleado,9,1370.2035466013,159.206673887308,1210.99687271399,237.657475232557,1091.63155689778,26.1883330068877,14.7261814639417,20154.6604253006,139.058529126472,770.5592742712,101.487497584864,38.2323124285388,110.610251056072,101.325626175929
B_prima2_semana_s6a10,E2_lab_nublado,10,2077.26844160084,148.745788189004,1928.52265341184,391.737848344206,1635.57138846917,43.6824013284936,6.27680345882043,3458.65716410222,300.636004415307,263.150382243872,144.72660268387,76.0845524023423,236.982274900509,144.892651321271
B_prima2_semana_s6a10,E2_lab_nublado,6,1724.11678713187,204.232896857484,1519.88389027438,326.833017894544,1349.23421129799,26.8796463183266,21.169911620877,2968.22413204937,259.809193084499,183.585250566574,150.691179984798,61.850198098019,204.331655211339,151.442687637432
B_prima2_semana_s6a10,E2_lab_nublado,7,2067.39936012111,227.323834007457,1840.07552611365,414.440487903692,1591.81834932181,38.5946424472613,22.5458804482495,2452.14177397964,315.198387779311,178.868147467362,152.461296960471,72.9436402761788,244.955744194287,153.884232015952
B_prima2_semana_s6a10,E2_lab_nublado,8,1902.25080905028,214.981200616186,1687.26960843409,396.793098382526,1444.58750458447,39.9794102000619,20.8907958830508,3249.07623485071,290.049691658425,238.544684289918,152.477102534779,73.4192327441275,220.909895871014,152.922474526427
B_prima2_semana_s6a10,E2_lab_nublado,9,2651.12167521164,91.1825071724406,2559.9391680392,546.30953741914,2029.1438177109,59.7165243167676,15.9517957646489,4134.48417965792,398.797689382742,312.771110412121,150.426022732776,75.6493668426612,304.968167748942,150.29401321242
B_prima2_semana_s6a10,E3_finde_soleado,10,906.664782489043,172.105670936301,734.559111552742,154.280501868034,720.13620413269,20.8534339847876,11.3946425034173,21097.1387754791,108.967182116078,958.691837939515,120.184641799953,45.4417941760799,86.6507025741717,120.325435767434
B_prima2_semana_s6a10,E3_finde_soleado,6,326.76017029413,53.027603478763,273.732566815367,88.3432534461548,227.063719881749,5.98955186832076,5.36364509788859,21020.8249265847,37.8014387587824,979.06932697862,115.685576748096,46.5761610402076,26.6044724164775,117.167429611092
B_prima2_semana_s6a10,E3_finde_soleado,7,627.924354102108,174.198312868419,453.726041233689,122.773468599777,485.552674831375,14.7741720595437,4.82403861130971,20295.943458865,77.3159235484466,888.677957257265,123.129359521345,43.7859890109765,60.8864624349133,125.396204348083
B_prima2_semana_s6a10,E3_finde_soleado,8,245.942981174077,31.695646516539,214.247334657538,45.8712928557094,192.501442249228,4.25844724136975,3.31179882775384,20288.9306915361,25.7850036546124,909.913804491753,104.841388567059,44.847795003378,20.2847857770666,105.374721041333
B_prima2_semana_s6a10,E3_finde_soleado,9,1232.35887628819,104.097284036606,1128.26159225158,219.403788669009,977.365032632654,24.6057962917596,10.9842586946494,21305.122098698,141.641369832336,1039.54141356106,114.935164226636,48.7930277397746,112.45063369195,115.054897543296
B_prima2_semana_s6a10,E4_volatilidad,10,1142.90962081075,146.59830888461,996.311311926139,170.73658720628,927.266215467653,23.1748206773727,21.7319974593416,10867.9955967728,113.553035456473,205.891263079137,99.3543438508476,18.9447319191291,92.4213766673018,99.6708120339427
B_prima2_semana_s6a10,E4_volatilidad,6,642.257991712811,97.0125891393293,545.245402573481,114.336595639777,502.454613967204,12.5541176225556,12.912664483205,9539.85976480338,68.1669054273041,165.830533748572,106.136328869202,17.3829110528848,53.8842306900906,107.241986026638
B_prima2_semana_s6a10,E4_volatilidad,7,823.838470554827,100.532076071229,723.306394483598,193.165747398909,593.593716684234,18.7003306618437,18.3786758098058,9934.06343940036,79.4853545551186,160.850995316613,96.4817223230518,16.1918631079652,60.0738558358926,101.203658575532
B_prima2_semana_s6a10,E4_volatilidad,8,1638.72520850362,140.160414631403,1498.56479387221,348.725398909131,1202.56765282831,33.5324137392807,53.8997430267795,11409.3606136807,167.559082919706,195.84338429179,102.24965238236,17.1651498206621,127.297522130088,105.854769859057
B_prima2_semana_s6a10,E4_volatilidad,9,2049.36921352426,151.317095420279,1898.05211810398,361.264553965257,1535.56894418584,35.8232260968621,116.712489276138,11041.3075234178,159.930726921653,206.441148412651,78.0390013991786,18.6971649847451,125.737007276539,81.8830100417306
C,E1_lab_soleado,10,3.35346031971106,3.35340114722301,5.91724880495646e-05,5.91724880495646e-05,0.935574939935205,0,2.4178262072878,2840.2810220382,0.350293923943491,221.982568624565,104.457453062594,78.1551427137547,0.0978774112296133,104.617393061417
C,E1_lab_soleado,10,3.35346426812305,3.35340114722301,6.31209000450875e-05,6.31209000450875e-05,0.935574939935205,0,2.4178262072878,2801.73232770767,0.350294392054089,219.09017355688,104.4574696632,78.1981102870507,0.0978774112296133,104.617393061417
C,E1_lab_soleado,1,4.37532498263474,4.37518700407632,0.000137978558424762,0.603247499574642,2.10370751758619,0.0122804296398208,1.65608953583409,2874.84814236882,0.428428399780456,218.084135629218,97.9192177680168,75.8593584179793,0.200716444557986,95.4108129956629
C,E1_lab_soleado,1,6.317935351667,6.3177788816735,0.000156469993504271,1.08314333201226,3.48837967872856,0.0223988560669542,1.72401348485922,2836.95548660607,0.598757183934533,215.198687618573,94.7710210071317,75.8555037731737,0.322124499646949,92.3421557610829
C,E1_lab_soleado,2,2.5305088547466,2.53048322666657,2.56280800313537e-05,2.56280800313537e-05,0.850992657735711,0,1.67949056893086,3127.28495763432,0.264624216242882,241.258815644596,104.573519174419,77.1464125952563,0.0890723939771795,104.668816079072
C,E1_lab_soleado,2,2.54170578377917,2.54168015992862,2.56238505510925e-05,2.56238505510925e-05,0.86156423201624,0.000391874821180811,1.6797240530912,3087.48799051043,0.265605962898575,238.206100392627,104.499098437607,77.1520735059593,0.0899993096100963,104.460359733689
C,E1_lab_soleado,3,270.240968318288,7.20234678373563,263.038621534552,50.1959405377976,211.318436582982,6.94486455694866,1.78172664055955,2783.43302163139,29.8501297897837,211.154401362026,110.457455712734,75.8611397224379,23.3630403488815,110.558457305769
C,E1_lab_soleado,3,271.941937666976,8.90329510681941,263.038642560157,50.8796102100829,212.263774662325,6.94693744263219,1.85161535193593,2745.31421288981,29.9992712669068,208.24895426125,110.314986810325,75.8561454581333,23.445927947215,110.456567469006
C,E1_lab_soleado,4,155.913076889113,17.2443334607831,138.66874342833,18.6619935053919,132.148859762106,3.4274794619669,1.67474415963148,2421.14363937368,19.2656679338242,179.697249082187,123.566722677958,74.2199868524416,16.3098008751792,123.419913758923
C,E1_lab_soleado,4,156.355179105048,17.6864284339122,138.668750671135,18.6622006810964,132.643226753581,3.42747977980575,1.62227189054766,2381.83041233817,19.3016609086089,176.687152724723,123.447531569396,74.1812480894784,16.3530709000597,123.286136053066
C,E1_lab_soleado,5,119.983263920629,12.7780263744594,107.20523754617,23.490698295809,91.2760241053752,2.75400845721201,2.46253306221602,2763.88340137396,14.9689468311573,208.973466094047,124.758623344832,75.6086403609372,11.4059070479076,124.960603397227
C,E1_lab_soleado,5,120.459916470552,13.2546671628898,107.205249307662,23.4907034089946,91.7712356965228,2.75400870114661,2.44396866387121,2724.54900328257,15.0093125059931,205.961747605506,124.600057394713,75.5948038950158,11.4492882152003,124.759006766148
C,E1_lab_soleado,6,259.688909366616,14.4494118580431,245.239497508573,50.0653892798803,201.264601590358,6.75412828225269,1.60479021412549,2738.60712819551,30.1815271355931,207.434639041603,116.221856409679,75.7445771998278,23.3785294745937,116.158178287988
C,E1_lab_soleado,6,259.901814504324,14.9747809770199,244.927033527304,49.9878422915858,201.542076674903,6.74963162304684,1.62226391478865,2699.34052077199,30.1929234435558,204.429826732783,116.170498852187,75.7332486063366,23.3975656149749,116.09270878317
C,E1_lab_soleado,7,27.2684701500806,26.3473389387049,0.92113121137576,8.97787729656883,15.2163608166461,0.708844051079652,2.36538798578608,2911.99543619112,3.08845102801013,222.003489346773,113.260883761057,76.2375814836965,1.75904361564062,115.602123059299
C,E1_lab_soleado,7,28.0827555118417,27.1996298390242,0.883125672817556,8.95452362212687,16.0220633738787,0.717831733620463,2.38833678221567,2874.45221994561,3.15836342182889,219.203091676984,112.466293433958,76.2590834371676,1.82915483675417,114.16474857641
C,E1_lab_soleado,8,29.044383847211,14.7846313857386,14.2597524614724,9.43489467716326,17.1820704104278,0.597182243582058,1.83023651603778,2985.40508753437,3.35132560405009,225.705000916159,115.386355643826,75.6028057494093,2.02373313722076,117.781681071017
C,E1_lab_soleado,8,29.9152763832665,15.6554626859384,14.2598136973281,9.43495018054942,18.0177897527004,0.607785712601862,1.85475073741472,2946.46240397557,3.4276868783761,222.727247959057,114.579816494472,75.5914101121867,2.09700914430991,116.38548196488
C,E1_lab_soleado,9,3.35723203089284,3.35699696432059,0.00023506657224905,0.609201308905857,1.61666891380472,0,1.13136180818226,2384.26867407852,0.336040506538812,184.181288552858,100.094513410633,77.2485460867959,0.157647525292989,97.513797628468
C,E1_lab_soleado,9,5.1742796351969,5.17400997859282,0.000269656604088431,1.00977475998095,2.97078644304858,0.0106839777464886,1.18303445442089,2347.84967197113,0.495360247068686,181.486555087694,95.735113289801,77.2990525135827,0.27637655025709,93.0314432071652
C,E2_lab_nublado,10,611.207708206392,48.1676173785813,563.040090827811,144.116801817109,448.647794429869,13.2978342303639,5.14527772903301,64.5198289482018,88.4162242117303,8.87783642144547,144.658228331561,137.598573433492,66.1971357188602,147.548113555271
C,E2_lab_nublado,10,614.545993505463,49.3075666468738,565.238426858589,145.705300107775,449.039972457065,13.4366885534557,6.36403238714997,61.380657313499,88.7746080960121,8.5357701563227,144.455596544741,139.062866543228,66.2372000171712,147.508471583795
C,E2_lab_nublado,1,548.759131096081,33.2112810259565,515.547850070125,115.940072430659,416.439437743398,13.5109045093943,2.86871641259717,70.970752524103,86.477854569697,9.13003177445336,157.588001127139,128.644990362088,65.6437067305554,157.630860050781
C,E2_lab_nublado,1,556.86297383865,45.8681476579458,510.994826180704,112.42720493628,427.800399178576,13.2068367395093,3.42853298426769,59.4698347205907,87.8876666345028,7.81097679535259,157.826378774409,131.343509395161,67.8068528467537,158.501144405078
C,E2_lab_nublado,2,263.811378029026,19.6305580864335,244.180819942593,51.0906967309426,200.856731673942,8.97238825294425,2.89156137118034,65.1715521830381,37.5740065916257,8.84514171520058,142.427543771412,135.720899977317,28.8068881752749,143.420078257761
C,E2_lab_nublado,2,264.908891208011,20.3062838547139,244.602607353297,51.7810986533917,200.893543142264,9.00058648681031,3.23366292552877,63.8408552962573,37.690289764526,8.70571479226155,142.276424142106,136.365885949713,28.8087072520717,143.402853080602
C,E2_lab_nublado,3,722.729586557346,26.2587217054368,696.470864851909,164.414329640578,539.260444516915,13.4887350476303,5.56607735220608,66.9383917726261,101.646014818339,8.69516585670218,140.641834385832,129.898039472439,75.8629895406849,140.679685135529
C,E2_lab_nublado,3,724.726992172926,28.1036892956191,696.623302877307,164.426819343179,540.824678413168,13.7173304068165,5.75816400974573,61.9264919882161,101.868781114016,8.16175257209135,140.561593833543,131.797431277787,76.0329933939783,140.587137438081
C,E2_lab_nublado,4,636.358907973613,101.951903755926,534.407004217686,151.743857658647,466.711889278671,10.2563946772684,7.64676635899156,56.9328916647248,83.7505916851599,7.48354587611258,131.609050546414,131.44503392139,62.6268169133879,134.187318455035
C,E2_lab_nublado,4,636.1993262167,100.49022634151,535.70909987519,152.620193015255,465.52714783269,10.3978536044679,7.65413176425303,52.0613999115656,83.7359165626414,6.95740644948258,131.618995984475,133.638481894471,62.5014607955451,134.259540150402
C,E2_lab_nublado,5,32.6158945983708,32.6157717605452,0.000122837825612613,5.25515493696391,24.2148744121702,0.538266995231168,2.60759825400552,68.7554936868174,4.70871230945577,8.96825211637831,144.36863889335,130.436880538287,3.71115768665723,153.259423257303
C,E2_lab_nublado,5,34.3766992199107,34.3765746789453,0.000124540965373963,5.32781858050831,25.603545827771,0.605923606823388,2.83941120480798,64.3471184504095,4.8977099120971,8.49211854244359,142.471791161974,131.973563804387,3.85992567740731,150.757465523413
C,E2_lab_nublado,6,518.418447789539,22.4591748696808,495.959272919858,100.485121005305,411.211879300822,5.18639301660699,1.53505446678797,69.7688974632783,83.4166882257246,9.45930370528089,160.906095416552,135.58052440573,66.6844000036256,162.16554861452
C,E2_lab_nublado,6,521.704423122441,24.9424624020804,496.761960720361,101.216364245441,413.010495435594,5.27428689187744,2.2032765495126,69.0885635887034,83.7734855553287,9.38630532902065,160.576529242244,135.859031386135,66.8784478140684,161.929172631638
C,E2_lab_nublado,7,589.1475365754,14.6233900033686,574.524146572031,125.725103403093,447.174397129035,14.6735531263662,1.57448291687207,67.4739701011079,88.0056436815806,8.9147738173733,149.377937134627,132.121673054287,67.2081799854,150.295232501888
C,E2_lab_nublado,7,584.502228863468,16.9798188065639,567.522410056905,126.065043742797,441.233216994689,14.6062692052394,2.59769892070969,62.8658860177022,86.8650891611996,8.4187999131331,148.613786007461,133.916825903996,66.0172172378469,149.619780866683
C,E2_lab_nublado,8,618.598199656823,23.3608263461858,595.237373310637,179.773091961465,420.326198659214,14.6352376717103,3.86367136443353,70.3556858682579,78.7502221727364,9.55313278125688,127.304318403164,135.783379315572,53.6947620190802,127.745456244126
C,E2_lab_nublado,8,620.103297303352,24.8659101354211,595.237387167931,179.773096887329,421.554382072005,14.7286657702882,4.04715257372947,64.3405341808465,78.912023888751,8.90406823557123,127.256255904325,138.389715735712,53.826794798086,127.686479105066
C,E2_lab_nublado,9,62.6158018832335,15.7326047972982,46.8831970859353,16.2038395955504,44.9631383169959,0.152804819915797,1.29601915077133,67.5341710965083,6.96984588418237,9.02329967967442,111.311293228821,133.610874808545,4.99945167100961,111.190007151254
C,E2_lab_nublado,9,128.315729019419,54.8050503283713,73.5106786910481,21.3342496057107,105.519867030588,0.228783336877933,1.23282904622636,50.1084549059424,18.5179837672225,6.55031976320607,144.315774135686,130.722844587835,15.5728213691914,147.58188962347
C,E3_finde_soleado,10,197.709304941136,22.492487921174,175.216817019962,44.5205952895092,141.146665209487,4.97725729174101,7.06478715038366,2820.40153170275,23.4100094273644,18.7623644837841,118.406209734713,6.65237352656547,16.7546699901202,118.703973382958
C,E3_finde_soleado,10,199.188657095296,23.9718091402646,175.216847955032,45.0584757783957,142.013949261474,4.97725772553858,7.13897432987269,2778.12593505429,23.5137138106512,18.2976590100836,118.047453873851,6.5863317350752,16.815467368604,118.407152649798
C,E3_finde_soleado,1,4.25637894587741,2.45743981767632,1.79893912820109,1.79893911555386,0.886974239541134,0,1.57046559078241,3201.8004986574,0.186476947313211,20.5089865114925,43.8111713464392,6.40545421867866,0.0220059696091671,24.8101564038113
C,E3_finde_soleado,1,5.32293494712254,2.5434991549241,2.77943579219844,2.76339277467729,0.886974239541134,0,1.67256793290411,3167.1931890929,0.261242987800941,20.9021861892911,49.0787489225588,6.59959305964456,0.0220059696091671,24.8101564038113
C,E3_finde_soleado,2,100.466816201624,39.4773384828004,60.9894777188241,29.7340042948566,65.5719948789705,0.948627941874196,4.21218908590643,2603.52329662469,9.60942327331826,16.9945049968749,95.6477336161757,6.52750256504607,6.54627897782141,99.8334577116986
C,E3_finde_soleado,2,95.5374691135189,34.0165179958555,61.5209511176634,29.7712346843598,62.6427027165425,0.979802354600119,2.14372935799981,2561.02240857282,9.00371327716408,16.5219311288492,94.2427443463647,6.45130283653251,6.21445247948898,99.2047311178335
C,E3_finde_soleado,3,209.524796907086,18.6107033679032,190.914093539183,32.9914765953445,171.060134520716,1.78526659763875,3.68791919336995,3327.61566144472,26.042555599798,15.1116642796051,124.293429628506,4.54128896395571,21.659424713241,126.618775168904
C,E3_finde_soleado,3,211.574929401795,20.6608214952537,190.914107906542,33.5479107245667,172.432708961559,1.78526677654983,3.80904293910336,3285.95084351781,26.1862707278497,14.6883512903101,123.768306584757,4.47004595923454,21.7556428133562,126.168886079533
C,E3_finde_soleado,4,200.667766772624,25.4218936993289,175.245873073295,34.7661007584964,157.433340208373,5.24826696787365,3.22005883788151,3080.04725070075,23.0547930456337,6.86099061618888,114.890365385672,2.22756018260042,18.2929890887541,116.195140524505
C,E3_finde_soleado,4,201.261885614104,26.0350063783501,175.226879235754,35.049064879665,158.263492230366,5.2658832529128,2.68344525115968,3039.5065526091,22.9238426303953,6.43278626067073,113.900565725341,2.11639164098819,18.2174055999905,115.108072893232
C,E3_finde_soleado,5,322.848853344511,5.02099305252957,317.827860291981,75.1591824928871,238.076231140538,7.27263221464155,2.34080749642826,3501.6918416654,41.1404217435147,12.8024138241228,127.429356856392,3.65606524017659,30.5143978431431,128.17070270711
C,E3_finde_soleado,5,327.62254767867,9.64898580889206,317.973561869778,75.8278592850875,241.910646601743,7.40309129486438,2.48095049695846,3460.65663942582,41.5606138726993,12.4527044725965,126.85516966757,3.59836463714083,30.861515730478,127.574028526679
C,E3_finde_soleado,6,3.7538463811945,3.75378447951645,6.19016780553139e-05,0.121629713180364,1.05246842251546,0,2.57974824549868,3017.92833862245,0.0984441961985227,25.6078807909143,26.2248867432868,8.48525144324771,0.0280974026121664,26.6966704283745
C,E3_finde_soleado,6,3.75385262752558,3.75378447951645,6.81480091308481e-05,0.121635959511439,1.05246842251546,0,2.57974824549868,2975.31079897925,0.0984449312284108,25.1603309231816,26.2250389124366,8.45637065271079,0.0280974026121664,26.6966704283745
C,E3_finde_soleado,7,4.90596562035522,3.30019004324578,1.60577557710944,1.60577456297841,0.959385812081214,0,2.34080524529559,2906.86661463427,0.191757107796395,21.2596172119175,39.0865168318303,7.31358539290676,0.0237676441269276,24.7738123991723
C,E3_finde_soleado,7,5.71819629566847,3.32457042219932,2.39362587346915,2.33353135168623,0.959385812081214,0,2.42527913190102,2869.09112629615,0.248695748735865,21.3313011751857,43.4919922081465,7.43486359832822,0.0237676441269276,24.7738123991723
C,E3_finde_soleado,8,225.765208339758,3.71893138659199,222.046276953166,87.7569027499176,131.472508986745,4.18475796650271,2.35103863659245,3090.95992144654,27.1393889504429,20.5130634509104,120.210678828779,6.63647021385851,15.9108793328764,121.020580313718
C,E3_finde_soleado,8,226.382046622881,4.33568305266635,222.046363570214,88.0749768161592,131.737849375444,4.18475917432026,2.38446125695699,3047.90912677488,27.1826338486353,19.9908912569478,120.074158945641,6.55888690424999,15.9294816405414,120.918033170129
C,E3_finde_soleado,9,114.109564065908,9.32096113631248,104.788602929595,24.6346956253348,82.8943583724935,4.23908256450764,2.3414275035552,2283.29800641302,13.7141665740351,9.14590809210313,120.18419916243,4.0055691663617,10.1120215220881,121.986848328674
C,E3_finde_soleado,9,116.209776280971,11.4211632742093,104.788613006762,24.9859879325851,84.5072544122961,4.26879557189337,2.4477383641797,2241.74427403841,13.848476419544,8.71921133564139,119.167912225055,3.88947634956332,10.2126549582655,120.849446941439
C,E4_volatilidad,10,3.3934578264632,3.39333253963888,0.000125286824319382,0.000125286824319382,0.907436959330649,0,2.48589558030823,1737.35777124521,0.197796862235341,72.0948099615522,58.2877030894158,41.4968126627596,0.0539025213506414,59.4008440987476
C,E4_volatilidad,10,3.39347184322144,3.39333253963888,0.000139303582565059,0.000139303582565059,0.907436959330649,0,2.48589558030823,1698.23812293292,0.197799618174139,70.3559816655018,58.2882744612275,41.4288083134034,0.0539025213506414,59.4008440987476
C,E4_volatilidad,1,20.1520150162824,19.8133001412218,0.33871487506054,4.037141817019,13.9034431945595,0.565253654747403,1.64617634995649,1916.07055870521,2.23947371488837,64.6513613058161,111.129021741941,33.7416391124472,1.6568849353794,119.170835036586
C,E4_volatilidad,1,23.096447643527,22.7577130699577,0.338734573569362,4.67797840457632,15.8898087752958,0.639983855371289,1.88867660828366,1879.97118723088,2.46423368445462,63.1471582706473,106.69319033333,33.5894287633527,1.79372869206281,112.885480085296
C,E4_volatilidad,2,4.48254214123178,3.94090701129557,0.541635129936217,0.426518655907355,2.13605728417273,0.180856839583912,1.73910936156779,2024.55473742593,0.348063811804491,74.2605922305194,77.6487539521144,36.6799626889497,0.174882527052919,81.8716465839767
C,E4_volatilidad,2,8.59218521204992,8.05054456681344,0.541640645236483,0.42652415715148,6.0525463772558,0.300434727562429,1.81267995008022,1988.30876223541,0.925767139222168,72.8635152453619,107.745249476681,36.6459760321345,0.727499470601714,120.197256700999
C,E4_volatilidad,3,471.063452166723,47.3950654470482,423.668386719675,104.028074397124,354.089431320115,9.48948565340755,3.45646079607281,1854.49285239806,53.4238128357165,68.9310834737401,113.411075705377,37.1697757608528,40.8680791050582,115.417393150352
C,E4_volatilidad,3,471.101962123897,45.6393633769985,425.462598746898,104.757588970335,353.970135691254,9.50710360587612,2.86713385642856,1818.16547311128,53.3244101751066,67.4590059993213,113.190804671458,37.1027868458442,40.8315680296828,115.353143987541
C,E4_volatilidad,4,131.040565944075,28.9865911434687,102.053974800606,22.4972134571285,102.754276210156,3.67229555076547,2.1167807260077,1613.55492401158,28.6646223902468,56.6960084555263,218.746173627488,35.1373279036391,22.4891912440314,218.863798894713
C,E4_volatilidad,4,132.975770236247,30.9217865423975,102.053983693849,23.3644296008339,104.181676692516,3.7359582320322,1.69370571084759,1577.07078436098,28.71605571462,55.1305292677631,215.949534743079,34.9575490297994,22.568619352681,216.627530571335
C,E4_volatilidad,5,205.868767647842,6.22929723944699,199.639470408395,31.4954737645613,167.885491254138,4.80619905306876,1.68160357605657,1867.61038217841,42.5453428369123,68.250668911155,206.662444833255,36.5443828982929,33.9049043070595,201.952557387676
C,E4_volatilidad,5,207.678914879821,8.03943073260089,199.63948414722,31.4954769384642,169.570962141717,4.84526591617352,1.76720988344946,1830.29575889906,42.6938225442627,66.6597500323187,205.576105638691,36.4202067934721,34.0424077774183,200.756116185552
C,E4_volatilidad,6,379.470665497636,11.7134967730753,367.75716872456,80.3220587981483,286.965005847433,9.78503738238295,2.39856346966885,1827.72305879656,46.966990661027,69.3077354625405,123.769753320549,37.9202610203841,35.0360150497794,122.091594221794
C,E4_volatilidad,6,379.656729294839,11.7776363828401,367.879092911999,80.3374484544611,287.776931665044,9.80780463884273,1.7345445364882,1790.62192734871,46.9365546061301,67.7549538060393,123.628928409378,37.8387825878804,35.0830978302331,121.910736997738
C,E4_volatilidad,7,24.7794194293854,4.33723746909582,20.4421819602896,5.32078699617172,16.1708086094001,0.934344604709658,2.35347921910394,1973.92802827843,2.7096540064401,77.8241797528544,109.350988394295,39.4260472712013,1.83647703447657,113.567421322952
C,E4_volatilidad,7,26.5305446173841,6.08834006503221,20.4422045523519,5.32080946858932,17.8114059498727,0.934344607866231,2.46398459105578,1936.47900799758,2.87216884359356,76.2390488290786,108.258947753058,39.369933014618,1.98873267358153,111.65500798637
C,E4_volatilidad,8,194.460580678506,27.3834608276461,167.07711985086,65.3861288838126,123.118408624311,4.27289810979552,1.68314506057102,2031.90762505609,22.97599123165,76.7333255786316,118.152435580943,37.7641801391013,14.9354625344153,121.309743208183
C,E4_volatilidad,8,196.965164281549,29.8879842392584,167.077180042291,65.3861570666641,125.478757239649,4.2734470820279,1.82680289319172,1995.37888401034,23.2084302913676,75.2354157161285,117.830126845134,37.7048270476429,15.1545152815499,120.773552551263
C,E4_volatilidad,9,18.3062999934101,18.3060260580033,0.00027393540681669,0.662694533318472,15.0889755397144,0.733694426766423,1.82093549361087,1313.23492245819,2.2286984485565,47.6743419581431,121.744888336736,36.302980634191,1.97000988716752,130.559552037342
C,E4_volatilidad,9,21.0554827406673,21.0551679550162,0.000314785651123423,1.11740023760506,17.1892942818332,0.798896093257342,1.94989212797173,1276.87486055996,2.42715711063969,46.1342676521497,115.274351129067,36.1306100363805,2.11551106239993,123.0714320038
C_factor3,E1_lab_soleado,1,5926.6196522142,380.834342673344,5545.78530954086,1865.13888727532,3614.12100366531,0,447.359761273489,5791.54036002421,531.305744523309,200.108484692908,89.6473497037746,34.5518587894415,343.740619826679,95.1104347303451
C_factor3,E2_lab_nublado,1,6510.87551390867,988.731394105806,5522.14411980287,2998.47700956212,2903.27770090091,0,609.120803445652,135.955052690872,613.499019160639,16.9368907717539,94.2268083378448,124.577133666846,266.288027602124,91.7197922608276
C_factor3,E3_finde_soleado,1,4186.01428979029,330.24987628569,3855.7644135046,1505.4741438519,2643.61607337778,0.00331044347131461,36.920762117039,6886.37266104348,384.907554532532,293.340802481988,91.9508458132414,42.5972884304432,251.081092732331,94.9763830159806
C_factor3,E4_volatilidad,1,9707.5471999091,479.799578685965,9227.74762122313,3324.34911251412,5810.50555763003,0.000136635683480145,572.692393129088,1535.38245766176,631.139612959622,18.0094458031992,65.0153535143803,11.7296154540061,400.933724776988,69.0015216060683
C_factorB,E1_lab_soleado,1,2880.0077086072,143.574314169215,2736.43339443798,732.413729882853,1747.95277416788,44.6618155527204,354.979389003595,13135.07807348,304.1101463132,511.625919173644,105.593518171613,38.9511136752683,210.373133576335,120.354014527929
C_factorB,E2_lab_nublado,1,8001.62249173632,448.220628201857,7553.40186353447,2632.46351440581,5111.07654645924,121.755621733241,136.32680913783,961.965074272833,1061.85221233036,70.2169527482252,132.704612524146,72.9932454162158,699.258616862398,136.812393730792
C_factorB,E3_finde_soleado,1,3006.18611715432,234.693353539671,2771.49276361465,837.728849357781,2095.33290802519,51.8852376027395,21.2391221684728,14058.3870494733,347.569043983051,585.301154765583,115.61793928849,41.6335922966008,247.892767389725,118.30710358258
C_factorB,E4_volatilidad,1,4759.74672937908,236.072066456682,4523.67466292239,1552.52016164267,2830.52699411808,76.3428858644338,300.35668775373,5203.41948013691,379.312314524023,102.783932275719,79.6917012795564,19.7531513013852,256.8450822277,90.7410820534241
C,E1_lab_soleado,1,845.02162480605,56.5435941387262,788.478030667324,162.894035734964,589.14159800268,19.5357533184348,73.4502377499051,21009.4880548,93.2797218806737,826.750739618905,110.387378431982,39.3513034426376,68.7782806796269,116.74320895486
C,E1_lab_soleado,2,849.021132085503,132.918259322212,716.102872763291,169.681207231631,600.951428280892,13.6491485736227,64.739347999273,20380.222948755,85.0649295388167,719.108825346014,100.191769467347,35.2846397781896,64.2736161090884,106.953096513893
C,E1_lab_soleado,3,1395.35208166633,87.5364489017507,1307.81563276458,247.268473420336,1051.61493281909,29.4968196787135,66.9718557480775,20665.2836793207,148.621896654788,718.766441974322,106.51211160792,34.7813489099875,115.581292405994,109.908378817095
C,E1_lab_soleado,4,775.621619689115,155.116641906022,620.504977783093,153.048397536607,524.819885729285,17.5965709871843,80.1567654360059,20551.9001654809,83.7125555899519,776.307251755445,107.929631491584,37.7730159014365,61.2248698734774,116.658822461348
C,E1_lab_soleado,5,638.608323323819,57.2380302304647,581.370293093354,89.2129316704961,514.865511551636,13.6187327252179,20.9111473764196,18815.9501675477,72.3317415483776,732.422574235782,113.264639539783,38.9256225550069,59.7233974917728,115.998054155513
C,E2_lab_nublado,1,1949.07932326469,131.472300778921,1817.60702248577,362.163805947223,1526.08252944254,43.5256815188643,17.3073063559125,3991.73862934022,276.791244264389,308.620445380711,142.011277304387,77.3147928855558,216.918669573474,142.140851093231
C,E2_lab_nublado,2,1542.69039046777,101.201852071502,1441.48853839627,391.57168531995,1109.63914547555,30.4548047628081,11.0247549093689,3582.37061039069,229.104082405738,235.425420565826,148.509437681964,65.7177735555817,165.102672954497,148.78951740995
C,E2_lab_nublado,3,2567.9105084406,172.30251944428,2395.60798899632,557.964727086842,1929.20541640925,56.0299988402184,24.710366104151,3232.91892755716,399.089243331667,237.117178816508,155.41399983367,73.3446102824721,301.850151965303,156.463458685039
C,E2_lab_nublado,4,2825.74403767316,201.436787840708,2624.30724983245,648.89970904533,2078.24725636874,66.9445903260548,31.6524819328737,4536.89669781159,416.222370306516,312.52880734191,147.296557917982,68.8860311703065,310.424215575,149.368278785747
C,E2_lab_nublado,5,1882.94959403541,224.696574064438,1658.25301997098,450.51117455696,1367.3213167546,35.8585416786787,29.2585610450553,2268.97516138421,269.116109936525,165.929752791764,142.922630955709,73.1298233738871,197.45898267856,144.413006847021
C,E3_finde_soleado,1,931.596547067345,81.4161842815889,850.180362785756,171.871943883622,733.508414593559,23.2088319808431,3.00735660923806,21298.6507747688,108.800906248237,957.487581033423,116.789726830506,44.9553162385149,85.9379340928018,117.160120297216
C,E3_finde_soleado,2,606.827159905142,111.10262047122,495.724539433922,102.437567554664,489.085572873007,11.4241020805551,3.8799173968328,21804.2673747727,70.869089438202,1023.58950502185,116.786284663462,46.9444575884323,57.2745096546125,117.105293697723
C,E3_finde_soleado,3,1254.26379756402,39.9421159051314,1214.32168165889,286.493153397847,934.712514270874,28.51008805617,4.54804183905041,21260.2554502227,141.437605289354,1021.05023408031,112.765437034894,48.0262448619645,105.295144406677,112.649764284811
C,E3_finde_soleado,4,1075.70719283682,125.404878364433,950.302314472387,242.666699941475,805.989513300068,22.461703259515,4.58927633569697,21923.9353354415,102.029515721566,1011.1788068437,94.8487807843853,46.1221396328908,76.5402317637549,94.964302265381
C,E3_finde_soleado,5,486.990956328214,36.6590653323825,450.331890995831,89.1039523362837,386.561752020634,9.21251186415925,2.11274010708693,19709.5580175753,55.1798600533433,901.457983084559,113.307771605011,45.7370978223214,43.9312295150348,113.646084449374
C,E4_volatilidad,1,1297.44264109177,78.0650491669264,1219.37759192485,264.495014458757,988.143898130186,27.6352208560888,17.1685076466599,11506.9399645271,118.916310419269,248.474654443899,91.6543873717628,21.593460573348,93.0441484186592,94.1605251975162
C,E4_volatilidad,2,1097.74328711618,85.1483884085208,1012.59489870766,210.258670674978,831.14002668426,20.6381686118358,35.7064211450376,10822.0814207644,115.754873107048,207.897140638785,105.448035497572,19.2104580030133,89.3181708013535,107.464648475274
C,E4_volatilidad,3,2567.71785532303,104.628846665685,2463.08900865735,534.165640343471,1873.57028941438,55.0598997888197,104.9220257762,11879.5759132782,223.612630855746,200.230447569912,87.0861377515382,16.8550164611607,170.19814673622,90.8416127741966
C,E4_volatilidad,4,1702.33708418597,164.161011030304,1538.17607315567,380.11334036012,1216.76488505788,41.634549010205,63.8243097576654,11584.8519147457,151.860152844402,226.977124590907,89.2068640547878,19.5925788487638,112.167668039035,92.1851619951208
C,E4_volatilidad,5,1211.46437400684,82.5494273766578,1128.91494663018,267.560280509725,824.526560439996,24.1228413350735,95.254691721948,9457.05832881962,90.8965047786229,180.490847952887,75.030274706295,19.0853055651413,64.1755297128072,77.8331866939022
C_umbral8,E1_lab_soleado,10,3.35346426812305,3.35340114722301,6.31209000450875e-05,6.31209000450875e-05,0.935574939935205,0,2.4178262072878,2801.73232770767,0.350294392054089,219.09017355688,104.4574696632,78.1981102870507,0.0978774112296133,104.617393061417
C_umbral8,E1_lab_soleado,1,6.317935351667,6.3177788816735,0.000156469993504271,1.08314333201226,3.48837967872856,0.0223988560669542,1.72401348485922,2836.95548660607,0.598757183934533,215.198687618573,94.7710210071317,75.8555037731737,0.322124499646949,92.3421557610829
C_umbral8,E1_lab_soleado,2,2.54170578377917,2.54168015992862,2.56238505510925e-05,2.56238505510925e-05,0.86156423201624,0.000391874821180811,1.6797240530912,3087.48799051043,0.265605962898575,238.206100392627,104.499098437607,77.1520735059593,0.0899993096100963,104.460359733689
C_umbral8,E1_lab_soleado,3,271.941937666976,8.90329510681941,263.038642560157,50.8796102100829,212.263774662325,6.94693744263219,1.85161535193593,2745.31421288981,29.9992712669068,208.24895426125,110.314986810325,75.8561454581333,23.445927947215,110.456567469006
C_umbral8,E1_lab_soleado,4,156.355179105048,17.6864284339122,138.668750671135,18.6622006810964,132.643226753581,3.42747977980575,1.62227189054766,2381.83041233817,19.3016609086089,176.687152724723,123.447531569396,74.1812480894784,16.3530709000597,123.286136053066
C_umbral8,E1_lab_soleado,5,120.459916470552,13.2546671628898,107.205249307662,23.4907034089946,91.7712356965228,2.75400870114661,2.44396866387121,2724.54900328257,15.0093125059931,205.961747605506,124.600057394713,75.5948038950158,11.4492882152003,124.759006766148
C_umbral8,E1_lab_soleado,6,259.901814504324,14.9747809770199,244.927033527304,49.9878422915858,201.542076674903,6.74963162304684,1.62226391478865,2699.34052077199,30.1929234435558,204.429826732783,116.170498852187,75.7332486063366,23.3975656149749,116.09270878317
C_umbral8,E1_lab_soleado,7,28.0827555118417,27.1996298390242,0.883125672817556,8.95452362212687,16.0220633738787,0.717831733620463,2.38833678221567,2874.45221994561,3.15836342182889,219.203091676984,112.466293433958,76.2590834371676,1.82915483675417,114.16474857641
C_umbral8,E1_lab_soleado,8,29.9152763832665,15.6554626859384,14.2598136973281,9.43495018054942,18.0177897527004,0.607785712601862,1.85475073741472,2946.46240397557,3.4276868783761,222.727247959057,114.579816494472,75.5914101121867,2.09700914430991,116.38548196488
C_umbral8,E1_lab_soleado,9,5.1742796351969,5.17400997859282,0.000269656604088431,1.00977475998095,2.97078644304858,0.0106839777464886,1.18303445442089,2347.84967197113,0.495360247068686,181.486555087694,95.735113289801,77.2990525135827,0.27637655025709,93.0314432071652
C_umbral8,E2_lab_nublado,10,614.545993505463,49.3075666468738,565.238426858589,145.705300107775,449.039972457065,13.4366885534557,6.36403238714997,61.380657313499,88.7746080960121,8.5357701563227,144.455596544741,139.062866543228,66.2372000171712,147.508471583795
C_umbral8,E2_lab_nublado,1,556.86297383865,45.8681476579458,510.994826180704,112.42720493628,427.800399178576,13.2068367395093,3.42853298426769,59.4698347205907,87.8876666345028,7.81097679535259,157.826378774409,131.343509395161,67.8068528467537,158.501144405078
C_umbral8,E2_lab_nublado,2,264.908891208011,20.3062838547139,244.602607353297,51.7810986533917,200.893543142264,9.00058648681031,3.23366292552877,63.8408552962573,37.690289764526,8.70571479226155,142.276424142106,136.365885949713,28.8087072520717,143.402853080602
C_umbral8,E2_lab_nublado,3,724.726992172926,28.1036892956191,696.623302877307,164.426819343179,540.824678413168,13.7173304068165,5.75816400974573,61.9264919882161,101.868781114016,8.16175257209135,140.561593833543,131.797431277787,76.0329933939783,140.587137438081
C_umbral8,E2_lab_nublado,4,636.1993262167,100.49022634151,535.70909987519,152.620193015255,465.52714783269,10.3978536044679,7.65413176425303,52.0613999115656,83.7359165626414,6.95740644948258,131.618995984475,133.638481894471,62.5014607955451,134.259540150402
C_umbral8,E2_lab_nublado,5,34.3766992199107,34.3765746789453,0.000124540965373963,5.32781858050831,25.603545827771,0.605923606823388,2.83941120480798,64.3471184504095,4.8977099120971,8.49211854244359,142.471791161974,131.973563804387,3.85992567740731,150.757465523413
C_umbral8,E2_lab_nublado,6,521.704423122441,24.9424624020804,496.761960720361,101.216364245441,413.010495435594,5.27428689187744,2.2032765495126,69.0885635887034,83.7734855553287,9.38630532902065,160.576529242244,135.859031386135,66.8784478140684,161.929172631638
C_umbral8,E2_lab_nublado,7,584.502228863468,16.9798188065639,567.522410056905,126.065043742797,441.233216994689,14.6062692052394,2.59769892070969,62.8658860177022,86.8650891611996,8.4187999131331,148.613786007461,133.916825903996,66.0172172378469,149.619780866683
C_umbral8,E2_lab_nublado,8,620.103297303352,24.8659101354211,595.237387167931,179.773096887329,421.554382072005,14.7286657702882,4.04715257372947,64.3405341808465,78.912023888751,8.90406823557123,127.256255904325,138.389715735712,53.826794798086,127.686479105066
C_umbral8,E2_lab_nublado,9,806.257055272104,58.1939610094757,748.063094262629,155.44261074569,640.180225227211,9.24176133702169,1.39245796218118,48.1789601443548,125.24471607677,6.26757160084302,155.340924160349,130.0893913456,99.8830092600924,156.023265518147
C_umbral8,E3_finde_soleado,10,199.188657095296,23.9718091402646,175.216847955032,45.0584757783957,142.013949261474,4.97725772553858,7.13897432987269,2778.12593505429,23.5137138106512,18.2976590100836,118.047453873851,6.5863317350752,16.815467368604,118.407152649798
C_umbral8,E3_finde_soleado,1,5.32293494712254,2.5434991549241,2.77943579219844,2.76339277467729,0.886974239541134,0,1.67256793290411,3167.1931890929,0.261242987800941,20.9021861892911,49.0787489225588,6.59959305964456,0.0220059696091671,24.8101564038113
C_umbral8,E3_finde_soleado,2,95.5374691135189,34.0165179958555,61.5209511176634,29.7712346843598,62.6427027165425,0.979802354600119,2.14372935799981,2561.02240857282,9.00371327716408,16.5219311288492,94.2427443463647,6.45130283653251,6.21445247948898,99.2047311178335
C_umbral8,E3_finde_soleado,3,211.574929401795,20.6608214952537,190.914107906542,33.5479107245667,172.432708961559,1.78526677654983,3.80904293910336,3285.95084351781,26.1862707278497,14.6883512903101,123.768306584757,4.47004595923454,21.7556428133562,126.168886079533
C_umbral8,E3_finde_soleado,4,201.261885614104,26.0350063783501,175.226879235754,35.049064879665,158.263492230366,5.2658832529128,2.68344525115968,3039.5065526091,22.9238426303953,6.43278626067073,113.900565725341,2.11639164098819,18.2174055999905,115.108072893232
C_umbral8,E3_finde_soleado,5,327.62254767867,9.64898580889206,317.973561869778,75.8278592850875,241.910646601743,7.40309129486438,2.48095049695846,3460.65663942582,41.5606138726993,12.4527044725965,126.85516966757,3.59836463714083,30.861515730478,127.574028526679
C_umbral8,E3_finde_soleado,6,3.75385262752558,3.75378447951645,6.81480091308481e-05,0.121635959511439,1.05246842251546,0,2.57974824549868,2975.31079897925,0.0984449312284108,25.1603309231816,26.2250389124366,8.45637065271079,0.0280974026121664,26.6966704283745
C_umbral8,E3_finde_soleado,7,5.71819629566847,3.32457042219932,2.39362587346915,2.33353135168623,0.959385812081214,0,2.42527913190102,2869.09112629615,0.248695748735865,21.3313011751857,43.4919922081465,7.43486359832822,0.0237676441269276,24.7738123991723
C_umbral8,E3_finde_soleado,8,226.382046622881,4.33568305266635,222.046363570214,88.0749768161592,131.737849375444,4.18475917432026,2.38446125695699,3047.90912677488,27.1826338486353,19.9908912569478,120.074158945641,6.55888690424999,15.9294816405414,120.918033170129
C_umbral8,E3_finde_soleado,9,116.209776280971,11.4211632742093,104.788613006762,24.9859879325851,84.5072544122961,4.26879557189337,2.4477383641797,2241.74427403841,13.848476419544,8.71921133564139,119.167912225055,3.88947634956332,10.2126549582655,120.849446941439
C_umbral8,E4_volatilidad,10,3.39347184322144,3.39333253963888,0.000139303582565059,0.000139303582565059,0.907436959330649,0,2.48589558030823,1698.23812293292,0.197799618174139,70.3559816655018,58.2882744612275,41.4288083134034,0.0539025213506414,59.4008440987476
C_umbral8,E4_volatilidad,1,23.096447643527,22.7577130699577,0.338734573569362,4.67797840457632,15.8898087752958,0.639983855371289,1.88867660828366,1879.97118723088,2.46423368445462,63.1471582706473,106.69319033333,33.5894287633527,1.79372869206281,112.885480085296
C_umbral8,E4_volatilidad,2,8.59218521204992,8.05054456681344,0.541640645236483,0.42652415715148,6.0525463772558,0.300434727562429,1.81267995008022,1988.30876223541,0.925767139222168,72.8635152453619,107.745249476681,36.6459760321345,0.727499470601714,120.197256700999
C_umbral8,E4_volatilidad,3,471.101962123897,45.6393633769985,425.462598746898,104.757588970335,353.970135691254,9.50710360587612,2.86713385642856,1818.16547311128,53.3244101751066,67.4590059993213,113.190804671458,37.1027868458442,40.8315680296828,115.353143987541
C_umbral8,E4_volatilidad,4,132.975770236247,30.9217865423975,102.053983693849,23.3644296008339,104.181676692516,3.7359582320322,1.69370571084759,1577.07078436098,28.71605571462,55.1305292677631,215.949534743079,34.9575490297994,22.568619352681,216.627530571335
C_umbral8,E4_volatilidad,5,207.678914879821,8.03943073260089,199.63948414722,31.4954769384642,169.570962141717,4.84526591617352,1.76720988344946,1830.29575889906,42.6938225442627,66.6597500323187,205.576105638691,36.4202067934721,34.0424077774183,200.756116185552
C_umbral8,E4_volatilidad,6,379.656729294839,11.7776363828401,367.879092911999,80.3374484544611,287.776931665044,9.80780463884273,1.7345445364882,1790.62192734871,46.9365546061301,67.7549538060393,123.628928409378,37.8387825878804,35.0830978302331,121.910736997738
C_umbral8,E4_volatilidad,7,26.5305446173841,6.08834006503221,20.4422045523519,5.32080946858932,17.8114059498727,0.934344607866231,2.46398459105578,1936.47900799758,2.87216884359356,76.2390488290786,108.258947753058,39.369933014618,1.98873267358153,111.65500798637
C_umbral8,E4_volatilidad,8,196.965164281549,29.8879842392584,167.077180042291,65.3861570666641,125.478757239649,4.2734470820279,1.82680289319172,1995.37888401034,23.2084302913676,75.2354157161285,117.830126845134,37.7048270476429,15.1545152815499,120.773552551263
C_umbral8,E4_volatilidad,9,21.0554827406673,21.0551679550162,0.000314785651123423,1.11740023760506,17.1892942818332,0.798896093257342,1.94989212797173,1276.87486055996,2.42715711063969,46.1342676521497,115.274351129067,36.1306100363805,2.11551106239993,123.0714320038
E0_8,E1_lab_soleado,1,171.084182570868,34.4799273279937,136.604255242875,19.3418492129125,145.178093946703,2.6308867069096,3.93335270427604,20373.8425329762,16.6681931329422,826.971535649649,97.4268508196991,40.589865869001,14.1346484614405,97.3607524192289
E0_8,E1_lab_soleado,2,454.578258718178,120.525914366618,334.05234435156,76.3365966800252,369.288862380841,1.35234347627468,7.60045618095389,20057.5095655357,49.8311560487292,708.309887526913,109.620632076077,35.3139498805966,40.8390293356557,110.588304971784
E0_8,E1_lab_soleado,3,534.093372949313,81.9859752729378,452.107397676375,59.9167662287788,465.652621208941,3.68394276214663,4.8400427493313,19839.8481418097,58.4884416572906,702.989005010665,109.509768552851,35.4331847696562,50.7244636001312,108.931983392338
E0_8,E1_lab_soleado,4,311.777723913713,155.89196072495,155.885763188763,67.4478341704353,232.377097652764,2.50946807389773,9.44332401658134,20128.5568695445,36.1246554595014,769.549437248604,115.866698255515,38.2317243226199,27.2790789519473,117.391426381914
E0_8,E1_lab_soleado,5,299.792284902649,22.8515069771919,276.940777925457,23.4531814756459,272.63334781937,1.78494342437944,1.92081218322139,18519.5770733287,33.6255288179473,731.159983795395,112.162755718902,39.4803823489245,30.7550036488541,112.807196532797
E0_8,E2_lab_nublado,1,994.324700750371,145.295595745654,849.029105004718,135.773257735463,827.448904915045,11.2118946092071,19.8906434904897,3249.68604742553,136.129408456351,269.560903502332,136.906393206988,82.9498294814922,114.89184412251,138.850681220378
E0_8,E2_lab_nublado,2,754.390711228064,70.014258401436,684.376452826628,152.306453536883,582.877513545362,7.44257659445794,11.7641675512927,2964.81502141027,119.725775596271,205.056909912354,158.705262159671,69.1634751009911,91.1446715504688,156.370196880782
E0_8,E2_lab_nublado,3,1463.00624765021,164.534208366335,1298.47203928387,292.055608707877,1125.17323480863,25.2904596453256,20.486944488229,2693.32220348475,230.121070292459,195.137803926448,157.293292945307,72.4524543235004,177.220334142065,157.504932271347
E0_8,E2_lab_nublado,4,1731.30491768626,199.651816662398,1531.65310102386,327.564723215548,1355.61138564973,26.5470935792114,21.5817152416068,3718.06455949735,245.705751015584,260.026056450177,141.919397620581,69.9358637509323,195.211256068922,144.00237275623
E0_8,E2_lab_nublado,5,1174.41094555306,272.848481112514,901.562464440548,228.848739196686,890.812326161524,15.3630628905624,39.3868173041732,1927.72533726651,173.899074330512,152.969382403117,148.073444809916,79.3522704951453,132.362961081846,148.586809134302
E0_8,E3_finde_soleado,1,292.582012567487,49.5513321545369,243.03068041295,37.1356219878349,248.484037820985,2.46395023168249,4.49840252690145,20798.2346079367,33.2758921850109,934.149199902585,113.731845279913,44.9148313552588,28.4415258304287,114.460172491719
E0_8,E3_finde_soleado,2,334.523560224771,105.461858237441,229.06170198733,40.3241808076175,285.773221421167,1.74111265225574,6.68504534364587,21574.4993504094,38.7885882633852,1003.10352296782,115.951738159556,46.4948690894549,33.2946529102926,116.507252655502
E0_8,E3_finde_soleado,3,511.318072291355,37.6028341944817,473.715238096873,109.318959909231,390.860107026785,6.289946218458,4.84905913679791,20693.9092875687,55.4970069870173,1001.39416227203,108.537151324067,48.3907679480162,42.6370347737284,109.085153504312
E0_8,E3_finde_soleado,4,468.373688545633,127.8452980706,340.528390475034,93.200842302643,361.68962441036,4.13772302590744,9.3454988066561,21619.8478040772,44.620104552018,993.286062193188,95.2660357386208,45.9432495175044,34.1652527174368,94.4601404398432
E0_8,E3_finde_soleado,5,264.401673121966,33.2356232714277,231.166049850539,38.9823853429253,222.321811061336,0.358757345376346,2.73871937227838,19522.9383021957,28.5644518934436,888.742252041337,108.034308392092,45.5229760133691,24.2870514130204,109.242774233788
E0_8,E4_volatilidad,1,463.429138293003,73.1280292050318,390.301109087971,44.1640017299492,404.271984881655,4.57326543486086,10.4198862464365,10724.8230054107,41.5346170194729,246.566611034925,89.6245263568487,22.9902732110852,36.9501840815513,91.3993189321985
E0_8,E4_volatilidad,2,513.294534524191,74.9562336736151,438.338300850576,57.564893116968,438.129846039445,3.15980400056486,14.4399913671479,10384.7391275592,59.9252838799608,207.022639555462,116.746389936744,19.9352758901821,50.3260636867364,114.865636618158
E0_8,E4_volatilidad,3,1118.5493651923,84.4870639025058,1034.0623012898,187.310121970465,910.549484983139,12.0587531511506,8.63100508738251,10689.8672596933,101.718358684818,187.738877726991,90.9377465583111,17.5623207628471,83.4566971781064,91.6553120445198
E0_8,E4_volatilidad,4,523.386953659687,153.743586543053,369.643367116634,113.379341783833,392.465549608643,2.13185809595099,15.4102041711605,10643.6337862218,46.6442321755616,212.692751579427,89.119974904629,19.9830956092043,35.8826856228403,91.4288799580542
E0_8,E4_volatilidad,5,600.330358436642,64.3794464006794,535.950912035963,113.293171535173,475.506142237169,7.16598150060133,4.36506316361676,8889.97925688917,43.8668985665487,182.295446783751,73.0712647629303,20.5057224000251,33.4931604893464,70.4368619336172
E0,E1_lab_soleado,1,171.084182570868,34.4799273279937,136.604255242875,19.3418492129125,145.178093946703,2.6308867069096,3.93335270427604,20373.8425329762,16.6681931329422,826.971535649649,97.4268508196991,40.589865869001,14.1346484614405,97.3607524192289
E0,E1_lab_soleado,2,454.578258718178,120.525914366618,334.05234435156,76.3365966800252,369.288862380841,1.35234347627468,7.60045618095389,20057.5095655357,49.8311560487292,708.309887526913,109.620632076077,35.3139498805966,40.8390293356557,110.588304971784
E0,E1_lab_soleado,3,534.093372949313,81.9859752729378,452.107397676375,59.9167662287788,465.652621208941,3.68394276214663,4.8400427493313,19839.8481418097,58.4884416572906,702.989005010665,109.509768552851,35.4331847696562,50.7244636001312,108.931983392338
E0,E1_lab_soleado,4,311.777723913713,155.89196072495,155.885763188763,67.4478341704353,232.377097652764,2.50946807389773,9.44332401658134,20128.5568695445,36.1246554595014,769.549437248604,115.866698255515,38.2317243226199,27.2790789519473,117.391426381914
E0,E1_lab_soleado,5,299.792284902649,22.8515069771919,276.940777925457,23.4531814756459,272.63334781937,1.78494342437944,1.92081218322139,18519.5770733287,33.6255288179473,731.159983795395,112.162755718902,39.4803823489245,30.7550036488541,112.807196532797
E0,E2_lab_nublado,1,994.324700750371,145.295595745654,849.029105004718,135.773257735463,827.448904915045,11.2118946092071,19.8906434904897,3249.68604742553,136.129408456351,269.560903502332,136.906393206988,82.9498294814922,114.89184412251,138.850681220378
E0,E2_lab_nublado,2,754.390711228064,70.014258401436,684.376452826628,152.306453536883,582.877513545362,7.44257659445794,11.7641675512927,2964.81502141027,119.725775596271,205.056909912354,158.705262159671,69.1634751009911,91.1446715504688,156.370196880782
E0,E2_lab_nublado,3,1463.00624765021,164.534208366335,1298.47203928387,292.055608707877,1125.17323480863,25.2904596453256,20.486944488229,2693.32220348475,230.121070292459,195.137803926448,157.293292945307,72.4524543235004,177.220334142065,157.504932271347
E0,E2_lab_nublado,4,1731.30491768626,199.651816662398,1531.65310102386,327.564723215548,1355.61138564973,26.5470935792114,21.5817152416068,3718.06455949735,245.705751015584,260.026056450177,141.919397620581,69.9358637509323,195.211256068922,144.00237275623
E0,E2_lab_nublado,5,1174.28831231964,242.021702146737,932.266610172902,220.692168097627,901.588760869546,15.9971226995489,36.0102606528016,1928.0376720676,174.594187869323,153.099211951849,148.680852936735,79.4067533896615,134.392235338114,149.061569055606
E0,E3_finde_soleado,1,292.582012567487,49.5513321545369,243.03068041295,37.1356219878349,248.484037820985,2.46395023168249,4.49840252690145,20798.2346079367,33.2758921850109,934.149199902585,113.731845279913,44.9148313552588,28.4415258304287,114.460172491719
E0,E3_finde_soleado,2,334.523560224771,105.461858237441,229.06170198733,40.3241808076175,285.773221421167,1.74111265225574,6.68504534364587,21574.4993504094,38.7885882633852,1003.10352296782,115.951738159556,46.4948690894549,33.2946529102926,116.507252655502
E0,E3_finde_soleado,3,511.318072291355,37.6028341944817,473.715238096873,109.318959909231,390.860107026785,6.289946218458,4.84905913679791,20693.9092875687,55.4970069870173,1001.39416227203,108.537151324067,48.3907679480162,42.6370347737284,109.085153504312
E0,E3_finde_soleado,4,468.373688545633,127.8452980706,340.528390475034,93.200842302643,361.68962441036,4.13772302590744,9.3454988066561,21619.8478040772,44.620104552018,993.286062193188,95.2660357386208,45.9432495175044,34.1652527174368,94.4601404398432
E0,E3_finde_soleado,5,264.401673121966,33.2356232714277,231.166049850539,38.9823853429253,222.321811061336,0.358757345376346,2.73871937227838,19522.9383021957,28.5644518934436,888.742252041337,108.034308392092,45.5229760133691,24.2870514130204,109.242774233788
E0,E4_volatilidad,1,463.429138293003,73.1280292050318,390.301109087971,44.1640017299492,404.271984881655,4.57326543486086,10.4198862464365,10724.8230054107,41.5346170194729,246.566611034925,89.6245263568487,22.9902732110852,36.9501840815513,91.3993189321985
E0,E4_volatilidad,2,513.294534524191,74.9562336736151,438.338300850576,57.564893116968,438.129846039445,3.15980400056486,14.4399913671479,10384.7391275592,59.9252838799608,207.022639555462,116.746389936744,19.9352758901821,50.3260636867364,114.865636618158
E0,E4_volatilidad,3,1118.5493651923,84.4870639025058,1034.0623012898,187.310121970465,910.549484983139,12.0587531511506,8.63100508738251,10689.8672596933,101.718358684818,187.738877726991,90.9377465583111,17.5623207628471,83.4566971781064,91.6553120445198
E0,E4_volatilidad,4,523.386953659687,153.743586543053,369.643367116634,113.379341783833,392.465549608643,2.13185809595099,15.4102041711605,10643.6337862218,46.6442321755616,212.692751579427,89.119974904629,19.9830956092043,35.8826856228403,91.4288799580542
E0,E4_volatilidad,5,600.330358436642,64.3794464006794,535.950912035963,113.293171535173,475.506142237169,7.16598150060133,4.36506316361676,8889.97925688917,43.8668985665487,182.295446783751,73.0712647629303,20.5057224000251,33.4931604893464,70.4368619336172
E_8,E1_lab_soleado,1,138.269701092375,34.7180458115964,103.551655280779,15.9360806563501,116.087867519912,2.13438572719281,4.11136718885265,20342.5904732721,13.2998003028091,826.431981867412,96.1873801544115,40.6257002004367,11.1568714690357,96.1071273630037
E_8,E1_lab_soleado,2,300.155497625255,141.133144807716,159.02235281754,44.7978683315487,240.805564571167,2.92957804830876,11.6224866741971,19934.1345381966,30.3409463401153,697.443827249346,101.084093345497,34.9874144730461,25.3036498524853,105.079174135974
E_8,E1_lab_soleado,3,486.81429248937,78.9013443589535,407.912948130417,53.7791919298941,421.759503474144,4.95290850428147,6.32268858095251,19797.4624025179,51.8398463532595,698.38667054124,106.487930106102,35.2765751661394,44.5779422619065,105.695169627966
E_8,E1_lab_soleado,4,303.986355763118,142.533701171442,161.452654591676,53.4151843359682,234.393762677891,5.26766611068862,10.9097426385218,20127.6253092463,35.8254316756921,770.922564757304,117.852104203022,38.3017148278866,27.9145837563358,119.092690169817
E_8,E1_lab_soleado,5,278.253045960206,24.012097028571,254.240948931635,20.6138340504121,253.021858481353,2.09160674077303,2.52574668763344,18501.7926689352,31.7662106563267,731.471494877848,114.163029363099,39.5351687248124,28.8157545296903,113.886423499707
E_8,E2_lab_nublado,1,886.672437944341,142.159756331293,744.512681613048,126.502393276794,726.39399834058,11.9268077891548,21.8492385376779,3113.27625140764,117.032876837278,258.310552966446,131.991107233024,82.9706496009317,97.369850726861,134.045505537351
E_8,E2_lab_nublado,2,754.697548168698,84.5618920505884,670.13565611811,148.08653730041,583.839290039433,8.84528882229061,13.9264320064961,2979.69242666107,119.451374991526,206.567293332997,158.277147290831,69.3250388814355,91.1149628794907,156.061718411135
E_8,E2_lab_nublado,3,1424.91216333214,163.547289185291,1261.36487414685,289.863146069961,1090.25601606978,25.0970898693976,19.6959113228531,2702.69169985407,223.00828135414,196.782380892105,156.506686582447,72.8097773426136,170.915671471438,156.766547445952
E_8,E2_lab_nublado,4,1672.09294414299,198.529975815918,1473.56296832707,326.352038180466,1297.05088456486,27.0054479529982,21.6845734444974,3678.29491363249,233.385685942694,262.425425799734,139.576981507038,71.3443135913689,183.837627761491,141.73509300922
E_8,E2_lab_nublado,5,1087.53312862493,278.674051073307,808.859077551621,213.488909146777,818.876443550557,13.8216174649218,41.3461584625584,1882.22369857914,160.003052182082,148.90845690511,147.124761509003,79.1130496430994,120.964916855955,147.720596689122
E_8,E3_finde_soleado,1,306.689034988403,56.6086477423101,250.080387246093,42.2815347240239,255.612812765807,3.71602990070086,5.07865759778668,20812.4415803372,35.3653748836481,937.360815943224,115.313463635847,45.0384839436044,29.7527524301561,116.397734950069
E_8,E3_finde_soleado,2,207.136630211768,76.8823979217036,130.254232290065,24.4694225415152,172.287350896768,2.64531426821826,7.7345425052148,21513.5788225136,24.5315714725645,998.545820487046,118.431836259402,46.414677387013,20.8032502178069,120.747403158296
E_8,E3_finde_soleado,3,417.980103896465,38.3751819447954,379.60492195167,109.816372847935,294.73010505484,6.53206009338382,6.90156590024148,20595.7034706469,45.0512333852156,999.191357219467,107.783200600321,48.5145534671111,31.8247056985087,107.979148219647
E_8,E3_finde_soleado,4,427.969395250701,108.67531315894,319.294082091761,84.2715697010347,331.537702191332,5.04353509414389,7.11658826410722,21579.2397696036,40.2035847603844,994.283575683844,93.9403265900204,46.0759316036882,30.7709548358776,92.8128373711158
E_8,E3_finde_soleado,5,221.273810927379,36.6796940849341,184.594116842445,32.7246046110533,180.877668363549,2.4836194746561,5.18791847808639,19481.7871872607,25.5976412529915,888.168385590317,115.683103868955,45.589677017471,20.9772287941333,115.974674949761
E_8,E4_volatilidad,1,433.175804026707,71.0801801630169,362.09562386369,46.2327567761074,371.170325150113,5.05355311777243,10.7191689826132,10696.2802781709,39.5890778822102,246.587250469887,91.3926343858517,23.0535517074217,34.3980081449264,92.6744564803631
E_8,E4_volatilidad,2,480.633284268535,78.2763364125679,402.356947855967,45.8319794431114,414.037469361847,5.06893134719547,15.6949041163296,10355.9559435993,53.5203409297452,203.981670015854,111.353796504536,19.697039184676,45.6821674496659,110.333413833476
E_8,E4_volatilidad,3,1122.02368165166,84.5269912760276,1037.49669037563,203.568874583288,894.956726270137,14.7334044818463,8.76467631622526,10691.3047837362,101.443617558449,186.734586966348,90.4112981012306,17.4660240956194,81.9954357609142,91.619441872505
E_8,E4_volatilidad,4,562.686837722054,190.57423053495,372.112607187104,137.389415053223,402.567045177433,7.41619051782019,15.3141869734626,10675.3316795986,51.8132839665566,215.010914544464,92.0819192720311,20.1409118702481,38.6739194815187,96.068269732494
E_8,E4_volatilidad,5,569.294139461989,66.3405163371748,502.953623124815,106.126986616355,451.733123199417,6.20039309434145,5.23363655179302,8865.68131466652,42.5502566780492,180.75910431863,74.7421301723943,20.3886309357409,33.0448123440232,73.1511829594917
E,E1_lab_soleado,1,138.269701092375,34.7180458115964,103.551655280779,15.9360806563501,116.087867519912,2.13438572719281,4.11136718885265,20342.5904732721,13.2998003028091,826.431981867412,96.1873801544115,40.6257002004367,11.1568714690357,96.1071273630037
E,E1_lab_soleado,2,300.155497625255,141.133144807716,159.02235281754,44.7978683315487,240.805564571167,2.92957804830876,11.6224866741971,19934.1345381966,30.3409463401153,697.443827249346,101.084093345497,34.9874144730461,25.3036498524853,105.079174135974
E,E1_lab_soleado,3,486.81429248937,78.9013443589535,407.912948130417,53.7791919298941,421.759503474144,4.95290850428147,6.32268858095251,19797.4624025179,51.8398463532595,698.38667054124,106.487930106102,35.2765751661394,44.5779422619065,105.695169627966
E,E1_lab_soleado,4,303.986355763118,142.533701171442,161.452654591676,53.4151843359682,234.393762677891,5.26766611068862,10.9097426385218,20127.6253092463,35.8254316756921,770.922564757304,117.852104203022,38.3017148278866,27.9145837563358,119.092690169817
E,E1_lab_soleado,5,278.253045960206,24.012097028571,254.240948931635,20.6138340504121,253.021858481353,2.09160674077303,2.52574668763344,18501.7926689352,31.7662106563267,731.471494877848,114.163029363099,39.5351687248124,28.8157545296903,113.886423499707
E,E2_lab_nublado,1,886.672437944341,142.159756331293,744.512681613048,126.502393276794,726.39399834058,11.9268077891548,21.8492385376779,3113.27625140764,117.032876837278,258.310552966446,131.991107233024,82.9706496009317,97.369850726861,134.045505537351
E,E2_lab_nublado,2,754.697548168698,84.5618920505884,670.13565611811,148.08653730041,583.839290039433,8.84528882229061,13.9264320064961,2979.69242666107,119.451374991526,206.567293332997,158.277147290831,69.3250388814355,91.1149628794907,156.061718411135
E,E2_lab_nublado,3,1424.91216333214,163.547289185291,1261.36487414685,289.863146069961,1090.25601606978,25.0970898693976,19.6959113228531,2702.69169985407,223.00828135414,196.782380892105,156.506686582447,72.8097773426136,170.915671471438,156.766547445952
E,E2_lab_nublado,4,1672.09294414299,198.529975815918,1473.56296832707,326.352038180466,1297.05088456486,27.0054479529982,21.6845734444974,3678.29491363249,233.385685942694,262.425425799734,139.576981507038,71.3443135913689,183.837627761491,141.73509300922
E,E2_lab_nublado,5,1075.17332328897,248.388090079438,826.78523320953,202.984043953475,820.002230901277,14.0928032501332,38.094245183968,1870.53772151383,158.746036783736,148.028288531997,147.646926635168,79.1367566820287,121.491661982931,148.16016030761
E,E3_finde_soleado,1,306.689034988403,56.6086477423101,250.080387246093,42.2815347240239,255.612812765807,3.71602990070086,5.07865759778668,20812.4415803372,35.3653748836481,937.360815943224,115.313463635847,45.0384839436044,29.7527524301561,116.397734950069
E,E3_finde_soleado,2,207.136630211768,76.8823979217036,130.254232290065,24.4694225415152,172.287350896768,2.64531426821826,7.7345425052148,21513.5788225136,24.5315714725645,998.545820487046,118.431836259402,46.414677387013,20.8032502178069,120.747403158296
E,E3_finde_soleado,3,417.980103896465,38.3751819447954,379.60492195167,109.816372847935,294.73010505484,6.53206009338382,6.90156590024148,20595.7034706469,45.0512333852156,999.191357219467,107.783200600321,48.5145534671111,31.8247056985087,107.979148219647
E,E3_finde_soleado,4,427.969395250701,108.67531315894,319.294082091761,84.2715697010347,331.537702191332,5.04353509414389,7.11658826410722,21579.2397696036,40.2035847603844,994.283575683844,93.9403265900204,46.0759316036882,30.7709548358776,92.8128373711158
E,E3_finde_soleado,5,221.273810927379,36.6796940849341,184.594116842445,32.7246046110533,180.877668363549,2.4836194746561,5.18791847808639,19481.7871872607,25.5976412529915,888.168385590317,115.683103868955,45.589677017471,20.9772287941333,115.974674949761
E,E4_volatilidad,1,433.175804026707,71.0801801630169,362.09562386369,46.2327567761074,371.170325150113,5.05355311777243,10.7191689826132,10696.2802781709,39.5890778822102,246.587250469887,91.3926343858517,23.0535517074217,34.3980081449264,92.6744564803631
E,E4_volatilidad,2,480.633284268535,78.2763364125679,402.356947855967,45.8319794431114,414.037469361847,5.06893134719547,15.6949041163296,10355.9559435993,53.5203409297452,203.981670015854,111.353796504536,19.697039184676,45.6821674496659,110.333413833476
E,E4_volatilidad,3,1122.02368165166,84.5269912760276,1037.49669037563,203.568874583288,894.956726270137,14.7334044818463,8.76467631622526,10691.3047837362,101.443617558449,186.734586966348,90.4112981012306,17.4660240956194,81.9954357609142,91.619441872505
E,E4_volatilidad,4,562.686837722054,190.57423053495,372.112607187104,137.389415053223,402.567045177433,7.41619051782019,15.3141869734626,10675.3316795986,51.8132839665566,215.010914544464,92.0819192720311,20.1409118702481,38.6739194815187,96.068269732494
E,E4_volatilidad,5,569.294139461989,66.3405163371748,502.953623124815,106.126986616355,451.733123199417,6.20039309434145,5.23363655179302,8865.68131466652,42.5502566780492,180.75910431863,74.7421301723943,20.3886309357409,33.0448123440232,73.1511829594917
E_sinLSTM_8,E1_lab_soleado,1,138.269701092375,34.7180458115964,103.551655280779,15.9360806563501,116.087867519912,2.13438572719281,4.11136718885265,20342.5904732721,13.2998003028091,826.431981867412,96.1873801544115,40.6257002004367,11.1568714690357,96.1071273630037
E_sinLSTM_8,E1_lab_soleado,2,300.155497625255,141.133144807716,159.02235281754,44.7978683315487,240.805564571167,2.92957804830876,11.6224866741971,19934.1345381966,30.3409463401153,697.443827249346,101.084093345497,34.9874144730461,25.3036498524853,105.079174135974
E_sinLSTM_8,E1_lab_soleado,3,486.81429248937,78.9013443589535,407.912948130417,53.7791919298941,421.759503474144,4.95290850428147,6.32268858095251,19797.4624025179,51.8398463532595,698.38667054124,106.487930106102,35.2765751661394,44.5779422619065,105.695169627966
E_sinLSTM_8,E1_lab_soleado,4,303.986355763118,142.533701171442,161.452654591676,53.4151843359682,234.393762677891,5.26766611068862,10.9097426385218,20127.6253092463,35.8254316756921,770.922564757304,117.852104203022,38.3017148278866,27.9145837563358,119.092690169817
E_sinLSTM_8,E1_lab_soleado,5,278.253045960206,24.012097028571,254.240948931635,20.6138340504121,253.021858481353,2.09160674077303,2.52574668763344,18501.7926689352,31.7662106563267,731.471494877848,114.163029363099,39.5351687248124,28.8157545296903,113.886423499707
E_sinLSTM_8,E2_lab_nublado,1,886.672437944341,142.159756331293,744.512681613048,126.502393276794,726.39399834058,11.9268077891548,21.8492385376779,3113.27625140764,117.032876837278,258.310552966446,131.991107233024,82.9706496009317,97.369850726861,134.045505537351
E_sinLSTM_8,E2_lab_nublado,2,754.697548168698,84.5618920505884,670.13565611811,148.08653730041,583.839290039433,8.84528882229061,13.9264320064961,2979.69242666107,119.451374991526,206.567293332997,158.277147290831,69.3250388814355,91.1149628794907,156.061718411135
E_sinLSTM_8,E2_lab_nublado,3,1424.91216333214,163.547289185291,1261.36487414685,289.863146069961,1090.25601606978,25.0970898693976,19.6959113228531,2702.69169985407,223.00828135414,196.782380892105,156.506686582447,72.8097773426136,170.915671471438,156.766547445952
E_sinLSTM_8,E2_lab_nublado,4,1672.09294414299,198.529975815918,1473.56296832707,326.352038180466,1297.05088456486,27.0054479529982,21.6845734444974,3678.29491363249,233.385685942694,262.425425799734,139.576981507038,71.3443135913689,183.837627761491,141.73509300922
E_sinLSTM_8,E2_lab_nublado,5,1087.53312862493,278.674051073307,808.859077551621,213.488909146777,818.876443550557,13.8216174649218,41.3461584625584,1882.22369857914,160.003052182082,148.90845690511,147.124761509003,79.1130496430994,120.964916855955,147.720596689122
E_sinLSTM_8,E3_finde_soleado,1,306.689034988403,56.6086477423101,250.080387246093,42.2815347240239,255.612812765807,3.71602990070086,5.07865759778668,20812.4415803372,35.3653748836481,937.360815943224,115.313463635847,45.0384839436044,29.7527524301561,116.397734950069
E_sinLSTM_8,E3_finde_soleado,2,207.136630211768,76.8823979217036,130.254232290065,24.4694225415152,172.287350896768,2.64531426821826,7.7345425052148,21513.5788225136,24.5315714725645,998.545820487046,118.431836259402,46.414677387013,20.8032502178069,120.747403158296
E_sinLSTM_8,E3_finde_soleado,3,417.980103896465,38.3751819447954,379.60492195167,109.816372847935,294.73010505484,6.53206009338382,6.90156590024148,20595.7034706469,45.0512333852156,999.191357219467,107.783200600321,48.5145534671111,31.8247056985087,107.979148219647
E_sinLSTM_8,E3_finde_soleado,4,427.969395250701,108.67531315894,319.294082091761,84.2715697010347,331.537702191332,5.04353509414389,7.11658826410722,21579.2397696036,40.2035847603844,994.283575683844,93.9403265900204,46.0759316036882,30.7709548358776,92.8128373711158
E_sinLSTM_8,E3_finde_soleado,5,221.273810927379,36.6796940849341,184.594116842445,32.7246046110533,180.877668363549,2.4836194746561,5.18791847808639,19481.7871872607,25.5976412529915,888.168385590317,115.683103868955,45.589677017471,20.9772287941333,115.974674949761
E_sinLSTM_8,E4_volatilidad,1,433.175804026707,71.0801801630169,362.09562386369,46.2327567761074,371.170325150113,5.05355311777243,10.7191689826132,10696.2802781709,39.5890778822102,246.587250469887,91.3926343858517,23.0535517074217,34.3980081449264,92.6744564803631
E_sinLSTM_8,E4_volatilidad,2,480.633284268535,78.2763364125679,402.356947855967,45.8319794431114,414.037469361847,5.06893134719547,15.6949041163296,10355.9559435993,53.5203409297452,203.981670015854,111.353796504536,19.697039184676,45.6821674496659,110.333413833476
E_sinLSTM_8,E4_volatilidad,3,1122.02368165166,84.5269912760276,1037.49669037563,203.568874583288,894.956726270137,14.7334044818463,8.76467631622526,10691.3047837362,101.443617558449,186.734586966348,90.4112981012306,17.4660240956194,81.9954357609142,91.619441872505
E_sinLSTM_8,E4_volatilidad,4,562.686837722054,190.57423053495,372.112607187104,137.389415053223,402.567045177433,7.41619051782019,15.3141869734626,10675.3316795986,51.8132839665566,215.010914544464,92.0819192720311,20.1409118702481,38.6739194815187,96.068269732494
E_sinLSTM_8,E4_volatilidad,5,569.294139461989,66.3405163371748,502.953623124815,106.126986616355,451.733123199417,6.20039309434145,5.23363655179302,8865.68131466652,42.5502566780492,180.75910431863,74.7421301723943,20.3886309357409,33.0448123440232,73.1511829594917
E_sinLSTM,E1_lab_soleado,1,138.269701092375,34.7180458115964,103.551655280779,15.9360806563501,116.087867519912,2.13438572719281,4.11136718885265,20342.5904732721,13.2998003028091,826.431981867412,96.1873801544115,40.6257002004367,11.1568714690357,96.1071273630037
E_sinLSTM,E1_lab_soleado,2,300.155497625255,141.133144807716,159.02235281754,44.7978683315487,240.805564571167,2.92957804830876,11.6224866741971,19934.1345381966,30.3409463401153,697.443827249346,101.084093345497,34.9874144730461,25.3036498524853,105.079174135974
E_sinLSTM,E1_lab_soleado,3,486.81429248937,78.9013443589535,407.912948130417,53.7791919298941,421.759503474144,4.95290850428147,6.32268858095251,19797.4624025179,51.8398463532595,698.38667054124,106.487930106102,35.2765751661394,44.5779422619065,105.695169627966
E_sinLSTM,E1_lab_soleado,4,303.986355763118,142.533701171442,161.452654591676,53.4151843359682,234.393762677891,5.26766611068862,10.9097426385218,20127.6253092463,35.8254316756921,770.922564757304,117.852104203022,38.3017148278866,27.9145837563358,119.092690169817
E_sinLSTM,E1_lab_soleado,5,278.253045960206,24.012097028571,254.240948931635,20.6138340504121,253.021858481353,2.09160674077303,2.52574668763344,18501.7926689352,31.7662106563267,731.471494877848,114.163029363099,39.5351687248124,28.8157545296903,113.886423499707
E_sinLSTM,E2_lab_nublado,1,886.672437944341,142.159756331293,744.512681613048,126.502393276794,726.39399834058,11.9268077891548,21.8492385376779,3113.27625140764,117.032876837278,258.310552966446,131.991107233024,82.9706496009317,97.369850726861,134.045505537351
E_sinLSTM,E2_lab_nublado,2,754.697548168698,84.5618920505884,670.13565611811,148.08653730041,583.839290039433,8.84528882229061,13.9264320064961,2979.69242666107,119.451374991526,206.567293332997,158.277147290831,69.3250388814355,91.1149628794907,156.061718411135
E_sinLSTM,E2_lab_nublado,3,1424.91216333214,163.547289185291,1261.36487414685,289.863146069961,1090.25601606978,25.0970898693976,19.6959113228531,2702.69169985407,223.00828135414,196.782380892105,156.506686582447,72.8097773426136,170.915671471438,156.766547445952
E_sinLSTM,E2_lab_nublado,4,1672.09294414299,198.529975815918,1473.56296832707,326.352038180466,1297.05088456486,27.0054479529982,21.6845734444974,3678.29491363249,233.385685942694,262.425425799734,139.576981507038,71.3443135913689,183.837627761491,141.73509300922
E_sinLSTM,E2_lab_nublado,5,1075.17332328897,248.388090079438,826.78523320953,202.984043953475,820.002230901277,14.0928032501332,38.094245183968,1870.53772151383,158.746036783736,148.028288531997,147.646926635168,79.1367566820287,121.491661982931,148.16016030761
E_sinLSTM,E3_finde_soleado,1,306.689034988403,56.6086477423101,250.080387246093,42.2815347240239,255.612812765807,3.71602990070086,5.07865759778668,20812.4415803372,35.3653748836481,937.360815943224,115.313463635847,45.0384839436044,29.7527524301561,116.397734950069
E_sinLSTM,E3_finde_soleado,2,207.136630211768,76.8823979217036,130.254232290065,24.4694225415152,172.287350896768,2.64531426821826,7.7345425052148,21513.5788225136,24.5315714725645,998.545820487046,118.431836259402,46.414677387013,20.8032502178069,120.747403158296
E_sinLSTM,E3_finde_soleado,3,417.980103896465,38.3751819447954,379.60492195167,109.816372847935,294.73010505484,6.53206009338382,6.90156590024148,20595.7034706469,45.0512333852156,999.191357219467,107.783200600321,48.5145534671111,31.8247056985087,107.979148219647
E_sinLSTM,E3_finde_soleado,4,427.969395250701,108.67531315894,319.294082091761,84.2715697010347,331.537702191332,5.04353509414389,7.11658826410722,21579.2397696036,40.2035847603844,994.283575683844,93.9403265900204,46.0759316036882,30.7709548358776,92.8128373711158
E_sinLSTM,E3_finde_soleado,5,221.273810927379,36.6796940849341,184.594116842445,32.7246046110533,180.877668363549,2.4836194746561,5.18791847808639,19481.7871872607,25.5976412529915,888.168385590317,115.683103868955,45.589677017471,20.9772287941333,115.974674949761
E_sinLSTM,E4_volatilidad,1,433.175804026707,71.0801801630169,362.09562386369,46.2327567761074,371.170325150113,5.05355311777243,10.7191689826132,10696.2802781709,39.5890778822102,246.587250469887,91.3926343858517,23.0535517074217,34.3980081449264,92.6744564803631
E_sinLSTM,E4_volatilidad,2,480.633284268535,78.2763364125679,402.356947855967,45.8319794431114,414.037469361847,5.06893134719547,15.6949041163296,10355.9559435993,53.5203409297452,203.981670015854,111.353796504536,19.697039184676,45.6821674496659,110.333413833476
E_sinLSTM,E4_volatilidad,3,1122.02368165166,84.5269912760276,1037.49669037563,203.568874583288,894.956726270137,14.7334044818463,8.76467631622526,10691.3047837362,101.443617558449,186.734586966348,90.4112981012306,17.4660240956194,81.9954357609142,91.619441872505
E_sinLSTM,E4_volatilidad,4,562.686837722054,190.57423053495,372.112607187104,137.389415053223,402.567045177433,7.41619051782019,15.3141869734626,10675.3316795986,51.8132839665566,215.010914544464,92.0819192720311,20.1409118702481,38.6739194815187,96.068269732494
E_sinLSTM,E4_volatilidad,5,569.294139461989,66.3405163371748,502.953623124815,106.126986616355,451.733123199417,6.20039309434145,5.23363655179302,8865.68131466652,42.5502566780492,180.75910431863,74.7421301723943,20.3886309357409,33.0448123440232,73.1511829594917
