_id,connectionTime,disconnectTime,doneChargingTime,kWhDelivered,siteID,spaceID,stationID,userID,duracion_horas
5e210e1ff9af8b57bb4f5500,2020-01-01 02:12:11+00:00,2020-01-02 00:05:40+00:00,2020-01-01 06:55:27+00:00,15.813,0002,CA-303,2-39-139-28,000000838,21.89138888888889
5e225f9ff9af8b5c26d21715,2020-01-01 09:42:14+00:00,2020-01-02 02:25:40+00:00,2020-01-01 14:42:11+00:00,32.02,0002,CA-305,2-39-131-30,000000067,16.72388888888889
5e225f9ff9af8b5c26d21716,2020-01-01 18:10:34+00:00,2020-01-01 21:05:40+00:00,2020-01-01 19:22:56+00:00,2.328,0002,CA-309,2-39-127-19,000000710,2.9183333333333334
5e225f9ff9af8b5c26d21717,2020-01-01 19:44:51+00:00,2020-01-02 01:23:37+00:00,2020-01-01 22:43:57+00:00,19.868,0002,CA-325,2-39-79-377,000000248,5.646111111111111
5e225f9ff9af8b5c26d21718,2020-01-02 01:12:29+00:00,2020-01-02 04:38:39+00:00,2020-01-02 03:11:48+00:00,8.336,0002,CA-310,2-39-126-20,000001099,3.436111111111111
5e225f9ff9af8b5c26d21719,2020-01-02 04:18:06+00:00,2020-01-03 00:06:13+00:00,2020-01-02 06:41:48+00:00,14.731,0002,CA-491,2-39-79-382,000003267,19.801944444444445
5e23b122f9af8b5fe4b973bf,2020-01-02 16:05:15+00:00,2020-01-03 00:11:51+00:00,2020-01-02 16:39:20+00:00,2.083,0002,CA-489,2-39-79-380,000000751,8.11
5e23b122f9af8b5fe4b973c0,2020-01-02 16:06:34+00:00,2020-01-02 17:04:02+00:00,2020-01-02 16:37:26+00:00,0.855,0002,CA-492,2-39-79-383,,0.9577777777777777
5e23b122f9af8b5fe4b973c1,2020-01-02 16:31:35+00:00,2020-01-03 00:29:28+00:00,2020-01-03 00:29:26+00:00,50.788,0002,CA-323,2-39-78-366,000003853,7.964722222222222
5e23b122f9af8b5fe4b973c2,2020-01-02 17:25:53+00:00,2020-01-03 02:14:55+00:00,2020-01-02 19:23:42+00:00,4.187,0002,CA-304,2-39-138-29,000000620,8.817222222222222
5e23b122f9af8b5fe4b973c3,2020-01-02 17:45:13+00:00,2020-01-03 00:51:06+00:00,2020-01-02 19:55:59+00:00,6.874,0002,CA-494,2-39-78-367,000001001,7.098055555555556
5e23b122f9af8b5fe4b973c4,2020-01-02 17:46:15+00:00,2020-01-02 21:02:06+00:00,2020-01-02 19:49:03+00:00,6.501,0002,CA-321,2-39-78-365,000001124,3.2641666666666667
5e23b122f9af8b5fe4b973c5,2020-01-02 17:47:53+00:00,2020-01-02 20:42:59+00:00,2020-01-02 20:42:55+00:00,20.165,0002,CA-303,2-39-139-28,000000710,2.9183333333333334
5e23b122f9af8b5fe4b973c6,2020-01-02 18:07:57+00:00,2020-01-02 20:46:38+00:00,2020-01-02 19:32:04+00:00,4.32,0002,CA-313,2-39-123-23,000002170,2.644722222222222
5e23b122f9af8b5fe4b973c7,2020-01-02 18:25:20+00:00,2020-01-03 00:46:32+00:00,2020-01-02 20:41:45+00:00,5.191,0002,CA-490,2-39-79-381,000003389,6.3533333333333335
5e23b122f9af8b5fe4b973c8,2020-01-02 18:40:46+00:00,2020-01-02 21:19:16+00:00,2020-01-02 21:18:35+00:00,8.379,0002,CA-500,2-39-90-440,000003447,2.6416666666666666
5e23b122f9af8b5fe4b973c9,2020-01-02 18:51:01+00:00,2020-01-02 23:58:24+00:00,2020-01-02 20:00:30+00:00,3.399,0002,CA-315,2-39-89-25,000000743,5.123055555555555
5e23b122f9af8b5fe4b973ca,2020-01-02 21:28:24+00:00,2020-01-02 21:54:33+00:00,2020-01-02 21:49:32+00:00,0.956,0002,CA-313,2-39-123-23,000002170,0.43583333333333335
5e23b122f9af8b5fe4b973cb,2020-01-02 22:17:20+00:00,2020-01-03 05:05:05+00:00,2020-01-02 23:12:44+00:00,2.35,0002,CA-320,2-39-78-363,000001124,6.795833333333333
5e23b122f9af8b5fe4b973cc,2020-01-02 22:23:55+00:00,2020-01-03 00:56:50+00:00,2020-01-03 00:56:45+00:00,17.075,0002,CA-303,2-39-139-28,000000710,2.548611111111111
5e23b122f9af8b5fe4b973cd,2020-01-03 00:03:03+00:00,2020-01-03 01:16:25+00:00,2020-01-03 00:33:55+00:00,0.913,0002,CA-315,2-39-89-25,,1.2227777777777777
5e23b122f9af8b5fe4b973ce,2020-01-03 02:50:03+00:00,2020-01-03 04:06:03+00:00,2020-01-03 04:05:54+00:00,8.768,0002,CA-303,2-39-139-28,000001263,1.2666666666666666
5e2502a2f9af8b63eb5a4de2,2020-01-03 16:14:25+00:00,2020-01-04 01:25:30+00:00,2020-01-03 19:00:03+00:00,10.325,0002,CA-323,2-39-78-366,000003853,9.184722222222222
5e2502a2f9af8b63eb5a4de3,2020-01-03 16:19:10+00:00,2020-01-03 18:08:03+00:00,2020-01-03 18:09:02+00:00,0.84,0002,CA-489,2-39-79-380,,1.8147222222222221
5e2502a2f9af8b63eb5a4de4,2020-01-03 16:37:06+00:00,2020-01-04 00:47:15+00:00,2020-01-03 18:05:49+00:00,4.426,0002,CA-315,2-39-89-25,000000743,8.169166666666667
5e2502a2f9af8b63eb5a4de5,2020-01-03 17:14:49+00:00,2020-01-04 01:38:06+00:00,2020-01-03 17:43:15+00:00,0.807,0002,CA-327,2-39-79-379,,8.388055555555555
5e2502a2f9af8b63eb5a4de6,2020-01-03 17:40:31+00:00,2020-01-03 19:30:12+00:00,2020-01-03 19:30:07+00:00,12.489,0002,CA-303,2-39-139-28,000000798,1.8280555555555555
5e2502a2f9af8b63eb5a4de7,2020-01-03 17:48:23+00:00,2020-01-03 21:45:39+00:00,2020-01-03 21:46:38+00:00,0.914,0002,CA-325,2-39-79-377,,3.9544444444444444
5e2502a2f9af8b63eb5a4de8,2020-01-03 17:50:40+00:00,2020-01-04 00:52:55+00:00,2020-01-03 19:07:54+00:00,4.008,0002,CA-313,2-39-123-23,000002170,7.0375
5e2502a2f9af8b63eb5a4de9,2020-01-03 18:08:07+00:00,2020-01-03 20:14:53+00:00,2020-01-03 18:38:11+00:00,0.812,0002,CA-489,2-39-79-380,,2.1127777777777776
5e2502a2f9af8b63eb5a4dea,2020-01-03 18:23:45+00:00,2020-01-03 21:19:46+00:00,2020-01-03 19:36:30+00:00,3.713,0002,CA-498,2-39-92-442,000003447,2.933611111111111
5e2502a2f9af8b63eb5a4deb,2020-01-03 18:40:29+00:00,2020-01-04 03:55:21+00:00,2020-01-03 23:08:46+00:00,9.566,0002,CA-310,2-39-126-20,000003270,9.247777777777777
5e2502a2f9af8b63eb5a4dec,2020-01-03 19:04:18+00:00,2020-01-04 01:50:00+00:00,2020-01-03 20:11:41+00:00,3.695,0002,CA-305,2-39-131-30,000000567,6.761666666666667
5e2502a2f9af8b63eb5a4ded,2020-01-03 19:10:14+00:00,2020-01-03 20:00:13+00:00,2020-01-03 20:00:09+00:00,2.804,0002,CA-306,2-39-130-31,000000365,0.8330555555555555
5e2502a2f9af8b63eb5a4dee,2020-01-04 00:59:57+00:00,2020-01-04 02:29:40+00:00,2020-01-04 02:29:35+00:00,4.98,0002,CA-313,2-39-123-23,000001920,1.4952777777777777
5e2502a2f9af8b63eb5a4def,2020-01-04 02:19:38+00:00,2020-01-04 21:09:25+00:00,2020-01-04 05:34:17+00:00,11.271,0002,CA-303,2-39-139-28,000000838,18.829722222222223
5e2502a2f9af8b63eb5a4df0,2020-01-04 03:21:06+00:00,2020-01-04 03:40:32+00:00,2020-01-04 03:41:31+00:00,2.127,0002,CA-305,2-39-131-30,000001238,0.3238888888888889
5e26541ef9af8b67acde4c71,2020-01-04 16:03:06+00:00,2020-01-05 00:17:36+00:00,2020-01-04 16:33:26+00:00,0.845,0002,CA-305,2-39-131-30,,8.241666666666667
5e26541ef9af8b67acde4c72,2020-01-04 16:35:51+00:00,2020-01-04 17:57:53+00:00,2020-01-04 17:57:48+00:00,8.696,0002,CA-307,2-39-129-17,000001938,1.3672222222222221
5e26541ef9af8b67acde4c73,2020-01-04 16:45:48+00:00,2020-01-05 01:11:35+00:00,2020-01-04 23:48:30+00:00,47.386,0002,CA-325,2-39-79-377,000000248,8.429722222222223
5e26541ef9af8b67acde4c74,2020-01-04 17:36:05+00:00,2020-01-04 18:44:00+00:00,2020-01-04 18:43:52+00:00,3.64,0002,CA-308,2-39-128-18,000000365,1.1319444444444444
5e26541ef9af8b67acde4c75,2020-01-04 19:20:38+00:00,2020-01-04 20:16:08+00:00,2020-01-04 20:16:00+00:00,0.879,0002,CA-307,2-39-129-17,,0.925
5e26541ef9af8b67acde4c76,2020-01-04 20:13:10+00:00,2020-01-04 22:22:06+00:00,2020-01-04 21:07:40+00:00,2.505,0002,CA-311,2-39-125-21,000001920,2.148888888888889
5e26541ef9af8b67acde4c77,2020-01-04 23:36:53+00:00,2020-01-05 00:08:53+00:00,2020-01-05 00:09:51+00:00,0.79,0002,CA-309,2-39-127-19,,0.5333333333333333
5e26541ef9af8b67acde4c78,2020-01-05 00:08:56+00:00,2020-01-05 00:42:18+00:00,2020-01-05 00:40:59+00:00,0.787395277777778,0002,CA-309,2-39-127-19,,0.5561111111111111
5e26541ef9af8b67acde4c79,2020-01-05 00:14:24+00:00,2020-01-05 01:49:46+00:00,2020-01-05 00:44:33+00:00,0.877,0002,CA-304,2-39-138-29,,1.5894444444444444
5e26541ef9af8b67acde4c7a,2020-01-05 00:42:28+00:00,2020-01-05 01:13:52+00:00,2020-01-05 01:13:47+00:00,0.778,0002,CA-310,2-39-126-20,,0.5233333333333333
5e26541ef9af8b67acde4c7b,2020-01-05 02:20:55+00:00,2020-01-05 04:51:46+00:00,2020-01-05 04:22:40+00:00,9.222,0002,CA-307,2-39-129-17,000001099,2.5141666666666667
5e26541ef9af8b67acde4c7c,2020-01-05 02:30:56+00:00,2020-01-05 04:04:28+00:00,2020-01-05 04:04:19+00:00,5.423,0002,CA-315,2-39-89-25,000001091,1.558888888888889
5e27a59cf9af8b6b6627addc,2020-01-05 17:22:55+00:00,2020-01-05 19:08:24+00:00,2020-01-05 18:56:41+00:00,4.689,0002,CA-315,2-39-89-25,000000743,1.7580555555555555
5e27a59cf9af8b6b6627addd,2020-01-05 19:52:59+00:00,2020-01-05 22:11:46+00:00,2020-01-05 20:30:24+00:00,1.441,0002,CA-489,2-39-79-380,000003389,2.3130555555555556
5e27a59cf9af8b6b6627adde,2020-01-05 20:31:11+00:00,2020-01-06 01:33:54+00:00,2020-01-06 00:14:21+00:00,12.918,0002,CA-303,2-39-139-28,000000838,5.045277777777778
5e27a59cf9af8b6b6627addf,2020-01-05 20:31:59+00:00,2020-01-06 01:33:31+00:00,2020-01-06 01:33:46+00:00,0.994,0002,CA-305,2-39-131-30,,5.025555555555556
5e27a59cf9af8b6b6627ade0,2020-01-05 23:06:45+00:00,2020-01-06 00:09:17+00:00,2020-01-05 23:50:21+00:00,2.077,0002,CA-309,2-39-127-19,000001920,1.0422222222222222
5e27a59cf9af8b6b6627ade1,2020-01-05 23:27:46+00:00,2020-01-06 00:33:19+00:00,2020-01-05 23:58:26+00:00,0.85,0002,CA-327,2-39-79-379,,1.0925
5e28f72af9af8b70ebc91c7e,2020-01-06 15:54:03+00:00,2020-01-07 01:08:11+00:00,2020-01-06 20:45:22+00:00,24.261,0002,CA-323,2-39-78-366,000003853,9.235555555555555
5e28f72af9af8b70ebc91c7f,2020-01-06 15:58:50+00:00,2020-01-06 16:32:28+00:00,2020-01-06 16:29:06+00:00,0.831,0002,CA-489,2-39-79-380,,0.5605555555555556
5e28f72af9af8b70ebc91c80,2020-01-06 16:07:15+00:00,2020-01-07 03:16:11+00:00,2020-01-07 03:15:59+00:00,16.006,0002,CA-327,2-39-79-379,000000676,11.148888888888889
5e28f72af9af8b70ebc91c81,2020-01-06 16:26:31+00:00,2020-01-07 01:18:35+00:00,2020-01-06 20:48:30+00:00,0.964,0002,CA-303,2-39-139-28,,8.867777777777778
5e28f72af9af8b70ebc91c82,2020-01-06 16:27:34+00:00,2020-01-06 21:59:10+00:00,2020-01-06 16:48:34+00:00,1.296,0002,CA-325,2-39-79-377,000000751,5.526666666666666
5e28f72af9af8b70ebc91c83,2020-01-06 16:38:10+00:00,2020-01-07 00:09:43+00:00,2020-01-06 21:11:27+00:00,15.822,0002,CA-305,2-39-131-30,000000712,7.525833333333333
5e28f72af9af8b70ebc91c84,2020-01-06 16:38:56+00:00,2020-01-06 23:08:17+00:00,2020-01-06 20:46:16+00:00,0.943,0002,CA-307,2-39-129-17,,6.489166666666667
5e28f72af9af8b70ebc91c85,2020-01-06 16:41:08+00:00,2020-01-07 01:43:10+00:00,2020-01-06 19:55:16+00:00,21.338,0002,CA-491,2-39-79-382,000001104,9.033888888888889
5e28f72af9af8b70ebc91c86,2020-01-06 16:51:09+00:00,2020-01-06 20:27:02+00:00,2020-01-06 17:40:40+00:00,2.213,0002,CA-304,2-39-138-29,000001366,3.5980555555555553
5e28f72af9af8b70ebc91c87,2020-01-06 17:08:17+00:00,2020-01-07 01:28:22+00:00,2020-01-06 18:19:03+00:00,3.9,0002,CA-309,2-39-127-19,000000567,8.334722222222222
5e28f72af9af8b70ebc91c88,2020-01-06 17:19:31+00:00,2020-01-07 01:59:00+00:00,2020-01-06 18:39:39+00:00,6.01,0002,CA-321,2-39-78-365,000000714,8.658055555555556
5e28f72af9af8b70ebc91c89,2020-01-06 17:27:09+00:00,2020-01-07 01:38:47+00:00,2020-01-06 23:07:07+00:00,30.26,0002,CA-320,2-39-78-363,000001137,8.193888888888889
5e28f72af9af8b70ebc91c8a,2020-01-06 17:31:57+00:00,2020-01-06 23:25:49+00:00,2020-01-06 20:48:15+00:00,0.8,0002,CA-306,2-39-130-31,,5.897777777777778
5e28f72af9af8b70ebc91c8b,2020-01-06 17:37:05+00:00,2020-01-07 02:38:32+00:00,2020-01-06 18:24:06+00:00,1.411,0002,CA-315,2-39-89-25,000000324,9.024166666666666
5e28f72af9af8b70ebc91c8c,2020-01-06 17:48:33+00:00,2020-01-07 02:03:30+00:00,2020-01-06 19:43:32+00:00,5.961,0002,CA-319,2-39-95-27,000001222,8.249166666666667
5e28f72af9af8b70ebc91c8d,2020-01-06 17:56:31+00:00,2020-01-07 01:38:41+00:00,2020-01-06 19:24:22+00:00,4.293,0002,CA-500,2-39-90-440,000000743,7.7027777777777775
5e28f72af9af8b70ebc91c8e,2020-01-06 18:02:27+00:00,2020-01-07 02:17:48+00:00,2020-01-06 19:59:13+00:00,5.884,0002,CA-317,2-39-91-437,000000891,8.255833333333333
5e28f72af9af8b70ebc91c8f,2020-01-06 18:07:47+00:00,2020-01-07 01:17:16+00:00,2020-01-06 19:15:34+00:00,3.43,0002,CA-311,2-39-125-21,000002170,7.158055555555555
5e28f72af9af8b70ebc91c90,2020-01-06 18:16:46+00:00,2020-01-06 22:13:17+00:00,2020-01-06 20:23:59+00:00,7.141,0002,CA-316,2-39-90-26,000000515,3.9419444444444443
5e28f72af9af8b70ebc91c91,2020-01-06 18:47:05+00:00,2020-01-07 01:35:30+00:00,2020-01-06 19:17:37+00:00,2.471,0002,CA-495,2-39-78-364,000001095,6.8069444444444445
5e28f72af9af8b70ebc91c92,2020-01-06 19:55:18+00:00,2020-01-07 01:18:15+00:00,2020-01-06 21:30:43+00:00,4.693,0002,CA-492,2-39-79-383,000003389,5.3825
5e28f72af9af8b70ebc91c93,2020-01-06 20:39:32+00:00,2020-01-06 22:48:48+00:00,2020-01-06 22:07:18+00:00,3.343,0002,CA-322,2-39-78-360,000000560,2.1544444444444446
5e28f72af9af8b70ebc91c94,2020-01-06 21:30:35+00:00,2020-01-06 23:33:28+00:00,2020-01-06 21:50:09+00:00,0.591,0002,CA-318,2-39-92-436,,2.0480555555555555
5e28f72af9af8b70ebc91c95,2020-01-06 23:47:38+00:00,2020-01-07 01:50:58+00:00,2020-01-07 01:06:53+00:00,3.926,0002,CA-306,2-39-130-31,000001366,2.0555555555555554
5e28f72af9af8b70ebc91c96,2020-01-06 23:54:11+00:00,2020-01-07 03:10:18+00:00,2020-01-07 00:24:36+00:00,0.846,0002,CA-307,2-39-129-17,,3.268611111111111
5e28f72af9af8b70ebc91c97,2020-01-07 00:51:33+00:00,2020-01-07 02:26:51+00:00,2020-01-07 01:21:53+00:00,0.888,0002,CA-305,2-39-131-30,,1.5883333333333334
5e2a48adf9af8b75aed8e908,2020-01-07 16:02:34+00:00,2020-01-08 00:31:30+00:00,2020-01-07 20:40:06+00:00,1.381,0002,CA-489,2-39-79-380,,8.482222222222223
5e2a48adf9af8b75aed8e909,2020-01-07 16:08:38+00:00,2020-01-08 00:24:17+00:00,2020-01-07 16:46:03+00:00,3.158,0002,CA-325,2-39-79-377,000002461,8.260833333333334
5e2a48adf9af8b75aed8e90a,2020-01-07 16:14:25+00:00,2020-01-08 01:00:27+00:00,2020-01-07 23:20:00+00:00,11.31,0002,CA-303,2-39-139-28,000004947,8.767222222222221
5e2a48adf9af8b75aed8e90b,2020-01-07 16:18:25+00:00,2020-01-07 16:27:22+00:00,2020-01-07 16:27:21+00:00,0.812,0002,CA-323,2-39-78-366,000003853,0.14916666666666667
5e2a48adf9af8b75aed8e90c,2020-01-07 16:34:12+00:00,2020-01-08 00:44:57+00:00,2020-01-08 00:11:23+00:00,28.575,0002,CA-494,2-39-78-367,000001470,8.179166666666667
5e2a48adf9af8b75aed8e90d,2020-01-07 16:41:45+00:00,2020-01-08 02:47:35+00:00,2020-01-07 23:20:45+00:00,0.99,0002,CA-504,2-39-124-558,,10.097222222222221
5e2a48adf9af8b75aed8e90e,2020-01-07 16:44:45+00:00,2020-01-08 02:07:44+00:00,2020-01-07 23:11:26+00:00,0.852,0002,CA-323,2-39-78-366,,9.383055555555556
5e2a48adf9af8b75aed8e90f,2020-01-07 16:48:17+00:00,2020-01-08 01:57:37+00:00,2020-01-07 19:54:01+00:00,20.334,0002,CA-327,2-39-79-379,000001104,9.155555555555555
5e2a48adf9af8b75aed8e910,2020-01-07 17:07:19+00:00,2020-01-08 00:12:31+00:00,2020-01-07 18:29:48+00:00,4.073,0002,CA-315,2-39-89-25,000000743,7.086666666666667
5e2a48adf9af8b75aed8e911,2020-01-07 17:09:37+00:00,2020-01-08 01:28:57+00:00,2020-01-07 19:30:28+00:00,8.983,0002,CA-322,2-39-78-360,000001137,8.322222222222223
5e2a48adf9af8b75aed8e912,2020-01-07 17:18:08+00:00,2020-01-08 01:56:09+00:00,2020-01-07 18:50:28+00:00,10.451,0002,CA-319,2-39-95-27,000000714,8.633611111111112
5e2a48adf9af8b75aed8e913,2020-01-07 17:56:01+00:00,2020-01-07 22:44:12+00:00,2020-01-07 22:27:53+00:00,0.961,0002,CA-320,2-39-78-363,,4.803055555555556
5e2a48adf9af8b75aed8e914,2020-01-07 18:01:29+00:00,2020-01-08 02:41:04+00:00,2020-01-07 20:30:22+00:00,17.273,0002,CA-497,2-39-95-444,000002961,8.659722222222221
5e2a48adf9af8b75aed8e915,2020-01-07 18:02:14+00:00,2020-01-07 18:39:58+00:00,2020-01-07 18:33:18+00:00,0.992,0002,CA-493,2-39-78-361,,0.6288888888888889
5e2a48adf9af8b75aed8e916,2020-01-07 18:18:52+00:00,2020-01-08 02:06:18+00:00,2020-01-07 20:18:11+00:00,12.102,0002,CA-317,2-39-91-437,000001095,7.790555555555556
5e2a48adf9af8b75aed8e917,2020-01-07 18:19:25+00:00,2020-01-08 01:20:41+00:00,2020-01-07 18:45:57+00:00,0.736,0002,CA-324,2-39-79-376,,7.021111111111111
5e2a48adf9af8b75aed8e918,2020-01-07 18:41:44+00:00,2020-01-08 00:33:07+00:00,2020-01-07 20:23:35+00:00,3.346,0002,CA-492,2-39-79-383,000000634,5.856388888888889
5e2a48adf9af8b75aed8e919,2020-01-07 19:11:32+00:00,2020-01-08 01:02:39+00:00,2020-01-07 20:23:22+00:00,3.527,0002,CA-306,2-39-130-31,000001366,5.851944444444444
5e2a48adf9af8b75aed8e91a,2020-01-07 19:18:22+00:00,2020-01-08 00:38:00+00:00,2020-01-07 21:50:45+00:00,15.039,0002,CA-493,2-39-78-361,000000069,5.327222222222222
5e2a48adf9af8b75aed8e91b,2020-01-07 20:11:49+00:00,2020-01-08 03:27:20+00:00,2020-01-08 00:14:00+00:00,22.382,0002,CA-313,2-39-123-23,000004011,7.258611111111111
5e2a48adf9af8b75aed8e91c,2020-01-07 20:19:40+00:00,2020-01-08 01:10:06+00:00,2020-01-07 21:25:52+00:00,3.352,0002,CA-314,2-39-88-24,000002170,4.8405555555555555
5e2a48adf9af8b75aed8e91d,2020-01-07 20:29:34+00:00,2020-01-07 21:30:46+00:00,2020-01-07 21:30:42+00:00,3.436,0002,CA-490,2-39-79-381,000001093,1.02
5e2a48adf9af8b75aed8e91e,2020-01-07 20:37:23+00:00,2020-01-08 01:26:14+00:00,2020-01-07 21:50:13+00:00,2.328,0002,CA-316,2-39-90-26,000001082,4.814166666666667
5e2a48adf9af8b75aed8e91f,2020-01-07 20:44:18+00:00,2020-01-08 00:05:37+00:00,2020-01-07 22:49:40+00:00,13.449,0002,CA-307,2-39-129-17,000001912,3.355277777777778
5e2a48adf9af8b75aed8e920,2020-01-07 20:55:52+00:00,2020-01-07 21:20:38+00:00,2020-01-07 21:20:30+00:00,0.679,0002,CA-310,2-39-126-20,,0.4127777777777778
5e2a48adf9af8b75aed8e921,2020-01-07 21:18:55+00:00,2020-01-07 22:04:06+00:00,2020-01-07 22:04:00+00:00,1.913,0002,CA-304,2-39-138-29,000000533,0.7530555555555556
5e2a48adf9af8b75aed8e922,2020-01-07 21:22:49+00:00,2020-01-08 00:36:19+00:00,2020-01-08 00:35:56+00:00,4.443,0002,CA-305,2-39-131-30,000000668,3.225
5e2a48adf9af8b75aed8e923,2020-01-08 00:02:24+00:00,2020-01-08 02:20:56+00:00,2020-01-08 02:01:13+00:00,6.083,0002,CA-309,2-39-127-19,000001920,2.3088888888888888
5e2a48adf9af8b75aed8e924,2020-01-08 00:24:44+00:00,2020-01-08 01:14:58+00:00,2020-01-08 01:08:55+00:00,0.971,0002,CA-304,2-39-138-29,,0.8372222222222222
5e2a48adf9af8b75aed8e925,2020-01-08 01:13:30+00:00,2020-01-08 06:01:58+00:00,2020-01-08 05:41:28+00:00,15.307,0002,CA-303,2-39-139-28,000000838,4.807777777777778
5e2a48adf9af8b75aed8e926,2020-01-08 01:18:52+00:00,2020-01-08 02:42:05+00:00,2020-01-08 01:55:18+00:00,1.425,0002,CA-305,2-39-131-30,000000365,1.3869444444444445
5e2a48adf9af8b75aed8e927,2020-01-08 03:07:09+00:00,2020-01-08 03:39:04+00:00,2020-01-08 03:38:05+00:00,0.902,0002,CA-307,2-39-129-17,,0.5319444444444444
5e2a48adf9af8b75aed8e928,2020-01-08 03:34:44+00:00,2020-01-08 04:31:52+00:00,2020-01-08 04:31:01+00:00,1.309,0002,CA-304,2-39-138-29,,0.9522222222222222
5e2a48adf9af8b75aed8e929,2020-01-08 03:43:10+00:00,2020-01-08 06:08:46+00:00,2020-01-08 06:08:42+00:00,15.08,0002,CA-308,2-39-128-18,000001099,2.4266666666666667
5e2b9a2af9af8b7d745b12e8,2020-01-08 16:01:10+00:00,2020-01-08 22:31:22+00:00,2020-01-08 21:44:12+00:00,0.867,0002,CA-489,2-39-79-380,,6.503333333333333
5e2b9a2af9af8b7d745b12e9,2020-01-08 16:12:49+00:00,2020-01-09 01:39:37+00:00,2020-01-09 00:24:05+00:00,15.141,0002,CA-323,2-39-78-366,000003853,9.446666666666667
5e2b9a2af9af8b7d745b12ea,2020-01-08 16:32:07+00:00,2020-01-08 19:51:07+00:00,2020-01-08 16:58:46+00:00,1.609,0002,CA-325,2-39-79-377,000000751,3.316666666666667
5e2b9a2af9af8b7d745b12eb,2020-01-08 16:36:23+00:00,2020-01-09 00:42:08+00:00,2020-01-08 17:31:36+00:00,2.616,0002,CA-304,2-39-138-29,000001366,8.095833333333333
5e2b9a2af9af8b7d745b12ec,2020-01-08 16:41:51+00:00,2020-01-09 01:38:50+00:00,2020-01-09 01:00:39+00:00,1.017,0002,CA-320,2-39-78-363,,8.949722222222222
5e2b9a2af9af8b7d745b12ed,2020-01-08 16:45:11+00:00,2020-01-09 01:11:37+00:00,2020-01-08 18:43:43+00:00,6.326,0002,CA-327,2-39-79-379,000005368,8.440555555555555
5e2b9a2af9af8b7d745b12ee,2020-01-08 16:51:21+00:00,2020-01-09 01:30:09+00:00,2020-01-08 20:04:14+00:00,20.866,0002,CA-491,2-39-79-382,000001104,8.646666666666667
5e2b9a2af9af8b7d745b12ef,2020-01-08 17:03:38+00:00,2020-01-09 01:22:12+00:00,2020-01-08 18:42:21+00:00,4.989,0002,CA-315,2-39-89-25,000000743,8.309444444444445
5e2b9a2af9af8b7d745b12f0,2020-01-08 17:08:31+00:00,2020-01-09 05:30:02+00:00,2020-01-08 18:09:17+00:00,1.95,0002,CA-317,2-39-91-437,000000324,12.358611111111111
5e2b9a2af9af8b7d745b12f1,2020-01-08 17:09:10+00:00,2020-01-09 00:25:17+00:00,2020-01-08 18:57:16+00:00,10.929,0002,CA-318,2-39-92-436,000001095,7.268611111111111
5e2b9a2af9af8b7d745b12f2,2020-01-08 17:16:12+00:00,2020-01-08 18:27:46+00:00,2020-01-08 18:27:41+00:00,3.605,0002,CA-490,2-39-79-381,000001091,1.1927777777777777
5e2b9a2af9af8b7d745b12f3,2020-01-08 17:34:15+00:00,2020-01-08 23:36:28+00:00,2020-01-08 23:37:25+00:00,9.225,0002,CA-496,2-39-78-362,000001470,6.036944444444444
5e2b9a2af9af8b7d745b12f4,2020-01-08 17:57:00+00:00,2020-01-09 00:04:48+00:00,2020-01-08 19:57:38+00:00,12.886,0002,CA-303,2-39-139-28,000001912,6.13
5e2b9a2af9af8b7d745b12f5,2020-01-08 18:01:17+00:00,2020-01-09 02:05:35+00:00,2020-01-08 20:23:20+00:00,13.13,0002,CA-324,2-39-79-376,000000714,8.071666666666667
5e2b9a2af9af8b7d745b12f6,2020-01-08 19:29:18+00:00,2020-01-08 20:59:48+00:00,2020-01-08 19:59:38+00:00,0.79,0002,CA-312,2-39-124-22,,1.5083333333333333
5e2b9a2af9af8b7d745b12f7,2020-01-08 19:56:27+00:00,2020-01-09 01:33:03+00:00,2020-01-08 21:54:48+00:00,6.249,0002,CA-313,2-39-123-23,000002170,5.61
5e2b9a2af9af8b7d745b12f8,2020-01-08 20:23:19+00:00,2020-01-08 22:57:43+00:00,2020-01-08 22:40:53+00:00,7.41,0002,CA-498,2-39-92-442,000003711,2.5733333333333333
5e2b9a2af9af8b7d745b12f9,2020-01-08 20:45:16+00:00,2020-01-09 01:18:56+00:00,2020-01-08 22:38:18+00:00,5.862,0002,CA-492,2-39-79-383,000001222,4.561111111111111
5e2b9a2af9af8b7d745b12fa,2020-01-08 20:58:15+00:00,2020-01-09 03:39:45+00:00,2020-01-09 01:00:36+00:00,22.388,0002,CA-305,2-39-131-30,000004011,6.691666666666666
5e2b9a2af9af8b7d745b12fb,2020-01-08 21:05:17+00:00,2020-01-09 00:15:26+00:00,2020-01-08 23:02:40+00:00,6.756,0002,CA-322,2-39-78-360,000001091,3.1691666666666665
5e2b9a2af9af8b7d745b12fc,2020-01-09 02:07:05+00:00,2020-01-09 05:25:11+00:00,2020-01-09 05:25:02+00:00,11.746,0002,CA-303,2-39-139-28,000000838,3.3016666666666667
5e2b9a2af9af8b7d745b12fd,2020-01-09 04:43:48+00:00,2020-01-09 06:04:15+00:00,2020-01-09 06:03:51+00:00,4.627,0002,CA-310,2-39-126-20,000004622,1.3408333333333333
5e2cebb1f9af8b027e9a5811,2020-01-09 16:04:15+00:00,2020-01-09 23:29:44+00:00,2020-01-09 16:34:35+00:00,0.843,0002,CA-489,2-39-79-380,,7.424722222222222
5e2cebb1f9af8b027e9a5812,2020-01-09 16:10:47+00:00,2020-01-09 23:35:50+00:00,2020-01-09 19:59:52+00:00,13.202,0002,CA-303,2-39-139-28,000004947,7.4175
5e2cebb1f9af8b027e9a5813,2020-01-09 16:19:20+00:00,2020-01-09 21:15:37+00:00,2020-01-09 17:48:45+00:00,9.424,0002,CA-494,2-39-78-367,000001470,4.938055555555556
5e2cebb1f9af8b027e9a5814,2020-01-09 16:33:21+00:00,2020-01-10 01:17:43+00:00,2020-01-09 16:56:07+00:00,1.369,0002,CA-327,2-39-79-379,000000751,8.739444444444445
5e2cebb1f9af8b027e9a5815,2020-01-09 16:42:43+00:00,2020-01-10 02:13:36+00:00,2020-01-09 19:56:08+00:00,20.438,0002,CA-324,2-39-79-376,000001104,9.514722222222222
5e2cebb1f9af8b027e9a5816,2020-01-09 16:46:00+00:00,2020-01-10 03:24:12+00:00,2020-01-09 19:58:18+00:00,9.887,0002,CA-508,2-39-128-562,000001534,10.636666666666667
5e2cebb1f9af8b027e9a5817,2020-01-09 16:48:36+00:00,2020-01-10 02:17:35+00:00,2020-01-09 18:22:03+00:00,4.716,0002,CA-322,2-39-78-360,000002244,9.483055555555556
5e2cebb1f9af8b027e9a5818,2020-01-09 16:57:00+00:00,2020-01-10 02:12:19+00:00,2020-01-10 01:09:35+00:00,27.671,0002,CA-498,2-39-92-442,000000564,9.255277777777778
5e2cebb1f9af8b027e9a5819,2020-01-09 17:06:01+00:00,2020-01-10 01:28:35+00:00,2020-01-09 23:23:51+00:00,0.845,0002,CA-323,2-39-78-366,,8.376111111111111
5e2cebb1f9af8b027e9a581a,2020-01-09 17:08:03+00:00,2020-01-10 01:07:06+00:00,2020-01-09 20:06:33+00:00,10.759,0002,CA-305,2-39-131-30,000000620,7.984166666666667
5e2cebb1f9af8b027e9a581b,2020-01-09 17:16:07+00:00,2020-01-09 22:51:31+00:00,2020-01-09 21:08:44+00:00,2.744,0002,CA-321,2-39-78-365,000000634,5.59
5e2cebb1f9af8b027e9a581c,2020-01-09 17:27:40+00:00,2020-01-10 04:43:06+00:00,2020-01-09 18:50:13+00:00,4.0,0002,CA-315,2-39-89-25,000000743,11.257222222222222
5e2cebb1f9af8b027e9a581d,2020-01-09 17:51:41+00:00,2020-01-10 03:11:43+00:00,2020-01-09 19:08:00+00:00,7.565,0002,CA-325,2-39-79-377,000000558,9.33388888888889
5e2cebb1f9af8b027e9a581e,2020-01-09 18:02:39+00:00,2020-01-09 20:50:51+00:00,2020-01-09 18:36:04+00:00,1.265,0002,CA-306,2-39-130-31,000001366,2.8033333333333332
5e2cebb1f9af8b027e9a581f,2020-01-09 18:10:39+00:00,2020-01-10 01:23:36+00:00,2020-01-09 19:35:30+00:00,4.396,0002,CA-313,2-39-123-23,000002170,7.215833333333333
5e2cebb1f9af8b027e9a5820,2020-01-09 18:11:57+00:00,2020-01-10 00:25:51+00:00,2020-01-09 20:14:18+00:00,12.278,0002,CA-318,2-39-92-436,000001095,6.2316666666666665
5e2cebb1f9af8b027e9a5821,2020-01-09 18:16:11+00:00,2020-01-10 00:56:22+00:00,2020-01-09 20:14:51+00:00,5.801,0002,CA-490,2-39-79-381,000005368,6.669722222222222
5e2cebb1f9af8b027e9a5822,2020-01-09 18:37:28+00:00,2020-01-09 18:42:47+00:00,2020-01-09 18:42:46+00:00,0.527,0002,CA-493,2-39-78-361,000001137,0.08861111111111111
5e2cebb1f9af8b027e9a5823,2020-01-09 18:38:40+00:00,2020-01-10 02:01:28+00:00,2020-01-09 19:52:37+00:00,8.502,0002,CA-319,2-39-95-27,000000714,7.38
5e2cebb1f9af8b027e9a5824,2020-01-09 18:40:34+00:00,2020-01-09 20:06:36+00:00,2020-01-09 19:56:09+00:00,6.888,0002,CA-311,2-39-125-21,000000798,1.433888888888889
5e2cebb1f9af8b027e9a5825,2020-01-09 18:40:58+00:00,2020-01-10 00:13:07+00:00,2020-01-09 21:19:54+00:00,4.134,0002,CA-307,2-39-129-17,000000668,5.535833333333334
5e2cebb1f9af8b027e9a5826,2020-01-09 18:46:39+00:00,2020-01-10 02:51:41+00:00,2020-01-09 20:08:20+00:00,4.39,0002,CA-317,2-39-91-437,000000567,8.08388888888889
5e2cebb1f9af8b027e9a5827,2020-01-09 18:55:35+00:00,2020-01-09 19:15:56+00:00,2020-01-09 19:15:52+00:00,0.664,0002,CA-316,2-39-90-26,000001082,0.33916666666666667
5e2cebb1f9af8b027e9a5828,2020-01-09 19:00:19+00:00,2020-01-10 05:14:11+00:00,2020-01-09 23:33:32+00:00,0.902,0002,CA-493,2-39-78-361,,10.231111111111112
5e2cebb1f9af8b027e9a5829,2020-01-09 19:02:04+00:00,2020-01-09 20:19:23+00:00,2020-01-09 20:19:18+00:00,8.029,0002,CA-308,2-39-128-18,000001938,1.2886111111111112
5e2cebb1f9af8b027e9a582a,2020-01-09 19:05:30+00:00,2020-01-10 02:10:19+00:00,2020-01-09 21:00:50+00:00,11.897,0002,CA-499,2-39-91-441,000000069,7.080277777777778
5e2cebb1f9af8b027e9a582b,2020-01-09 20:33:51+00:00,2020-01-10 01:43:28+00:00,2020-01-09 21:53:23+00:00,2.618,0002,CA-497,2-39-95-444,000001082,5.160277777777778
5e2cebb1f9af8b027e9a582c,2020-01-09 20:37:05+00:00,2020-01-09 23:55:01+00:00,2020-01-09 21:57:22+00:00,2.802,0002,CA-314,2-39-88-24,000000560,3.298888888888889
5e2cebb1f9af8b027e9a582d,2020-01-09 20:57:53+00:00,2020-01-09 22:07:21+00:00,2020-01-09 21:28:58+00:00,0.901,0002,CA-495,2-39-78-364,,1.1577777777777778
5e2cebb1f9af8b027e9a582e,2020-01-09 21:39:01+00:00,2020-01-10 02:50:12+00:00,2020-01-09 22:25:38+00:00,1.972,0002,CA-311,2-39-125-21,000000891,5.186388888888889
5e2cebb1f9af8b027e9a582f,2020-01-09 21:50:11+00:00,2020-01-10 03:26:12+00:00,2020-01-10 03:26:07+00:00,37.041,0002,CA-304,2-39-138-29,000003270,5.6002777777777775
5e2cebb1f9af8b027e9a5830,2020-01-09 23:51:08+00:00,2020-01-10 04:16:43+00:00,2020-01-10 02:23:36+00:00,0.923,0002,CA-321,2-39-78-365,,4.426388888888889
5e2cebb1f9af8b027e9a5831,2020-01-09 23:59:32+00:00,2020-01-10 04:20:56+00:00,2020-01-10 01:20:34+00:00,3.985,0002,CA-303,2-39-139-28,000001920,4.3566666666666665
5e2cebb1f9af8b027e9a5832,2020-01-10 01:54:40+00:00,2020-01-10 06:11:28+00:00,2020-01-10 06:11:19+00:00,15.375,0002,CA-313,2-39-123-23,000001108,4.28
5e2cebb1f9af8b027e9a5833,2020-01-10 02:04:19+00:00,2020-01-10 03:22:13+00:00,2020-01-10 03:13:56+00:00,3.204,0002,CA-308,2-39-128-18,000004622,1.2983333333333333
5e2cebb1f9af8b027e9a5834,2020-01-10 02:18:52+00:00,2020-01-10 02:41:44+00:00,2020-01-10 02:41:39+00:00,0.657,0002,CA-307,2-39-129-17,,0.3811111111111111
5e2cebb1f9af8b027e9a5835,2020-01-10 02:42:40+00:00,2020-01-10 03:27:28+00:00,2020-01-10 03:27:23+00:00,1.632,0002,CA-305,2-39-131-30,000001539,0.7466666666666667
5e2cebb1f9af8b027e9a5836,2020-01-10 03:34:05+00:00,2020-01-10 06:28:47+00:00,2020-01-10 06:07:30+00:00,15.866,0002,CA-307,2-39-129-17,000001099,2.9116666666666666
5e2cebb1f9af8b027e9a5837,2020-01-10 04:20:04+00:00,2020-01-10 05:40:51+00:00,2020-01-10 05:40:46+00:00,9.097,0002,CA-304,2-39-138-29,000001263,1.3463888888888889
5e2e3d2ef9af8b066b3749ab,2020-01-10 12:22:21+00:00,2020-01-10 13:34:40+00:00,2020-01-10 13:34:35+00:00,7.329,0002,CA-308,2-39-128-18,000000300,1.2052777777777777
5e2e3d2ef9af8b066b3749ac,2020-01-10 15:02:11+00:00,2020-01-10 22:54:35+00:00,2020-01-10 20:21:36+00:00,13.725,0002,CA-321,2-39-78-365,000004913,7.873333333333333
5e2e3d2ef9af8b066b3749ad,2020-01-10 15:07:14+00:00,2020-01-10 17:01:03+00:00,2020-01-10 16:44:13+00:00,4.895,0002,CA-315,2-39-89-25,000000743,1.8969444444444445
5e2e3d2ef9af8b066b3749ae,2020-01-10 15:37:25+00:00,2020-01-11 00:22:34+00:00,2020-01-10 18:07:17+00:00,9.301,0002,CA-303,2-39-139-28,000001564,8.7525
5e2e3d2ef9af8b066b3749af,2020-01-10 15:59:42+00:00,2020-01-11 01:42:20+00:00,2020-01-10 19:30:56+00:00,3.727,0002,CA-491,2-39-79-382,000004701,9.710555555555555
5e2e3d2ef9af8b066b3749b0,2020-01-10 16:03:23+00:00,2020-01-10 18:56:58+00:00,2020-01-10 18:57:56+00:00,0.874,0002,CA-489,2-39-79-380,,2.8930555555555557
5e2e3d2ef9af8b066b3749b1,2020-01-10 16:13:39+00:00,2020-01-11 01:37:51+00:00,2020-01-11 00:32:52+00:00,16.885,0002,CA-323,2-39-78-366,000003853,9.403333333333334
5e2e3d2ef9af8b066b3749b2,2020-01-10 16:29:21+00:00,2020-01-10 18:33:53+00:00,2020-01-10 17:09:42+00:00,2.389,0002,CA-320,2-39-78-363,000001091,2.0755555555555554
5e2e3d2ef9af8b066b3749b3,2020-01-10 16:34:02+00:00,2020-01-10 20:16:37+00:00,2020-01-10 20:16:36+00:00,9.525,0002,CA-494,2-39-78-367,000001470,3.709722222222222
5e2e3d2ef9af8b066b3749b4,2020-01-10 16:34:55+00:00,2020-01-11 01:15:12+00:00,2020-01-10 17:05:38+00:00,0.872,0002,CA-327,2-39-79-379,,8.671388888888888
5e2e3d2ef9af8b066b3749b5,2020-01-10 16:43:53+00:00,2020-01-10 20:16:10+00:00,2020-01-10 20:17:08+00:00,2.054,0002,CA-317,2-39-91-437,000000324,3.5380555555555557
5e2e3d2ef9af8b066b3749b6,2020-01-10 17:13:02+00:00,2020-01-11 03:49:04+00:00,2020-01-10 18:22:47+00:00,3.797,0002,CA-305,2-39-131-30,000000567,10.600555555555555
5e2e3d2ef9af8b066b3749b7,2020-01-10 17:32:30+00:00,2020-01-11 02:04:48+00:00,2020-01-10 19:49:11+00:00,15.847,0002,CA-315,2-39-89-25,000002961,8.538333333333334
5e2e3d2ef9af8b066b3749b8,2020-01-10 17:38:36+00:00,2020-01-11 03:14:28+00:00,2020-01-10 19:31:41+00:00,11.41,0002,CA-324,2-39-79-376,000000558,9.597777777777777
5e2e3d2ef9af8b066b3749b9,2020-01-10 17:40:16+00:00,2020-01-11 02:20:19+00:00,2020-01-10 19:47:37+00:00,14.174,0002,CA-319,2-39-95-27,000000714,8.6675
5e2e3d2ef9af8b066b3749ba,2020-01-10 17:46:03+00:00,2020-01-11 00:21:07+00:00,2020-01-10 19:49:47+00:00,13.308,0002,CA-307,2-39-129-17,000001912,6.584444444444444
5e2e3d2ef9af8b066b3749bb,2020-01-10 17:47:55+00:00,2020-01-10 21:10:54+00:00,2020-01-10 19:53:16+00:00,7.029,0002,CA-322,2-39-78-360,000000515,3.3830555555555555
5e2e3d2ef9af8b066b3749bc,2020-01-10 18:03:26+00:00,2020-01-11 00:29:05+00:00,2020-01-10 20:08:01+00:00,12.25,0002,CA-492,2-39-79-383,000001095,6.4275
5e2e3d2ef9af8b066b3749bd,2020-01-10 18:07:54+00:00,2020-01-10 19:44:07+00:00,2020-01-10 18:39:13+00:00,0.895,0002,CA-308,2-39-128-18,,1.603611111111111
5e2e3d2ef9af8b066b3749be,2020-01-10 18:09:41+00:00,2020-01-11 02:07:41+00:00,2020-01-10 18:41:39+00:00,1.206,0002,CA-306,2-39-130-31,000001366,7.966666666666667
5e2e3d2ef9af8b066b3749bf,2020-01-10 18:19:00+00:00,2020-01-10 20:18:13+00:00,2020-01-10 18:49:44+00:00,0.758,0002,CA-499,2-39-91-441,,1.9869444444444444
5e2e3d2ef9af8b066b3749c0,2020-01-10 18:29:28+00:00,2020-01-11 01:10:06+00:00,2020-01-10 20:55:03+00:00,7.667,0002,CA-311,2-39-125-21,000002170,6.677222222222222
5e2e3d2ef9af8b066b3749c1,2020-01-10 18:34:50+00:00,2020-01-11 00:46:46+00:00,2020-01-10 19:38:24+00:00,4.116,0002,CA-309,2-39-127-19,000000668,6.198888888888889
5e2e3d2ef9af8b066b3749c2,2020-01-10 18:55:09+00:00,2020-01-11 00:39:39+00:00,2020-01-10 20:14:25+00:00,3.903,0002,CA-501,2-39-89-439,000000743,5.741666666666666
5e2e3d2ef9af8b066b3749c3,2020-01-10 18:57:02+00:00,2020-01-10 19:50:49+00:00,2020-01-10 19:27:49+00:00,0.788,0002,CA-489,2-39-79-380,,0.8963888888888889
5e2e3d2ef9af8b066b3749c4,2020-01-10 19:05:07+00:00,2020-01-11 04:29:05+00:00,2020-01-10 21:31:15+00:00,14.7,0002,CA-320,2-39-78-363,000001274,9.399444444444445
5e2e3d2ef9af8b066b3749c5,2020-01-10 19:26:07+00:00,2020-01-10 21:18:17+00:00,2020-01-10 21:16:07+00:00,0.977,0002,CA-313,2-39-123-23,,1.8694444444444445
5e2e3d2ef9af8b066b3749c6,2020-01-10 20:08:25+00:00,2020-01-10 22:17:37+00:00,2020-01-10 21:34:07+00:00,4.295,0002,CA-489,2-39-79-380,000001864,2.1533333333333333
5e2e3d2ef9af8b066b3749c7,2020-01-10 20:17:01+00:00,2020-01-10 23:57:38+00:00,2020-01-10 21:44:18+00:00,3.387,0002,CA-317,2-39-91-437,000000560,3.6769444444444446
5e2e3d2ef9af8b066b3749c8,2020-01-10 20:22:59+00:00,2020-01-11 03:06:35+00:00,2020-01-10 21:45:52+00:00,4.697,0002,CA-308,2-39-128-18,000000712,6.726666666666667
5e2e3d2ef9af8b066b3749c9,2020-01-10 20:29:21+00:00,2020-01-11 00:00:30+00:00,2020-01-10 21:45:55+00:00,0.85,0002,CA-325,2-39-79-377,,3.5191666666666666
5e2e3d2ef9af8b066b3749ca,2020-01-10 20:49:34+00:00,2020-01-11 04:14:45+00:00,2020-01-10 21:49:28+00:00,1.933,0002,CA-310,2-39-126-20,000000324,7.419722222222222
5e2e3d2ef9af8b066b3749cb,2020-01-10 20:55:16+00:00,2020-01-11 01:07:48+00:00,2020-01-10 21:41:00+00:00,1.94,0002,CA-494,2-39-78-367,000000891,4.208888888888889
5e2e3d2ef9af8b066b3749cc,2020-01-10 22:57:12+00:00,2020-01-11 01:06:12+00:00,2020-01-11 00:07:32+00:00,6.545,0002,CA-313,2-39-123-23,000000431,2.15
5e2e3d2ef9af8b066b3749cd,2020-01-10 23:12:17+00:00,2020-01-11 01:18:59+00:00,2020-01-11 00:26:10+00:00,3.687,0002,CA-500,2-39-90-440,000003447,2.111666666666667
5e2e3d2ef9af8b066b3749ce,2020-01-11 01:13:48+00:00,2020-01-11 01:49:20+00:00,2020-01-11 01:49:12+00:00,2.056,0002,CA-303,2-39-139-28,000005368,0.5922222222222222
5e2f8e9cf9af8b0a558fbd74,2020-01-11 14:27:47+00:00,2020-01-11 18:35:08+00:00,,15.707,0002,CA-304,2-39-138-29,000000300,4.1225
5e2f8e9cf9af8b0a558fbd75,2020-01-11 16:36:16+00:00,2020-01-11 22:53:20+00:00,,0.98,0002,CA-489,2-39-79-380,,6.2844444444444445
5e2f8e9cf9af8b0a558fbd76,2020-01-11 17:30:49+00:00,2020-01-11 22:05:13+00:00,,17.409,0002,CA-307,2-39-129-17,000000291,4.573333333333333
5e2f8e9cf9af8b0a558fbd77,2020-01-11 19:08:49+00:00,2020-01-11 20:17:47+00:00,,2.063,0002,CA-303,2-39-139-28,000000365,1.1494444444444445
5e2f8e9cf9af8b0a558fbd78,2020-01-11 22:48:52+00:00,2020-01-12 01:19:28+00:00,,8.84,0002,CA-317,2-39-91-437,000001108,2.51
5e2f8e9cf9af8b0a558fbd79,2020-01-11 22:54:12+00:00,2020-01-12 03:52:11+00:00,,24.904,0002,CA-325,2-39-79-377,000000248,4.966388888888889
5e2f8e9cf9af8b0a558fbd7a,2020-01-11 22:59:14+00:00,2020-01-12 01:10:00+00:00,,5.473,0002,CA-305,2-39-131-30,000001920,2.1794444444444445
5e30e01ff9af8b0f5cf06993,2020-01-12 16:43:29+00:00,2020-01-13 16:20:06+00:00,2020-01-13 13:50:40+00:00,33.232,0002,CA-305,2-39-131-30,000000489,23.610277777777778
5e30e01ff9af8b0f5cf06994,2020-01-12 17:05:48+00:00,2020-01-12 17:28:19+00:00,,0.675,0002,CA-307,2-39-129-17,,0.37527777777777777
5e30e01ff9af8b0f5cf06995,2020-01-12 18:00:07+00:00,2020-01-13 02:02:27+00:00,2020-01-12 20:12:27+00:00,7.883,0002,CA-307,2-39-129-17,000005471,8.03888888888889
5e30e01ff9af8b0f5cf06996,2020-01-12 20:05:23+00:00,2020-01-12 22:03:44+00:00,2020-01-12 22:03:40+00:00,6.77,0002,CA-315,2-39-89-25,000001089,1.9725
5e30e01ff9af8b0f5cf06997,2020-01-13 01:41:22+00:00,2020-01-13 02:34:34+00:00,2020-01-13 02:23:23+00:00,1.791,0002,CA-303,2-39-139-28,000001366,0.8866666666666667
5e30e01ff9af8b0f5cf06998,2020-01-13 01:41:46+00:00,2020-01-13 03:44:59+00:00,2020-01-13 03:33:21+00:00,5.68,0002,CA-309,2-39-127-19,000004622,2.053611111111111
5e30e01ff9af8b0f5cf06999,2020-01-13 02:08:54+00:00,2020-01-14 01:24:02+00:00,2020-01-13 09:52:50+00:00,51.459,0002,CA-307,2-39-129-17,000000067,23.252222222222223
5e30e01ff9af8b0f5cf0699a,2020-01-13 02:40:40+00:00,2020-01-13 06:03:13+00:00,2020-01-13 05:23:13+00:00,16.661,0002,CA-303,2-39-139-28,000001099,3.3758333333333335
5e3231b6f9af8b13f2ff1387,2020-01-13 14:10:41+00:00,2020-01-13 23:55:21+00:00,2020-01-13 18:13:26+00:00,20.9,0002,CA-327,2-39-79-379,000001104,9.744444444444444
5e3231b6f9af8b13f2ff1388,2020-01-13 14:47:22+00:00,2020-01-13 16:19:50+00:00,2020-01-13 16:19:46+00:00,5.097,0002,CA-315,2-39-89-25,000000743,1.541111111111111
5e3231b6f9af8b13f2ff1389,2020-01-13 15:08:49+00:00,2020-01-14 22:12:07+00:00,2020-01-13 19:50:48+00:00,13.753,0002,CA-319,2-39-95-27,000004913,31.055
5e3231b6f9af8b13f2ff138a,2020-01-13 15:50:09+00:00,2020-01-14 02:15:09+00:00,2020-01-13 21:08:37+00:00,7.886,0002,CA-304,2-39-138-29,000005471,10.416666666666666
5e3231b6f9af8b13f2ff138b,2020-01-13 16:12:36+00:00,2020-01-14 01:18:42+00:00,2020-01-14 00:37:19+00:00,33.701,0002,CA-324,2-39-79-376,000003853,9.101666666666667
5e3231b6f9af8b13f2ff138c,2020-01-13 16:21:09+00:00,2020-01-14 01:26:56+00:00,2020-01-14 00:59:40+00:00,24.591,0002,CA-490,2-39-79-381,000001154,9.096388888888889
5e3231b6f9af8b13f2ff138d,2020-01-13 16:41:22+00:00,2020-01-13 23:29:41+00:00,2020-01-13 19:34:45+00:00,5.22,0002,CA-325,2-39-79-377,000000751,6.8052777777777775
5e3231b6f9af8b13f2ff138e,2020-01-13 16:44:19+00:00,2020-01-14 04:12:38+00:00,2020-01-13 20:23:06+00:00,8.289,0002,CA-504,2-39-124-558,000001534,11.471944444444444
5e3231b6f9af8b13f2ff138f,2020-01-13 16:45:39+00:00,2020-01-14 01:11:15+00:00,2020-01-13 23:15:46+00:00,39.885,0002,CA-316,2-39-90-26,000000273,8.426666666666666
5e3231b6f9af8b13f2ff1390,2020-01-13 16:47:28+00:00,2020-01-14 01:12:00+00:00,2020-01-13 20:06:08+00:00,6.119,0002,CA-326,2-39-79-378,000005368,8.408888888888889
5e3231b6f9af8b13f2ff1391,2020-01-13 16:47:52+00:00,2020-01-14 00:26:50+00:00,2020-01-14 00:27:50+00:00,25.988,0002,CA-496,2-39-78-362,000001470,7.649444444444445
5e3231b6f9af8b13f2ff1392,2020-01-13 16:49:50+00:00,2020-01-13 20:57:14+00:00,2020-01-13 20:54:32+00:00,18.838,0002,CA-318,2-39-92-436,000001137,4.123333333333333
5e3231b6f9af8b13f2ff1393,2020-01-13 16:57:09+00:00,2020-01-13 19:42:04+00:00,2020-01-13 19:41:59+00:00,3.223,0002,CA-492,2-39-79-383,,2.748611111111111
5e3231b6f9af8b13f2ff1394,2020-01-13 16:59:45+00:00,2020-01-13 23:16:02+00:00,2020-01-13 18:04:34+00:00,2.953,0002,CA-306,2-39-130-31,000001366,6.271388888888889
5e3231b6f9af8b13f2ff1395,2020-01-13 17:02:27+00:00,2020-01-13 18:21:20+00:00,2020-01-13 18:21:15+00:00,7.215,0002,CA-309,2-39-127-19,000001938,1.3147222222222221
5e3231b6f9af8b13f2ff1396,2020-01-13 17:06:13+00:00,2020-01-14 00:17:32+00:00,2020-01-13 22:02:10+00:00,21.277,0002,CA-498,2-39-92-442,000000564,7.188611111111111
5e3231b6f9af8b13f2ff1397,2020-01-13 17:07:39+00:00,2020-01-14 03:12:45+00:00,2020-01-13 18:37:02+00:00,4.374,0002,CA-305,2-39-131-30,000000567,10.085
5e3231b6f9af8b13f2ff1398,2020-01-13 17:12:27+00:00,2020-01-13 20:45:57+00:00,2020-01-13 20:45:53+00:00,22.131,0002,CA-321,2-39-78-365,000000022,3.558333333333333
5e3231b6f9af8b13f2ff1399,2020-01-13 17:13:33+00:00,2020-01-14 03:13:03+00:00,2020-01-13 22:42:39+00:00,11.893,0002,CA-489,2-39-79-380,000003977,9.991666666666667
5e3231b6f9af8b13f2ff139a,2020-01-13 17:14:53+00:00,2020-01-14 02:10:42+00:00,2020-01-13 18:20:34+00:00,6.915,0002,CA-317,2-39-91-437,000000714,8.930277777777778
5e3231b6f9af8b13f2ff139b,2020-01-13 17:22:56+00:00,2020-01-13 20:27:06+00:00,2020-01-13 19:33:38+00:00,13.246,0002,CA-311,2-39-125-21,000001912,3.0694444444444446
5e3231b6f9af8b13f2ff139c,2020-01-13 17:24:26+00:00,2020-01-14 01:28:13+00:00,2020-01-14 01:11:27+00:00,0.918,0002,CA-495,2-39-78-364,,8.063055555555556
5e3231b6f9af8b13f2ff139d,2020-01-13 17:30:20+00:00,2020-01-13 20:38:01+00:00,2020-01-13 19:04:57+00:00,4.816,0002,CA-313,2-39-123-23,000000562,3.1280555555555556
5e3231b6f9af8b13f2ff139e,2020-01-13 17:34:34+00:00,2020-01-14 01:44:08+00:00,2020-01-14 01:44:03+00:00,14.973,0002,CA-491,2-39-79-382,000002149,8.159444444444444
5e3231b6f9af8b13f2ff139f,2020-01-13 17:47:39+00:00,2020-01-13 18:16:52+00:00,2020-01-13 18:16:46+00:00,0.782,0002,CA-310,2-39-126-20,,0.48694444444444446
5e3231b6f9af8b13f2ff13a0,2020-01-13 17:49:41+00:00,2020-01-14 01:12:37+00:00,2020-01-13 22:04:58+00:00,13.673,0002,CA-315,2-39-89-25,000000677,7.3822222222222225
5e3231b6f9af8b13f2ff13a1,2020-01-13 17:53:53+00:00,2020-01-14 01:26:40+00:00,2020-01-13 21:00:55+00:00,4.88,0002,CA-500,2-39-90-440,000000743,7.546388888888889
5e3231b6f9af8b13f2ff13a2,2020-01-13 17:58:39+00:00,2020-01-14 03:11:55+00:00,2020-01-13 20:30:33+00:00,15.546,0002,CA-502,2-39-88-438,000000558,9.221111111111112
5e3231b6f9af8b13f2ff13a3,2020-01-13 18:11:37+00:00,2020-01-14 01:54:02+00:00,2020-01-13 22:00:17+00:00,12.124,0002,CA-497,2-39-95-444,000001095,7.706944444444445
5e3231b6f9af8b13f2ff13a4,2020-01-13 18:12:58+00:00,2020-01-14 02:37:51+00:00,2020-01-14 01:49:38+00:00,47.727,0002,CA-499,2-39-91-441,000002743,8.414722222222222
5e3231b6f9af8b13f2ff13a5,2020-01-13 18:17:49+00:00,2020-01-13 20:01:50+00:00,2020-01-13 19:07:42+00:00,0.84,0002,CA-314,2-39-88-24,,1.7336111111111112
5e3231b6f9af8b13f2ff13a6,2020-01-13 18:22:27+00:00,2020-01-14 01:23:57+00:00,2020-01-13 22:26:53+00:00,5.956,0002,CA-312,2-39-124-22,000002170,7.025
5e3231b6f9af8b13f2ff13a7,2020-01-13 18:38:09+00:00,2020-01-14 02:47:33+00:00,2020-01-13 20:29:12+00:00,11.161,0002,CA-309,2-39-127-19,000000069,8.156666666666666
5e3231b6f9af8b13f2ff13a8,2020-01-13 19:26:13+00:00,2020-01-13 22:52:33+00:00,2020-01-13 22:31:55+00:00,4.429,0002,CA-323,2-39-78-366,000002291,3.438888888888889
5e3231b6f9af8b13f2ff13a9,2020-01-13 20:23:14+00:00,2020-01-14 01:18:44+00:00,2020-01-13 22:09:50+00:00,4.411,0002,CA-492,2-39-79-383,000003389,4.925
5e3231b6f9af8b13f2ff13aa,2020-01-13 20:42:58+00:00,2020-01-14 01:50:00+00:00,2020-01-13 21:34:46+00:00,2.186,0002,CA-313,2-39-123-23,000000891,5.117222222222222
5e3231b6f9af8b13f2ff13ab,2020-01-13 20:43:00+00:00,2020-01-14 03:32:47+00:00,2020-01-13 22:51:24+00:00,6.945,0002,CA-320,2-39-78-363,000001124,6.829722222222222
5e3231b6f9af8b13f2ff13ac,2020-01-13 20:51:37+00:00,2020-01-14 02:02:37+00:00,2020-01-14 00:39:31+00:00,25.851,0002,CA-310,2-39-126-20,000000022,5.183333333333334
5e3231b6f9af8b13f2ff13ad,2020-01-13 20:53:57+00:00,2020-01-14 01:50:10+00:00,2020-01-13 23:28:21+00:00,8.661,0002,CA-311,2-39-125-21,000004947,4.936944444444444
5e3231b6f9af8b13f2ff13ae,2020-01-13 20:56:47+00:00,2020-01-14 02:19:06+00:00,2020-01-13 22:42:51+00:00,0.912,0002,CA-494,2-39-78-367,,5.371944444444445
5e3231b6f9af8b13f2ff13af,2020-01-13 21:15:30+00:00,2020-01-14 02:42:11+00:00,2020-01-13 21:49:35+00:00,1.007,0002,CA-318,2-39-92-436,000000562,5.4447222222222225
5e3231b6f9af8b13f2ff13b0,2020-01-13 23:40:26+00:00,2020-01-14 00:57:13+00:00,2020-01-14 00:57:08+00:00,7.668,0002,CA-308,2-39-128-18,000002290,1.2797222222222222
5e3231b6f9af8b13f2ff13b1,2020-01-14 01:01:13+00:00,2020-01-14 01:37:21+00:00,2020-01-14 01:37:16+00:00,0.995,0002,CA-327,2-39-79-379,,0.6022222222222222
5e3231b6f9af8b13f2ff13b2,2020-01-14 02:42:39+00:00,2020-01-14 03:01:03+00:00,2020-01-14 03:00:58+00:00,0.571,0002,CA-307,2-39-129-17,,0.30666666666666664
5e338337f9af8b381fd75ba7,2020-01-14 15:18:31+00:00,2020-01-15 02:03:44+00:00,2020-01-14 19:23:33+00:00,21.662,0002,CA-327,2-39-79-379,000001104,10.75361111111111
5e338337f9af8b381fd75ba8,2020-01-14 15:42:29+00:00,2020-01-15 00:11:33+00:00,2020-01-14 17:24:24+00:00,4.956,0002,CA-303,2-39-139-28,000001564,8.484444444444444
5e338337f9af8b381fd75ba9,2020-01-14 16:04:50+00:00,2020-01-14 17:18:43+00:00,2020-01-14 16:35:42+00:00,0.826,0002,CA-489,2-39-79-380,,1.2313888888888889
5e338337f9af8b381fd75baa,2020-01-14 16:12:27+00:00,2020-01-14 21:30:20+00:00,2020-01-14 20:31:40+00:00,11.789,0002,CA-325,2-39-79-377,000002461,5.298055555555556
5e338337f9af8b381fd75bab,2020-01-14 16:13:43+00:00,2020-01-14 22:04:17+00:00,2020-01-14 22:03:47+00:00,0.853,0002,CA-323,2-39-78-366,,5.842777777777778
5e338337f9af8b381fd75bac,2020-01-14 16:16:15+00:00,2020-01-15 01:14:15+00:00,2020-01-15 01:14:03+00:00,5.686,0002,CA-495,2-39-78-364,000003449,8.966666666666667
5e338337f9af8b381fd75bad,2020-01-14 16:33:14+00:00,2020-01-15 01:06:43+00:00,2020-01-15 00:48:49+00:00,7.909,0002,CA-321,2-39-78-365,000000751,8.558055555555555
5e338337f9af8b381fd75bae,2020-01-14 16:46:15+00:00,2020-01-15 00:36:07+00:00,2020-01-15 00:35:41+00:00,10.421,0002,CA-494,2-39-78-367,000001470,7.831111111111111
5e338337f9af8b381fd75baf,2020-01-14 16:46:57+00:00,2020-01-15 02:29:59+00:00,2020-01-14 18:45:10+00:00,6.035,0002,CA-500,2-39-90-440,000001534,9.717222222222222
5e338337f9af8b381fd75bb0,2020-01-14 16:48:08+00:00,2020-01-15 02:51:38+00:00,2020-01-15 02:52:37+00:00,1.022,0002,CA-490,2-39-79-381,,10.058333333333334
5e338337f9af8b381fd75bb1,2020-01-14 16:50:47+00:00,2020-01-14 20:08:12+00:00,2020-01-14 18:46:53+00:00,5.827,0002,CA-317,2-39-91-437,000001222,3.290277777777778
5e338337f9af8b381fd75bb2,2020-01-14 16:52:03+00:00,2020-01-15 01:42:28+00:00,2020-01-14 18:51:30+00:00,6.086,0002,CA-324,2-39-79-376,000005368,8.840277777777779
5e338337f9af8b381fd75bb3,2020-01-14 17:08:58+00:00,2020-01-15 02:48:55+00:00,2020-01-14 18:21:04+00:00,3.912,0002,CA-309,2-39-127-19,000000567,9.665833333333333
5e338337f9af8b381fd75bb4,2020-01-14 17:11:58+00:00,2020-01-15 01:52:17+00:00,2020-01-14 20:52:07+00:00,21.892,0002,CA-315,2-39-89-25,000000431,8.671944444444444
5e338337f9af8b381fd75bb5,2020-01-14 17:12:54+00:00,2020-01-15 02:40:30+00:00,2020-01-14 19:40:24+00:00,14.106,0002,CA-492,2-39-79-383,000002961,9.46
5e338337f9af8b381fd75bb6,2020-01-14 17:13:41+00:00,2020-01-15 02:15:12+00:00,2020-01-14 20:15:28+00:00,9.271,0002,CA-307,2-39-129-17,000000712,9.025277777777777
5e338337f9af8b381fd75bb7,2020-01-14 17:21:18+00:00,2020-01-14 18:38:30+00:00,2020-01-14 18:38:26+00:00,7.196,0002,CA-320,2-39-78-363,000003856,1.2866666666666666
5e338337f9af8b381fd75bb8,2020-01-14 17:25:10+00:00,2020-01-15 01:01:58+00:00,2020-01-14 18:52:38+00:00,4.197,0002,CA-499,2-39-91-441,000000743,7.613333333333333
5e338337f9af8b381fd75bb9,2020-01-14 17:38:56+00:00,2020-01-15 02:56:08+00:00,2020-01-14 20:26:38+00:00,16.914,0002,CA-322,2-39-78-360,000000714,9.286666666666667
5e338337f9af8b381fd75bba,2020-01-14 17:58:04+00:00,2020-01-15 03:13:15+00:00,2020-01-14 19:55:41+00:00,11.77,0002,CA-318,2-39-92-436,000000558,9.253055555555555
5e338337f9af8b381fd75bbb,2020-01-14 18:03:05+00:00,2020-01-15 01:32:39+00:00,2020-01-15 01:10:58+00:00,0.808,0002,CA-316,2-39-90-26,,7.4927777777777775
5e338337f9af8b381fd75bbc,2020-01-14 18:03:29+00:00,2020-01-14 21:47:51+00:00,2020-01-14 19:51:47+00:00,11.504,0002,CA-498,2-39-92-442,000001087,3.7394444444444446
5e338337f9af8b381fd75bbd,2020-01-14 18:04:24+00:00,2020-01-15 01:38:58+00:00,2020-01-14 22:40:58+00:00,5.78,0002,CA-313,2-39-123-23,000002170,7.5761111111111115
5e338337f9af8b381fd75bbe,2020-01-14 18:20:54+00:00,2020-01-14 20:47:30+00:00,2020-01-14 20:47:25+00:00,8.355,0002,CA-308,2-39-128-18,000000668,2.4433333333333334
5e338337f9af8b381fd75bbf,2020-01-14 18:21:57+00:00,2020-01-14 20:23:35+00:00,2020-01-14 19:00:02+00:00,2.095,0002,CA-502,2-39-88-438,000003447,2.027222222222222
5e338337f9af8b381fd75bc0,2020-01-14 18:23:07+00:00,2020-01-14 20:09:46+00:00,2020-01-14 20:09:42+00:00,5.502,0002,CA-314,2-39-88-24,000000562,1.7775
5e338337f9af8b381fd75bc1,2020-01-14 18:44:31+00:00,2020-01-15 03:14:31+00:00,2020-01-14 21:37:03+00:00,12.961,0002,CA-306,2-39-130-31,000000958,8.5
5e338337f9af8b381fd75bc2,2020-01-14 18:45:24+00:00,2020-01-15 01:10:57+00:00,2020-01-14 19:35:03+00:00,1.649,0002,CA-310,2-39-126-20,000001366,6.425833333333333
5e338337f9af8b381fd75bc3,2020-01-14 18:45:29+00:00,2020-01-14 19:11:44+00:00,2020-01-14 19:11:39+00:00,1.117,0002,CA-493,2-39-78-361,000001095,0.4375
5e338337f9af8b381fd75bc4,2020-01-14 19:26:08+00:00,2020-01-15 02:53:29+00:00,2020-01-15 01:21:00+00:00,39.881,0002,CA-312,2-39-124-22,000003270,7.4558333333333335
5e338337f9af8b381fd75bc5,2020-01-14 19:29:13+00:00,2020-01-15 02:06:11+00:00,2020-01-14 22:33:44+00:00,0.928,0002,CA-493,2-39-78-361,,6.6161111111111115
5e338337f9af8b381fd75bc6,2020-01-14 19:40:47+00:00,2020-01-15 00:39:34+00:00,2020-01-14 22:31:37+00:00,11.567,0002,CA-497,2-39-95-444,000001137,4.979722222222223
5e338337f9af8b381fd75bc7,2020-01-14 20:07:01+00:00,2020-01-14 23:44:55+00:00,2020-01-14 22:34:05+00:00,0.82,0002,CA-320,2-39-78-363,,3.631666666666667
5e338337f9af8b381fd75bc8,2020-01-14 20:45:03+00:00,2020-01-14 22:06:18+00:00,2020-01-14 22:06:14+00:00,9.118,0002,CA-317,2-39-91-437,000001039,1.3541666666666667
5e338337f9af8b381fd75bc9,2020-01-14 20:53:03+00:00,2020-01-15 02:31:26+00:00,2020-01-14 22:50:56+00:00,6.412,0002,CA-314,2-39-88-24,000001124,5.639722222222222
5e338337f9af8b381fd75bca,2020-01-14 21:01:13+00:00,2020-01-15 01:14:25+00:00,2020-01-14 21:49:25+00:00,1.997,0002,CA-308,2-39-128-18,000000891,4.22
5e338337f9af8b381fd75bcb,2020-01-14 22:19:31+00:00,2020-01-15 01:55:48+00:00,2020-01-14 23:45:11+00:00,5.084,0002,CA-326,2-39-79-378,000000515,3.604722222222222
5e338337f9af8b381fd75bcc,2020-01-14 22:21:45+00:00,2020-01-15 03:04:35+00:00,2020-01-15 01:10:04+00:00,0.912,0002,CA-323,2-39-78-366,,4.713888888888889
5e338337f9af8b381fd75bcd,2020-01-14 23:19:32+00:00,2020-01-15 02:44:27+00:00,2020-01-15 01:36:12+00:00,7.115,0002,CA-317,2-39-91-437,000000562,3.415277777777778
5e338337f9af8b381fd75bce,2020-01-14 23:47:03+00:00,2020-01-15 00:26:36+00:00,2020-01-15 00:24:30+00:00,0.915,0002,CA-320,2-39-78-363,,0.6591666666666667
5e338337f9af8b381fd75bcf,2020-01-14 23:52:16+00:00,2020-01-15 01:31:03+00:00,2020-01-15 01:30:59+00:00,5.394,0002,CA-319,2-39-95-27,000001920,1.646388888888889
5e338337f9af8b381fd75bd0,2020-01-15 00:12:38+00:00,2020-01-15 02:27:32+00:00,2020-01-15 02:13:12+00:00,12.187,0002,CA-491,2-39-79-382,000000069,2.2483333333333335
5e338337f9af8b381fd75bd1,2020-01-15 02:51:42+00:00,2020-01-15 04:23:11+00:00,2020-01-15 03:43:22+00:00,0.938,0002,CA-490,2-39-79-381,,1.5247222222222223
5e338337f9af8b381fd75bd2,2020-01-15 02:57:55+00:00,2020-01-15 03:34:30+00:00,2020-01-15 03:34:21+00:00,1.327,0002,CA-303,2-39-139-28,000001539,0.6097222222222223
5e338337f9af8b381fd75bd3,2020-01-15 03:09:17+00:00,2020-01-15 05:05:28+00:00,2020-01-15 05:05:16+00:00,13.406,0002,CA-325,2-39-79-377,000001943,1.936388888888889
5e338337f9af8b381fd75bd4,2020-01-15 04:19:13+00:00,2020-01-15 05:53:09+00:00,2020-01-15 05:53:04+00:00,10.748,0002,CA-303,2-39-139-28,000001263,1.5655555555555556
5e34d4b6f9af8b3c2f4e430b,2020-01-15 12:16:22+00:00,2020-01-15 14:19:47+00:00,2020-01-15 14:19:42+00:00,12.955,0002,CA-305,2-39-131-30,000000300,2.0569444444444445
5e34d4b6f9af8b3c2f4e430c,2020-01-15 14:29:56+00:00,2020-01-16 17:18:30+00:00,2020-01-15 20:06:00+00:00,14.574,0002,CA-321,2-39-78-365,000004913,26.809444444444445
5e34d4b6f9af8b3c2f4e430d,2020-01-15 15:59:38+00:00,2020-01-15 21:52:55+00:00,2020-01-15 17:54:53+00:00,0.845,0002,CA-489,2-39-79-380,,5.888055555555556
5e34d4b6f9af8b3c2f4e430e,2020-01-15 16:11:33+00:00,2020-01-16 01:37:32+00:00,2020-01-16 00:34:38+00:00,17.566,0002,CA-323,2-39-78-366,000003853,9.433055555555555
5e34d4b6f9af8b3c2f4e430f,2020-01-15 16:14:17+00:00,2020-01-16 01:17:07+00:00,2020-01-15 22:53:20+00:00,34.699,0002,CA-491,2-39-79-382,000003449,9.047222222222222
5e34d4b6f9af8b3c2f4e4310,2020-01-15 16:15:46+00:00,2020-01-16 01:37:58+00:00,2020-01-16 01:12:56+00:00,11.289,0002,CA-303,2-39-139-28,000004947,9.37
5e34d4b6f9af8b3c2f4e4311,2020-01-15 16:50:26+00:00,2020-01-16 00:49:22+00:00,2020-01-15 23:50:17+00:00,13.449,0002,CA-495,2-39-78-364,000001470,7.982222222222222
5e34d4b6f9af8b3c2f4e4312,2020-01-15 16:58:30+00:00,2020-01-16 02:08:05+00:00,2020-01-16 02:08:01+00:00,8.717,0002,CA-311,2-39-125-21,000001364,9.159722222222221
5e34d4b6f9af8b3c2f4e4313,2020-01-15 16:59:43+00:00,2020-01-16 02:49:37+00:00,2020-01-15 19:00:52+00:00,6.222,0002,CA-327,2-39-79-379,000001111,9.831666666666667
5e34d4b6f9af8b3c2f4e4314,2020-01-15 17:02:40+00:00,2020-01-16 02:44:23+00:00,2020-01-15 19:20:47+00:00,5.888,0002,CA-309,2-39-127-19,000000562,9.695277777777777
5e34d4b6f9af8b3c2f4e4315,2020-01-15 17:03:38+00:00,2020-01-16 00:13:46+00:00,2020-01-15 17:58:20+00:00,5.682,0002,CA-307,2-39-129-17,000001912,7.168888888888889
5e34d4b6f9af8b3c2f4e4316,2020-01-15 17:08:04+00:00,2020-01-15 19:51:03+00:00,2020-01-15 19:51:01+00:00,5.955,0002,CA-493,2-39-78-361,000000564,2.716388888888889
5e34d4b6f9af8b3c2f4e4317,2020-01-15 17:14:08+00:00,2020-01-16 00:18:25+00:00,2020-01-15 18:50:22+00:00,4.571,0002,CA-315,2-39-89-25,000000743,7.0713888888888885
5e34d4b6f9af8b3c2f4e4318,2020-01-15 17:15:37+00:00,2020-01-16 03:52:50+00:00,2020-01-15 22:49:27+00:00,0.9595605555555556,0002,CA-326,2-39-79-378,,10.620277777777778
5e34d4b6f9af8b3c2f4e4319,2020-01-15 17:24:13+00:00,2020-01-16 01:37:43+00:00,2020-01-15 19:21:30+00:00,6.139,0002,CA-324,2-39-79-376,000005368,8.225
5e34d4b6f9af8b3c2f4e431a,2020-01-15 17:30:25+00:00,2020-01-16 01:11:52+00:00,2020-01-15 21:28:02+00:00,11.333,0002,CA-312,2-39-124-22,000000620,7.690833333333333
5e34d4b6f9af8b3c2f4e431b,2020-01-15 17:34:40+00:00,2020-01-16 01:34:26+00:00,2020-01-16 00:01:38+00:00,16.926,0002,CA-490,2-39-79-381,000001154,7.996111111111111
5e34d4b6f9af8b3c2f4e431c,2020-01-15 17:43:16+00:00,2020-01-16 02:02:18+00:00,2020-01-15 18:52:25+00:00,3.624,0002,CA-313,2-39-123-23,000000567,8.317222222222222
5e34d4b6f9af8b3c2f4e431d,2020-01-15 17:59:55+00:00,2020-01-16 02:29:42+00:00,2020-01-15 18:59:12+00:00,6.72,0002,CA-319,2-39-95-27,000000714,8.49638888888889
5e34d4b6f9af8b3c2f4e431e,2020-01-15 18:05:50+00:00,2020-01-16 00:15:54+00:00,2020-01-15 22:49:27+00:00,11.9,0002,CA-320,2-39-78-363,000001001,6.167777777777777
5e34d4b6f9af8b3c2f4e431f,2020-01-15 18:09:51+00:00,2020-01-16 02:09:46+00:00,2020-01-15 20:24:05+00:00,12.305,0002,CA-498,2-39-92-442,000001095,7.998611111111111
5e34d4b6f9af8b3c2f4e4320,2020-01-15 18:11:35+00:00,2020-01-16 03:15:21+00:00,2020-01-15 20:05:04+00:00,11.474,0002,CA-318,2-39-92-436,000000558,9.062777777777777
5e34d4b6f9af8b3c2f4e4321,2020-01-15 18:15:34+00:00,2020-01-16 01:13:52+00:00,2020-01-15 23:26:24+00:00,26.044,0002,CA-325,2-39-79-377,000000832,6.971666666666667
5e34d4b6f9af8b3c2f4e4322,2020-01-15 18:16:25+00:00,2020-01-16 02:09:02+00:00,2020-01-15 19:56:47+00:00,4.922,0002,CA-304,2-39-138-29,000001864,7.876944444444445
5e34d4b6f9af8b3c2f4e4323,2020-01-15 18:23:12+00:00,2020-01-16 01:47:50+00:00,2020-01-15 19:48:18+00:00,4.243,0002,CA-317,2-39-91-437,000002170,7.410555555555556
5e34d4b6f9af8b3c2f4e4324,2020-01-15 18:29:33+00:00,2020-01-15 20:12:44+00:00,2020-01-15 20:12:39+00:00,6.077,0002,CA-306,2-39-130-31,000000668,1.7197222222222222
5e34d4b6f9af8b3c2f4e4325,2020-01-15 18:39:37+00:00,2020-01-15 22:48:21+00:00,2020-01-15 20:09:04+00:00,4.109,0002,CA-308,2-39-128-18,000001366,4.145555555555555
5e34d4b6f9af8b3c2f4e4326,2020-01-15 18:39:44+00:00,2020-01-16 01:22:13+00:00,2020-01-15 19:35:17+00:00,1.794,0002,CA-316,2-39-90-26,000000891,6.708055555555555
5e34d4b6f9af8b3c2f4e4327,2020-01-15 19:12:29+00:00,2020-01-16 02:52:10+00:00,2020-01-15 22:54:08+00:00,25.256,0002,CA-497,2-39-95-444,000003270,7.661388888888889
5e34d4b6f9af8b3c2f4e4328,2020-01-15 20:08:28+00:00,2020-01-15 20:58:01+00:00,2020-01-15 20:57:36+00:00,0.905,0002,CA-493,2-39-78-361,,0.8258333333333333
5e34d4b6f9af8b3c2f4e4329,2020-01-15 20:30:59+00:00,2020-01-16 02:11:20+00:00,2020-01-16 00:36:29+00:00,26.496,0002,CA-500,2-39-90-440,000001104,5.6725
5e34d4b6f9af8b3c2f4e432a,2020-01-15 20:42:41+00:00,2020-01-16 00:00:30+00:00,2020-01-15 21:59:14+00:00,2.537,0002,CA-314,2-39-88-24,000000560,3.2969444444444442
5e34d4b6f9af8b3c2f4e432b,2020-01-15 20:55:23+00:00,2020-01-16 02:42:45+00:00,2020-01-15 22:57:08+00:00,6.679,0002,CA-502,2-39-88-438,000001124,5.789444444444444
5e34d4b6f9af8b3c2f4e432c,2020-01-15 21:09:25+00:00,2020-01-16 00:25:24+00:00,2020-01-15 22:11:52+00:00,3.838,0002,CA-306,2-39-130-31,000000751,3.266388888888889
5e34d4b6f9af8b3c2f4e432d,2020-01-15 21:15:15+00:00,2020-01-16 02:19:56+00:00,2020-01-15 22:48:30+00:00,0.871,0002,CA-493,2-39-78-361,,5.078055555555555
5e34d4b6f9af8b3c2f4e432e,2020-01-15 21:55:34+00:00,2020-01-16 03:12:09+00:00,2020-01-16 03:12:04+00:00,32.829,0002,CA-492,2-39-79-383,000000667,5.276388888888889
5e34d4b6f9af8b3c2f4e432f,2020-01-15 22:19:59+00:00,2020-01-16 00:03:26+00:00,2020-01-15 22:50:19+00:00,0.823,0002,CA-489,2-39-79-380,,1.7241666666666666
5e34d4b6f9af8b3c2f4e4330,2020-01-15 22:59:53+00:00,2020-01-16 01:20:07+00:00,2020-01-16 00:10:21+00:00,7.109,0002,CA-509,2-39-129-563,000002461,2.337222222222222
5e34d4b6f9af8b3c2f4e4331,2020-01-16 00:55:32+00:00,2020-01-16 02:13:02+00:00,2020-01-16 02:09:40+00:00,3.644,0002,CA-307,2-39-129-17,000001920,1.2916666666666667
5e34d4b6f9af8b3c2f4e4332,2020-01-16 02:34:40+00:00,2020-01-16 04:33:40+00:00,2020-01-16 04:12:15+00:00,4.953,0002,CA-304,2-39-138-29,000001564,1.9833333333333334
5e34d4b6f9af8b3c2f4e4333,2020-01-16 03:41:59+00:00,2020-01-16 05:15:07+00:00,2020-01-16 05:14:54+00:00,5.312,0002,CA-306,2-39-130-31,000004622,1.5522222222222222
5e36264cf9af8b400e599118,2020-01-16 15:58:16+00:00,2020-01-16 17:27:07+00:00,2020-01-16 16:28:35+00:00,0.822,0002,CA-489,2-39-79-380,,1.4808333333333332
5e36264cf9af8b400e599119,2020-01-16 15:58:18+00:00,2020-01-17 02:53:37+00:00,2020-01-16 18:33:03+00:00,6.567,0002,CA-323,2-39-78-366,000003853,10.921944444444444
5e36264cf9af8b400e59911a,2020-01-16 16:12:28+00:00,2020-01-16 17:41:19+00:00,2020-01-16 17:41:12+00:00,8.762,0002,CA-495,2-39-78-364,000000069,1.4808333333333332
5e36264cf9af8b400e59911b,2020-01-16 16:21:28+00:00,2020-01-16 21:18:12+00:00,2020-01-16 18:22:22+00:00,6.945,0002,CA-303,2-39-139-28,000001564,4.945555555555556
5e36264cf9af8b400e59911c,2020-01-16 16:23:49+00:00,2020-01-17 01:22:34+00:00,2020-01-16 19:47:48+00:00,20.306,0002,CA-315,2-39-89-25,000000431,8.979166666666666
5e36264cf9af8b400e59911d,2020-01-16 16:30:38+00:00,2020-01-17 00:16:10+00:00,2020-01-16 23:59:58+00:00,10.552,0002,CA-493,2-39-78-361,000001470,7.7588888888888885
5e36264cf9af8b400e59911e,2020-01-16 16:33:22+00:00,2020-01-17 01:19:14+00:00,2020-01-16 22:57:14+00:00,0.85,0002,CA-327,2-39-79-379,,8.764444444444445
5e36264cf9af8b400e59911f,2020-01-16 16:37:11+00:00,2020-01-17 02:35:56+00:00,2020-01-16 18:15:20+00:00,4.985,0002,CA-322,2-39-78-360,000002244,9.979166666666666
5e36264cf9af8b400e599120,2020-01-16 16:42:58+00:00,2020-01-16 17:40:11+00:00,2020-01-16 17:13:14+00:00,0.832,0002,CA-504,2-39-124-558,,0.9536111111111111
5e36264cf9af8b400e599121,2020-01-16 16:48:22+00:00,2020-01-17 02:50:31+00:00,2020-01-16 23:57:10+00:00,5.85,0002,CA-309,2-39-127-19,000000562,10.035833333333333
5e36264cf9af8b400e599122,2020-01-16 16:50:14+00:00,2020-01-17 03:23:46+00:00,2020-01-16 18:16:08+00:00,4.812,0002,CA-307,2-39-129-17,000000712,10.55888888888889
5e36264cf9af8b400e599123,2020-01-16 16:56:45+00:00,2020-01-17 03:09:16+00:00,2020-01-16 18:52:51+00:00,11.757,0002,CA-324,2-39-79-376,000000558,10.20861111111111
5e36264cf9af8b400e599124,2020-01-16 17:07:14+00:00,2020-01-16 19:38:54+00:00,2020-01-16 19:38:48+00:00,0.88,0002,CA-494,2-39-78-367,,2.5277777777777777
5e36264cf9af8b400e599125,2020-01-16 17:13:29+00:00,2020-01-17 02:02:58+00:00,2020-01-16 18:13:18+00:00,6.65,0002,CA-319,2-39-95-27,000000714,8.824722222222222
5e36264cf9af8b400e599126,2020-01-16 17:14:41+00:00,2020-01-17 03:03:29+00:00,2020-01-16 21:06:47+00:00,25.643,0002,CA-317,2-39-91-437,000002961,9.813333333333333
5e36264cf9af8b400e599127,2020-01-16 17:19:19+00:00,2020-01-16 19:06:03+00:00,2020-01-16 17:49:59+00:00,0.785,0002,CA-325,2-39-79-377,,1.778888888888889
5e36264cf9af8b400e599128,2020-01-16 17:21:01+00:00,2020-01-17 01:22:10+00:00,2020-01-16 18:48:01+00:00,4.124,0002,CA-501,2-39-89-439,000000743,8.019166666666667
5e36264cf9af8b400e599129,2020-01-16 17:27:29+00:00,2020-01-16 22:28:41+00:00,2020-01-16 22:16:12+00:00,18.314,0002,CA-326,2-39-79-378,000001137,5.02
5e36264cf9af8b400e59912a,2020-01-16 17:28:10+00:00,2020-01-16 19:48:05+00:00,2020-01-16 19:47:15+00:00,3.55,0002,CA-306,2-39-130-31,000001912,2.3319444444444444
5e36264cf9af8b400e59912b,2020-01-16 17:30:31+00:00,2020-01-17 01:12:29+00:00,2020-01-17 01:12:24+00:00,13.149,0002,CA-490,2-39-79-381,000002149,7.6994444444444445
5e36264cf9af8b400e59912c,2020-01-16 17:52:28+00:00,2020-01-16 20:03:49+00:00,2020-01-16 19:38:59+00:00,0.862,0002,CA-489,2-39-79-380,,2.1891666666666665
5e36264cf9af8b400e59912d,2020-01-16 17:53:58+00:00,2020-01-17 01:35:12+00:00,2020-01-16 18:43:08+00:00,2.018,0002,CA-320,2-39-78-363,000000891,7.687222222222222
5e36264cf9af8b400e59912e,2020-01-16 18:08:23+00:00,2020-01-16 21:58:40+00:00,2020-01-16 21:05:59+00:00,15.06,0002,CA-499,2-39-91-441,000000362,3.8380555555555556
5e36264cf9af8b400e59912f,2020-01-16 18:09:28+00:00,2020-01-17 02:23:22+00:00,2020-01-16 21:58:44+00:00,12.203,0002,CA-313,2-39-123-23,000002170,8.231666666666667
5e36264cf9af8b400e599130,2020-01-16 18:11:37+00:00,2020-01-16 22:09:15+00:00,2020-01-16 19:26:09+00:00,6.941,0002,CA-316,2-39-90-26,000002461,3.9605555555555556
5e36264cf9af8b400e599131,2020-01-16 18:31:58+00:00,2020-01-17 00:40:13+00:00,2020-01-16 20:27:37+00:00,5.11,0002,CA-492,2-39-79-383,000003389,6.1375
5e36264cf9af8b400e599132,2020-01-16 18:37:57+00:00,2020-01-16 20:15:08+00:00,2020-01-16 19:08:28+00:00,0.854,0002,CA-495,2-39-78-364,,1.6197222222222223
5e36264cf9af8b400e599133,2020-01-16 18:41:26+00:00,2020-01-16 20:15:29+00:00,2020-01-16 19:39:49+00:00,0.861,0002,CA-500,2-39-90-440,,1.5675
5e36264cf9af8b400e599134,2020-01-16 18:41:57+00:00,2020-01-16 22:16:31+00:00,2020-01-16 20:35:53+00:00,8.389,0002,CA-314,2-39-88-24,000000668,3.576111111111111
5e36264cf9af8b400e599135,2020-01-16 18:43:27+00:00,2020-01-16 19:30:21+00:00,2020-01-16 19:30:16+00:00,4.881,0002,CA-312,2-39-124-22,000000300,0.7816666666666666
5e36264cf9af8b400e599136,2020-01-16 18:50:17+00:00,2020-01-17 21:00:49+00:00,2020-01-17 21:01:47+00:00,2.558,0002,CA-496,2-39-78-362,000004913,26.175555555555555
5e36264cf9af8b400e599137,2020-01-16 18:52:06+00:00,2020-01-17 01:24:20+00:00,2020-01-16 22:39:21+00:00,11.885,0002,CA-318,2-39-92-436,000001001,6.537222222222222
5e36264cf9af8b400e599138,2020-01-16 19:07:54+00:00,2020-01-16 23:19:07+00:00,2020-01-16 23:19:02+00:00,4.158,0002,CA-498,2-39-92-442,000000069,4.186944444444444
5e36264cf9af8b400e599139,2020-01-16 19:56:20+00:00,2020-01-17 02:27:49+00:00,2020-01-16 23:27:55+00:00,18.674,0002,CA-494,2-39-78-367,000000564,6.5247222222222225
5e36264cf9af8b400e59913a,2020-01-16 20:06:08+00:00,2020-01-16 20:44:37+00:00,2020-01-16 20:37:07+00:00,0.912,0002,CA-308,2-39-128-18,,0.6413888888888889
5e36264cf9af8b400e59913b,2020-01-16 20:31:26+00:00,2020-01-17 01:03:30+00:00,2020-01-17 01:03:23+00:00,1.191,0002,CA-325,2-39-79-377,,4.5344444444444445
5e36264cf9af8b400e59913c,2020-01-16 20:56:58+00:00,2020-01-17 06:12:52+00:00,2020-01-17 06:12:48+00:00,18.235,0002,CA-308,2-39-128-18,000000560,9.265
5e36264cf9af8b400e59913d,2020-01-16 21:04:23+00:00,2020-01-17 01:06:20+00:00,2020-01-16 22:56:52+00:00,0.863,0002,CA-489,2-39-79-380,,4.0325
5e36264cf9af8b400e59913e,2020-01-16 21:12:10+00:00,2020-01-17 00:21:47+00:00,2020-01-16 22:37:09+00:00,4.862,0002,CA-500,2-39-90-440,000001091,3.160277777777778
5e36264cf9af8b400e59913f,2020-01-16 21:21:29+00:00,2020-01-17 00:49:14+00:00,2020-01-17 00:48:26+00:00,21.544,0002,CA-303,2-39-139-28,000001316,3.4625
5e36264cf9af8b400e599140,2020-01-16 21:48:46+00:00,2020-01-17 01:55:31+00:00,2020-01-16 23:16:02+00:00,4.837,0002,CA-304,2-39-138-29,000003556,4.1125
5e36264cf9af8b400e599141,2020-01-16 22:15:01+00:00,2020-01-17 00:30:42+00:00,2020-01-16 22:56:59+00:00,0.932,0002,CA-499,2-39-91-441,,2.261388888888889
5e36264cf9af8b400e599142,2020-01-16 22:24:03+00:00,2020-01-17 00:07:03+00:00,2020-01-16 23:42:32+00:00,8.183,0002,CA-312,2-39-124-22,000001912,1.7166666666666666
5e36264cf9af8b400e599143,2020-01-16 22:35:18+00:00,2020-01-17 01:45:34+00:00,2020-01-16 23:57:55+00:00,4.021,0002,CA-314,2-39-88-24,000001366,3.171111111111111
5e36264cf9af8b400e599144,2020-01-16 23:56:18+00:00,2020-01-17 04:10:21+00:00,2020-01-17 01:11:18+00:00,3.739,0002,CA-316,2-39-90-26,000001920,4.234166666666667
5e36264cf9af8b400e599145,2020-01-17 00:40:35+00:00,2020-01-17 01:51:11+00:00,2020-01-17 01:51:03+00:00,7.716,0002,CA-306,2-39-130-31,000004011,1.1766666666666667
5e36264cf9af8b400e599146,2020-01-17 01:22:32+00:00,2020-01-17 04:29:31+00:00,2020-01-17 02:39:21+00:00,4.128,0002,CA-303,2-39-139-28,000000567,3.116388888888889
5e36264cf9af8b400e599147,2020-01-17 01:46:17+00:00,2020-01-17 03:01:49+00:00,2020-01-17 02:31:32+00:00,3.883,0002,CA-311,2-39-125-21,000003123,1.258888888888889
5e36264cf9af8b400e599148,2020-01-17 02:13:46+00:00,2020-01-17 06:09:09+00:00,2020-01-17 06:09:04+00:00,13.85,0002,CA-305,2-39-131-30,000001108,3.9230555555555555
5e36264cf9af8b400e599149,2020-01-17 04:21:19+00:00,2020-01-17 05:44:44+00:00,2020-01-17 05:44:39+00:00,9.503,0002,CA-304,2-39-138-29,000001263,1.3902777777777777
5e36264cf9af8b400e59914a,2020-01-17 06:20:54+00:00,2020-01-17 23:49:27+00:00,2020-01-17 13:50:00+00:00,48.767,0002,CA-303,2-39-139-28,000000067,17.475833333333334
5e3777b1f9af8b44146ccf73,2020-01-17 14:57:46+00:00,2020-01-18 01:00:53+00:00,2020-01-17 16:12:37+00:00,3.628,0002,CA-315,2-39-89-25,000000743,10.051944444444445
5e3777b1f9af8b44146ccf74,2020-01-17 16:12:49+00:00,2020-01-17 20:37:18+00:00,2020-01-17 20:38:17+00:00,0.969,0002,CA-489,2-39-79-380,,4.408055555555555
5e3777b1f9af8b44146ccf75,2020-01-17 16:13:58+00:00,2020-01-18 00:58:37+00:00,2020-01-17 19:58:28+00:00,12.938,0002,CA-307,2-39-129-17,000004947,8.744166666666667
5e3777b1f9af8b44146ccf76,2020-01-17 16:16:46+00:00,2020-01-18 01:40:29+00:00,2020-01-18 00:29:20+00:00,24.862,0002,CA-323,2-39-78-366,000003853,9.395277777777778
5e3777b1f9af8b44146ccf77,2020-01-17 16:25:53+00:00,2020-01-17 19:59:17+00:00,2020-01-17 17:56:31+00:00,8.446,0002,CA-317,2-39-91-437,000000431,3.5566666666666666
5e3777b1f9af8b44146ccf78,2020-01-17 16:31:38+00:00,2020-01-18 00:45:18+00:00,2020-01-18 00:15:43+00:00,5.695,0002,CA-321,2-39-78-365,000000634,8.227777777777778
5e3777b1f9af8b44146ccf79,2020-01-17 16:32:09+00:00,2020-01-18 01:19:09+00:00,2020-01-17 16:58:53+00:00,1.632,0002,CA-327,2-39-79-379,000000751,8.783333333333333
5e3777b1f9af8b44146ccf7a,2020-01-17 16:34:12+00:00,2020-01-17 16:47:24+00:00,2020-01-17 16:47:23+00:00,1.33,0002,CA-493,2-39-78-361,000001470,0.22
5e3777b1f9af8b44146ccf7b,2020-01-17 16:35:25+00:00,2020-01-18 02:25:08+00:00,2020-01-17 17:17:30+00:00,1.782,0002,CA-304,2-39-138-29,000001366,9.828611111111112
5e3777b1f9af8b44146ccf7c,2020-01-17 16:46:04+00:00,2020-01-17 20:13:37+00:00,2020-01-17 18:28:51+00:00,5.236,0002,CA-309,2-39-127-19,000000562,3.4591666666666665
5e3777b1f9af8b44146ccf7d,2020-01-17 17:04:51+00:00,2020-01-17 22:27:38+00:00,2020-01-17 22:28:35+00:00,0.905,0002,CA-493,2-39-78-361,000001470,5.379722222222222
5e3777b1f9af8b44146ccf7e,2020-01-17 17:05:09+00:00,2020-01-18 02:23:25+00:00,2020-01-17 22:22:53+00:00,20.449,0002,CA-326,2-39-79-378,000000564,9.304444444444444
5e3777b1f9af8b44146ccf7f,2020-01-17 17:08:12+00:00,2020-01-18 01:10:25+00:00,2020-01-17 19:38:08+00:00,7.747,0002,CA-310,2-39-126-20,000000620,8.036944444444444
5e3777b1f9af8b44146ccf80,2020-01-17 17:14:19+00:00,2020-01-18 02:07:06+00:00,2020-01-17 22:33:47+00:00,15.179,0002,CA-320,2-39-78-363,000000714,8.879722222222222
5e3777b1f9af8b44146ccf81,2020-01-17 17:25:24+00:00,2020-01-18 01:31:10+00:00,2020-01-17 22:29:33+00:00,17.764,0002,CA-318,2-39-92-436,000002961,8.096111111111112
5e3777b1f9af8b44146ccf82,2020-01-17 17:34:47+00:00,2020-01-18 01:17:45+00:00,2020-01-18 01:17:40+00:00,11.171,0002,CA-491,2-39-79-382,000002149,7.716111111111111
5e3777b1f9af8b44146ccf83,2020-01-17 17:44:40+00:00,2020-01-18 01:53:34+00:00,2020-01-17 19:01:14+00:00,3.69,0002,CA-308,2-39-128-18,000000567,8.148333333333333
5e3777b1f9af8b44146ccf84,2020-01-17 17:46:50+00:00,2020-01-17 20:47:51+00:00,2020-01-17 19:55:41+00:00,6.289,0002,CA-311,2-39-125-21,000005594,3.0169444444444444
5e3777b1f9af8b44146ccf85,2020-01-17 17:48:14+00:00,2020-01-18 01:20:28+00:00,2020-01-17 22:24:38+00:00,12.955,0002,CA-495,2-39-78-364,000000069,7.537222222222222
5e3777b1f9af8b44146ccf86,2020-01-17 17:48:19+00:00,2020-01-18 03:13:45+00:00,2020-01-17 20:11:13+00:00,11.834,0002,CA-322,2-39-78-360,000000558,9.42388888888889
5e3777b1f9af8b44146ccf87,2020-01-17 17:50:24+00:00,2020-01-17 23:50:30+00:00,2020-01-17 22:37:03+00:00,20.497,0002,CA-324,2-39-79-376,000000515,6.001666666666667
5e3777b1f9af8b44146ccf88,2020-01-17 17:50:57+00:00,2020-01-18 01:28:47+00:00,2020-01-17 19:46:16+00:00,11.761,0002,CA-325,2-39-79-377,000001274,7.6305555555555555
5e3777b1f9af8b44146ccf89,2020-01-17 18:08:23+00:00,2020-01-18 01:54:11+00:00,2020-01-17 20:41:05+00:00,8.062,0002,CA-319,2-39-95-27,000002170,7.763333333333334
5e3777b1f9af8b44146ccf8a,2020-01-17 18:12:48+00:00,2020-01-18 01:58:07+00:00,2020-01-17 20:17:34+00:00,11.874,0002,CA-498,2-39-92-442,000001095,7.755277777777778
5e3777b1f9af8b44146ccf8b,2020-01-17 18:29:05+00:00,2020-01-17 21:53:26+00:00,2020-01-17 21:36:23+00:00,19.884,0002,CA-499,2-39-91-441,000000832,3.4058333333333333
5e3777b1f9af8b44146ccf8c,2020-01-17 20:37:37+00:00,2020-01-17 21:15:51+00:00,2020-01-17 21:07:58+00:00,0.808,0002,CA-489,2-39-79-380,,0.6372222222222222
5e3777b1f9af8b44146ccf8d,2020-01-17 21:07:47+00:00,2020-01-17 23:57:38+00:00,2020-01-17 22:16:56+00:00,1.798,0002,CA-317,2-39-91-437,000000560,2.8308333333333335
5e3777b1f9af8b44146ccf8e,2020-01-17 21:10:12+00:00,2020-01-18 02:41:21+00:00,2020-01-17 23:06:46+00:00,6.345,0002,CA-316,2-39-90-26,000001124,5.519166666666667
5e3777b1f9af8b44146ccf8f,2020-01-17 22:27:43+00:00,2020-01-18 00:47:03+00:00,2020-01-18 00:30:17+00:00,10.541,0002,CA-493,2-39-78-361,000001470,2.3222222222222224
5e3777b1f9af8b44146ccf90,2020-01-18 00:41:20+00:00,2020-01-18 02:32:20+00:00,2020-01-18 01:12:00+00:00,0.896,0002,CA-303,2-39-139-28,,1.85
5e3777b1f9af8b44146ccf91,2020-01-18 01:16:25+00:00,2020-01-18 01:40:43+00:00,2020-01-18 01:40:35+00:00,1.39,0002,CA-307,2-39-129-17,000005368,0.405
5e3777b1f9af8b44146ccf92,2020-01-18 01:22:55+00:00,2020-01-18 03:09:34+00:00,2020-01-18 02:00:48+00:00,1.779,0002,CA-309,2-39-127-19,000000562,1.7775
5e3777b1f9af8b44146ccf93,2020-01-18 03:25:06+00:00,2020-01-18 19:28:47+00:00,2020-01-18 14:37:10+00:00,39.954,0002,CA-325,2-39-79-377,000001509,16.06138888888889
5e38c91bf9af8b483237e296,2020-01-18 18:34:03+00:00,2020-01-18 18:59:12+00:00,2020-01-18 18:58:56+00:00,0.64,0002,CA-308,2-39-128-18,,0.4191666666666667
5e38c91bf9af8b483237e297,2020-01-18 18:48:29+00:00,2020-01-18 21:06:04+00:00,2020-01-18 20:09:58+00:00,3.959,0002,CA-315,2-39-89-25,000000743,2.2930555555555556
5e38c91bf9af8b483237e298,2020-01-18 20:19:49+00:00,2020-01-18 22:17:14+00:00,2020-01-18 22:14:24+00:00,5.862,0002,CA-309,2-39-127-19,000004622,1.9569444444444444
5e38c91bf9af8b483237e299,2020-01-18 22:43:59+00:00,2020-01-18 23:17:36+00:00,2020-01-18 23:14:22+00:00,0.903,0002,CA-309,2-39-127-19,,0.5602777777777778
5e38c91bf9af8b483237e29a,2020-01-18 23:31:24+00:00,2020-01-19 01:41:42+00:00,2020-01-19 01:09:58+00:00,5.122,0002,CA-307,2-39-129-17,000001920,2.171666666666667
5e3a1a9ef9af8b4c0698288e,2020-01-19 10:00:05+00:00,2020-01-19 17:03:51+00:00,2020-01-19 11:51:32+00:00,5.761,0002,CA-304,2-39-138-29,000001366,7.062777777777778
5e3a1a9ef9af8b4c0698288f,2020-01-19 18:22:12+00:00,2020-01-19 20:06:18+00:00,2020-01-19 20:00:07+00:00,4.848,0002,CA-315,2-39-89-25,000000743,1.735
5e3a1a9ef9af8b4c06982890,2020-01-19 20:48:12+00:00,2020-01-19 23:33:23+00:00,2020-01-19 23:33:18+00:00,9.755,0002,CA-315,2-39-89-25,000001108,2.7530555555555556
5e3a1a9ef9af8b4c06982891,2020-01-19 21:48:01+00:00,2020-01-20 01:52:56+00:00,2020-01-19 23:53:54+00:00,6.491,0002,CA-319,2-39-95-27,000005594,4.081944444444445
5e3a1a9ef9af8b4c06982892,2020-01-20 01:12:18+00:00,2020-01-20 02:57:32+00:00,2020-01-20 02:57:27+00:00,10.846,0002,CA-310,2-39-126-20,000001099,1.7538888888888888
5e3a1a9ef9af8b4c06982893,2020-01-20 02:07:23+00:00,2020-01-20 02:38:55+00:00,2020-01-20 02:39:53+00:00,0.884,0002,CA-305,2-39-131-30,,0.5255555555555556
5e3a1a9ef9af8b4c06982894,2020-01-20 04:24:19+00:00,2020-01-21 01:24:06+00:00,2020-01-20 14:53:01+00:00,0.989,0002,CA-305,2-39-131-30,,20.996388888888887
5e3b6c1ef9af8b51c8775738,2020-01-20 17:11:24+00:00,2020-01-20 18:33:18+00:00,2020-01-20 18:27:58+00:00,7.868,0002,CA-303,2-39-139-28,000000818,1.365
5e3b6c1ef9af8b51c8775739,2020-01-20 17:12:54+00:00,2020-01-20 21:03:37+00:00,2020-01-20 17:43:21+00:00,0.837,0002,CA-327,2-39-79-379,,3.8452777777777776
5e3b6c1ef9af8b51c877573a,2020-01-20 17:29:13+00:00,2020-01-21 00:31:47+00:00,2020-01-21 00:31:43+00:00,47.603,0002,CA-304,2-39-138-29,000003424,7.042777777777777
5e3b6c1ef9af8b51c877573b,2020-01-20 17:49:24+00:00,2020-01-21 01:21:24+00:00,2020-01-20 18:19:32+00:00,0.823,0002,CA-212,2-39-83-386,,7.533333333333333
5e3b6c1ef9af8b51c877573c,2020-01-20 18:01:49+00:00,2020-01-20 19:15:58+00:00,2020-01-20 18:51:24+00:00,4.279,0002,CA-307,2-39-129-17,000000798,1.2358333333333333
5e3b6c1ef9af8b51c877573d,2020-01-20 18:37:18+00:00,2020-01-21 00:48:00+00:00,2020-01-20 19:07:58+00:00,0.846,0002,CA-309,2-39-127-19,,6.178333333333334
5e3b6c1ef9af8b51c877573e,2020-01-20 18:48:48+00:00,2020-01-20 20:45:11+00:00,2020-01-20 19:19:16+00:00,0.892,0002,CA-303,2-39-139-28,,1.9397222222222221
5e3b6c1ef9af8b51c877573f,2020-01-21 00:31:02+00:00,2020-01-21 02:18:29+00:00,2020-01-21 01:37:57+00:00,3.287,0002,CA-307,2-39-129-17,000001920,1.7908333333333333
5e3b6c1ef9af8b51c8775740,2020-01-21 01:14:58+00:00,2020-01-21 03:42:12+00:00,2020-01-21 02:28:42+00:00,7.32,0002,CA-311,2-39-125-21,000001099,2.453888888888889
5e3b6c1ef9af8b51c8775741,2020-01-21 01:30:05+00:00,2020-01-21 02:39:03+00:00,2020-01-21 02:39:50+00:00,0.848,0002,CA-303,2-39-139-28,,1.1494444444444445
5e3b6c1ef9af8b51c8775742,2020-01-21 02:47:04+00:00,2020-01-21 04:32:52+00:00,2020-01-21 04:32:48+00:00,12.002,0002,CA-303,2-39-139-28,000000675,1.7633333333333334
5e3cbdbdf9af8b0661a412f8,2020-01-21 14:51:31+00:00,2020-01-21 22:44:56+00:00,2020-01-21 16:27:20+00:00,10.289,0002,CA-492,2-39-79-383,000001470,7.8902777777777775
5e3cbdbdf9af8b0661a412f9,2020-01-21 14:59:38+00:00,2020-01-24 19:55:28+00:00,2020-01-24 19:56:26+00:00,14.72,0002,CA-496,2-39-78-362,000004913,76.93055555555556
5e3cbdbdf9af8b0661a412fa,2020-01-21 15:00:37+00:00,2020-01-21 22:03:42+00:00,2020-01-21 17:57:40+00:00,17.616,0002,CA-319,2-39-95-27,000000431,7.051388888888889
5e3cbdbdf9af8b0661a412fb,2020-01-21 15:56:21+00:00,2020-01-22 01:39:38+00:00,2020-01-21 17:49:14+00:00,4.775,0002,CA-491,2-39-79-382,000004701,9.721388888888889
5e3cbdbdf9af8b0661a412fc,2020-01-21 16:01:21+00:00,2020-01-21 16:26:50+00:00,2020-01-21 16:26:45+00:00,0.671,0002,CA-489,2-39-79-380,,0.4247222222222222
5e3cbdbdf9af8b0661a412fd,2020-01-21 16:16:30+00:00,2020-01-21 16:25:59+00:00,2020-01-21 16:25:57+00:00,1.013,0002,CA-323,2-39-78-366,000003853,0.15805555555555556
5e3cbdbdf9af8b0661a412fe,2020-01-21 16:19:59+00:00,2020-01-22 01:26:17+00:00,2020-01-21 20:25:22+00:00,13.565,0002,CA-326,2-39-79-378,000002461,9.105
5e3cbdbdf9af8b0661a412ff,2020-01-21 16:33:48+00:00,2020-01-22 01:15:21+00:00,2020-01-21 17:00:55+00:00,1.604,0002,CA-327,2-39-79-379,000000751,8.6925
5e3cbdbdf9af8b0661a41300,2020-01-21 16:43:44+00:00,2020-01-22 01:50:23+00:00,2020-01-21 23:06:42+00:00,0.858,0002,CA-323,2-39-78-366,,9.110833333333334
5e3cbdbdf9af8b0661a41301,2020-01-21 16:48:52+00:00,2020-01-21 17:13:50+00:00,2020-01-21 17:13:45+00:00,2.572,0002,CA-322,2-39-78-360,000000171,0.4161111111111111
5e3cbdbdf9af8b0661a41302,2020-01-21 16:53:23+00:00,2020-01-22 04:24:43+00:00,2020-01-21 21:36:19+00:00,15.858,0002,CA-305,2-39-131-30,000000712,11.522222222222222
5e3cbdbdf9af8b0661a41303,2020-01-21 16:57:14+00:00,2020-01-22 04:46:52+00:00,2020-01-21 18:54:38+00:00,5.837,0002,CA-317,2-39-91-437,000001222,11.827222222222222
5e3cbdbdf9af8b0661a41304,2020-01-21 17:07:47+00:00,2020-01-22 00:20:20+00:00,2020-01-21 21:30:49+00:00,11.175,0002,CA-324,2-39-79-376,000001137,7.2091666666666665
5e3cbdbdf9af8b0661a41305,2020-01-21 17:08:25+00:00,2020-01-21 20:05:17+00:00,2020-01-21 19:09:43+00:00,5.942,0002,CA-325,2-39-79-377,000005368,2.9477777777777776
5e3cbdbdf9af8b0661a41306,2020-01-21 17:14:16+00:00,2020-01-22 01:27:06+00:00,2020-01-21 18:35:53+00:00,3.887,0002,CA-315,2-39-89-25,000000743,8.213888888888889
5e3cbdbdf9af8b0661a41307,2020-01-21 17:15:00+00:00,2020-01-22 03:15:02+00:00,2020-01-21 18:33:00+00:00,4.252,0002,CA-307,2-39-129-17,000000567,10.000555555555556
5e3cbdbdf9af8b0661a41308,2020-01-21 17:31:16+00:00,2020-01-22 00:52:01+00:00,2020-01-22 00:02:30+00:00,7.761,0002,CA-322,2-39-78-360,000000171,7.345833333333333
5e3cbdbdf9af8b0661a41309,2020-01-21 17:34:08+00:00,2020-01-22 01:15:35+00:00,2020-01-21 20:38:37+00:00,19.377,0002,CA-498,2-39-92-442,000001104,7.690833333333333
5e3cbdbdf9af8b0661a4130a,2020-01-21 17:34:24+00:00,2020-01-21 19:46:09+00:00,2020-01-21 19:46:04+00:00,5.933,0002,CA-490,2-39-79-381,000003176,2.1958333333333333
5e3cbdbdf9af8b0661a4130b,2020-01-21 17:36:24+00:00,2020-01-21 23:45:29+00:00,2020-01-21 19:57:02+00:00,1.171,0002,CA-493,2-39-78-361,,6.151388888888889
5e3cbdbdf9af8b0661a4130c,2020-01-21 17:39:35+00:00,2020-01-22 01:41:20+00:00,2020-01-21 18:46:53+00:00,3.37,0002,CA-313,2-39-123-23,000002170,8.029166666666667
5e3cbdbdf9af8b0661a4130d,2020-01-21 17:45:36+00:00,2020-01-22 02:42:36+00:00,2020-01-22 02:42:31+00:00,8.272,0002,CA-500,2-39-90-440,000001534,8.95
5e3cbdbdf9af8b0661a4130e,2020-01-21 17:58:46+00:00,2020-01-22 01:16:14+00:00,2020-01-22 00:50:24+00:00,0.825,0002,CA-321,2-39-78-365,,7.291111111111111
5e3cbdbdf9af8b0661a4130f,2020-01-21 18:00:22+00:00,2020-01-22 02:12:41+00:00,2020-01-21 20:12:30+00:00,11.958,0002,CA-311,2-39-125-21,000001095,8.205277777777777
5e3cbdbdf9af8b0661a41310,2020-01-21 18:06:50+00:00,2020-01-22 03:12:13+00:00,2020-01-21 20:37:45+00:00,15.123,0002,CA-318,2-39-92-436,000000558,9.089722222222223
5e3cbdbdf9af8b0661a41311,2020-01-21 18:08:11+00:00,2020-01-22 02:00:41+00:00,2020-01-22 01:43:44+00:00,50.717,0002,CA-497,2-39-95-444,000002743,7.875
5e3cbdbdf9af8b0661a41312,2020-01-21 18:09:14+00:00,2020-01-21 20:33:47+00:00,2020-01-21 20:33:43+00:00,6.763,0002,CA-502,2-39-88-438,000000562,2.4091666666666667
5e3cbdbdf9af8b0661a41313,2020-01-21 18:09:52+00:00,2020-01-22 00:52:41+00:00,2020-01-21 20:33:22+00:00,3.878,0002,CA-489,2-39-79-380,000003389,6.713611111111111
5e3cbdbdf9af8b0661a41314,2020-01-21 18:18:08+00:00,2020-01-22 01:55:08+00:00,2020-01-21 20:03:16+00:00,10.486,0002,CA-499,2-39-91-441,000000069,7.616666666666666
5e3cbdbdf9af8b0661a41315,2020-01-21 18:25:45+00:00,2020-01-21 19:41:25+00:00,2020-01-21 19:41:20+00:00,8.213,0002,CA-309,2-39-127-19,000001912,1.261111111111111
5e3cbdbdf9af8b0661a41316,2020-01-21 18:48:19+00:00,2020-01-21 23:04:28+00:00,2020-01-21 22:55:04+00:00,26.408,0002,CA-316,2-39-90-26,000002961,4.269166666666667
5e3cbdbdf9af8b0661a41317,2020-01-21 19:19:37+00:00,2020-01-22 01:23:44+00:00,2020-01-22 00:34:05+00:00,0.877,0002,CA-314,2-39-88-24,,6.068611111111111
5e3cbdbdf9af8b0661a41318,2020-01-21 19:28:42+00:00,2020-01-22 03:21:16+00:00,2020-01-21 22:34:22+00:00,12.666,0002,CA-308,2-39-128-18,000000958,7.876111111111111
5e3cbdbdf9af8b0661a41319,2020-01-21 19:36:20+00:00,2020-01-22 02:12:39+00:00,2020-01-21 21:56:57+00:00,5.853,0002,CA-310,2-39-126-20,000000891,6.605277777777777
5e3cbdbdf9af8b0661a4131a,2020-01-21 19:58:24+00:00,2020-01-22 00:48:42+00:00,2020-01-21 22:37:28+00:00,17.918,0002,CA-306,2-39-130-31,000003270,4.838333333333333
5e3cbdbdf9af8b0661a4131b,2020-01-21 20:32:40+00:00,2020-01-21 21:48:04+00:00,2020-01-21 21:03:23+00:00,0.916,0002,CA-312,2-39-124-22,,1.2566666666666666
5e3cbdbdf9af8b0661a4131c,2020-01-21 20:47:57+00:00,2020-01-22 02:41:21+00:00,2020-01-21 22:49:47+00:00,6.592,0002,CA-490,2-39-79-381,000001124,5.89
5e3cbdbdf9af8b0661a4131d,2020-01-21 20:51:55+00:00,2020-01-21 22:09:45+00:00,2020-01-21 21:35:11+00:00,1.713,0002,CA-502,2-39-88-438,000001093,1.2972222222222223
5e3cbdbdf9af8b0661a4131e,2020-01-21 21:10:52+00:00,2020-01-22 03:42:15+00:00,2020-01-21 23:16:19+00:00,7.017,0002,CA-304,2-39-138-29,000000515,6.523055555555556
5e3cbdbdf9af8b0661a4131f,2020-01-21 22:03:02+00:00,2020-01-21 23:22:54+00:00,2020-01-21 23:22:49+00:00,4.221,0002,CA-312,2-39-124-22,000001236,1.3311111111111111
5e3cbdbdf9af8b0661a41320,2020-01-21 22:54:57+00:00,2020-01-22 01:12:08+00:00,2020-01-21 23:58:46+00:00,3.116,0002,CA-319,2-39-95-27,000001920,2.286388888888889
5e3cbdbdf9af8b0661a41321,2020-01-21 23:08:32+00:00,2020-01-22 00:43:51+00:00,2020-01-22 00:34:03+00:00,0.892,0002,CA-316,2-39-90-26,,1.5886111111111112
5e3cbdbdf9af8b0661a41322,2020-01-22 01:25:01+00:00,2020-01-22 16:52:24+00:00,2020-01-22 07:57:11+00:00,42.768,0002,CA-306,2-39-130-31,000000489,15.456388888888888
5e3cbdbdf9af8b0661a41323,2020-01-22 03:36:58+00:00,2020-01-22 04:33:47+00:00,2020-01-22 04:33:42+00:00,3.295,0002,CA-303,2-39-139-28,000000315,0.9469444444444445
5e3cbdbdf9af8b0661a41324,2020-01-22 03:43:29+00:00,2020-01-22 05:55:22+00:00,2020-01-22 05:55:18+00:00,11.702,0002,CA-310,2-39-126-20,000001099,2.1980555555555554
5e3cbdbdf9af8b0661a41325,2020-01-22 04:23:22+00:00,2020-01-22 05:45:24+00:00,2020-01-22 05:45:20+00:00,9.14,0002,CA-304,2-39-138-29,000001263,1.3672222222222221
5e3e0f32f9af8b0d07eefa40,2020-01-22 16:09:56+00:00,2020-01-22 21:10:40+00:00,2020-01-22 21:11:38+00:00,0.838,0002,CA-489,2-39-79-380,,5.012222222222222
5e3e0f32f9af8b0d07eefa41,2020-01-22 16:40:06+00:00,2020-01-22 19:31:22+00:00,2020-01-22 17:11:36+00:00,1.933,0002,CA-325,2-39-79-377,000000751,2.8544444444444443
5e3e0f32f9af8b0d07eefa42,2020-01-22 16:54:08+00:00,2020-01-23 00:33:44+00:00,2020-01-22 22:50:42+00:00,13.735,0002,CA-495,2-39-78-364,000001470,7.66
5e3e0f32f9af8b0d07eefa43,2020-01-22 16:58:07+00:00,2020-01-23 01:00:07+00:00,2020-01-22 18:25:07+00:00,2.862,0002,CA-303,2-39-139-28,000000620,8.033333333333333
5e3e0f32f9af8b0d07eefa44,2020-01-22 16:58:44+00:00,2020-01-23 02:02:21+00:00,2020-01-22 20:07:13+00:00,20.302,0002,CA-492,2-39-79-383,000001104,9.060277777777777
5e3e0f32f9af8b0d07eefa45,2020-01-22 17:00:48+00:00,2020-01-23 01:29:29+00:00,2020-01-22 17:56:22+00:00,2.765,0002,CA-497,2-39-95-444,000000858,8.478055555555555
5e3e0f32f9af8b0d07eefa46,2020-01-22 17:04:31+00:00,2020-01-22 17:40:23+00:00,2020-01-22 17:34:55+00:00,0.744,0002,CA-309,2-39-127-19,,0.5977777777777777
5e3e0f32f9af8b0d07eefa47,2020-01-22 17:10:11+00:00,2020-01-23 01:35:11+00:00,2020-01-22 18:28:39+00:00,3.775,0002,CA-315,2-39-89-25,000000743,8.416666666666666
5e3e0f32f9af8b0d07eefa48,2020-01-22 17:12:50+00:00,2020-01-22 18:20:41+00:00,2020-01-22 18:20:26+00:00,0.932,0002,CA-323,2-39-78-366,,1.1308333333333334
5e3e0f32f9af8b0d07eefa49,2020-01-22 17:12:57+00:00,2020-01-23 05:42:25+00:00,2020-01-22 18:22:54+00:00,3.74,0002,CA-305,2-39-131-30,000000567,12.491111111111111
5e3e0f32f9af8b0d07eefa4a,2020-01-22 17:23:43+00:00,2020-01-23 03:31:50+00:00,2020-01-22 19:16:05+00:00,5.705,0002,CA-311,2-39-125-21,000000562,10.135277777777778
5e3e0f32f9af8b0d07eefa4b,2020-01-22 17:26:42+00:00,2020-01-23 02:17:15+00:00,2020-01-22 20:58:57+00:00,12.166,0002,CA-317,2-39-91-437,000001364,8.8425
5e3e0f32f9af8b0d07eefa4c,2020-01-22 17:34:49+00:00,2020-01-22 21:25:42+00:00,2020-01-22 21:04:31+00:00,9.064,0002,CA-494,2-39-78-367,000004701,3.8480555555555553
5e3e0f32f9af8b0d07eefa4d,2020-01-22 17:39:13+00:00,2020-01-23 01:41:14+00:00,2020-01-22 19:29:25+00:00,6.063,0002,CA-319,2-39-95-27,000005368,8.033611111111112
5e3e0f32f9af8b0d07eefa4e,2020-01-22 17:40:00+00:00,2020-01-23 02:40:13+00:00,2020-01-22 18:44:30+00:00,6.804,0002,CA-321,2-39-78-365,000000714,9.00361111111111
5e3e0f32f9af8b0d07eefa4f,2020-01-22 17:44:49+00:00,2020-01-22 22:44:22+00:00,2020-01-22 19:49:35+00:00,13.34,0002,CA-307,2-39-129-17,000001912,4.9925
5e3e0f32f9af8b0d07eefa50,2020-01-22 17:47:30+00:00,2020-01-23 04:40:36+00:00,2020-01-22 18:39:47+00:00,1.6,0002,CA-316,2-39-90-26,000000324,10.885
5e3e0f32f9af8b0d07eefa51,2020-01-22 17:50:08+00:00,2020-01-23 00:59:24+00:00,2020-01-22 18:21:07+00:00,0.885,0002,CA-324,2-39-79-376,,7.154444444444445
5e3e0f32f9af8b0d07eefa52,2020-01-22 17:50:50+00:00,2020-01-23 00:20:54+00:00,2020-01-22 19:18:30+00:00,4.282,0002,CA-304,2-39-138-29,000001366,6.501111111111111
5e3e0f32f9af8b0d07eefa53,2020-01-22 17:51:14+00:00,2020-01-22 18:25:12+00:00,2020-01-22 18:21:45+00:00,0.913,0002,CA-309,2-39-127-19,,0.5661111111111111
5e3e0f32f9af8b0d07eefa54,2020-01-22 18:07:14+00:00,2020-01-23 02:13:46+00:00,2020-01-22 20:13:23+00:00,12.393,0002,CA-498,2-39-92-442,000001095,8.108888888888888
5e3e0f32f9af8b0d07eefa55,2020-01-22 18:07:47+00:00,2020-01-23 01:31:58+00:00,2020-01-23 00:37:14+00:00,6.256,0002,CA-320,2-39-78-363,000002461,7.4030555555555555
5e3e0f32f9af8b0d07eefa56,2020-01-22 18:11:49+00:00,2020-01-23 03:11:10+00:00,2020-01-22 20:05:06+00:00,11.319,0002,CA-318,2-39-92-436,000000558,8.989166666666666
5e3e0f32f9af8b0d07eefa57,2020-01-22 18:17:39+00:00,2020-01-22 19:49:01+00:00,2020-01-22 19:48:53+00:00,9.938,0002,CA-500,2-39-90-440,000001087,1.5227777777777778
5e3e0f32f9af8b0d07eefa58,2020-01-22 18:18:28+00:00,2020-01-23 00:25:17+00:00,2020-01-23 00:26:15+00:00,3.77,0002,CA-313,2-39-123-23,000002170,6.113611111111111
5e3e0f32f9af8b0d07eefa59,2020-01-22 18:38:06+00:00,2020-01-22 20:44:55+00:00,2020-01-22 19:08:25+00:00,0.914,0002,CA-323,2-39-78-366,,2.113611111111111
5e3e0f32f9af8b0d07eefa5a,2020-01-22 18:44:20+00:00,2020-01-22 20:35:19+00:00,2020-01-22 20:33:40+00:00,5.615,0002,CA-306,2-39-130-31,000001864,1.8497222222222223
5e3e0f32f9af8b0d07eefa5b,2020-01-22 19:22:46+00:00,2020-01-23 00:34:01+00:00,2020-01-22 22:41:54+00:00,21.269,0002,CA-499,2-39-91-441,000000832,5.1875
5e3e0f32f9af8b0d07eefa5c,2020-01-22 19:40:10+00:00,2020-01-23 04:12:55+00:00,2020-01-22 21:27:29+00:00,5.594,0002,CA-325,2-39-79-377,000001111,8.545833333333333
5e3e0f32f9af8b0d07eefa5d,2020-01-22 19:49:26+00:00,2020-01-23 00:21:21+00:00,2020-01-22 20:33:02+00:00,1.83,0002,CA-309,2-39-127-19,000000891,4.531944444444444
5e3e0f32f9af8b0d07eefa5e,2020-01-22 21:10:44+00:00,2020-01-22 22:55:57+00:00,2020-01-22 21:41:20+00:00,0.723,0002,CA-489,2-39-79-380,,1.753611111111111
5e3e0f32f9af8b0d07eefa5f,2020-01-22 21:15:01+00:00,2020-01-23 02:11:53+00:00,2020-01-22 21:49:29+00:00,1.309,0002,CA-310,2-39-126-20,000003577,4.947777777777778
5e3e0f32f9af8b0d07eefa60,2020-01-22 21:16:22+00:00,2020-01-22 21:37:22+00:00,2020-01-22 21:37:19+00:00,0.639,0002,CA-323,2-39-78-366,,0.35
5e3e0f32f9af8b0d07eefa61,2020-01-22 22:50:13+00:00,2020-01-23 00:10:52+00:00,2020-01-22 23:41:18+00:00,0.894,0002,CA-307,2-39-129-17,,1.3441666666666667
5e3e0f32f9af8b0d07eefa62,2020-01-22 23:28:54+00:00,2020-01-23 09:11:21+00:00,2020-01-23 04:02:14+00:00,15.474,0002,CA-323,2-39-78-366,000005768,9.7075
5e3e0f32f9af8b0d07eefa63,2020-01-22 23:36:18+00:00,2020-01-23 02:06:58+00:00,2020-01-23 00:20:49+00:00,4.122,0002,CA-312,2-39-124-22,000000668,2.511111111111111
5e3e0f32f9af8b0d07eefa64,2020-01-23 01:17:38+00:00,2020-01-23 03:05:37+00:00,2020-01-23 02:06:50+00:00,2.232,0002,CA-309,2-39-127-19,000001920,1.7997222222222222
5e3f60b3f9af8b10c08235d2,2020-01-23 15:01:08+00:00,2020-01-24 01:43:19+00:00,2020-01-23 18:12:50+00:00,8.397,0002,CA-490,2-39-79-381,000001797,10.703055555555556
5e3f60b3f9af8b10c08235d3,2020-01-23 15:39:08+00:00,2020-01-24 01:00:10+00:00,2020-01-23 17:48:04+00:00,5.968,0002,CA-492,2-39-79-383,000004701,9.350555555555555
5e3f60b3f9af8b10c08235d4,2020-01-23 15:53:02+00:00,2020-01-24 01:49:44+00:00,2020-01-24 00:57:42+00:00,4.649,0002,CA-327,2-39-79-379,000001302,9.945
5e3f60b3f9af8b10c08235d5,2020-01-23 16:02:37+00:00,2020-01-24 00:35:50+00:00,2020-01-23 23:51:26+00:00,0.868,0002,CA-489,2-39-79-380,,8.553611111111111
5e3f60b3f9af8b10c08235d6,2020-01-23 16:04:34+00:00,2020-01-24 00:59:40+00:00,2020-01-24 00:56:20+00:00,42.475,0002,CA-323,2-39-78-366,000003853,8.918333333333333
5e3f60b3f9af8b10c08235d7,2020-01-23 16:14:48+00:00,2020-01-23 18:10:48+00:00,2020-01-23 18:10:46+00:00,5.695,0002,CA-320,2-39-78-363,000002461,1.9333333333333333
5e3f60b3f9af8b10c08235d8,2020-01-23 16:31:01+00:00,2020-01-23 23:34:24+00:00,2020-01-23 23:29:57+00:00,10.316,0002,CA-495,2-39-78-364,000001470,7.056388888888889
5e3f60b3f9af8b10c08235d9,2020-01-23 16:32:20+00:00,2020-01-24 04:17:48+00:00,2020-01-23 19:12:31+00:00,8.779,0002,CA-504,2-39-124-558,000001534,11.757777777777777
5e3f60b3f9af8b10c08235da,2020-01-23 16:33:02+00:00,2020-01-24 00:27:25+00:00,2020-01-23 19:47:18+00:00,14.071,0002,CA-325,2-39-79-377,000001137,7.9063888888888885
5e3f60b3f9af8b10c08235db,2020-01-23 16:34:16+00:00,2020-01-24 01:21:08+00:00,2020-01-24 00:06:39+00:00,0.844,0002,CA-326,2-39-79-378,,8.78111111111111
5e3f60b3f9af8b10c08235dc,2020-01-23 16:37:39+00:00,2020-01-23 22:47:52+00:00,2020-01-23 22:20:25+00:00,0.949,0002,CA-314,2-39-88-24,,6.170277777777778
5e3f60b3f9af8b10c08235dd,2020-01-23 16:43:07+00:00,2020-01-23 22:30:05+00:00,2020-01-23 18:47:18+00:00,13.339,0002,CA-315,2-39-89-25,000000171,5.782777777777778
5e3f60b3f9af8b10c08235de,2020-01-23 16:50:44+00:00,2020-01-24 04:46:38+00:00,2020-01-23 18:42:07+00:00,5.671,0002,CA-309,2-39-127-19,000000562,11.931666666666667
5e3f60b3f9af8b10c08235df,2020-01-23 16:53:20+00:00,2020-01-24 03:17:16+00:00,2020-01-23 18:26:22+00:00,5.303,0002,CA-307,2-39-129-17,000000712,10.398888888888889
5e3f60b3f9af8b10c08235e0,2020-01-23 17:04:25+00:00,2020-01-24 01:59:07+00:00,2020-01-23 18:33:24+00:00,4.119,0002,CA-501,2-39-89-439,000000743,8.911666666666667
5e3f60b3f9af8b10c08235e1,2020-01-23 17:12:31+00:00,2020-01-23 21:44:37+00:00,2020-01-23 17:43:46+00:00,0.866,0002,CA-306,2-39-130-31,,4.535
5e3f60b3f9af8b10c08235e2,2020-01-23 17:14:00+00:00,2020-01-24 01:53:25+00:00,2020-01-23 21:04:18+00:00,0.919,0002,CA-321,2-39-78-365,,8.656944444444445
5e3f60b3f9af8b10c08235e3,2020-01-23 17:52:07+00:00,2020-01-24 03:10:54+00:00,2020-01-23 19:39:41+00:00,11.216,0002,CA-318,2-39-92-436,000000558,9.313055555555556
5e3f60b3f9af8b10c08235e4,2020-01-23 17:52:14+00:00,2020-01-24 02:14:01+00:00,2020-01-23 19:46:41+00:00,11.569,0002,CA-316,2-39-90-26,000001095,8.363055555555556
5e3f60b3f9af8b10c08235e5,2020-01-23 17:54:23+00:00,2020-01-24 01:21:44+00:00,2020-01-23 19:59:10+00:00,6.28,0002,CA-311,2-39-125-21,000005594,7.4558333333333335
5e3f60b3f9af8b10c08235e6,2020-01-23 18:25:34+00:00,2020-01-23 20:06:15+00:00,2020-01-23 20:06:07+00:00,9.742,0002,CA-499,2-39-91-441,000001087,1.6780555555555556
5e3f60b3f9af8b10c08235e7,2020-01-23 18:30:52+00:00,2020-01-24 01:52:33+00:00,2020-01-23 19:18:00+00:00,1.975,0002,CA-317,2-39-91-437,000000891,7.3613888888888885
5e3f60b3f9af8b10c08235e8,2020-01-23 18:38:41+00:00,2020-01-24 00:47:20+00:00,2020-01-23 23:51:10+00:00,1.0,0002,CA-491,2-39-79-382,,6.144166666666667
5e3f60b3f9af8b10c08235e9,2020-01-23 18:43:54+00:00,2020-01-24 04:20:25+00:00,2020-01-23 19:55:28+00:00,3.901,0002,CA-312,2-39-124-22,000000567,9.608611111111111
5e3f60b3f9af8b10c08235ea,2020-01-23 18:44:36+00:00,2020-01-24 02:23:10+00:00,2020-01-23 22:21:44+00:00,11.715,0002,CA-313,2-39-123-23,000002170,7.642777777777778
5e3f60b3f9af8b10c08235eb,2020-01-23 19:02:37+00:00,2020-01-23 20:52:06+00:00,2020-01-23 19:33:16+00:00,0.915,0002,CA-304,2-39-138-29,,1.8247222222222221
5e3f60b3f9af8b10c08235ec,2020-01-23 19:08:17+00:00,2020-01-24 00:32:44+00:00,2020-01-23 21:06:44+00:00,12.206,0002,CA-502,2-39-88-438,000000069,5.4075
5e3f60b3f9af8b10c08235ed,2020-01-23 20:07:48+00:00,2020-01-24 00:07:39+00:00,2020-01-23 23:48:28+00:00,4.778,0002,CA-494,2-39-78-367,000001912,3.9975
5e3f60b3f9af8b10c08235ee,2020-01-23 20:19:44+00:00,2020-01-24 01:13:06+00:00,2020-01-24 00:45:19+00:00,1.495,0002,CA-499,2-39-91-441,,4.889444444444444
5e3f60b3f9af8b10c08235ef,2020-01-23 20:57:43+00:00,2020-01-24 04:01:52+00:00,2020-01-23 22:56:54+00:00,6.469,0002,CA-508,2-39-128-562,000001124,7.069166666666667
5e3f60b3f9af8b10c08235f0,2020-01-23 21:17:59+00:00,2020-01-23 22:30:50+00:00,2020-01-23 22:20:10+00:00,0.752,0002,CA-303,2-39-139-28,,1.2141666666666666
5e3f60b3f9af8b10c08235f1,2020-01-23 23:16:12+00:00,2020-01-24 01:03:07+00:00,2020-01-24 00:06:34+00:00,0.928,0002,CA-315,2-39-89-25,,1.7819444444444446
5e3f60b3f9af8b10c08235f2,2020-01-23 23:47:19+00:00,2020-01-24 01:16:15+00:00,2020-01-24 01:16:10+00:00,10.047,0002,CA-314,2-39-88-24,000000710,1.4822222222222223
5e3f60b3f9af8b10c08235f3,2020-01-24 00:01:32+00:00,2020-01-24 04:14:33+00:00,2020-01-24 02:27:24+00:00,1.946,0002,CA-495,2-39-78-364,000001920,4.216944444444445
5e3f60b3f9af8b10c08235f4,2020-01-24 01:41:50+00:00,2020-01-24 03:06:57+00:00,2020-01-24 02:24:34+00:00,3.87,0002,CA-310,2-39-126-20,000003123,1.418611111111111
5e3f60b3f9af8b10c08235f5,2020-01-24 02:16:45+00:00,2020-01-24 06:06:05+00:00,2020-01-24 06:06:01+00:00,13.588,0002,CA-315,2-39-89-25,000001108,3.8222222222222224
5e3f60b3f9af8b10c08235f6,2020-01-24 02:18:50+00:00,2020-01-24 02:40:42+00:00,2020-01-24 02:40:39+00:00,0.628,0002,CA-321,2-39-78-365,,0.36444444444444446
5e3f60b3f9af8b10c08235f7,2020-01-24 03:14:58+00:00,2020-01-24 05:24:56+00:00,2020-01-24 04:27:43+00:00,3.578,0002,CA-305,2-39-131-30,000003818,2.1661111111111113
5e3f60b3f9af8b10c08235f8,2020-01-24 03:41:13+00:00,2020-01-24 05:08:30+00:00,2020-01-24 04:33:41+00:00,2.826,0002,CA-303,2-39-139-28,000000315,1.4547222222222222
5e3f60b3f9af8b10c08235f9,2020-01-24 04:31:59+00:00,2020-01-24 05:46:08+00:00,2020-01-24 05:46:03+00:00,8.499,0002,CA-304,2-39-138-29,000001263,1.2358333333333333
5e40b3a2f9af8b14e4237194,2020-01-24 15:31:47+00:00,2020-01-24 19:50:13+00:00,,3.979,0002,CA-315,2-39-89-25,000000743,4.307222222222222
5e40b3a2f9af8b14e4237195,2020-01-24 15:36:50+00:00,2020-01-24 19:57:35+00:00,,24.23,0002,CA-303,2-39-139-28,000000710,4.345833333333333
5e40b3a2f9af8b14e4237196,2020-01-24 15:48:26+00:00,2020-01-25 00:33:39+00:00,,2.458,0002,CA-491,2-39-79-382,000004701,8.75361111111111
5e40b3a2f9af8b14e4237197,2020-01-24 15:54:54+00:00,2020-01-24 20:05:28+00:00,,7.026,0002,CA-304,2-39-138-29,000001564,4.176111111111111
5e40b3a2f9af8b14e4237198,2020-01-24 16:01:14+00:00,2020-01-24 18:15:33+00:00,,0.848,0002,CA-489,2-39-79-380,,2.238611111111111
5e40b3a2f9af8b14e4237199,2020-01-24 16:06:33+00:00,2020-01-24 23:26:21+00:00,,15.378,0002,CA-307,2-39-129-17,000004947,7.33
5e40b3a2f9af8b14e423719a,2020-01-24 16:23:49+00:00,2020-01-25 01:00:53+00:00,,26.381,0002,CA-495,2-39-78-364,000003449,8.617777777777778
5e40b3a2f9af8b14e423719b,2020-01-24 17:03:37+00:00,2020-01-25 02:02:44+00:00,,4.906,0002,CA-309,2-39-127-19,000000712,8.985277777777778
5e40b3a2f9af8b14e423719c,2020-01-24 17:09:23+00:00,2020-01-25 01:26:14+00:00,,14.64,0002,CA-324,2-39-79-376,000000364,8.280833333333334
5e40b3a2f9af8b14e423719d,2020-01-24 17:12:09+00:00,2020-01-25 03:14:06+00:00,,3.704,0002,CA-311,2-39-125-21,000000567,10.0325
5e40b3a2f9af8b14e423719e,2020-01-24 17:27:07+00:00,2020-01-25 01:13:02+00:00,,7.538,0002,CA-312,2-39-124-22,000000620,7.7652777777777775
5e40b3a2f9af8b14e423719f,2020-01-24 17:32:07+00:00,2020-01-25 01:58:02+00:00,,10.007,0002,CA-325,2-39-79-377,000000515,8.431944444444444
5e40b3a2f9af8b14e42371a0,2020-01-24 17:36:48+00:00,2020-01-25 01:06:15+00:00,,11.817,0002,CA-498,2-39-92-442,000000069,7.490833333333334
5e40b3a2f9af8b14e42371a1,2020-01-24 17:38:38+00:00,2020-01-24 20:34:33+00:00,,5.176,0002,CA-313,2-39-123-23,000000562,2.9319444444444445
5e40b3a2f9af8b14e42371a2,2020-01-24 17:39:54+00:00,2020-01-25 01:45:52+00:00,,2.188,0002,CA-320,2-39-78-363,000000891,8.099444444444444
5e40b3a2f9af8b14e42371a3,2020-01-24 17:47:26+00:00,2020-01-24 23:47:05+00:00,,13.307,0002,CA-316,2-39-90-26,000001912,5.994166666666667
5e40b3a2f9af8b14e42371a4,2020-01-24 17:50:56+00:00,2020-01-25 04:14:52+00:00,,2.117,0002,CA-317,2-39-91-437,000000324,10.398888888888889
5e40b3a2f9af8b14e42371a5,2020-01-24 17:52:10+00:00,2020-01-25 02:23:48+00:00,,11.127,0002,CA-319,2-39-95-27,000002170,8.527222222222223
5e40b3a2f9af8b14e42371a6,2020-01-24 17:53:38+00:00,2020-01-25 03:16:19+00:00,,11.238,0002,CA-321,2-39-78-365,000000558,9.378055555555555
5e40b3a2f9af8b14e42371a7,2020-01-24 18:14:57+00:00,2020-01-25 02:12:31+00:00,,12.474,0002,CA-322,2-39-78-360,000001095,7.959444444444444
5e40b3a2f9af8b14e42371a8,2020-01-24 18:51:25+00:00,2020-01-24 20:54:14+00:00,,0.838,0002,CA-500,2-39-90-440,,2.0469444444444442
5e40b3a2f9af8b14e42371a9,2020-01-24 18:52:48+00:00,2020-01-25 00:42:45+00:00,,16.864,0002,CA-314,2-39-88-24,000000832,5.8325
5e40b3a2f9af8b14e42371aa,2020-01-24 19:15:24+00:00,2020-01-24 22:55:22+00:00,,0.916,0002,CA-492,2-39-79-383,,3.6661111111111113
5e40b3a2f9af8b14e42371ab,2020-01-24 19:25:21+00:00,2020-01-25 01:27:57+00:00,,34.211,0002,CA-499,2-39-91-441,000003270,6.043333333333333
5e40b3a2f9af8b14e42371ac,2020-01-24 19:38:07+00:00,2020-01-25 01:02:21+00:00,,14.37,0002,CA-494,2-39-78-367,000001470,5.403888888888889
5e40b3a2f9af8b14e42371ad,2020-01-24 20:22:34+00:00,2020-01-25 06:46:15+00:00,,6.586,0002,CA-327,2-39-79-379,000001111,10.394722222222223
5e40b3a2f9af8b14e42371ae,2020-01-24 20:47:13+00:00,2020-01-25 02:37:16+00:00,,6.572,0002,CA-496,2-39-78-362,000001124,5.8341666666666665
5e40b3a2f9af8b14e42371af,2020-01-24 21:19:11+00:00,2020-01-24 23:42:13+00:00,,0.772,0002,CA-323,2-39-78-366,,2.383888888888889
5e40b3a2f9af8b14e42371b0,2020-01-24 21:20:42+00:00,2020-01-25 01:36:46+00:00,,0.873,0002,CA-497,2-39-95-444,,4.267777777777778
5e40b3a2f9af8b14e42371b1,2020-01-24 21:23:00+00:00,2020-01-25 01:29:26+00:00,,0.802,0002,CA-318,2-39-92-436,,4.107222222222222
5e40b3a2f9af8b14e42371b2,2020-01-24 21:50:08+00:00,2020-01-24 23:00:13+00:00,,7.945,0002,CA-500,2-39-90-440,000003111,1.1680555555555556
5e40b3a2f9af8b14e42371b3,2020-01-24 21:53:02+00:00,2020-01-25 03:26:28+00:00,,1.644,0002,CA-305,2-39-131-30,000000562,5.557222222222222
5e40b3a2f9af8b14e42371b4,2020-01-24 22:26:31+00:00,2020-01-25 01:08:23+00:00,,2.034,0002,CA-493,2-39-78-361,000000751,2.6977777777777776
5e40b3a2f9af8b14e42371b5,2020-01-24 23:18:01+00:00,2020-01-25 02:17:46+00:00,,5.24,0002,CA-492,2-39-79-383,000001864,2.995833333333333
5e40b3a2f9af8b14e42371b6,2020-01-25 00:49:27+00:00,2020-01-25 02:29:37+00:00,,1.998,0002,CA-315,2-39-89-25,000001920,1.6694444444444445
5e40b3a2f9af8b14e42371b7,2020-01-25 01:18:51+00:00,2020-01-25 02:34:27+00:00,,4.377,0002,CA-307,2-39-129-17,000000365,1.26
5e40b3a2f9af8b14e42371b8,2020-01-25 04:45:23+00:00,2020-01-25 17:06:48+00:00,,27.916,0002,CA-325,2-39-79-377,000001509,12.356944444444444
5e42039cf9af8b18da1b5afa,2020-01-25 16:36:03+00:00,2020-01-25 20:20:45+00:00,2020-01-25 20:20:40+00:00,13.199,0002,CA-317,2-39-91-437,000001108,3.745
5e42039cf9af8b18da1b5afb,2020-01-25 17:21:29+00:00,2020-01-25 19:42:10+00:00,,7.923,0002,CA-305,2-39-131-30,000002087,2.3447222222222224
5e42039cf9af8b18da1b5afc,2020-01-25 18:59:12+00:00,2020-01-25 19:18:38+00:00,,0.571,0002,CA-313,2-39-123-23,,0.3238888888888889
5e42039cf9af8b18da1b5afd,2020-01-25 19:44:08+00:00,2020-01-25 20:07:24+00:00,2020-01-25 20:07:19+00:00,0.716,0002,CA-305,2-39-131-30,,0.3877777777777778
5e42039cf9af8b18da1b5afe,2020-01-25 23:52:25+00:00,2020-01-26 01:11:35+00:00,2020-01-26 00:22:49+00:00,0.837,0002,CA-309,2-39-127-19,,1.3194444444444444
5e42039cf9af8b18da1b5aff,2020-01-26 00:54:52+00:00,2020-01-26 02:23:36+00:00,2020-01-26 01:38:48+00:00,2.064,0002,CA-311,2-39-125-21,000001920,1.478888888888889
5e42039cf9af8b18da1b5b00,2020-01-26 02:59:57+00:00,2020-01-26 04:00:14+00:00,2020-01-26 04:00:10+00:00,3.532,0002,CA-303,2-39-139-28,000000315,1.0047222222222223
5e43551cf9af8b1cc37614a9,2020-01-26 17:11:38+00:00,2020-01-27 01:03:52+00:00,2020-01-26 22:27:20+00:00,34.89,0002,CA-325,2-39-79-377,000000248,7.870555555555556
5e43551cf9af8b1cc37614aa,2020-01-26 17:37:04+00:00,2020-01-26 18:59:10+00:00,2020-01-26 18:59:06+00:00,4.387,0002,CA-303,2-39-139-28,000001236,1.3683333333333334
5e43551cf9af8b1cc37614ab,2020-01-26 20:48:42+00:00,2020-01-26 22:17:38+00:00,2020-01-26 21:19:26+00:00,0.829,0002,CA-305,2-39-131-30,,1.4822222222222223
5e43551cf9af8b1cc37614ac,2020-01-26 21:40:24+00:00,2020-01-26 23:42:14+00:00,2020-01-26 23:29:49+00:00,5.494,0002,CA-308,2-39-128-18,000004622,2.0305555555555554
5e43551cf9af8b1cc37614ad,2020-01-27 01:01:39+00:00,2020-01-27 05:26:59+00:00,2020-01-27 05:26:55+00:00,27.419,0002,CA-317,2-39-91-437,000000292,4.4222222222222225
5e43551cf9af8b1cc37614ae,2020-01-27 01:57:42+00:00,2020-01-27 04:22:40+00:00,2020-01-27 02:57:39+00:00,0.866,0002,CA-306,2-39-130-31,,2.4161111111111113
5e44a6aef9af8b20e525034b,2020-01-27 14:49:30+00:00,2020-01-28 22:14:23+00:00,2020-01-27 20:42:10+00:00,15.137,0002,CA-494,2-39-78-367,000004913,31.414722222222224
5e44a6aef9af8b20e525034c,2020-01-27 15:54:26+00:00,2020-01-27 16:25:22+00:00,2020-01-27 16:24:58+00:00,0.878,0002,CA-491,2-39-79-382,,0.5155555555555555
5e44a6aef9af8b20e525034d,2020-01-27 15:56:07+00:00,2020-01-28 02:23:48+00:00,2020-01-27 21:42:57+00:00,29.363,0002,CA-303,2-39-139-28,000000710,10.461388888888889
5e44a6aef9af8b20e525034e,2020-01-27 16:09:07+00:00,2020-01-28 01:48:40+00:00,2020-01-27 20:20:23+00:00,14.528,0002,CA-305,2-39-131-30,000004947,9.659166666666666
5e44a6aef9af8b20e525034f,2020-01-27 16:10:36+00:00,2020-01-28 04:51:08+00:00,2020-01-27 18:58:59+00:00,6.391,0002,CA-325,2-39-79-377,000005594,12.675555555555556
5e44a6aef9af8b20e5250350,2020-01-27 16:22:44+00:00,2020-01-28 01:33:11+00:00,2020-01-27 17:50:31+00:00,7.725,0002,CA-492,2-39-79-383,000001470,9.174166666666666
5e44a6aef9af8b20e5250351,2020-01-27 16:30:06+00:00,2020-01-27 22:26:53+00:00,2020-01-27 21:28:17+00:00,12.735,0002,CA-323,2-39-78-366,000000068,5.9463888888888885
5e44a6aef9af8b20e5250352,2020-01-27 16:30:26+00:00,2020-01-27 19:54:30+00:00,2020-01-27 19:54:17+00:00,12.848,0002,CA-489,2-39-79-380,000003449,3.401111111111111
5e44a6aef9af8b20e5250353,2020-01-27 16:31:43+00:00,2020-01-28 01:15:57+00:00,2020-01-27 16:53:14+00:00,1.314,0002,CA-326,2-39-79-378,000000751,8.737222222222222
5e44a6aef9af8b20e5250354,2020-01-27 16:37:05+00:00,2020-01-28 02:11:34+00:00,2020-01-28 01:13:26+00:00,9.964,0002,CA-506,2-39-126-560,000001534,9.574722222222222
5e44a6aef9af8b20e5250355,2020-01-27 16:37:46+00:00,2020-01-28 01:25:06+00:00,2020-01-27 19:27:36+00:00,13.158,0002,CA-314,2-39-88-24,000001153,8.78888888888889
5e44a6aef9af8b20e5250356,2020-01-27 16:38:53+00:00,2020-01-28 01:40:59+00:00,2020-01-27 23:51:09+00:00,6.301,0002,CA-324,2-39-79-376,000005368,9.035
5e44a6aef9af8b20e5250357,2020-01-27 16:40:05+00:00,2020-01-28 02:07:56+00:00,2020-01-27 21:06:44+00:00,15.267,0002,CA-309,2-39-127-19,000000712,9.464166666666667
5e44a6aef9af8b20e5250358,2020-01-27 16:45:18+00:00,2020-01-27 22:33:15+00:00,2020-01-27 21:57:56+00:00,37.6,0002,CA-501,2-39-89-439,000000273,5.799166666666666
5e44a6aef9af8b20e5250359,2020-01-27 16:58:56+00:00,2020-01-28 00:46:53+00:00,2020-01-27 20:20:26+00:00,19.15,0002,CA-491,2-39-79-382,000001104,7.799166666666666
5e44a6aef9af8b20e525035a,2020-01-27 17:01:02+00:00,2020-01-28 00:29:55+00:00,2020-01-27 21:06:44+00:00,8.604,0002,CA-493,2-39-78-361,000001137,7.481388888888889
5e44a6aef9af8b20e525035b,2020-01-27 17:06:46+00:00,2020-01-28 02:37:39+00:00,2020-01-27 18:35:14+00:00,4.544,0002,CA-311,2-39-125-21,000000567,9.514722222222222
5e44a6aef9af8b20e525035c,2020-01-27 17:07:15+00:00,2020-01-28 00:23:33+00:00,2020-01-28 00:23:29+00:00,40.82,0002,CA-320,2-39-78-363,000000564,7.2716666666666665
5e44a6aef9af8b20e525035d,2020-01-27 17:34:55+00:00,2020-01-27 20:32:45+00:00,2020-01-27 19:34:59+00:00,4.866,0002,CA-310,2-39-126-20,000000562,2.963888888888889
5e44a6aef9af8b20e525035e,2020-01-27 17:46:09+00:00,2020-01-28 02:13:40+00:00,2020-01-28 01:28:41+00:00,1.077,0002,CA-321,2-39-78-365,,8.45861111111111
5e44a6aef9af8b20e525035f,2020-01-27 17:53:10+00:00,2020-01-28 06:22:54+00:00,2020-01-27 18:46:29+00:00,1.6860005555555557,0002,CA-317,2-39-91-437,000000324,12.495555555555555
5e44a6aef9af8b20e5250360,2020-01-27 18:03:11+00:00,2020-01-28 03:14:33+00:00,2020-01-27 20:57:32+00:00,13.071,0002,CA-495,2-39-78-364,000000558,9.189444444444444
5e44a6aef9af8b20e5250361,2020-01-27 18:32:34+00:00,2020-01-28 02:24:42+00:00,2020-01-27 20:42:11+00:00,6.026,0002,CA-498,2-39-92-442,000001222,7.868888888888889
5e44a6aef9af8b20e5250362,2020-01-27 18:38:33+00:00,2020-01-28 00:52:28+00:00,2020-01-27 19:27:29+00:00,2.108,0002,CA-500,2-39-90-440,000003447,6.231944444444444
5e44a6aef9af8b20e5250363,2020-01-27 18:39:27+00:00,2020-01-28 01:51:41+00:00,2020-01-27 19:40:16+00:00,2.928,0002,CA-315,2-39-89-25,000002170,7.203888888888889
5e44a6aef9af8b20e5250364,2020-01-27 18:39:53+00:00,2020-01-27 19:43:32+00:00,2020-01-27 19:40:34+00:00,4.125,0002,CA-312,2-39-124-22,000000668,1.0608333333333333
5e44a6aef9af8b20e5250365,2020-01-27 18:54:45+00:00,2020-01-28 03:01:58+00:00,2020-01-28 01:57:39+00:00,43.915,0002,CA-499,2-39-91-441,000002743,8.120277777777778
5e44a6aef9af8b20e5250366,2020-01-27 19:22:27+00:00,2020-01-28 02:03:01+00:00,2020-01-27 20:40:12+00:00,8.199,0002,CA-313,2-39-123-23,000000714,6.676111111111111
5e44a6aef9af8b20e5250367,2020-01-27 19:47:05+00:00,2020-01-28 01:13:31+00:00,2020-01-27 23:29:27+00:00,0.861,0002,CA-312,2-39-124-22,,5.440555555555555
5e44a6aef9af8b20e5250368,2020-01-27 21:12:39+00:00,2020-01-28 01:23:13+00:00,2020-01-28 00:47:20+00:00,0.929,0002,CA-310,2-39-126-20,,4.176111111111111
5e44a6aef9af8b20e5250369,2020-01-27 21:34:04+00:00,2020-01-28 05:27:52+00:00,2020-01-27 21:57:54+00:00,1.13,0002,CA-489,2-39-79-380,000000562,7.8966666666666665
5e44a6aef9af8b20e525036a,2020-01-27 21:38:15+00:00,2020-01-28 01:29:08+00:00,2020-01-28 01:30:08+00:00,7.028,0002,CA-496,2-39-78-362,000001124,3.8480555555555553
5e44a6aef9af8b20e525036b,2020-01-28 00:48:21+00:00,2020-01-28 01:50:21+00:00,2020-01-28 01:18:31+00:00,0.828,0002,CA-304,2-39-138-29,,1.0333333333333334
5e44a6aef9af8b20e525036c,2020-01-28 05:23:34+00:00,2020-01-28 06:23:47+00:00,2020-01-28 06:23:43+00:00,3.408,0002,CA-303,2-39-139-28,000000315,1.003611111111111
5e44a6aef9af8b20e525036d,2020-01-28 06:34:10+00:00,2020-01-28 16:25:32+00:00,2020-01-28 08:32:14+00:00,5.973,0002,CA-303,2-39-139-28,000001366,9.856111111111112
5e45f835f9af8b24b31daa48,2020-01-28 16:05:10+00:00,2020-01-29 00:14:36+00:00,2020-01-28 17:36:27+00:00,4.305,0002,CA-304,2-39-138-29,000001564,8.157222222222222
5e45f835f9af8b24b31daa49,2020-01-28 16:14:02+00:00,2020-01-28 18:45:19+00:00,2020-01-28 18:45:24+00:00,16.513,0002,CA-493,2-39-78-361,000003449,2.5213888888888887
5e45f835f9af8b24b31daa4a,2020-01-28 16:21:36+00:00,2020-01-29 03:12:25+00:00,2020-01-28 23:28:30+00:00,45.222,0002,CA-307,2-39-129-17,000003424,10.846944444444444
5e45f835f9af8b24b31daa4b,2020-01-28 16:32:18+00:00,2020-01-29 01:46:49+00:00,2020-01-28 16:57:58+00:00,0.698,0002,CA-327,2-39-79-379,,9.241944444444444
5e45f835f9af8b24b31daa4c,2020-01-28 16:35:39+00:00,2020-01-29 00:26:18+00:00,2020-01-29 00:26:14+00:00,12.864,0002,CA-492,2-39-79-383,000001470,7.844166666666666
5e45f835f9af8b24b31daa4d,2020-01-28 16:37:58+00:00,2020-01-28 22:41:46+00:00,2020-01-28 20:00:22+00:00,19.452,0002,CA-317,2-39-91-437,000000431,6.0633333333333335
5e45f835f9af8b24b31daa4e,2020-01-28 16:57:46+00:00,2020-01-28 20:39:06+00:00,2020-01-28 18:41:59+00:00,5.131,0002,CA-309,2-39-127-19,000000562,3.688888888888889
5e45f835f9af8b24b31daa4f,2020-01-28 16:58:42+00:00,2020-01-29 01:36:57+00:00,2020-01-28 20:00:33+00:00,6.212,0002,CA-326,2-39-79-378,000005368,8.6375
5e45f835f9af8b24b31daa50,2020-01-28 17:05:08+00:00,2020-01-29 03:17:35+00:00,2020-01-28 18:29:19+00:00,4.552,0002,CA-311,2-39-125-21,000000712,10.2075
5e45f835f9af8b24b31daa51,2020-01-28 17:05:48+00:00,2020-01-29 00:23:48+00:00,2020-01-28 22:43:49+00:00,9.31,0002,CA-324,2-39-79-376,000001137,7.3
5e45f835f9af8b24b31daa52,2020-01-28 17:07:39+00:00,2020-01-29 00:32:57+00:00,2020-01-28 21:45:51+00:00,22.223,0002,CA-491,2-39-79-382,000001104,7.421666666666667
5e45f835f9af8b24b31daa53,2020-01-28 17:09:43+00:00,2020-01-29 01:18:06+00:00,2020-01-28 18:27:25+00:00,3.657,0002,CA-315,2-39-89-25,000000891,8.139722222222222
5e45f835f9af8b24b31daa54,2020-01-28 17:10:49+00:00,2020-01-29 02:43:24+00:00,2020-01-29 00:25:52+00:00,18.379,0002,CA-322,2-39-78-360,000000564,9.543055555555556
5e45f835f9af8b24b31daa55,2020-01-28 17:16:28+00:00,2020-01-29 02:24:53+00:00,2020-01-28 18:29:06+00:00,3.768,0002,CA-313,2-39-123-23,000000567,9.140277777777778
5e45f835f9af8b24b31daa56,2020-01-28 17:17:08+00:00,2020-01-29 02:10:52+00:00,2020-01-28 18:47:56+00:00,6.636,0002,CA-321,2-39-78-365,000000714,8.895555555555555
5e45f835f9af8b24b31daa57,2020-01-28 17:18:07+00:00,2020-01-29 01:03:39+00:00,2020-01-28 19:17:11+00:00,4.69,0002,CA-312,2-39-124-22,000000620,7.7588888888888885
5e45f835f9af8b24b31daa58,2020-01-28 17:27:48+00:00,2020-01-28 23:06:55+00:00,2020-01-28 20:51:01+00:00,0.908,0002,CA-314,2-39-88-24,,5.651944444444444
5e45f835f9af8b24b31daa59,2020-01-28 17:28:35+00:00,2020-01-28 18:17:11+00:00,2020-01-28 17:59:19+00:00,0.86,0002,CA-319,2-39-95-27,,0.81
5e45f835f9af8b24b31daa5a,2020-01-28 17:31:20+00:00,2020-01-29 03:03:29+00:00,2020-01-28 22:12:30+00:00,15.666,0002,CA-318,2-39-92-436,000001272,9.535833333333333
5e45f835f9af8b24b31daa5b,2020-01-28 17:35:08+00:00,2020-01-29 00:05:24+00:00,2020-01-28 18:23:08+00:00,4.45,0002,CA-310,2-39-126-20,000001912,6.504444444444444
5e45f835f9af8b24b31daa5c,2020-01-28 18:09:55+00:00,2020-01-29 03:13:40+00:00,2020-01-28 20:13:31+00:00,11.224,0002,CA-489,2-39-79-380,000000558,9.0625
5e45f835f9af8b24b31daa5d,2020-01-28 18:11:25+00:00,2020-01-29 00:41:45+00:00,2020-01-28 23:51:29+00:00,0.753,0002,CA-325,2-39-79-377,,6.5055555555555555
5e45f835f9af8b24b31daa5e,2020-01-28 18:12:29+00:00,2020-01-29 01:29:49+00:00,2020-01-28 20:17:32+00:00,11.932,0002,CA-499,2-39-91-441,000001095,7.288888888888889
5e45f835f9af8b24b31daa5f,2020-01-28 18:17:22+00:00,2020-01-28 19:47:48+00:00,2020-01-28 19:39:56+00:00,0.935,0002,CA-320,2-39-78-363,,1.5072222222222222
5e45f835f9af8b24b31daa60,2020-01-28 18:24:41+00:00,2020-01-28 23:58:24+00:00,2020-01-28 19:55:46+00:00,9.465,0002,CA-497,2-39-95-444,000001001,5.561944444444444
5e45f835f9af8b24b31daa61,2020-01-28 18:31:37+00:00,2020-01-28 20:48:30+00:00,2020-01-28 20:49:28+00:00,0.85,0002,CA-316,2-39-90-26,,2.281388888888889
5e45f835f9af8b24b31daa62,2020-01-28 18:35:24+00:00,2020-01-29 02:13:47+00:00,2020-01-28 23:51:22+00:00,0.875,0002,CA-500,2-39-90-440,,7.639722222222222
5e45f835f9af8b24b31daa63,2020-01-28 18:48:52+00:00,2020-01-29 01:45:12+00:00,2020-01-28 20:20:33+00:00,4.606,0002,CA-502,2-39-88-438,000002170,6.938888888888889
5e45f835f9af8b24b31daa64,2020-01-28 19:02:46+00:00,2020-01-28 19:56:29+00:00,2020-01-28 19:56:27+00:00,1.318,0002,CA-493,2-39-78-361,000003449,0.8952777777777777
5e45f835f9af8b24b31daa65,2020-01-28 19:52:01+00:00,2020-01-28 23:17:07+00:00,2020-01-28 21:16:18+00:00,2.833,0002,CA-320,2-39-78-363,000001082,3.4183333333333334
5e45f835f9af8b24b31daa66,2020-01-28 19:57:19+00:00,2020-01-28 20:51:22+00:00,2020-01-28 20:50:13+00:00,0.844,0002,CA-308,2-39-128-18,,0.9008333333333334
5e45f835f9af8b24b31daa67,2020-01-28 20:37:59+00:00,2020-01-28 21:46:05+00:00,2020-01-28 21:45:49+00:00,7.22,0002,CA-506,2-39-126-560,000000311,1.135
5e45f835f9af8b24b31daa68,2020-01-28 20:48:34+00:00,2020-01-28 23:06:54+00:00,2020-01-28 21:19:25+00:00,0.824,0002,CA-316,2-39-90-26,,2.3055555555555554
5e45f835f9af8b24b31daa69,2020-01-28 20:48:45+00:00,2020-01-28 22:29:30+00:00,2020-01-28 21:34:01+00:00,1.855,0002,CA-309,2-39-127-19,000001093,1.6791666666666667
5e45f835f9af8b24b31daa6a,2020-01-28 21:43:05+00:00,2020-01-29 01:25:21+00:00,2020-01-28 22:17:33+00:00,1.666,0002,CA-306,2-39-130-31,000000562,3.7044444444444444
5e45f835f9af8b24b31daa6b,2020-01-28 22:03:41+00:00,2020-01-29 03:06:36+00:00,2020-01-29 00:57:40+00:00,12.658,0002,CA-506,2-39-126-560,000000958,5.048611111111111
5e45f835f9af8b24b31daa6c,2020-01-28 22:25:10+00:00,2020-01-29 00:21:27+00:00,2020-01-29 00:17:40+00:00,0.914,0002,CA-494,2-39-78-367,,1.9380555555555556
5e45f835f9af8b24b31daa6d,2020-01-28 22:44:43+00:00,2020-01-29 00:17:46+00:00,2020-01-29 00:17:24+00:00,4.132,0002,CA-493,2-39-78-361,000000668,1.5508333333333333
5e45f835f9af8b24b31daa6e,2020-01-28 23:06:17+00:00,2020-01-30 02:18:29+00:00,2020-01-29 02:39:25+00:00,11.847,0002,CA-309,2-39-127-19,000005768,27.203333333333333
5e45f835f9af8b24b31daa6f,2020-01-29 00:08:15+00:00,2020-01-29 03:27:39+00:00,2020-01-29 03:27:31+00:00,21.29,0002,CA-317,2-39-91-437,000003270,3.3233333333333333
5e45f835f9af8b24b31daa70,2020-01-29 01:22:31+00:00,2020-01-29 02:40:09+00:00,2020-01-29 01:55:37+00:00,1.176,0002,CA-304,2-39-138-29,000000365,1.2938888888888889
5e45f835f9af8b24b31daa71,2020-01-29 02:49:55+00:00,2020-01-29 04:45:00+00:00,2020-01-29 04:44:56+00:00,12.695,0002,CA-303,2-39-139-28,000000675,1.9180555555555556
5e45f835f9af8b24b31daa72,2020-01-29 03:27:45+00:00,2020-01-29 05:56:03+00:00,2020-01-29 05:19:00+00:00,5.578,0002,CA-212,2-39-83-386,000001864,2.4716666666666667
5e4749aef9af8b28856f12f8,2020-01-29 14:57:27+00:00,2020-01-30 16:54:09+00:00,2020-01-29 21:18:05+00:00,14.054,0002,CA-492,2-39-79-383,000004913,25.945
5e4749aef9af8b28856f12f9,2020-01-29 15:45:33+00:00,2020-01-29 21:42:38+00:00,2020-01-29 20:00:33+00:00,16.594,0002,CA-491,2-39-79-382,000004701,5.951388888888889
5e4749aef9af8b28856f12fa,2020-01-29 16:01:03+00:00,2020-01-29 22:26:43+00:00,2020-01-29 16:31:23+00:00,0.789,0002,CA-489,2-39-79-380,,6.427777777777778
5e4749aef9af8b28856f12fb,2020-01-29 16:08:38+00:00,2020-01-29 20:27:56+00:00,2020-01-29 20:03:41+00:00,0.835,0002,CA-326,2-39-79-378,,4.321666666666666
5e4749aef9af8b28856f12fc,2020-01-29 16:15:22+00:00,2020-01-29 19:36:40+00:00,2020-01-29 19:35:25+00:00,21.833,0002,CA-497,2-39-95-444,000003449,3.355
5e4749aef9af8b28856f12fd,2020-01-29 16:36:52+00:00,2020-01-29 17:24:46+00:00,2020-01-29 17:25:45+00:00,4.815,0002,CA-496,2-39-78-362,000001470,0.7983333333333333
5e4749aef9af8b28856f12fe,2020-01-29 16:43:42+00:00,2020-01-29 20:46:11+00:00,2020-01-29 18:16:10+00:00,5.005,0002,CA-313,2-39-123-23,000000712,4.041388888888889
5e4749aef9af8b28856f12ff,2020-01-29 16:45:48+00:00,2020-01-30 01:50:09+00:00,2020-01-29 18:12:37+00:00,4.705,0002,CA-504,2-39-124-558,000001534,9.0725
5e4749aef9af8b28856f1300,2020-01-29 16:59:52+00:00,2020-01-30 01:43:47+00:00,2020-01-29 19:16:40+00:00,6.015,0002,CA-324,2-39-79-376,000005368,8.731944444444444
5e4749aef9af8b28856f1301,2020-01-29 17:04:53+00:00,2020-01-29 20:21:31+00:00,2020-01-29 19:09:35+00:00,6.276,0002,CA-314,2-39-88-24,000003577,3.277222222222222
5e4749aef9af8b28856f1302,2020-01-29 17:08:13+00:00,2020-01-30 00:24:33+00:00,2020-01-29 20:38:12+00:00,9.93,0002,CA-321,2-39-78-365,000001095,7.272222222222222
5e4749aef9af8b28856f1303,2020-01-29 17:09:08+00:00,2020-01-30 02:23:19+00:00,2020-01-29 22:31:20+00:00,0.817,0002,CA-490,2-39-79-381,,9.23638888888889
5e4749aef9af8b28856f1304,2020-01-29 17:16:50+00:00,2020-01-29 22:36:02+00:00,2020-01-29 20:03:27+00:00,8.498,0002,CA-317,2-39-91-437,000001364,5.32
5e4749aef9af8b28856f1305,2020-01-29 17:20:50+00:00,2020-01-30 00:22:33+00:00,2020-01-29 21:38:32+00:00,14.393,0002,CA-311,2-39-125-21,000004947,7.028611111111111
5e4749aef9af8b28856f1306,2020-01-29 17:25:53+00:00,2020-01-30 02:13:44+00:00,2020-01-29 18:35:06+00:00,6.254,0002,CA-325,2-39-79-377,000000714,8.7975
5e4749aef9af8b28856f1307,2020-01-29 17:31:37+00:00,2020-01-29 23:59:43+00:00,2020-01-29 19:27:47+00:00,11.838,0002,CA-310,2-39-126-20,000001912,6.468333333333334
5e4749aef9af8b28856f1308,2020-01-29 17:32:20+00:00,2020-01-30 04:41:56+00:00,2020-01-29 21:40:47+00:00,13.948,0002,CA-319,2-39-95-27,000000676,11.16
5e4749aef9af8b28856f1309,2020-01-29 17:46:41+00:00,2020-01-30 03:18:29+00:00,2020-01-29 18:58:56+00:00,3.765,0002,CA-315,2-39-89-25,000000567,9.53
5e4749aef9af8b28856f130a,2020-01-29 18:15:37+00:00,2020-01-30 03:14:51+00:00,2020-01-29 20:08:47+00:00,11.501,0002,CA-499,2-39-91-441,000000558,8.987222222222222
5e4749aef9af8b28856f130b,2020-01-29 18:23:32+00:00,2020-01-30 01:56:40+00:00,2020-01-29 19:10:49+00:00,1.941,0002,CA-316,2-39-90-26,000000891,7.552222222222222
5e4749aef9af8b28856f130c,2020-01-29 18:48:38+00:00,2020-01-29 20:35:47+00:00,2020-01-29 20:36:47+00:00,0.564,0002,CA-496,2-39-78-362,000003447,1.7858333333333334
5e4749aef9af8b28856f130d,2020-01-29 19:07:03+00:00,2020-01-29 22:41:59+00:00,2020-01-29 20:57:47+00:00,5.664,0002,CA-500,2-39-90-440,000002170,3.582222222222222
5e4749aef9af8b28856f130e,2020-01-29 19:14:17+00:00,2020-01-30 02:13:31+00:00,2020-01-30 00:25:04+00:00,12.527,0002,CA-322,2-39-78-360,000003853,6.987222222222222
5e4749aef9af8b28856f130f,2020-01-29 20:10:40+00:00,2020-01-30 02:01:59+00:00,2020-01-30 00:41:10+00:00,23.11,0002,CA-323,2-39-78-366,000001104,5.855277777777777
5e4749aef9af8b28856f1310,2020-01-29 20:20:30+00:00,2020-01-30 01:09:10+00:00,2020-01-29 23:38:39+00:00,21.717,0002,CA-312,2-39-124-22,000001470,4.811111111111111
5e4749aef9af8b28856f1311,2020-01-29 20:21:07+00:00,2020-01-30 00:49:49+00:00,2020-01-30 00:49:41+00:00,27.163,0002,CA-495,2-39-78-364,000003270,4.4783333333333335
5e4749aef9af8b28856f1312,2020-01-29 20:41:57+00:00,2020-01-29 23:56:57+00:00,2020-01-29 22:07:31+00:00,3.124,0002,CA-314,2-39-88-24,000000560,3.25
5e4749aef9af8b28856f1313,2020-01-29 21:36:02+00:00,2020-01-30 02:56:36+00:00,2020-01-29 23:37:48+00:00,6.545,0002,CA-326,2-39-79-378,000001124,5.342777777777778
5e4749aef9af8b28856f1314,2020-01-29 21:48:57+00:00,2020-01-30 00:30:11+00:00,2020-01-29 22:31:23+00:00,0.819,0002,CA-491,2-39-79-382,,2.687222222222222
5e4749aef9af8b28856f1315,2020-01-29 22:10:46+00:00,2020-01-30 01:00:39+00:00,2020-01-30 00:21:54+00:00,6.529,0002,CA-320,2-39-78-363,000001093,2.8313888888888887
5e4749aef9af8b28856f1316,2020-01-29 22:37:50+00:00,2020-01-30 00:33:52+00:00,2020-01-29 23:10:46+00:00,2.002,0002,CA-317,2-39-91-437,000000751,1.933888888888889
5e4749aef9af8b28856f1317,2020-01-29 23:00:57+00:00,2020-01-30 00:49:30+00:00,2020-01-29 23:31:40+00:00,0.842,0002,CA-500,2-39-90-440,,1.8091666666666666
5e4749aef9af8b28856f1318,2020-01-30 01:05:00+00:00,2020-01-30 02:55:05+00:00,2020-01-30 02:45:09+00:00,0.892,0002,CA-310,2-39-126-20,,1.8347222222222221
5e4749aef9af8b28856f1319,2020-01-30 02:35:21+00:00,2020-01-30 04:41:09+00:00,2020-01-30 04:29:33+00:00,6.368,0002,CA-304,2-39-138-29,000001564,2.0966666666666667
5e4749aef9af8b28856f131a,2020-01-30 03:19:33+00:00,2020-01-30 04:07:18+00:00,2020-01-30 03:49:37+00:00,0.833,0002,CA-305,2-39-131-30,,0.7958333333333333
5e489b29f9af8b2c14967b73,2020-01-30 15:41:19+00:00,2020-01-30 22:10:21+00:00,2020-01-30 20:50:54+00:00,23.601,0002,CA-327,2-39-79-379,000001104,6.483888888888889
5e489b29f9af8b2c14967b74,2020-01-30 15:49:43+00:00,2020-01-31 04:35:38+00:00,2020-01-30 22:46:17+00:00,40.337,0002,CA-490,2-39-79-381,000000818,12.765277777777778
5e489b29f9af8b2c14967b75,2020-01-30 15:50:51+00:00,2020-01-30 21:57:05+00:00,2020-01-30 19:57:08+00:00,0.804,0002,CA-489,2-39-79-380,,6.103888888888889
5e489b29f9af8b2c14967b76,2020-01-30 16:15:37+00:00,2020-01-31 01:50:48+00:00,2020-01-31 00:35:38+00:00,0.904,0002,CA-323,2-39-78-366,,9.586388888888889
5e489b29f9af8b2c14967b77,2020-01-30 16:22:06+00:00,2020-01-30 22:36:59+00:00,2020-01-30 17:55:18+00:00,2.982,0002,CA-491,2-39-79-382,000004701,6.248055555555555
5e489b29f9af8b2c14967b78,2020-01-30 16:24:10+00:00,2020-01-30 19:42:38+00:00,2020-01-30 19:33:14+00:00,9.389,0002,CA-495,2-39-78-364,000001470,3.307777777777778
5e489b29f9af8b2c14967b79,2020-01-30 16:27:35+00:00,2020-01-31 00:29:00+00:00,2020-01-30 18:45:49+00:00,12.883,0002,CA-317,2-39-91-437,000000431,8.02361111111111
5e489b29f9af8b2c14967b7a,2020-01-30 16:33:02+00:00,2020-01-30 17:42:04+00:00,2020-01-30 16:58:54+00:00,0.886,0002,CA-306,2-39-130-31,000001366,1.1505555555555556
5e489b29f9af8b2c14967b7b,2020-01-30 16:35:29+00:00,2020-01-30 22:55:48+00:00,2020-01-30 20:51:29+00:00,12.773,0002,CA-325,2-39-79-377,000000068,6.338611111111111
5e489b29f9af8b2c14967b7c,2020-01-30 16:37:23+00:00,2020-01-31 02:51:22+00:00,2020-01-30 18:15:31+00:00,5.017,0002,CA-320,2-39-78-363,000002244,10.233055555555556
5e489b29f9af8b2c14967b7d,2020-01-30 16:39:49+00:00,2020-01-31 01:03:03+00:00,2020-01-31 00:45:58+00:00,0.878,0002,CA-324,2-39-79-376,,8.387222222222222
5e489b29f9af8b2c14967b7e,2020-01-30 16:40:05+00:00,2020-01-31 00:58:46+00:00,2020-01-30 17:44:14+00:00,1.908,0002,CA-326,2-39-79-378,000000751,8.311388888888889
5e489b29f9af8b2c14967b7f,2020-01-30 16:43:52+00:00,2020-01-30 20:35:40+00:00,2020-01-30 20:36:38+00:00,0.944,0002,CA-496,2-39-78-362,,3.8633333333333333
5e489b29f9af8b2c14967b80,2020-01-30 16:49:50+00:00,2020-01-31 01:44:23+00:00,2020-01-30 19:02:53+00:00,12.52,0002,CA-311,2-39-125-21,000001153,8.909166666666666
5e489b29f9af8b2c14967b81,2020-01-30 16:53:39+00:00,2020-01-31 03:52:09+00:00,2020-01-30 18:50:37+00:00,5.839,0002,CA-319,2-39-95-27,000001222,10.975
5e489b29f9af8b2c14967b82,2020-01-30 16:55:04+00:00,2020-01-31 01:06:48+00:00,2020-01-30 19:34:31+00:00,7.771,0002,CA-313,2-39-123-23,000000620,8.195555555555556
5e489b29f9af8b2c14967b83,2020-01-30 16:56:40+00:00,2020-01-30 20:41:24+00:00,2020-01-30 18:32:57+00:00,5.069,0002,CA-309,2-39-127-19,000000562,3.7455555555555557
5e489b29f9af8b2c14967b84,2020-01-30 17:06:16+00:00,2020-01-31 03:09:56+00:00,2020-01-30 19:09:32+00:00,11.071,0002,CA-321,2-39-78-365,000000558,10.061111111111112
5e489b29f9af8b2c14967b85,2020-01-30 17:08:28+00:00,2020-01-31 00:32:47+00:00,2020-01-30 19:46:56+00:00,11.108,0002,CA-318,2-39-92-436,000001137,7.405277777777778
5e489b29f9af8b2c14967b86,2020-01-30 17:31:52+00:00,2020-01-31 00:37:24+00:00,2020-01-30 18:20:27+00:00,2.057,0002,CA-314,2-39-88-24,000003577,7.092222222222222
5e489b29f9af8b2c14967b87,2020-01-30 17:49:37+00:00,2020-01-30 23:41:47+00:00,2020-01-30 19:47:26+00:00,12.061,0002,CA-306,2-39-130-31,000001912,5.8694444444444445
5e489b29f9af8b2c14967b88,2020-01-30 18:16:30+00:00,2020-01-31 02:05:07+00:00,2020-01-30 20:05:27+00:00,10.554,0002,CA-315,2-39-89-25,000001095,7.810277777777777
5e489b29f9af8b2c14967b89,2020-01-30 18:31:46+00:00,2020-01-31 01:36:54+00:00,2020-01-31 01:36:45+00:00,2.316,0002,CA-492,2-39-79-383,000005368,7.085555555555556
5e489b29f9af8b2c14967b8a,2020-01-30 18:41:12+00:00,2020-01-31 01:54:49+00:00,2020-01-31 00:35:12+00:00,4.144,0002,CA-310,2-39-126-20,000000668,7.226944444444444
5e489b29f9af8b2c14967b8b,2020-01-30 18:43:41+00:00,2020-01-31 01:37:12+00:00,2020-01-30 19:50:08+00:00,3.225,0002,CA-498,2-39-92-442,000002170,6.891944444444444
5e489b29f9af8b2c14967b8c,2020-01-30 18:50:51+00:00,2020-01-31 01:59:04+00:00,2020-01-30 20:51:25+00:00,6.412,0002,CA-312,2-39-124-22,000005594,7.1369444444444445
5e489b29f9af8b2c14967b8d,2020-01-30 19:33:59+00:00,2020-01-31 01:59:08+00:00,2020-01-30 20:13:39+00:00,1.849,0002,CA-499,2-39-91-441,000000891,6.4191666666666665
5e489b29f9af8b2c14967b8e,2020-01-30 20:11:53+00:00,2020-01-31 02:04:20+00:00,2020-01-31 01:08:45+00:00,0.897,0002,CA-493,2-39-78-361,,5.8741666666666665
5e489b29f9af8b2c14967b8f,2020-01-30 21:27:20+00:00,2020-01-31 02:49:49+00:00,2020-01-30 22:43:55+00:00,1.414,0002,CA-309,2-39-127-19,000000562,5.374722222222222
5e489b29f9af8b2c14967b90,2020-01-30 22:25:57+00:00,2020-01-30 23:17:50+00:00,2020-01-30 22:46:14+00:00,2.88,0002,CA-327,2-39-79-379,000001384,0.8647222222222222
5e489b29f9af8b2c14967b91,2020-01-31 00:10:05+00:00,2020-01-31 04:31:02+00:00,2020-01-31 03:09:35+00:00,9.272,0002,CA-306,2-39-130-31,000001920,4.349166666666667
5e489b29f9af8b2c14967b92,2020-01-31 00:56:35+00:00,2020-01-31 03:07:57+00:00,2020-01-31 01:41:57+00:00,3.891,0002,CA-317,2-39-91-437,000003123,2.1894444444444443
5e489b29f9af8b2c14967b93,2020-01-31 02:38:40+00:00,2020-01-31 06:22:15+00:00,2020-01-31 06:22:10+00:00,12.743,0002,CA-315,2-39-89-25,000001108,3.7263888888888888
5e489b29f9af8b2c14967b94,2020-01-31 04:50:49+00:00,2020-01-31 05:43:29+00:00,2020-01-31 05:43:25+00:00,2.929,0002,CA-303,2-39-139-28,000001263,0.8777777777777778
5e49ecb2f9af8b304c13b33e,2020-01-31 12:56:01+00:00,2020-01-31 14:19:42+00:00,2020-01-31 14:19:37+00:00,8.193,0002,CA-305,2-39-131-30,000000300,1.3947222222222222
5e49ecb2f9af8b304c13b33f,2020-01-31 14:49:55+00:00,2020-02-01 15:49:35+00:00,2020-01-31 18:55:11+00:00,13.5,0002,CA-492,2-39-79-383,000004913,24.994444444444444
5e49ecb2f9af8b304c13b340,2020-01-31 15:44:59+00:00,2020-02-01 01:58:57+00:00,2020-01-31 17:00:34+00:00,2.589,0002,CA-491,2-39-79-382,000004701,10.232777777777779
5e49ecb2f9af8b304c13b341,2020-01-31 15:45:53+00:00,2020-01-31 19:28:56+00:00,2020-01-31 16:30:32+00:00,4.132,0002,CA-303,2-39-139-28,000000710,3.7175
5e49ecb2f9af8b304c13b342,2020-01-31 15:47:15+00:00,2020-01-31 23:37:03+00:00,2020-01-31 20:46:29+00:00,16.403,0002,CA-323,2-39-78-366,000003853,7.83
5e49ecb2f9af8b304c13b343,2020-01-31 15:57:17+00:00,2020-01-31 21:35:43+00:00,2020-01-31 21:26:16+00:00,0.839,0002,CA-489,2-39-79-380,,5.640555555555555
5e49ecb2f9af8b304c13b344,2020-01-31 16:10:30+00:00,2020-02-01 02:22:06+00:00,2020-01-31 20:59:52+00:00,30.84,0002,CA-319,2-39-95-27,000000248,10.193333333333333
5e49ecb2f9af8b304c13b345,2020-01-31 16:16:29+00:00,2020-02-01 01:06:26+00:00,2020-01-31 22:29:00+00:00,35.559,0002,CA-495,2-39-78-364,000003449,8.8325
5e49ecb2f9af8b304c13b346,2020-01-31 16:24:44+00:00,2020-02-01 00:53:53+00:00,2020-01-31 20:56:23+00:00,15.185,0002,CA-305,2-39-131-30,000004947,8.485833333333334
5e49ecb2f9af8b304c13b347,2020-01-31 16:29:43+00:00,2020-01-31 22:00:30+00:00,2020-01-31 22:01:30+00:00,5.677,0002,CA-496,2-39-78-362,000001470,5.513055555555556
5e49ecb2f9af8b304c13b348,2020-01-31 16:51:30+00:00,2020-02-01 00:27:57+00:00,2020-01-31 17:17:10+00:00,1.53,0002,CA-327,2-39-79-379,000000751,7.6075
5e49ecb2f9af8b304c13b349,2020-01-31 16:52:49+00:00,2020-01-31 22:40:19+00:00,2020-01-31 18:36:07+00:00,5.091,0002,CA-508,2-39-128-562,000001534,5.791666666666667
5e49ecb2f9af8b304c13b34a,2020-01-31 17:09:29+00:00,2020-02-01 05:31:12+00:00,2020-01-31 19:02:23+00:00,5.537,0002,CA-309,2-39-127-19,000000567,12.361944444444445
5e49ecb2f9af8b304c13b34b,2020-01-31 17:15:18+00:00,2020-02-01 00:34:07+00:00,2020-01-31 18:57:22+00:00,3.623,0002,CA-310,2-39-126-20,000000620,7.313611111111111
5e49ecb2f9af8b304c13b34c,2020-01-31 17:19:02+00:00,2020-01-31 18:36:53+00:00,2020-01-31 18:36:39+00:00,8.597,0002,CA-312,2-39-124-22,000003038,1.2975
5e49ecb2f9af8b304c13b34d,2020-01-31 17:33:21+00:00,2020-01-31 20:36:16+00:00,2020-01-31 19:13:54+00:00,0.916,0002,CA-313,2-39-123-23,,3.048611111111111
5e49ecb2f9af8b304c13b34e,2020-01-31 17:47:39+00:00,2020-01-31 20:50:58+00:00,2020-01-31 19:44:57+00:00,6.078,0002,CA-324,2-39-79-376,000005368,3.055277777777778
5e49ecb2f9af8b304c13b34f,2020-01-31 17:47:53+00:00,2020-02-01 00:06:11+00:00,2020-01-31 19:42:37+00:00,12.026,0002,CA-314,2-39-88-24,000001912,6.305
5e49ecb2f9af8b304c13b350,2020-01-31 17:49:56+00:00,2020-02-01 05:50:26+00:00,2020-01-31 18:37:37+00:00,1.457,0002,CA-317,2-39-91-437,000000324,12.008333333333333
5e49ecb2f9af8b304c13b351,2020-01-31 17:54:40+00:00,2020-02-01 01:17:04+00:00,2020-01-31 22:06:08+00:00,20.359,0002,CA-325,2-39-79-377,000000515,7.373333333333333
5e49ecb2f9af8b304c13b352,2020-01-31 17:57:34+00:00,2020-02-01 02:09:23+00:00,2020-01-31 19:47:08+00:00,11.812,0002,CA-322,2-39-78-360,000000714,8.196944444444444
5e49ecb2f9af8b304c13b353,2020-01-31 18:03:05+00:00,2020-01-31 21:36:53+00:00,2020-01-31 21:36:48+00:00,22.067,0002,CA-499,2-39-91-441,000002972,3.5633333333333335
5e49ecb2f9af8b304c13b354,2020-01-31 18:12:54+00:00,2020-02-01 03:15:20+00:00,2020-01-31 20:11:10+00:00,10.986,0002,CA-318,2-39-92-436,000000558,9.040555555555555
5e49ecb2f9af8b304c13b355,2020-01-31 18:13:10+00:00,2020-02-01 01:48:46+00:00,2020-01-31 21:46:21+00:00,10.926,0002,CA-321,2-39-78-365,000001095,7.593333333333334
5e49ecb2f9af8b304c13b356,2020-01-31 18:24:42+00:00,2020-02-01 01:12:30+00:00,2020-02-01 00:24:40+00:00,4.164,0002,CA-315,2-39-89-25,000000668,6.796666666666667
5e49ecb2f9af8b304c13b357,2020-01-31 18:35:40+00:00,2020-02-01 00:36:34+00:00,2020-02-01 00:25:48+00:00,0.933,0002,CA-500,2-39-90-440,,6.015
5e49ecb2f9af8b304c13b358,2020-01-31 19:13:17+00:00,2020-02-01 00:36:45+00:00,2020-01-31 19:45:27+00:00,1.846,0002,CA-502,2-39-88-438,000001091,5.391111111111111
5e49ecb2f9af8b304c13b359,2020-01-31 19:18:25+00:00,2020-02-01 01:57:18+00:00,2020-01-31 20:02:17+00:00,1.821,0002,CA-308,2-39-128-18,000000891,6.648055555555556
5e49ecb2f9af8b304c13b35a,2020-01-31 19:31:03+00:00,2020-02-01 00:17:01+00:00,2020-01-31 23:47:03+00:00,22.382,0002,CA-312,2-39-124-22,000004011,4.766111111111111
5e49ecb2f9af8b304c13b35b,2020-01-31 20:27:06+00:00,2020-02-01 02:43:23+00:00,2020-01-31 22:28:40+00:00,6.524,0002,CA-501,2-39-89-439,000001124,6.271388888888889
5e49ecb2f9af8b304c13b35c,2020-01-31 21:15:56+00:00,2020-01-31 23:57:03+00:00,2020-01-31 22:26:44+00:00,2.182,0002,CA-313,2-39-123-23,000000560,2.685277777777778
5e49ecb2f9af8b304c13b35d,2020-01-31 21:19:25+00:00,2020-02-01 04:13:18+00:00,2020-02-01 04:13:06+00:00,0.751,0002,CA-303,2-39-139-28,,6.898055555555556
5e49ecb2f9af8b304c13b35e,2020-01-31 21:40:27+00:00,2020-02-01 02:17:50+00:00,2020-01-31 23:33:03+00:00,5.929,0002,CA-324,2-39-79-376,000000562,4.623055555555555
5e49ecb2f9af8b304c13b35f,2020-01-31 21:44:46+00:00,2020-02-01 00:05:07+00:00,2020-01-31 22:10:10+00:00,2.258,0002,CA-499,2-39-91-441,000001087,2.339166666666667
5e49ecb2f9af8b304c13b360,2020-01-31 22:34:02+00:00,2020-02-01 01:12:28+00:00,2020-02-01 00:08:52+00:00,0.827,0002,CA-489,2-39-79-380,,2.6405555555555558
5e49ecb2f9af8b304c13b361,2020-02-01 00:38:14+00:00,2020-02-01 02:30:44+00:00,2020-02-01 01:22:21+00:00,1.973,0002,CA-313,2-39-123-23,000001920,1.875
5e49ecb2f9af8b304c13b362,2020-02-01 02:45:42+00:00,2020-02-01 03:41:09+00:00,2020-02-01 03:16:35+00:00,0.658,0002,CA-212,2-39-83-386,,0.9241666666666667
5e49ecb2f9af8b304c13b363,2020-02-01 03:06:06+00:00,2020-02-01 03:25:52+00:00,2020-02-01 03:25:47+00:00,0.614,0002,CA-310,2-39-126-20,,0.32944444444444443
5e4b3e1ff9af8b3419ebb2c3,2020-02-01 17:25:26+00:00,2020-02-01 19:33:18+00:00,2020-02-01 19:33:14+00:00,10.575,0002,CA-304,2-39-138-29,000001085,2.131111111111111
5e4b3e1ff9af8b3419ebb2c4,2020-02-01 18:17:27+00:00,2020-02-01 19:26:49+00:00,2020-02-01 19:05:12+00:00,1.984,0002,CA-303,2-39-139-28,000000365,1.156111111111111
5e4b3e1ff9af8b3419ebb2c5,2020-02-01 19:28:05+00:00,2020-02-01 22:41:19+00:00,2020-02-01 21:50:20+00:00,7.767,0002,CA-491,2-39-79-382,000004701,3.2205555555555554
5e4b3e1ff9af8b3419ebb2c6,2020-02-01 23:26:02+00:00,2020-02-02 01:32:40+00:00,2020-02-02 00:10:25+00:00,2.063,0002,CA-309,2-39-127-19,000001920,2.1105555555555555
5e4b3e1ff9af8b3419ebb2c7,2020-02-02 01:28:04+00:00,2020-02-03 04:21:23+00:00,2020-02-02 03:25:33+00:00,5.935,0002,CA-325,2-39-79-377,000001222,26.88861111111111
5e4b3e1ff9af8b3419ebb2c8,2020-02-02 01:49:23+00:00,2020-02-02 02:01:38+00:00,2020-02-02 02:01:36+00:00,1.324,0002,CA-323,2-39-78-366,000000248,0.20416666666666666
5e4b3e1ff9af8b3419ebb2c9,2020-02-02 02:19:05+00:00,2020-02-02 06:13:10+00:00,2020-02-02 04:52:31+00:00,0.853,0002,CA-323,2-39-78-366,,3.901388888888889
5e4b3e1ff9af8b3419ebb2ca,2020-02-02 03:20:56+00:00,2020-02-02 04:04:57+00:00,2020-02-02 04:04:41+00:00,2.393,0002,CA-304,2-39-138-29,000004622,0.7336111111111111
5e4b3e1ff9af8b3419ebb2cb,2020-02-02 03:36:51+00:00,2020-02-02 22:20:39+00:00,2020-02-02 11:17:13+00:00,49.24,0002,CA-305,2-39-131-30,000000489,18.73
5e4c8f9cf9af8b37e97c7f59,2020-02-02 16:26:39+00:00,2020-02-02 18:09:18+00:00,2020-02-02 17:50:11+00:00,4.019,0002,CA-315,2-39-89-25,000000743,1.7108333333333334
5e4c8f9cf9af8b37e97c7f5a,2020-02-02 18:17:38+00:00,2020-02-02 22:52:53+00:00,2020-02-02 20:45:56+00:00,7.599,0002,CA-492,2-39-79-383,000001007,4.5875
5e4c8f9cf9af8b37e97c7f5b,2020-02-02 18:25:09+00:00,2020-02-02 21:29:49+00:00,2020-02-02 20:50:30+00:00,14.891,0002,CA-323,2-39-78-366,000000248,3.077777777777778
5e4c8f9cf9af8b37e97c7f5c,2020-02-02 18:47:25+00:00,2020-02-02 19:58:04+00:00,2020-02-02 19:17:32+00:00,0.85,0002,CA-315,2-39-89-25,,1.1775
5e4c8f9cf9af8b37e97c7f5d,2020-02-02 19:17:43+00:00,2020-02-02 21:25:36+00:00,2020-02-02 21:01:41+00:00,5.162,0002,CA-309,2-39-127-19,000004622,2.131388888888889
5e4c8f9cf9af8b37e97c7f5e,2020-02-02 20:04:54+00:00,2020-02-02 23:04:24+00:00,2020-02-02 21:25:01+00:00,7.759,0002,CA-303,2-39-139-28,000002290,2.9916666666666667
5e4c8f9cf9af8b37e97c7f5f,2020-02-02 20:27:26+00:00,2020-02-02 21:47:30+00:00,2020-02-02 21:08:52+00:00,3.144,0002,CA-304,2-39-138-29,000000798,1.3344444444444445
5e4c8f9cf9af8b37e97c7f60,2020-02-02 22:51:37+00:00,2020-02-02 23:41:08+00:00,2020-02-02 23:41:03+00:00,5.244,0002,CA-491,2-39-79-382,000004701,0.8252777777777778
5e4de120f9af8b5cdfd6b149,2020-02-03 14:54:21+00:00,2020-02-04 01:03:54+00:00,,12.521,0002,CA-492,2-39-79-383,000004913,10.159166666666666
5e4de120f9af8b5cdfd6b14a,2020-02-03 15:56:24+00:00,2020-02-03 16:25:46+00:00,,0.771,0002,CA-489,2-39-79-380,,0.48944444444444446
5e4de120f9af8b5cdfd6b14b,2020-02-03 16:05:35+00:00,2020-02-03 18:37:14+00:00,,7.17,0002,CA-491,2-39-79-382,000004701,2.5275
5e4de120f9af8b5cdfd6b14c,2020-02-03 16:13:53+00:00,2020-02-04 00:40:46+00:00,,33.393,0002,CA-323,2-39-78-366,000003853,8.448055555555555
5e4de120f9af8b5cdfd6b14d,2020-02-03 16:15:33+00:00,2020-02-04 01:41:30+00:00,,0.972,0002,CA-305,2-39-131-30,,9.4325
5e4de120f9af8b5cdfd6b14e,2020-02-03 16:21:38+00:00,2020-02-03 20:42:39+00:00,,0.884,0002,CA-306,2-39-130-31,,4.3502777777777775
5e4de120f9af8b5cdfd6b14f,2020-02-03 16:28:05+00:00,2020-02-03 20:32:59+00:00,,4.799,0002,CA-303,2-39-139-28,000000562,4.081666666666667
5e4de120f9af8b5cdfd6b150,2020-02-03 16:31:27+00:00,2020-02-03 20:10:17+00:00,,4.436,0002,CA-304,2-39-138-29,000000347,3.647222222222222
5e4de120f9af8b5cdfd6b151,2020-02-03 16:34:33+00:00,2020-02-04 02:18:02+00:00,,2.816,0002,CA-489,2-39-79-380,000000634,9.724722222222223
5e4de120f9af8b5cdfd6b152,2020-02-03 16:40:37+00:00,2020-02-04 01:29:40+00:00,,6.219,0002,CA-324,2-39-79-376,000005368,8.8175
5e4de120f9af8b5cdfd6b153,2020-02-03 16:42:39+00:00,2020-02-03 23:26:28+00:00,,18.799,0002,CA-327,2-39-79-379,000001137,6.730277777777777
5e4de120f9af8b5cdfd6b154,2020-02-03 16:43:18+00:00,2020-02-04 02:22:08+00:00,,13.745,0002,CA-495,2-39-78-364,000000069,9.647222222222222
5e4de120f9af8b5cdfd6b155,2020-02-03 16:46:18+00:00,2020-02-04 01:09:48+00:00,,2.611,0002,CA-307,2-39-129-17,000001366,8.391666666666667
5e4de120f9af8b5cdfd6b156,2020-02-03 16:56:19+00:00,2020-02-04 00:20:54+00:00,,0.807,0002,CA-499,2-39-91-441,,7.409722222222222
5e4de120f9af8b5cdfd6b157,2020-02-03 17:20:07+00:00,2020-02-03 21:30:23+00:00,,0.991,0002,CA-321,2-39-78-365,,4.171111111111111
5e4de120f9af8b5cdfd6b158,2020-02-03 17:26:01+00:00,2020-02-04 01:40:30+00:00,,4.446,0002,CA-315,2-39-89-25,000000743,8.241388888888888
5e4de120f9af8b5cdfd6b159,2020-02-03 17:26:28+00:00,2020-02-04 00:08:33+00:00,,6.188,0002,CA-502,2-39-88-438,000001912,6.701388888888889
5e4de120f9af8b5cdfd6b15a,2020-02-03 17:27:04+00:00,2020-02-04 00:31:41+00:00,,22.623,0002,CA-498,2-39-92-442,000001470,7.076944444444444
5e4de120f9af8b5cdfd6b15b,2020-02-03 17:28:43+00:00,2020-02-04 02:46:57+00:00,,7.439,0002,CA-320,2-39-78-363,000000714,9.303888888888888
5e4de120f9af8b5cdfd6b15c,2020-02-03 17:32:34+00:00,2020-02-04 01:38:11+00:00,,1.516,0002,CA-316,2-39-90-26,000000324,8.09361111111111
5e4de120f9af8b5cdfd6b15d,2020-02-03 17:33:19+00:00,2020-02-03 23:20:18+00:00,,3.342,0002,CA-317,2-39-91-437,000002461,5.783055555555555
5e4de120f9af8b5cdfd6b15e,2020-02-03 18:06:09+00:00,2020-02-04 01:15:17+00:00,,23.085,0002,CA-325,2-39-79-377,000001104,7.152222222222222
5e4de120f9af8b5cdfd6b15f,2020-02-03 18:14:51+00:00,2020-02-04 03:56:30+00:00,,11.816,0002,CA-318,2-39-92-436,000001095,9.694166666666666
5e4de120f9af8b5cdfd6b160,2020-02-03 18:21:02+00:00,2020-02-04 03:15:23+00:00,,13.444,0002,CA-494,2-39-78-367,000000558,8.905833333333334
5e4de120f9af8b5cdfd6b161,2020-02-03 18:31:46+00:00,2020-02-04 01:49:23+00:00,,4.147,0002,CA-311,2-39-125-21,000000668,7.293611111111111
5e4de120f9af8b5cdfd6b162,2020-02-03 18:42:37+00:00,2020-02-04 01:54:37+00:00,,31.745,0002,CA-496,2-39-78-362,000002961,7.2
5e4de120f9af8b5cdfd6b163,2020-02-03 19:07:05+00:00,2020-02-03 21:31:44+00:00,,0.862,0002,CA-491,2-39-79-382,,2.410833333333333
5e4de120f9af8b5cdfd6b164,2020-02-03 19:30:30+00:00,2020-02-04 00:48:00+00:00,,0.855,0002,CA-500,2-39-90-440,,5.291666666666667
5e4de120f9af8b5cdfd6b165,2020-02-03 20:01:24+00:00,2020-02-04 00:41:39+00:00,,14.405,0002,CA-313,2-39-123-23,000001534,4.670833333333333
5e4de120f9af8b5cdfd6b166,2020-02-03 20:31:17+00:00,2020-02-04 01:51:52+00:00,,34.375,0002,CA-309,2-39-127-19,000000710,5.343055555555556
5e4de120f9af8b5cdfd6b167,2020-02-03 20:46:13+00:00,2020-02-03 22:19:45+00:00,,0.885,0002,CA-304,2-39-138-29,,1.558888888888889
5e4de120f9af8b5cdfd6b168,2020-02-03 20:49:49+00:00,2020-02-04 01:15:00+00:00,,0.867,0002,CA-326,2-39-79-378,,4.419722222222222
5e4de120f9af8b5cdfd6b169,2020-02-03 21:08:20+00:00,2020-02-04 01:07:08+00:00,,1.035,0002,CA-314,2-39-88-24,,3.98
5e4de120f9af8b5cdfd6b16a,2020-02-03 21:19:11+00:00,2020-02-03 22:41:44+00:00,,4.434,0002,CA-310,2-39-126-20,000001236,1.3758333333333332
5e4de120f9af8b5cdfd6b16b,2020-02-03 21:19:25+00:00,2020-02-04 01:59:12+00:00,,6.605,0002,CA-312,2-39-124-22,000001124,4.663055555555555
5e4de120f9af8b5cdfd6b16c,2020-02-03 21:42:49+00:00,2020-02-04 00:36:17+00:00,,0.841,0002,CA-509,2-39-129-563,,2.891111111111111
5e4de120f9af8b5cdfd6b16d,2020-02-04 00:57:23+00:00,2020-02-04 02:08:22+00:00,,7.671,0002,CA-322,2-39-78-360,000005855,1.1830555555555555
5e4de120f9af8b5cdfd6b16e,2020-02-04 01:30:51+00:00,2020-02-04 03:03:31+00:00,,0.875,0002,CA-306,2-39-130-31,,1.5444444444444445
5e4de120f9af8b5cdfd6b16f,2020-02-04 02:28:14+00:00,2020-02-04 21:58:10+00:00,,1.491,0002,CA-492,2-39-79-383,000004913,19.49888888888889
5e4de120f9af8b5cdfd6b170,2020-02-04 04:04:05+00:00,2020-02-06 00:33:28+00:00,,15.067,0002,CA-309,2-39-127-19,000006025,44.48972222222222
5e4f32a1f9af8b6104b5569d,2020-02-04 16:07:09+00:00,2020-02-05 00:43:50+00:00,,1.623,0002,CA-489,2-39-79-380,,8.61138888888889
5e4f32a1f9af8b6104b5569e,2020-02-04 16:12:34+00:00,2020-02-04 21:15:36+00:00,,5.334,0002,CA-325,2-39-79-377,000002461,5.0505555555555555
5e4f32a1f9af8b6104b5569f,2020-02-04 16:14:02+00:00,2020-02-05 01:35:12+00:00,,15.547,0002,CA-305,2-39-131-30,000004947,9.352777777777778
5e4f32a1f9af8b6104b556a0,2020-02-04 16:14:05+00:00,2020-02-05 00:38:33+00:00,,4.387,0002,CA-303,2-39-139-28,000001564,8.407777777777778
5e4f32a1f9af8b6104b556a1,2020-02-04 16:21:56+00:00,2020-02-05 01:36:39+00:00,,0.875,0002,CA-323,2-39-78-366,,9.245277777777778
5e4f32a1f9af8b6104b556a2,2020-02-04 16:35:43+00:00,2020-02-04 16:44:38+00:00,,0.743,0002,CA-493,2-39-78-361,000001470,0.1486111111111111
5e4f32a1f9af8b6104b556a3,2020-02-04 16:38:45+00:00,2020-02-04 20:31:27+00:00,,0.956,0002,CA-304,2-39-138-29,000001366,3.8783333333333334
5e4f32a1f9af8b6104b556a4,2020-02-04 16:47:12+00:00,2020-02-04 17:29:50+00:00,,0.82,0002,CA-311,2-39-125-21,,0.7105555555555556
5e4f32a1f9af8b6104b556a5,2020-02-04 16:50:30+00:00,2020-02-05 00:30:00+00:00,,11.407,0002,CA-321,2-39-78-365,000001137,7.658333333333333
5e4f32a1f9af8b6104b556a6,2020-02-04 16:56:47+00:00,2020-02-05 02:15:35+00:00,,14.335,0002,CA-498,2-39-92-442,000000564,9.313333333333333
5e4f32a1f9af8b6104b556a7,2020-02-04 16:57:07+00:00,2020-02-05 03:00:49+00:00,,5.442,0002,CA-502,2-39-88-438,000001534,10.061666666666667
5e4f32a1f9af8b6104b556a8,2020-02-04 17:01:58+00:00,2020-02-04 19:33:42+00:00,,14.128,0002,CA-493,2-39-78-361,000001470,2.528888888888889
5e4f32a1f9af8b6104b556a9,2020-02-04 17:02:10+00:00,2020-02-05 04:51:58+00:00,,5.598,0002,CA-501,2-39-89-439,000001222,11.83
5e4f32a1f9af8b6104b556aa,2020-02-04 17:03:56+00:00,2020-02-05 05:58:48+00:00,,13.454,0002,CA-324,2-39-79-376,000001274,12.914444444444445
5e4f32a1f9af8b6104b556ab,2020-02-04 17:04:41+00:00,2020-02-05 01:52:32+00:00,,23.481,0002,CA-317,2-39-91-437,000000431,8.7975
5e4f32a1f9af8b6104b556ac,2020-02-04 17:07:57+00:00,2020-02-05 01:52:27+00:00,,5.242,0002,CA-313,2-39-123-23,000000712,8.741666666666667
5e4f32a1f9af8b6104b556ad,2020-02-04 17:08:16+00:00,2020-02-04 20:06:00+00:00,,4.997,0002,CA-315,2-39-89-25,000000562,2.962222222222222
5e4f32a1f9af8b6104b556ae,2020-02-04 17:17:50+00:00,2020-02-04 21:36:33+00:00,,4.672,0002,CA-500,2-39-90-440,000000743,4.311944444444444
5e4f32a1f9af8b6104b556af,2020-02-04 17:24:49+00:00,2020-02-05 00:04:40+00:00,,13.234,0002,CA-312,2-39-124-22,000001912,6.664166666666667
5e4f32a1f9af8b6104b556b0,2020-02-04 17:36:50+00:00,2020-02-05 01:52:37+00:00,,7.784,0002,CA-320,2-39-78-363,000000714,8.263055555555555
5e4f32a1f9af8b6104b556b1,2020-02-04 17:48:59+00:00,2020-02-04 20:06:19+00:00,,0.669,0002,CA-314,2-39-88-24,,2.2888888888888888
5e4f32a1f9af8b6104b556b2,2020-02-04 17:59:13+00:00,2020-02-05 03:08:29+00:00,,11.289,0002,CA-318,2-39-92-436,000000558,9.154444444444444
5e4f32a1f9af8b6104b556b3,2020-02-04 18:23:21+00:00,2020-02-05 01:27:48+00:00,,12.951,0002,CA-494,2-39-78-367,000001095,7.074166666666667
5e4f32a1f9af8b6104b556b4,2020-02-04 18:31:15+00:00,2020-02-04 20:02:21+00:00,,0.892,0002,CA-319,2-39-95-27,,1.5183333333333333
5e4f32a1f9af8b6104b556b5,2020-02-04 18:41:39+00:00,2020-02-05 01:15:12+00:00,,10.846,0002,CA-316,2-39-90-26,000000620,6.559166666666667
5e4f32a1f9af8b6104b556b6,2020-02-04 18:50:42+00:00,2020-02-05 02:28:40+00:00,,6.313,0002,CA-497,2-39-95-444,000005594,7.632777777777778
5e4f32a1f9af8b6104b556b7,2020-02-04 18:55:52+00:00,2020-02-05 04:46:23+00:00,,1.883,0002,CA-311,2-39-125-21,000000324,9.841944444444444
5e4f32a1f9af8b6104b556b8,2020-02-04 19:00:29+00:00,2020-02-05 02:34:22+00:00,,4.061,0002,CA-491,2-39-79-382,000002170,7.564722222222223
5e4f32a1f9af8b6104b556b9,2020-02-04 19:03:00+00:00,2020-02-05 02:35:03+00:00,,1.216,0002,CA-495,2-39-78-364,000003577,7.534166666666667
5e4f32a1f9af8b6104b556ba,2020-02-04 19:16:29+00:00,2020-02-04 23:26:55+00:00,,4.087,0002,CA-499,2-39-91-441,000003270,4.1738888888888885
5e4f32a1f9af8b6104b556bb,2020-02-04 19:29:21+00:00,2020-02-05 00:59:52+00:00,,22.386,0002,CA-496,2-39-78-362,000004011,5.508611111111111
5e4f32a1f9af8b6104b556bc,2020-02-04 20:25:28+00:00,2020-02-04 21:42:59+00:00,,0.865,0002,CA-319,2-39-95-27,,1.2919444444444443
5e4f32a1f9af8b6104b556bd,2020-02-04 21:06:05+00:00,2020-02-05 02:41:07+00:00,,1.013,0002,CA-315,2-39-89-25,000000562,5.583888888888889
5e4f32a1f9af8b6104b556be,2020-02-04 21:23:52+00:00,2020-02-05 02:46:01+00:00,,6.493,0002,CA-325,2-39-79-377,000001124,5.369166666666667
5e4f32a1f9af8b6104b556bf,2020-02-04 21:43:57+00:00,2020-02-04 22:24:33+00:00,,0.854,0002,CA-319,2-39-95-27,,0.6766666666666666
5e4f32a1f9af8b6104b556c0,2020-02-04 21:47:11+00:00,2020-02-05 02:50:49+00:00,,12.221,0002,CA-500,2-39-90-440,000000069,5.060555555555555
5e4f32a1f9af8b6104b556c1,2020-02-04 22:09:43+00:00,2020-02-05 02:54:42+00:00,,5.394,0002,CA-492,2-39-79-383,000000515,4.749722222222222
5e4f32a1f9af8b6104b556c2,2020-02-04 22:24:56+00:00,2020-02-05 00:06:36+00:00,,0.857,0002,CA-319,2-39-95-27,,1.6944444444444444
5e4f32a1f9af8b6104b556c3,2020-02-04 23:31:42+00:00,2020-02-05 01:47:24+00:00,,14.165,0002,CA-499,2-39-91-441,000001104,2.2616666666666667
5e4f32a1f9af8b6104b556c4,2020-02-05 00:30:32+00:00,2020-02-05 02:16:05+00:00,,5.622,0002,CA-312,2-39-124-22,000001920,1.7591666666666668
5e4f32a1f9af8b6104b556c5,2020-02-05 01:49:13+00:00,2020-02-05 02:50:06+00:00,,1.495,0002,CA-303,2-39-139-28,000000365,1.0147222222222223
5e4f32a1f9af8b6104b556c6,2020-02-05 02:47:34+00:00,2020-02-05 03:26:47+00:00,,0.869,0002,CA-306,2-39-130-31,,0.6536111111111111
5e4f32a1f9af8b6104b556c7,2020-02-05 04:26:37+00:00,2020-02-05 05:44:20+00:00,,0.869,0002,CA-321,2-39-78-365,,1.2952777777777778
5e508420f9af8b64d037c4f8,2020-02-05 14:25:51+00:00,2020-02-05 15:40:55+00:00,,4.036,0002,CA-315,2-39-89-25,000000743,1.251111111111111
5e508420f9af8b64d037c4f9,2020-02-05 14:46:00+00:00,2020-02-06 22:08:16+00:00,,11.492,0002,CA-492,2-39-79-383,000004913,31.371111111111112
5e508420f9af8b64d037c4fa,2020-02-05 15:56:14+00:00,2020-02-05 20:05:53+00:00,,4.197,0002,CA-305,2-39-131-30,000000347,4.160833333333334
5e508420f9af8b64d037c4fb,2020-02-05 15:59:51+00:00,2020-02-05 21:16:17+00:00,,0.966,0002,CA-489,2-39-79-380,,5.273888888888889
5e508420f9af8b64d037c4fc,2020-02-05 16:27:09+00:00,2020-02-06 01:19:09+00:00,,29.042,0002,CA-323,2-39-78-366,000003853,8.866666666666667
5e508420f9af8b64d037c4fd,2020-02-05 16:27:30+00:00,2020-02-06 00:24:28+00:00,,2.383,0002,CA-325,2-39-79-377,000000751,7.9494444444444445
5e508420f9af8b64d037c4fe,2020-02-05 16:33:07+00:00,2020-02-05 19:58:18+00:00,,6.184,0002,CA-303,2-39-139-28,000000562,3.419722222222222
5e508420f9af8b64d037c4ff,2020-02-05 16:48:44+00:00,2020-02-05 23:52:37+00:00,,13.039,0002,CA-326,2-39-79-378,000000945,7.064722222222223
5e508420f9af8b64d037c500,2020-02-05 16:52:18+00:00,2020-02-06 01:36:41+00:00,,0.975,0002,CA-502,2-39-88-438,,8.739722222222222
5e508420f9af8b64d037c501,2020-02-05 16:57:54+00:00,2020-02-05 20:31:57+00:00,,0.995,0002,CA-310,2-39-126-20,000001366,3.5675
5e508420f9af8b64d037c502,2020-02-05 16:58:01+00:00,2020-02-06 01:54:47+00:00,,23.825,0002,CA-490,2-39-79-381,000001104,8.946111111111112
5e508420f9af8b64d037c503,2020-02-05 17:00:37+00:00,2020-02-06 01:56:57+00:00,,6.352,0002,CA-320,2-39-78-363,000000714,8.938888888888888
5e508420f9af8b64d037c504,2020-02-05 17:01:42+00:00,2020-02-05 22:45:06+00:00,,3.47,0002,CA-491,2-39-79-382,000004701,5.723333333333334
5e508420f9af8b64d037c505,2020-02-05 17:04:31+00:00,2020-02-06 01:22:06+00:00,,5.498,0002,CA-315,2-39-89-25,000000743,8.293055555555556
5e508420f9af8b64d037c506,2020-02-05 17:09:58+00:00,2020-02-06 04:51:05+00:00,,2.174,0002,CA-316,2-39-90-26,000000324,11.685277777777777
5e508420f9af8b64d037c507,2020-02-05 17:27:18+00:00,2020-02-06 01:32:48+00:00,,6.442,0002,CA-321,2-39-78-365,000005368,8.091666666666667
5e508420f9af8b64d037c508,2020-02-05 17:27:48+00:00,2020-02-06 00:06:04+00:00,,13.09,0002,CA-311,2-39-125-21,000001912,6.637777777777778
5e508420f9af8b64d037c509,2020-02-05 17:31:36+00:00,2020-02-05 18:41:49+00:00,,3.296,0002,CA-317,2-39-91-437,000004758,1.1702777777777778
5e508420f9af8b64d037c50a,2020-02-05 17:35:15+00:00,2020-02-06 01:00:05+00:00,,12.048,0002,CA-312,2-39-124-22,000001364,7.413888888888889
5e508420f9af8b64d037c50b,2020-02-05 18:01:47+00:00,2020-02-05 18:55:11+00:00,,5.55,0002,CA-314,2-39-88-24,000002461,0.89
5e508420f9af8b64d037c50c,2020-02-05 18:08:20+00:00,2020-02-06 02:07:20+00:00,,11.683,0002,CA-318,2-39-92-436,000001095,7.983333333333333
5e508420f9af8b64d037c50d,2020-02-05 18:13:55+00:00,2020-02-06 02:01:56+00:00,,1.98,0002,CA-319,2-39-95-27,000000891,7.800277777777778
5e508420f9af8b64d037c50e,2020-02-05 18:16:37+00:00,2020-02-06 03:13:48+00:00,,11.957,0002,CA-324,2-39-79-376,000000558,8.953055555555556
5e508420f9af8b64d037c50f,2020-02-05 18:25:38+00:00,2020-02-05 19:17:12+00:00,,2.749,0002,CA-313,2-39-123-23,000002170,0.8594444444444445
5e508420f9af8b64d037c510,2020-02-05 18:54:33+00:00,2020-02-05 19:59:31+00:00,,4.138,0002,CA-317,2-39-91-437,000000668,1.0827777777777778
5e508420f9af8b64d037c511,2020-02-05 19:10:05+00:00,2020-02-06 03:06:43+00:00,,6.674,0002,CA-500,2-39-90-440,000000515,7.943888888888889
5e508420f9af8b64d037c512,2020-02-05 19:34:31+00:00,2020-02-06 03:05:04+00:00,,37.709,0002,CA-314,2-39-88-24,000003270,7.509166666666666
5e508420f9af8b64d037c513,2020-02-05 19:47:25+00:00,2020-02-05 20:59:27+00:00,,3.58,0002,CA-313,2-39-123-23,000000798,1.2005555555555556
5e508420f9af8b64d037c514,2020-02-05 19:48:00+00:00,2020-02-06 01:06:49+00:00,,23.717,0002,CA-499,2-39-91-441,000000832,5.313611111111111
5e508420f9af8b64d037c515,2020-02-05 19:50:00+00:00,2020-02-05 21:39:56+00:00,,6.386,0002,CA-327,2-39-79-379,000000311,1.8322222222222222
5e508420f9af8b64d037c516,2020-02-05 20:00:23+00:00,2020-02-06 01:41:35+00:00,,0.975,0002,CA-303,2-39-139-28,,5.6866666666666665
5e508420f9af8b64d037c517,2020-02-05 20:02:51+00:00,2020-02-06 02:25:25+00:00,,36.478,0002,CA-498,2-39-92-442,000000564,6.376111111111111
5e508420f9af8b64d037c518,2020-02-05 20:22:07+00:00,2020-02-06 03:31:23+00:00,,6.491,0002,CA-317,2-39-91-437,000001124,7.154444444444445
5e508420f9af8b64d037c519,2020-02-05 20:41:48+00:00,2020-02-06 01:33:52+00:00,,8.403,0002,CA-310,2-39-126-20,000001001,4.8677777777777775
5e508420f9af8b64d037c51a,2020-02-05 21:08:05+00:00,2020-02-06 01:04:12+00:00,,11.667,0002,CA-509,2-39-129-563,000001470,3.935277777777778
5e508420f9af8b64d037c51b,2020-02-05 21:09:09+00:00,2020-02-05 23:48:54+00:00,,14.91,0002,CA-493,2-39-78-361,000001087,2.6625
5e508420f9af8b64d037c51c,2020-02-06 00:42:03+00:00,2020-02-06 02:44:20+00:00,,5.292,0002,CA-322,2-39-78-360,000002244,2.0380555555555557
5e508420f9af8b64d037c51d,2020-02-06 02:30:58+00:00,2020-02-06 04:29:19+00:00,,7.029,0002,CA-307,2-39-129-17,000001564,1.9725
5e508420f9af8b64d037c51e,2020-02-06 02:35:26+00:00,2020-02-06 03:49:15+00:00,,4.106,0002,CA-309,2-39-127-19,000001524,1.2302777777777778
5e508420f9af8b64d037c51f,2020-02-06 03:18:08+00:00,2020-02-06 04:21:59+00:00,,2.216,0002,CA-303,2-39-139-28,000001539,1.0641666666666667
5e508420f9af8b64d037c520,2020-02-06 04:54:26+00:00,2020-02-06 06:10:14+00:00,,4.146,0002,CA-308,2-39-128-18,000004622,1.2633333333333334
5e51d59ff9af8b68ac24a00e,2020-02-06 15:49:44+00:00,2020-02-07 00:53:56+00:00,,0.869,0002,CA-323,2-39-78-366,,9.07
5e51d59ff9af8b68ac24a00f,2020-02-06 15:53:31+00:00,2020-02-06 22:44:04+00:00,,6.392,0002,CA-491,2-39-79-382,000004701,6.8425
5e51d59ff9af8b68ac24a010,2020-02-06 16:27:27+00:00,2020-02-06 23:30:56+00:00,,13.42,0002,CA-496,2-39-78-362,000000945,7.058055555555556
5e51d59ff9af8b68ac24a011,2020-02-06 16:30:31+00:00,2020-02-06 23:02:49+00:00,,8.857,0002,CA-311,2-39-125-21,000001153,6.538333333333333
5e51d59ff9af8b68ac24a012,2020-02-06 16:30:42+00:00,2020-02-06 23:08:11+00:00,,14.9,0002,CA-325,2-39-79-377,000000068,6.624722222222222
5e51d59ff9af8b68ac24a013,2020-02-06 16:34:17+00:00,2020-02-06 18:45:50+00:00,,1.002,0002,CA-304,2-39-138-29,000001366,2.1925
5e51d59ff9af8b68ac24a014,2020-02-06 16:35:03+00:00,2020-02-07 00:44:57+00:00,,8.942,0002,CA-499,2-39-91-441,000001470,8.165
5e51d59ff9af8b68ac24a015,2020-02-06 16:35:31+00:00,2020-02-07 01:22:59+00:00,,8.134,0002,CA-326,2-39-79-378,000000751,8.79111111111111
5e51d59ff9af8b68ac24a016,2020-02-06 16:38:52+00:00,2020-02-07 01:33:49+00:00,,7.551,0002,CA-317,2-39-91-437,000000431,8.915833333333333
5e51d59ff9af8b68ac24a017,2020-02-06 16:41:03+00:00,2020-02-06 22:54:58+00:00,,7.924,0002,CA-501,2-39-89-439,000002275,6.231944444444444
5e51d59ff9af8b68ac24a018,2020-02-06 16:44:08+00:00,2020-02-07 02:53:58+00:00,,0.954,0002,CA-309,2-39-127-19,,10.16388888888889
5e51d59ff9af8b68ac24a019,2020-02-06 16:55:56+00:00,2020-02-07 01:57:46+00:00,,22.75,0002,CA-489,2-39-79-380,000001104,9.030555555555555
5e51d59ff9af8b68ac24a01a,2020-02-06 17:08:27+00:00,2020-02-07 02:06:05+00:00,,0.925,0002,CA-500,2-39-90-440,,8.960555555555555
5e51d59ff9af8b68ac24a01b,2020-02-06 17:10:02+00:00,2020-02-07 03:16:45+00:00,,3.873,0002,CA-315,2-39-89-25,000000567,10.111944444444445
5e51d59ff9af8b68ac24a01c,2020-02-06 17:12:44+00:00,2020-02-07 00:29:24+00:00,,11.893,0002,CA-321,2-39-78-365,000003977,7.277777777777778
5e51d59ff9af8b68ac24a01d,2020-02-06 17:13:10+00:00,2020-02-07 01:57:25+00:00,,5.541,0002,CA-497,2-39-95-444,000000743,8.7375
5e51d59ff9af8b68ac24a01e,2020-02-06 17:17:20+00:00,2020-02-06 23:15:33+00:00,,12.224,0002,CA-313,2-39-123-23,000002170,5.970277777777778
5e51d59ff9af8b68ac24a01f,2020-02-06 17:32:44+00:00,2020-02-07 04:59:16+00:00,,1.565,0002,CA-318,2-39-92-436,000000324,11.442222222222222
5e51d59ff9af8b68ac24a020,2020-02-06 17:34:59+00:00,2020-02-07 01:11:00+00:00,,7.97,0002,CA-316,2-39-90-26,000000620,7.6002777777777775
5e51d59ff9af8b68ac24a021,2020-02-06 17:35:50+00:00,2020-02-07 00:40:47+00:00,,20.564,0002,CA-495,2-39-78-364,000001137,7.0825
5e51d59ff9af8b68ac24a022,2020-02-06 17:38:36+00:00,2020-02-07 00:04:35+00:00,,13.081,0002,CA-314,2-39-88-24,000001912,6.433055555555556
5e51d59ff9af8b68ac24a023,2020-02-06 18:15:02+00:00,2020-02-06 21:40:54+00:00,,1.373,0002,CA-320,2-39-78-363,,3.431111111111111
5e51d59ff9af8b68ac24a024,2020-02-06 18:26:16+00:00,2020-02-06 21:25:21+00:00,,0.917,0002,CA-494,2-39-78-367,,2.984722222222222
5e51d59ff9af8b68ac24a025,2020-02-06 21:25:55+00:00,2020-02-07 01:23:09+00:00,,0.909,0002,CA-494,2-39-78-367,,3.953888888888889
5e51d59ff9af8b68ac24a026,2020-02-06 21:28:44+00:00,2020-02-07 02:32:57+00:00,,6.601,0002,CA-310,2-39-126-20,000001124,5.070277777777778
5e51d59ff9af8b68ac24a027,2020-02-06 21:58:19+00:00,2020-02-07 01:43:22+00:00,,0.833,0002,CA-320,2-39-78-363,,3.7508333333333335
5e51d59ff9af8b68ac24a028,2020-02-06 22:29:33+00:00,2020-02-06 23:53:05+00:00,,1.069,0002,CA-492,2-39-79-383,000001236,1.3922222222222222
5e51d59ff9af8b68ac24a029,2020-02-06 23:16:28+00:00,2020-02-07 02:17:24+00:00,,1.233,0002,CA-313,2-39-123-23,000002170,3.0155555555555558
5e51d59ff9af8b68ac24a02a,2020-02-07 01:37:15+00:00,2020-02-07 02:24:56+00:00,,2.555,0002,CA-304,2-39-138-29,000001366,0.7947222222222222
5e51d59ff9af8b68ac24a02b,2020-02-07 01:58:02+00:00,2020-02-07 03:18:46+00:00,,3.902,0002,CA-305,2-39-131-30,000003123,1.3455555555555556
5e51d59ff9af8b68ac24a02c,2020-02-07 01:58:11+00:00,2020-02-07 02:04:45+00:00,,0.668,0002,CA-303,2-39-139-28,000000067,0.10944444444444444
5e51d59ff9af8b68ac24a02d,2020-02-07 02:07:16+00:00,2020-02-07 06:06:55+00:00,,25.921,0002,CA-306,2-39-130-31,000000067,3.9941666666666666
5e51d59ff9af8b68ac24a02e,2020-02-07 02:17:57+00:00,2020-02-07 03:33:09+00:00,,0.898,0002,CA-303,2-39-139-28,,1.2533333333333334
5e51d59ff9af8b68ac24a02f,2020-02-07 04:26:10+00:00,2020-02-07 05:49:07+00:00,,4.525,0002,CA-303,2-39-139-28,000001263,1.3825
5e51d59ff9af8b68ac24a030,2020-02-07 05:33:57+00:00,2020-02-07 06:30:23+00:00,,2.975,0002,CA-310,2-39-126-20,000004622,0.9405555555555556
5e53271ff9af8b6cadce9b66,2020-02-07 08:18:00+00:00,2020-02-07 09:27:49+00:00,,0.902,0002,CA-319,2-39-95-27,,1.1636111111111112
5e53271ff9af8b6cadce9b67,2020-02-07 09:28:12+00:00,2020-02-07 15:18:04+00:00,,0.881,0002,CA-320,2-39-78-363,,5.831111111111111
5e53271ff9af8b6cadce9b68,2020-02-07 14:43:33+00:00,2020-02-07 22:12:20+00:00,,13.141,0002,CA-492,2-39-79-383,000004913,7.479722222222223
5e53271ff9af8b6cadce9b69,2020-02-07 14:52:53+00:00,2020-02-08 00:59:21+00:00,,3.503,0002,CA-315,2-39-89-25,000000743,10.107777777777779
5e53271ff9af8b6cadce9b6a,2020-02-07 15:54:51+00:00,2020-02-08 00:58:08+00:00,,4.206,0002,CA-305,2-39-131-30,000000347,9.054722222222223
5e53271ff9af8b6cadce9b6b,2020-02-07 16:05:40+00:00,2020-02-08 01:38:46+00:00,,3.292,0002,CA-491,2-39-79-382,000004701,9.551666666666666
5e53271ff9af8b6cadce9b6c,2020-02-07 16:06:40+00:00,2020-02-07 17:29:44+00:00,,0.788,0002,CA-489,2-39-79-380,,1.3844444444444444
5e53271ff9af8b6cadce9b6d,2020-02-07 16:13:24+00:00,2020-02-07 22:10:13+00:00,,5.062,0002,CA-306,2-39-130-31,000001564,5.946944444444444
5e53271ff9af8b6cadce9b6e,2020-02-07 16:16:19+00:00,2020-02-08 01:38:07+00:00,,34.528,0002,CA-490,2-39-79-381,000003424,9.363333333333333
5e53271ff9af8b6cadce9b6f,2020-02-07 16:19:42+00:00,2020-02-07 19:59:52+00:00,,24.17,0002,CA-497,2-39-95-444,000003449,3.6694444444444443
5e53271ff9af8b6cadce9b70,2020-02-07 16:21:37+00:00,2020-02-08 01:25:10+00:00,,6.86,0002,CA-309,2-39-127-19,000004947,9.059166666666666
5e53271ff9af8b6cadce9b71,2020-02-07 16:31:57+00:00,2020-02-08 02:07:05+00:00,,1.958,0002,CA-327,2-39-79-379,000000751,9.585555555555555
5e53271ff9af8b6cadce9b72,2020-02-07 16:33:16+00:00,2020-02-08 01:43:11+00:00,,17.31,0002,CA-323,2-39-78-366,000003853,9.165277777777778
5e53271ff9af8b6cadce9b73,2020-02-07 16:37:21+00:00,2020-02-08 01:08:40+00:00,,6.373,0002,CA-499,2-39-91-441,000005594,8.521944444444445
5e53271ff9af8b6cadce9b74,2020-02-07 16:41:35+00:00,2020-02-07 19:31:04+00:00,,5.375,0002,CA-496,2-39-78-362,000001470,2.8247222222222224
5e53271ff9af8b6cadce9b75,2020-02-07 16:44:17+00:00,2020-02-07 19:55:11+00:00,,4.946,0002,CA-307,2-39-129-17,000000562,3.1816666666666666
5e53271ff9af8b6cadce9b76,2020-02-07 16:45:38+00:00,2020-02-08 01:22:12+00:00,,8.511,0002,CA-311,2-39-125-21,000000712,8.609444444444444
5e53271ff9af8b6cadce9b77,2020-02-07 16:55:29+00:00,2020-02-07 20:45:02+00:00,,3.469,0002,CA-320,2-39-78-363,000006097,3.825833333333333
5e53271ff9af8b6cadce9b78,2020-02-07 16:56:38+00:00,2020-02-08 05:30:33+00:00,2020-02-08 05:29:37+00:00,2.033,0002,CA-316,2-39-90-26,000000324,12.565277777777778
5e53271ff9af8b6cadce9b79,2020-02-07 17:07:08+00:00,2020-02-08 01:20:23+00:00,,4.415,0002,CA-310,2-39-126-20,000001366,8.220833333333333
5e53271ff9af8b6cadce9b7a,2020-02-07 17:08:00+00:00,2020-02-08 02:23:27+00:00,,3.915,0002,CA-313,2-39-123-23,000000567,9.2575
5e53271ff9af8b6cadce9b7b,2020-02-07 17:29:12+00:00,2020-02-08 00:08:51+00:00,,13.331,0002,CA-312,2-39-124-22,000001912,6.660833333333334
5e53271ff9af8b6cadce9b7c,2020-02-07 17:42:42+00:00,2020-02-08 02:20:54+00:00,,0.978,0002,CA-324,2-39-79-376,,8.636666666666667
5e53271ff9af8b6cadce9b7d,2020-02-07 17:43:07+00:00,2020-02-08 00:21:23+00:00,,10.693,0002,CA-325,2-39-79-377,000002461,6.637777777777778
5e53271ff9af8b6cadce9b7e,2020-02-07 17:50:03+00:00,2020-02-08 04:36:07+00:00,,15.208,0002,CA-495,2-39-78-364,000000671,10.767777777777777
5e53271ff9af8b6cadce9b7f,2020-02-07 17:55:58+00:00,2020-02-07 19:19:26+00:00,,8.836,0002,CA-317,2-39-91-437,000001039,1.3911111111111112
5e53271ff9af8b6cadce9b80,2020-02-07 17:58:01+00:00,2020-02-07 23:52:50+00:00,,7.139,0002,CA-321,2-39-78-365,000000515,5.913611111111111
5e53271ff9af8b6cadce9b81,2020-02-07 18:06:09+00:00,2020-02-08 01:19:22+00:00,,0.962,0002,CA-319,2-39-95-27,,7.220277777777778
5e53271ff9af8b6cadce9b82,2020-02-07 18:06:11+00:00,2020-02-07 21:29:40+00:00,,0.767,0002,CA-501,2-39-89-439,,3.391388888888889
5e53271ff9af8b6cadce9b83,2020-02-07 18:18:18+00:00,2020-02-07 21:22:00+00:00,,6.358,0002,CA-494,2-39-78-367,000005368,3.0616666666666665
5e53271ff9af8b6cadce9b84,2020-02-07 18:18:52+00:00,2020-02-08 03:16:47+00:00,,14.007,0002,CA-489,2-39-79-380,000000558,8.965277777777779
5e53271ff9af8b6cadce9b85,2020-02-07 18:23:47+00:00,2020-02-08 01:52:42+00:00,,14.705,0002,CA-498,2-39-92-442,000000714,7.481944444444444
5e53271ff9af8b6cadce9b86,2020-02-07 18:24:35+00:00,2020-02-07 20:46:19+00:00,,5.638,0002,CA-503,2-39-123-557,000000798,2.362222222222222
5e53271ff9af8b6cadce9b87,2020-02-07 18:26:20+00:00,2020-02-07 23:47:19+00:00,,5.881,0002,CA-500,2-39-90-440,000001222,5.349722222222222
5e53271ff9af8b6cadce9b88,2020-02-07 20:27:10+00:00,2020-02-08 02:26:22+00:00,,6.62,0002,CA-307,2-39-129-17,000001124,5.986666666666666
5e53271ff9af8b6cadce9b89,2020-02-07 21:30:31+00:00,2020-02-07 21:53:53+00:00,,2.021,0002,CA-494,2-39-78-367,000006105,0.3894444444444444
5e53271ff9af8b6cadce9b8a,2020-02-07 22:09:08+00:00,2020-02-08 01:09:10+00:00,,19.849,0002,CA-501,2-39-89-439,000001087,3.0005555555555556
5e53271ff9af8b6cadce9b8b,2020-02-07 22:18:18+00:00,2020-02-08 03:48:52+00:00,,35.658,0002,CA-492,2-39-79-383,000002743,5.509444444444444
5e53271ff9af8b6cadce9b8c,2020-02-08 01:05:19+00:00,2020-02-08 02:19:16+00:00,,0.846,0002,CA-317,2-39-91-437,,1.2325
5e5478a1f9af8b6ed9f635ad,2020-02-08 08:23:48+00:00,2020-02-08 20:31:11+00:00,2020-02-08 10:45:03+00:00,13.897,0002,CA-492,2-39-79-383,000003267,12.123055555555556
5e5478a1f9af8b6ed9f635ae,2020-02-08 17:54:08+00:00,2020-02-08 19:22:51+00:00,2020-02-08 19:22:47+00:00,9.878,0002,CA-303,2-39-139-28,000000248,1.478611111111111
5e5478a1f9af8b6ed9f635af,2020-02-08 18:06:04+00:00,2020-02-08 19:00:40+00:00,2020-02-08 18:43:38+00:00,1.435,0002,CA-305,2-39-131-30,000000365,0.91
5e5478a1f9af8b6ed9f635b0,2020-02-08 20:30:57+00:00,2020-02-08 21:53:43+00:00,2020-02-08 21:24:28+00:00,4.443,0002,CA-303,2-39-139-28,000000798,1.3794444444444445
5e5478a1f9af8b6ed9f635b1,2020-02-08 20:33:20+00:00,2020-02-08 22:01:28+00:00,2020-02-08 22:01:23+00:00,4.699,0002,CA-305,2-39-131-30,000001236,1.468888888888889
5e5478a1f9af8b6ed9f635b2,2020-02-08 20:33:21+00:00,2020-02-09 00:38:20+00:00,2020-02-09 00:38:14+00:00,13.932,0002,CA-317,2-39-91-437,000001108,4.083055555555555
5e5478a1f9af8b6ed9f635b3,2020-02-09 02:07:33+00:00,2020-02-09 03:57:26+00:00,2020-02-09 03:57:22+00:00,5.6,0002,CA-309,2-39-127-19,000004622,1.831388888888889
5e5478a1f9af8b6ed9f635b4,2020-02-09 03:45:48+00:00,2020-02-09 04:02:41+00:00,2020-02-09 04:02:38+00:00,1.224,0002,CA-494,2-39-78-367,000003267,0.2813888888888889
5e5478a1f9af8b6ed9f635b5,2020-02-09 04:20:09+00:00,2020-02-10 01:03:58+00:00,2020-02-09 14:51:50+00:00,0.912,0002,CA-494,2-39-78-367,,20.73027777777778
5e5478a1f9af8b6ed9f635b6,2020-02-09 05:26:14+00:00,2020-02-09 18:39:14+00:00,2020-02-09 11:43:41+00:00,40.713,0002,CA-303,2-39-139-28,000000489,13.216666666666667
5e5478a1f9af8b6ed9f635b7,2020-02-09 06:05:04+00:00,2020-02-09 09:50:41+00:00,2020-02-09 09:50:33+00:00,24.842,0002,CA-492,2-39-79-383,000001470,3.7602777777777776
5e55ca1ef9af8b760613c5bb,2020-02-09 17:40:04+00:00,2020-02-09 19:16:05+00:00,2020-02-09 19:08:32+00:00,4.306,0002,CA-315,2-39-89-25,000000743,1.6002777777777777
5e55ca1ef9af8b760613c5bc,2020-02-09 19:08:31+00:00,2020-02-09 20:35:31+00:00,2020-02-09 20:33:41+00:00,4.613,0002,CA-303,2-39-139-28,000001236,1.45
5e55ca1ef9af8b760613c5bd,2020-02-09 19:23:22+00:00,2020-02-09 20:44:36+00:00,2020-02-09 20:43:41+00:00,4.422,0002,CA-305,2-39-131-30,000005758,1.353888888888889
5e55ca1ef9af8b760613c5be,2020-02-09 20:15:00+00:00,2020-02-09 21:39:31+00:00,2020-02-09 20:43:42+00:00,4.735,0002,CA-317,2-39-91-437,000001108,1.408611111111111
5e55ca1ef9af8b760613c5bf,2020-02-09 20:37:38+00:00,2020-02-09 23:00:36+00:00,2020-02-09 21:58:40+00:00,8.702,0002,CA-316,2-39-90-26,000000364,2.3827777777777777
5e55ca1ef9af8b760613c5c0,2020-02-09 21:26:43+00:00,2020-02-10 00:41:19+00:00,2020-02-09 23:14:48+00:00,8.978817222222224,0002,CA-303,2-39-139-28,000000710,3.243333333333333
5e55ca1ef9af8b760613c5c1,2020-02-09 21:36:42+00:00,2020-02-09 22:30:48+00:00,2020-02-09 21:58:41+00:00,5.23,0002,CA-305,2-39-131-30,000001938,0.9016666666666666
5e55ca1ef9af8b760613c5c2,2020-02-09 22:31:47+00:00,2020-02-10 03:46:10+00:00,2020-02-09 23:14:48+00:00,7.893,0002,CA-306,2-39-130-31,000004521,5.239722222222222
5e55ca1ef9af8b760613c5c3,2020-02-09 22:32:08+00:00,2020-02-10 00:43:45+00:00,2020-02-09 23:12:03+00:00,0.791,0002,CA-309,2-39-127-19,000001920,2.193611111111111
5e55ca1ef9af8b760613c5c4,2020-02-09 22:46:08+00:00,2020-02-11 23:27:54+00:00,2020-02-10 00:49:25+00:00,12.627,0002,CA-492,2-39-79-383,000004913,48.69611111111111
5e55ca1ef9af8b760613c5c5,2020-02-10 00:46:34+00:00,2020-02-10 02:58:58+00:00,2020-02-10 00:49:27+00:00,0.865,0002,CA-303,2-39-139-28,,2.2066666666666666
5e55ca1ef9af8b760613c5c6,2020-02-10 03:17:55+00:00,2020-02-10 04:10:46+00:00,2020-02-10 03:35:34+00:00,2.621,0002,CA-311,2-39-125-21,000004622,0.8808333333333334
5e571bacf9af8b7a25458752,2020-02-10 14:10:37+00:00,2020-02-10 15:19:45+00:00,,3.538,0002,CA-315,2-39-89-25,000000743,1.1522222222222223
5e571bacf9af8b7a25458753,2020-02-10 15:46:46+00:00,2020-02-11 00:02:58+00:00,2020-02-10 19:21:27+00:00,1.108,0002,CA-491,2-39-79-382,,8.27
5e571bacf9af8b7a25458754,2020-02-10 15:50:14+00:00,2020-02-11 01:44:07+00:00,2020-02-11 01:04:06+00:00,53.925,0002,CA-323,2-39-78-366,000003853,9.898055555555555
5e571bacf9af8b7a25458755,2020-02-10 15:57:38+00:00,2020-02-10 16:24:29+00:00,,0.717,0002,CA-489,2-39-79-380,,0.4475
5e571bacf9af8b7a25458756,2020-02-10 16:48:55+00:00,2020-02-11 01:35:39+00:00,2020-02-10 19:26:17+00:00,6.113,0002,CA-327,2-39-79-379,000005368,8.778888888888888
5e571bacf9af8b7a25458757,2020-02-10 16:54:30+00:00,2020-02-11 02:01:20+00:00,2020-02-10 20:44:30+00:00,23.362,0002,CA-325,2-39-79-377,000001104,9.113888888888889
5e571bacf9af8b7a25458758,2020-02-10 17:02:21+00:00,2020-02-11 05:03:22+00:00,2020-02-10 19:21:27+00:00,4.441,0002,CA-315,2-39-89-25,000000743,12.016944444444444
5e571bacf9af8b7a25458759,2020-02-10 17:13:41+00:00,2020-02-11 03:41:42+00:00,2020-02-10 19:21:29+00:00,4.263,0002,CA-307,2-39-129-17,000000567,10.466944444444444
5e571bacf9af8b7a2545875a,2020-02-10 17:13:53+00:00,2020-02-11 02:07:15+00:00,2020-02-10 19:21:29+00:00,5.946,0002,CA-319,2-39-95-27,000000891,8.889444444444445
5e571bacf9af8b7a2545875b,2020-02-10 17:32:16+00:00,2020-02-11 01:07:09+00:00,2020-02-11 00:18:49+00:00,9.891,0002,CA-502,2-39-88-438,000001534,7.581388888888889
5e571bacf9af8b7a2545875c,2020-02-10 17:36:51+00:00,2020-02-11 00:08:06+00:00,2020-02-10 19:21:28+00:00,4.375,0002,CA-309,2-39-127-19,000001912,6.520833333333333
5e571bacf9af8b7a2545875d,2020-02-10 17:37:15+00:00,2020-02-11 01:24:44+00:00,2020-02-11 01:25:44+00:00,27.234,0002,CA-496,2-39-78-362,000002961,7.791388888888889
5e571bacf9af8b7a2545875e,2020-02-10 17:38:12+00:00,2020-02-11 01:14:59+00:00,2020-02-10 21:24:01+00:00,10.768,0002,CA-321,2-39-78-365,000000677,7.6130555555555555
5e571bacf9af8b7a2545875f,2020-02-10 17:48:01+00:00,2020-02-10 21:06:30+00:00,2020-02-10 19:21:28+00:00,2.838,0002,CA-311,2-39-125-21,000001366,3.3080555555555557
5e571bacf9af8b7a25458760,2020-02-10 17:58:37+00:00,2020-02-10 19:07:03+00:00,,7.401,0002,CA-312,2-39-124-22,000001626,1.1405555555555555
5e571bacf9af8b7a25458761,2020-02-10 18:04:58+00:00,2020-02-11 02:32:20+00:00,2020-02-11 02:32:15+00:00,3.348,0002,CA-489,2-39-79-380,,8.456111111111111
5e571bacf9af8b7a25458762,2020-02-10 18:33:58+00:00,2020-02-11 03:09:48+00:00,2020-02-10 20:52:19+00:00,14.005,0002,CA-316,2-39-90-26,000000558,8.597222222222221
5e571bacf9af8b7a25458763,2020-02-10 18:38:30+00:00,2020-02-11 02:18:38+00:00,2020-02-11 02:13:51+00:00,1.029,0002,CA-324,2-39-79-376,,7.668888888888889
5e571bacf9af8b7a25458764,2020-02-10 18:57:58+00:00,2020-02-10 21:42:25+00:00,2020-02-10 19:45:37+00:00,4.133,0002,CA-313,2-39-123-23,000000668,2.7408333333333332
5e571bacf9af8b7a25458765,2020-02-10 19:07:24+00:00,2020-02-11 01:37:02+00:00,2020-02-11 01:36:59+00:00,15.896,0002,CA-322,2-39-78-360,000004947,6.493888888888889
5e571bacf9af8b7a25458766,2020-02-10 19:09:42+00:00,2020-02-11 03:01:01+00:00,2020-02-10 20:50:23+00:00,5.123,0002,CA-310,2-39-126-20,000002170,7.855277777777777
5e571bacf9af8b7a25458767,2020-02-10 19:31:58+00:00,2020-02-11 01:14:23+00:00,2020-02-11 01:10:56+00:00,0.945,0002,CA-320,2-39-78-363,,5.706944444444445
5e571bacf9af8b7a25458768,2020-02-10 19:54:57+00:00,2020-02-10 20:59:11+00:00,2020-02-10 20:23:27+00:00,1.813,0002,CA-306,2-39-130-31,000000798,1.0705555555555555
5e571bacf9af8b7a25458769,2020-02-10 20:21:26+00:00,2020-02-11 02:51:07+00:00,2020-02-10 22:18:41+00:00,6.355,0002,CA-318,2-39-92-436,000001124,6.494722222222222
5e571bacf9af8b7a2545876a,2020-02-10 20:42:37+00:00,2020-02-11 01:03:10+00:00,2020-02-11 01:02:12+00:00,7.168,0002,CA-494,2-39-78-367,000002291,4.3425
5e571bacf9af8b7a2545876b,2020-02-10 21:08:09+00:00,2020-02-11 03:01:22+00:00,2020-02-10 22:49:01+00:00,5.456,0002,CA-498,2-39-92-442,000000515,5.8869444444444445
5e571bacf9af8b7a2545876c,2020-02-10 21:47:05+00:00,2020-02-11 04:49:12+00:00,2020-02-10 22:59:31+00:00,2.352,0002,CA-317,2-39-91-437,000001082,7.035277777777778
5e571bacf9af8b7a2545876d,2020-02-10 21:53:55+00:00,2020-02-10 22:29:42+00:00,2020-02-10 22:24:10+00:00,0.839,0002,CA-313,2-39-123-23,,0.5963888888888889
5e571bacf9af8b7a2545876e,2020-02-10 22:41:24+00:00,2020-02-11 01:24:32+00:00,2020-02-10 23:28:20+00:00,4.295,0002,CA-313,2-39-123-23,000000710,2.718888888888889
5e571bacf9af8b7a2545876f,2020-02-10 22:46:49+00:00,2020-02-11 00:04:23+00:00,2020-02-11 00:05:21+00:00,0.88,0002,CA-312,2-39-124-22,,1.2927777777777778
5e571bacf9af8b7a25458770,2020-02-11 00:04:27+00:00,2020-02-11 02:20:40+00:00,2020-02-11 00:35:26+00:00,0.877,0002,CA-312,2-39-124-22,,2.270277777777778
5e571bacf9af8b7a25458771,2020-02-11 00:59:54+00:00,2020-02-11 03:07:55+00:00,2020-02-11 01:31:09+00:00,0.884,0002,CA-306,2-39-130-31,,2.133611111111111
5e571bacf9af8b7a25458772,2020-02-11 05:46:22+00:00,2020-02-11 14:03:53+00:00,2020-02-11 12:10:46+00:00,41.061,0002,CA-303,2-39-139-28,000000489,8.291944444444445
5e586d33f9af8b7dded9fe16,2020-02-11 15:43:17+00:00,2020-02-12 01:12:19+00:00,2020-02-11 18:13:45+00:00,8.077,0002,CA-305,2-39-131-30,000000620,9.483888888888888
5e586d33f9af8b7dded9fe17,2020-02-11 15:54:51+00:00,2020-02-12 00:55:55+00:00,2020-02-12 00:43:57+00:00,0.902,0002,CA-489,2-39-79-380,,9.017777777777777
5e586d33f9af8b7dded9fe18,2020-02-11 16:11:06+00:00,2020-02-12 01:35:26+00:00,2020-02-11 23:11:42+00:00,0.877,0002,CA-323,2-39-78-366,,9.405555555555555
5e586d33f9af8b7dded9fe19,2020-02-11 16:16:27+00:00,2020-02-11 22:46:18+00:00,2020-02-11 21:27:17+00:00,8.138,0002,CA-491,2-39-79-382,000004701,6.4975
5e586d33f9af8b7dded9fe1a,2020-02-11 16:21:18+00:00,2020-02-12 00:11:02+00:00,2020-02-11 17:46:37+00:00,3.937,0002,CA-308,2-39-128-18,000001564,7.828888888888889
5e586d33f9af8b7dded9fe1b,2020-02-11 16:26:39+00:00,2020-02-12 01:14:08+00:00,2020-02-11 21:26:16+00:00,17.028,0002,CA-326,2-39-79-378,000000832,8.79138888888889
5e586d33f9af8b7dded9fe1c,2020-02-11 16:28:29+00:00,2020-02-12 01:44:03+00:00,2020-02-11 20:39:41+00:00,22.74,0002,CA-317,2-39-91-437,000000431,9.259444444444444
5e586d33f9af8b7dded9fe1d,2020-02-11 16:30:27+00:00,2020-02-12 01:42:20+00:00,2020-02-12 01:32:40+00:00,13.381,0002,CA-321,2-39-78-365,000000945,9.198055555555555
5e586d33f9af8b7dded9fe1e,2020-02-11 16:30:42+00:00,2020-02-11 22:06:50+00:00,2020-02-11 20:30:10+00:00,23.345,0002,CA-325,2-39-79-377,000001104,5.602222222222222
5e586d33f9af8b7dded9fe1f,2020-02-11 16:31:17+00:00,2020-02-12 00:25:40+00:00,2020-02-12 00:03:35+00:00,24.821,0002,CA-494,2-39-78-367,000001470,7.9063888888888885
5e586d33f9af8b7dded9fe20,2020-02-11 16:35:36+00:00,2020-02-12 00:30:50+00:00,2020-02-11 17:21:22+00:00,2.864,0002,CA-324,2-39-79-376,000000751,7.920555555555556
5e586d33f9af8b7dded9fe21,2020-02-11 16:40:41+00:00,2020-02-12 01:27:37+00:00,2020-02-11 18:33:15+00:00,10.657,0002,CA-313,2-39-123-23,000001153,8.782222222222222
5e586d33f9af8b7dded9fe22,2020-02-11 16:47:24+00:00,2020-02-11 22:10:32+00:00,2020-02-11 21:49:55+00:00,0.747,0002,CA-311,2-39-125-21,,5.385555555555555
5e586d33f9af8b7dded9fe23,2020-02-11 17:07:51+00:00,2020-02-12 02:07:39+00:00,2020-02-11 22:18:02+00:00,4.539,0002,CA-499,2-39-91-441,000000564,8.996666666666666
5e586d33f9af8b7dded9fe24,2020-02-11 17:08:23+00:00,2020-02-12 02:47:33+00:00,2020-02-11 18:20:22+00:00,3.783,0002,CA-315,2-39-89-25,000000567,9.652777777777779
5e586d33f9af8b7dded9fe25,2020-02-11 17:09:18+00:00,2020-02-12 01:38:27+00:00,2020-02-11 18:32:54+00:00,3.991,0002,CA-501,2-39-89-439,000000743,8.485833333333334
5e586d33f9af8b7dded9fe26,2020-02-11 17:09:54+00:00,2020-02-11 19:50:30+00:00,2020-02-11 19:51:30+00:00,0.926,0002,CA-322,2-39-78-360,,2.6766666666666667
5e586d33f9af8b7dded9fe27,2020-02-11 17:15:58+00:00,2020-02-12 03:10:40+00:00,2020-02-11 19:10:53+00:00,10.743,0002,CA-318,2-39-92-436,000000558,9.911666666666667
5e586d33f9af8b7dded9fe28,2020-02-11 17:23:56+00:00,2020-02-12 00:34:13+00:00,2020-02-12 00:35:12+00:00,24.807,0002,CA-496,2-39-78-362,000001137,7.171388888888889
5e586d33f9af8b7dded9fe29,2020-02-11 17:29:26+00:00,2020-02-11 23:17:20+00:00,2020-02-11 20:05:36+00:00,12.612,0002,CA-498,2-39-92-442,000000068,5.798333333333333
5e586d33f9af8b7dded9fe2a,2020-02-11 17:37:13+00:00,2020-02-11 21:54:32+00:00,2020-02-11 21:18:32+00:00,3.436,0002,CA-500,2-39-90-440,000002149,4.288611111111111
5e586d33f9af8b7dded9fe2b,2020-02-11 17:45:16+00:00,2020-02-11 22:22:22+00:00,2020-02-11 22:18:56+00:00,0.917,0002,CA-314,2-39-88-24,,4.618333333333333
5e586d33f9af8b7dded9fe2c,2020-02-11 17:48:14+00:00,2020-02-12 02:35:03+00:00,2020-02-11 20:13:30+00:00,15.549,0002,CA-316,2-39-90-26,000000714,8.780277777777778
5e586d33f9af8b7dded9fe2d,2020-02-11 18:05:29+00:00,2020-02-12 03:03:02+00:00,2020-02-11 20:53:12+00:00,12.029,0002,CA-312,2-39-124-22,000000958,8.959166666666667
5e586d33f9af8b7dded9fe2e,2020-02-11 20:06:33+00:00,2020-02-12 01:59:07+00:00,2020-02-12 00:03:34+00:00,24.72,0002,CA-307,2-39-129-17,000000067,5.876111111111111
5e586d33f9af8b7dded9fe2f,2020-02-11 20:24:53+00:00,2020-02-11 23:54:55+00:00,2020-02-11 21:31:44+00:00,1.87,0002,CA-303,2-39-139-28,000000560,3.5005555555555556
5e586d33f9af8b7dded9fe30,2020-02-11 20:27:11+00:00,2020-02-12 02:47:55+00:00,2020-02-11 22:26:23+00:00,6.467,0002,CA-497,2-39-95-444,000001124,6.345555555555555
5e586d33f9af8b7dded9fe31,2020-02-11 21:07:17+00:00,2020-02-11 22:42:24+00:00,2020-02-11 22:17:57+00:00,0.927,0002,CA-310,2-39-126-20,,1.5852777777777778
5e586d33f9af8b7dded9fe32,2020-02-11 21:27:51+00:00,2020-02-11 23:57:20+00:00,2020-02-11 23:42:05+00:00,6.003,0002,CA-510,2-39-130-564,000001093,2.491388888888889
5e586d33f9af8b7dded9fe33,2020-02-11 22:42:00+00:00,2020-02-12 05:29:08+00:00,2020-02-11 23:52:20+00:00,2.342,0002,CA-314,2-39-88-24,000001082,6.785555555555556
5e586d33f9af8b7dded9fe34,2020-02-11 22:47:14+00:00,2020-02-12 02:16:09+00:00,2020-02-12 02:16:04+00:00,6.472,0002,CA-325,2-39-79-377,000002149,3.4819444444444443
5e586d33f9af8b7dded9fe35,2020-02-11 23:05:33+00:00,2020-02-12 00:41:46+00:00,2020-02-12 00:41:41+00:00,10.586,0002,CA-491,2-39-79-382,000001039,1.603611111111111
5e586d33f9af8b7dded9fe36,2020-02-11 23:08:24+00:00,2020-02-12 02:53:25+00:00,2020-02-12 02:53:21+00:00,24.894,0002,CA-310,2-39-126-20,000003270,3.750277777777778
5e586d33f9af8b7dded9fe37,2020-02-11 23:19:39+00:00,2020-02-12 02:37:16+00:00,2020-02-12 01:31:50+00:00,6.445,0002,CA-311,2-39-125-21,000005594,3.2936111111111113
5e586d33f9af8b7dded9fe38,2020-02-11 23:52:22+00:00,2020-02-12 01:57:56+00:00,2020-02-12 01:17:33+00:00,0.867,0002,CA-304,2-39-138-29,,2.0927777777777776
5e586d33f9af8b7dded9fe39,2020-02-12 00:28:58+00:00,2020-02-12 01:13:26+00:00,2020-02-12 01:13:21+00:00,2.389,0002,CA-308,2-39-128-18,000001366,0.7411111111111112
5e586d33f9af8b7dded9fe3a,2020-02-12 01:12:40+00:00,2020-02-12 01:34:01+00:00,2020-02-12 01:33:53+00:00,1.084,0002,CA-324,2-39-79-376,000005368,0.35583333333333333
5e586d33f9af8b7dded9fe3b,2020-02-12 01:18:53+00:00,2020-02-12 02:38:45+00:00,2020-02-12 02:38:40+00:00,4.378,0002,CA-308,2-39-128-18,000000365,1.3311111111111111
5e586d33f9af8b7dded9fe3c,2020-02-12 01:33:01+00:00,2020-02-12 04:41:46+00:00,2020-02-12 03:48:06+00:00,6.282,0002,CA-489,2-39-79-380,000001458,3.1458333333333335
5e586d33f9af8b7dded9fe3d,2020-02-12 02:55:52+00:00,2020-02-12 03:06:10+00:00,2020-02-12 03:06:02+00:00,1.106,0002,CA-303,2-39-139-28,000000675,0.17166666666666666
5e586d33f9af8b7dded9fe3e,2020-02-12 03:29:57+00:00,2020-02-12 04:35:06+00:00,2020-02-12 04:35:02+00:00,7.245,0002,CA-303,2-39-139-28,000000675,1.0858333333333334
5e586d33f9af8b7dded9fe3f,2020-02-12 04:25:05+00:00,2020-02-12 05:57:18+00:00,2020-02-12 05:57:09+00:00,5.115,0002,CA-305,2-39-131-30,000001263,1.5369444444444444
5e59beb8f9af8b02edd8835b,2020-02-12 14:59:21+00:00,2020-02-13 23:13:50+00:00,2020-02-13 00:36:20+00:00,1.316,0002,CA-492,2-39-79-383,,32.24138888888889
5e59beb8f9af8b02edd8835c,2020-02-12 15:49:20+00:00,2020-02-12 18:10:51+00:00,2020-02-12 18:11:50+00:00,0.804,0002,CA-489,2-39-79-380,,2.358611111111111
5e59beb8f9af8b02edd8835d,2020-02-12 15:50:42+00:00,2020-02-12 22:32:11+00:00,2020-02-12 17:16:19+00:00,2.805,0002,CA-491,2-39-79-382,000004701,6.691388888888889
5e59beb8f9af8b02edd8835e,2020-02-12 16:10:10+00:00,2020-02-13 01:54:38+00:00,2020-02-12 19:17:51+00:00,12.215,0002,CA-490,2-39-79-381,000001458,9.741111111111111
5e59beb8f9af8b02edd8835f,2020-02-12 16:23:32+00:00,2020-02-13 06:20:41+00:00,2020-02-12 17:29:44+00:00,2.127,0002,CA-318,2-39-92-436,000000324,13.9525
5e59beb8f9af8b02edd88360,2020-02-12 16:28:05+00:00,2020-02-13 00:33:00+00:00,2020-02-12 22:43:29+00:00,15.393,0002,CA-495,2-39-78-364,000000671,8.081944444444444
5e59beb8f9af8b02edd88361,2020-02-12 16:30:07+00:00,2020-02-13 01:30:07+00:00,2020-02-13 00:58:27+00:00,11.966,0002,CA-305,2-39-131-30,000000559,9.0
5e59beb8f9af8b02edd88362,2020-02-12 16:30:57+00:00,2020-02-13 02:17:12+00:00,2020-02-12 17:50:46+00:00,4.404,0002,CA-506,2-39-126-560,000001534,9.770833333333334
5e59beb8f9af8b02edd88363,2020-02-12 16:34:11+00:00,2020-02-12 22:58:04+00:00,2020-02-12 18:46:47+00:00,12.876,0002,CA-498,2-39-92-442,000000068,6.398055555555556
5e59beb8f9af8b02edd88364,2020-02-12 16:36:54+00:00,2020-02-13 02:38:14+00:00,2020-02-12 19:35:04+00:00,9.479,0002,CA-311,2-39-125-21,000000712,10.022222222222222
5e59beb8f9af8b02edd88365,2020-02-12 16:37:10+00:00,2020-02-13 01:00:28+00:00,2020-02-12 17:01:55+00:00,0.852,0002,CA-309,2-39-127-19,000001366,8.388333333333334
5e59beb8f9af8b02edd88366,2020-02-12 16:38:07+00:00,2020-02-12 23:32:54+00:00,2020-02-12 23:33:51+00:00,10.859,0002,CA-496,2-39-78-362,000001470,6.913055555555555
5e59beb8f9af8b02edd88367,2020-02-12 16:42:05+00:00,2020-02-13 02:40:40+00:00,2020-02-12 19:51:24+00:00,13.593,0002,CA-323,2-39-78-366,000000945,9.97638888888889
5e59beb8f9af8b02edd88368,2020-02-12 16:43:35+00:00,2020-02-13 01:49:49+00:00,2020-02-13 00:57:32+00:00,1.904,0002,CA-326,2-39-79-378,,9.10388888888889
5e59beb8f9af8b02edd88369,2020-02-12 16:55:21+00:00,2020-02-13 00:40:36+00:00,2020-02-12 20:48:45+00:00,23.598,0002,CA-324,2-39-79-376,000001104,7.754166666666666
5e59beb8f9af8b02edd8836a,2020-02-12 17:08:45+00:00,2020-02-13 00:38:23+00:00,2020-02-12 19:17:01+00:00,6.513,0002,CA-321,2-39-78-365,000005368,7.493888888888889
5e59beb8f9af8b02edd8836b,2020-02-12 17:10:05+00:00,2020-02-13 01:03:33+00:00,2020-02-12 19:51:11+00:00,8.21,0002,CA-315,2-39-89-25,000001364,7.891111111111111
5e59beb8f9af8b02edd8836c,2020-02-12 17:11:12+00:00,2020-02-12 20:42:06+00:00,2020-02-12 17:55:35+00:00,4.345,0002,CA-312,2-39-124-22,000001912,3.515
5e59beb8f9af8b02edd8836d,2020-02-12 17:13:38+00:00,2020-02-12 20:03:42+00:00,2020-02-12 19:54:36+00:00,4.496,0002,CA-494,2-39-78-367,000000564,2.8344444444444443
5e59beb8f9af8b02edd8836e,2020-02-12 17:13:51+00:00,2020-02-13 05:04:49+00:00,2020-02-12 18:40:52+00:00,4.092,0002,CA-501,2-39-89-439,000000743,11.849444444444444
5e59beb8f9af8b02edd8836f,2020-02-12 17:13:55+00:00,2020-02-13 03:09:57+00:00,2020-02-12 18:33:12+00:00,4.11,0002,CA-313,2-39-123-23,000000567,9.93388888888889
5e59beb8f9af8b02edd88370,2020-02-12 17:24:34+00:00,2020-02-12 23:54:47+00:00,2020-02-12 22:50:28+00:00,15.799,0002,CA-322,2-39-78-360,000003853,6.503611111111111
5e59beb8f9af8b02edd88371,2020-02-12 17:29:34+00:00,2020-02-12 23:48:44+00:00,2020-02-12 22:41:28+00:00,0.969,0002,CA-319,2-39-95-27,,6.319444444444445
5e59beb8f9af8b02edd88372,2020-02-12 17:33:15+00:00,2020-02-13 02:56:13+00:00,2020-02-13 02:56:12+00:00,8.762,0002,CA-320,2-39-78-363,000000714,9.382777777777777
5e59beb8f9af8b02edd88373,2020-02-12 17:44:50+00:00,2020-02-13 01:56:54+00:00,2020-02-12 19:45:36+00:00,5.899,0002,CA-500,2-39-90-440,000001222,8.20111111111111
5e59beb8f9af8b02edd88374,2020-02-12 17:45:40+00:00,2020-02-13 04:30:13+00:00,2020-02-12 19:42:17+00:00,11.631,0002,CA-317,2-39-91-437,000000558,10.7425
5e59beb8f9af8b02edd88375,2020-02-12 18:03:14+00:00,2020-02-13 00:25:27+00:00,2020-02-12 18:38:36+00:00,2.183,0002,CA-316,2-39-90-26,000000751,6.370277777777778
5e59beb8f9af8b02edd88376,2020-02-12 18:11:27+00:00,2020-02-12 21:35:55+00:00,2020-02-12 18:42:22+00:00,0.786,0002,CA-489,2-39-79-380,,3.4077777777777776
5e59beb8f9af8b02edd88377,2020-02-12 18:18:33+00:00,2020-02-12 22:44:10+00:00,2020-02-12 19:53:03+00:00,9.696,0002,CA-314,2-39-88-24,000001087,4.426944444444445
5e59beb8f9af8b02edd88378,2020-02-12 18:24:37+00:00,2020-02-13 01:32:32+00:00,2020-02-12 19:50:39+00:00,9.063,0002,CA-310,2-39-126-20,000002961,7.131944444444445
5e59beb8f9af8b02edd88379,2020-02-12 18:54:02+00:00,2020-02-13 02:53:49+00:00,2020-02-12 21:07:33+00:00,6.566,0002,CA-503,2-39-123-557,000002170,7.996388888888889
5e59beb8f9af8b02edd8837a,2020-02-12 19:19:42+00:00,2020-02-13 04:27:51+00:00,2020-02-12 20:37:00+00:00,2.522,0002,CA-508,2-39-128-562,000001082,9.135833333333334
5e59beb8f9af8b02edd8837b,2020-02-12 20:21:18+00:00,2020-02-13 02:06:46+00:00,2020-02-13 01:29:50+00:00,0.882,0002,CA-494,2-39-78-367,,5.757777777777778
5e59beb8f9af8b02edd8837c,2020-02-12 20:47:52+00:00,2020-02-13 01:26:09+00:00,2020-02-12 22:29:56+00:00,4.782,0002,CA-312,2-39-124-22,000000891,4.638055555555556
5e59beb8f9af8b02edd8837d,2020-02-12 21:59:25+00:00,2020-02-13 01:07:19+00:00,2020-02-13 00:59:06+00:00,0.771,0002,CA-489,2-39-79-380,,3.131666666666667
5e59beb8f9af8b02edd8837e,2020-02-12 23:09:18+00:00,2020-02-13 00:02:42+00:00,2020-02-12 23:56:08+00:00,4.126,0002,CA-498,2-39-92-442,000000668,0.89
5e59beb8f9af8b02edd8837f,2020-02-12 23:38:48+00:00,2020-02-13 01:59:06+00:00,2020-02-13 01:59:01+00:00,15.603,0002,CA-314,2-39-88-24,000003270,2.3383333333333334
5e59beb8f9af8b02edd88380,2020-02-12 23:54:31+00:00,2020-02-13 01:24:21+00:00,2020-02-13 01:24:13+00:00,4.84,0002,CA-319,2-39-95-27,000001920,1.4972222222222222
5e59beb8f9af8b02edd88381,2020-02-12 23:56:44+00:00,2020-02-13 01:07:58+00:00,2020-02-13 01:07:55+00:00,5.882,0002,CA-322,2-39-78-360,000005855,1.1872222222222222
5e59beb8f9af8b02edd88382,2020-02-13 01:11:14+00:00,2020-02-13 01:33:28+00:00,2020-02-13 01:32:59+00:00,1.181,0002,CA-322,2-39-78-360,000005368,0.3705555555555556
5e59beb8f9af8b02edd88383,2020-02-13 02:46:34+00:00,2020-02-13 04:34:52+00:00,2020-02-13 04:32:37+00:00,6.676,0002,CA-305,2-39-131-30,000001564,1.805
5e5b1034f9af8b06c4b621e0,2020-02-13 15:43:55+00:00,2020-02-13 22:57:08+00:00,2020-02-13 19:12:38+00:00,13.374,0002,CA-489,2-39-79-380,000001458,7.220277777777778
5e5b1034f9af8b06c4b621e1,2020-02-13 15:50:28+00:00,2020-02-13 23:00:28+00:00,2020-02-13 17:24:31+00:00,3.307,0002,CA-491,2-39-79-382,000004701,7.166666666666667
5e5b1034f9af8b06c4b621e2,2020-02-13 15:54:27+00:00,2020-02-13 21:20:12+00:00,2020-02-13 20:19:39+00:00,0.812,0002,CA-490,2-39-79-381,,5.429166666666666
5e5b1034f9af8b06c4b621e3,2020-02-13 16:12:28+00:00,2020-02-14 02:37:07+00:00,2020-02-13 17:29:22+00:00,3.732,0002,CA-325,2-39-79-377,000002170,10.410833333333333
5e5b1034f9af8b06c4b621e4,2020-02-13 16:15:52+00:00,2020-02-13 23:28:57+00:00,2020-02-13 23:05:35+00:00,6.203,0002,CA-320,2-39-78-363,000004947,7.218055555555556
5e5b1034f9af8b06c4b621e5,2020-02-13 16:18:29+00:00,2020-02-13 17:09:43+00:00,2020-02-13 17:09:39+00:00,5.563,0002,CA-323,2-39-78-366,000003853,0.8538888888888889
5e5b1034f9af8b06c4b621e6,2020-02-13 16:25:16+00:00,2020-02-14 02:47:26+00:00,2020-02-14 02:27:51+00:00,1.041,0002,CA-327,2-39-79-379,,10.369444444444444
5e5b1034f9af8b06c4b621e7,2020-02-13 16:28:43+00:00,2020-02-14 01:21:38+00:00,2020-02-13 18:14:04+00:00,11.341,0002,CA-498,2-39-92-442,000001470,8.881944444444445
5e5b1034f9af8b06c4b621e8,2020-02-13 16:41:33+00:00,2020-02-13 21:55:33+00:00,2020-02-13 18:00:28+00:00,3.358,0002,CA-305,2-39-131-30,000001366,5.233333333333333
5e5b1034f9af8b06c4b621e9,2020-02-13 16:41:51+00:00,2020-02-14 00:52:21+00:00,2020-02-13 21:06:04+00:00,23.815,0002,CA-326,2-39-79-378,000001104,8.175
5e5b1034f9af8b06c4b621ea,2020-02-13 16:43:39+00:00,2020-02-14 01:04:26+00:00,2020-02-13 19:21:40+00:00,5.488,0002,CA-324,2-39-79-376,000001864,8.346388888888889
5e5b1034f9af8b06c4b621eb,2020-02-13 16:45:06+00:00,2020-02-14 00:56:57+00:00,2020-02-13 18:33:00+00:00,9.742,0002,CA-317,2-39-91-437,000000431,8.1975
5e5b1034f9af8b06c4b621ec,2020-02-13 16:49:43+00:00,2020-02-14 02:30:28+00:00,2020-02-13 18:13:44+00:00,4.618,0002,CA-309,2-39-127-19,000000712,9.679166666666667
5e5b1034f9af8b06c4b621ed,2020-02-13 16:54:40+00:00,2020-02-14 01:08:46+00:00,2020-02-13 20:30:56+00:00,8.517,0002,CA-310,2-39-126-20,000000620,8.235
5e5b1034f9af8b06c4b621ee,2020-02-13 16:55:57+00:00,2020-02-14 00:32:31+00:00,2020-02-13 20:35:23+00:00,16.717,0002,CA-321,2-39-78-365,000001137,7.609444444444445
5e5b1034f9af8b06c4b621ef,2020-02-13 16:59:58+00:00,2020-02-13 21:15:00+00:00,2020-02-13 21:14:56+00:00,14.489,0002,CA-500,2-39-90-440,000003556,4.250555555555556
5e5b1034f9af8b06c4b621f0,2020-02-13 17:09:52+00:00,2020-02-14 01:25:33+00:00,2020-02-13 19:04:24+00:00,5.832,0002,CA-319,2-39-95-27,000005368,8.261388888888888
5e5b1034f9af8b06c4b621f1,2020-02-13 17:10:03+00:00,2020-02-14 03:14:06+00:00,2020-02-13 19:07:32+00:00,11.788,0002,CA-502,2-39-88-438,000000558,10.0675
5e5b1034f9af8b06c4b621f2,2020-02-13 17:12:38+00:00,2020-02-14 01:46:18+00:00,2020-02-13 19:02:03+00:00,4.233,0002,CA-315,2-39-89-25,000000743,8.561111111111112
5e5b1034f9af8b06c4b621f3,2020-02-13 17:35:27+00:00,2020-02-14 00:50:20+00:00,2020-02-13 20:34:42+00:00,17.273,0002,CA-323,2-39-78-366,000000832,7.248055555555555
5e5b1034f9af8b06c4b621f4,2020-02-13 17:41:41+00:00,2020-02-13 23:22:34+00:00,2020-02-13 20:07:33+00:00,10.818,0002,CA-318,2-39-92-436,000002461,5.681388888888889
5e5b1034f9af8b06c4b621f5,2020-02-13 17:50:05+00:00,2020-02-14 00:39:51+00:00,2020-02-13 20:31:19+00:00,15.944,0002,CA-499,2-39-91-441,000000069,6.829444444444444
5e5b1034f9af8b06c4b621f6,2020-02-13 17:56:04+00:00,2020-02-13 20:38:32+00:00,2020-02-13 20:39:32+00:00,0.885,0002,CA-496,2-39-78-362,,2.707777777777778
5e5b1034f9af8b06c4b621f7,2020-02-13 18:01:13+00:00,2020-02-14 01:25:51+00:00,2020-02-13 18:40:10+00:00,2.382,0002,CA-313,2-39-123-23,000000751,7.410555555555556
5e5b1034f9af8b06c4b621f8,2020-02-13 18:14:33+00:00,2020-02-13 19:06:38+00:00,2020-02-13 19:06:25+00:00,5.666,0002,CA-314,2-39-88-24,000001087,0.8680555555555556
5e5b1034f9af8b06c4b621f9,2020-02-13 18:14:58+00:00,2020-02-14 02:07:43+00:00,2020-02-13 20:22:27+00:00,12.148,0002,CA-312,2-39-124-22,000001095,7.879166666666666
5e5b1034f9af8b06c4b621fa,2020-02-13 19:37:30+00:00,2020-02-14 02:07:10+00:00,2020-02-13 21:47:20+00:00,14.448,0002,CA-314,2-39-88-24,000000714,6.4944444444444445
5e5b1034f9af8b06c4b621fb,2020-02-13 20:40:57+00:00,2020-02-14 03:01:13+00:00,2020-02-13 22:41:00+00:00,6.502,0002,CA-508,2-39-128-562,000001124,6.337777777777778
5e5b1034f9af8b06c4b621fc,2020-02-13 20:56:08+00:00,2020-02-14 00:51:27+00:00,2020-02-14 00:52:27+00:00,0.895,0002,CA-496,2-39-78-362,,3.9219444444444442
5e5b1034f9af8b06c4b621fd,2020-02-13 21:38:04+00:00,2020-02-13 23:15:48+00:00,2020-02-13 23:15:43+00:00,10.24,0002,CA-490,2-39-79-381,000000420,1.6288888888888888
5e5b1034f9af8b06c4b621fe,2020-02-13 22:00:16+00:00,2020-02-14 01:44:37+00:00,2020-02-13 22:30:39+00:00,0.846,0002,CA-500,2-39-90-440,,3.7391666666666667
5e5b1034f9af8b06c4b621ff,2020-02-13 22:50:06+00:00,2020-02-14 02:09:50+00:00,2020-02-13 23:41:03+00:00,2.229,0002,CA-497,2-39-95-444,000000891,3.328888888888889
5e5b1034f9af8b06c4b62200,2020-02-13 23:02:42+00:00,2020-02-13 23:33:38+00:00,2020-02-13 23:33:06+00:00,0.853,0002,CA-491,2-39-79-382,,0.5155555555555555
5e5b1034f9af8b06c4b62201,2020-02-13 23:19:57+00:00,2020-02-14 00:53:13+00:00,2020-02-13 23:50:33+00:00,0.865,0002,CA-492,2-39-79-383,,1.5544444444444445
5e5b1034f9af8b06c4b62202,2020-02-13 23:25:16+00:00,2020-02-14 03:59:55+00:00,2020-02-14 00:41:10+00:00,2.466,0002,CA-318,2-39-92-436,000001082,4.5775
5e5b1034f9af8b06c4b62203,2020-02-14 00:09:58+00:00,2020-02-14 03:48:16+00:00,2020-02-14 03:32:48+00:00,4.24,0002,CA-320,2-39-78-363,000001920,3.638333333333333
5e5b1034f9af8b06c4b62204,2020-02-14 00:44:25+00:00,2020-02-14 02:16:42+00:00,2020-02-14 02:16:38+00:00,8.254,0002,CA-311,2-39-125-21,000003271,1.5380555555555555
5e5b1034f9af8b06c4b62205,2020-02-14 01:55:52+00:00,2020-02-14 03:04:02+00:00,2020-02-14 02:41:34+00:00,3.889,0002,CA-303,2-39-139-28,000003123,1.136111111111111
5e5b1034f9af8b06c4b62206,2020-02-14 02:57:54+00:00,2020-02-14 03:38:58+00:00,2020-02-14 03:38:49+00:00,2.254,0002,CA-304,2-39-138-29,000000365,0.6844444444444444
5e5b1034f9af8b06c4b62207,2020-02-14 02:59:16+00:00,2020-02-14 04:31:41+00:00,2020-02-14 04:20:58+00:00,4.142,0002,CA-307,2-39-129-17,000003818,1.5402777777777779
5e5b1034f9af8b06c4b62208,2020-02-14 04:23:54+00:00,2020-02-14 05:44:53+00:00,2020-02-14 05:44:49+00:00,4.48,0002,CA-303,2-39-139-28,000001263,1.3497222222222223
5e5c61adf9af8b0aaff44f6c,2020-02-14 14:45:02+00:00,2020-02-14 21:11:13+00:00,2020-02-14 19:53:27+00:00,14.375,0002,CA-492,2-39-79-383,000004913,6.436388888888889
5e5c61adf9af8b0aaff44f6d,2020-02-14 14:55:14+00:00,2020-02-15 00:31:56+00:00,2020-02-14 18:47:59+00:00,5.654,0002,CA-315,2-39-89-25,000000743,9.611666666666666
5e5c61adf9af8b0aaff44f6e,2020-02-14 15:40:31+00:00,2020-02-15 00:58:17+00:00,2020-02-14 18:47:58+00:00,12.145,0002,CA-323,2-39-78-366,000003853,9.296111111111111
5e5c61adf9af8b0aaff44f6f,2020-02-14 15:41:41+00:00,2020-02-15 02:03:47+00:00,2020-02-14 22:36:18+00:00,0.819,0002,CA-489,2-39-79-380,,10.368333333333334
5e5c61adf9af8b0aaff44f70,2020-02-14 15:49:25+00:00,2020-02-15 02:11:47+00:00,2020-02-14 22:02:11+00:00,17.55,0002,CA-491,2-39-79-382,000004701,10.372777777777777
5e5c61adf9af8b0aaff44f71,2020-02-14 16:09:36+00:00,2020-02-14 20:44:25+00:00,2020-02-14 18:53:32+00:00,14.895,0002,CA-324,2-39-79-376,000003424,4.580277777777778
5e5c61adf9af8b0aaff44f72,2020-02-14 16:29:43+00:00,2020-02-14 21:13:30+00:00,2020-02-14 18:47:58+00:00,5.731,0002,CA-303,2-39-139-28,000000562,4.729722222222223
5e5c61adf9af8b0aaff44f73,2020-02-14 16:33:48+00:00,2020-02-15 01:33:21+00:00,2020-02-14 18:47:58+00:00,10.084,0002,CA-317,2-39-91-437,000000431,8.9925
5e5c61adf9af8b0aaff44f74,2020-02-14 16:35:46+00:00,2020-02-14 21:42:30+00:00,2020-02-14 21:13:35+00:00,12.458,0002,CA-493,2-39-78-361,000001470,5.112222222222222
5e5c61adf9af8b0aaff44f75,2020-02-14 16:46:26+00:00,2020-02-14 19:28:44+00:00,2020-02-14 19:26:09+00:00,8.027,0002,CA-490,2-39-79-381,000000671,2.705
5e5c61adf9af8b0aaff44f76,2020-02-14 16:52:34+00:00,2020-02-15 00:38:21+00:00,2020-02-14 18:48:01+00:00,0.836,0002,CA-318,2-39-92-436,,7.763055555555556
5e5c61adf9af8b0aaff44f77,2020-02-14 16:59:31+00:00,2020-02-15 01:40:06+00:00,2020-02-14 18:47:59+00:00,5.297,0002,CA-320,2-39-78-363,000002244,8.676388888888889
5e5c61adf9af8b0aaff44f78,2020-02-14 17:07:06+00:00,2020-02-15 01:50:08+00:00,2020-02-15 01:50:00+00:00,15.766,0002,CA-494,2-39-78-367,000002149,8.717222222222222
5e5c61adf9af8b0aaff44f79,2020-02-14 17:19:29+00:00,2020-02-15 02:15:49+00:00,2020-02-14 19:29:23+00:00,6.314,0002,CA-498,2-39-92-442,000005594,8.938888888888888
5e5c61adf9af8b0aaff44f7a,2020-02-14 17:20:30+00:00,2020-02-15 03:19:53+00:00,2020-02-14 18:47:59+00:00,3.759,0002,CA-311,2-39-125-21,000000567,9.989722222222222
5e5c61adf9af8b0aaff44f7b,2020-02-14 17:21:17+00:00,2020-02-15 01:56:43+00:00,2020-02-14 18:47:58+00:00,1.22,0002,CA-327,2-39-79-379,,8.590555555555556
5e5c61adf9af8b0aaff44f7c,2020-02-14 17:32:44+00:00,2020-02-15 05:19:18+00:00,2020-02-14 18:47:59+00:00,2.089,0002,CA-316,2-39-90-26,000000324,11.776111111111112
5e5c61adf9af8b0aaff44f7d,2020-02-14 17:47:35+00:00,2020-02-15 01:36:42+00:00,2020-02-14 20:04:53+00:00,7.189,0002,CA-321,2-39-78-365,000000515,7.818611111111111
5e5c61adf9af8b0aaff44f7e,2020-02-14 18:00:46+00:00,2020-02-15 05:09:26+00:00,2020-02-14 19:56:37+00:00,5.831,0002,CA-319,2-39-95-27,000001222,11.144444444444444
5e5c61adf9af8b0aaff44f7f,2020-02-14 18:02:05+00:00,2020-02-14 19:25:55+00:00,2020-02-14 19:15:12+00:00,3.492,0002,CA-309,2-39-127-19,000006097,1.3972222222222221
5e5c61adf9af8b0aaff44f80,2020-02-14 18:05:39+00:00,2020-02-14 22:06:25+00:00,2020-02-14 19:43:45+00:00,10.365,0002,CA-312,2-39-124-22,000001087,4.012777777777778
5e5c61adf9af8b0aaff44f81,2020-02-14 18:34:06+00:00,2020-02-14 22:18:57+00:00,2020-02-14 22:19:48+00:00,0.946,0002,CA-322,2-39-78-360,,3.7475
5e5c61adf9af8b0aaff44f82,2020-02-14 18:38:59+00:00,2020-02-14 19:25:26+00:00,2020-02-14 19:21:32+00:00,1.714,0002,CA-310,2-39-126-20,000000891,0.7741666666666667
5e5c61adf9af8b0aaff44f83,2020-02-14 18:55:55+00:00,2020-02-14 21:24:13+00:00,2020-02-14 19:47:24+00:00,4.369,0002,CA-314,2-39-88-24,000000798,2.4716666666666667
5e5c61adf9af8b0aaff44f84,2020-02-14 18:56:50+00:00,2020-02-14 21:54:05+00:00,2020-02-14 21:54:01+00:00,17.987,0002,CA-325,2-39-79-377,000003270,2.9541666666666666
5e5c61adf9af8b0aaff44f85,2020-02-14 19:09:34+00:00,2020-02-14 22:23:46+00:00,2020-02-14 20:05:21+00:00,2.334,0002,CA-495,2-39-78-364,000001864,3.236666666666667
5e5c61adf9af8b0aaff44f86,2020-02-14 19:59:32+00:00,2020-02-15 00:53:58+00:00,2020-02-14 21:31:12+00:00,8.551,0002,CA-490,2-39-79-381,000000832,4.907222222222222
5e5c61adf9af8b0aaff44f87,2020-02-14 20:09:19+00:00,2020-02-15 01:02:07+00:00,2020-02-14 21:23:47+00:00,4.645,0002,CA-497,2-39-95-444,000000751,4.88
5e5c61adf9af8b0aaff44f88,2020-02-14 21:18:31+00:00,2020-02-15 01:08:18+00:00,2020-02-14 23:24:28+00:00,6.65,0002,CA-324,2-39-79-376,000001124,3.8297222222222222
5e5c61adf9af8b0aaff44f89,2020-02-14 21:35:23+00:00,2020-02-14 23:42:40+00:00,2020-02-14 22:15:15+00:00,1.661,0002,CA-314,2-39-88-24,000006097,2.1213888888888888
5e5c61adf9af8b0aaff44f8a,2020-02-14 22:08:04+00:00,2020-02-15 00:22:35+00:00,2020-02-14 23:54:36+00:00,9.896,0002,CA-325,2-39-79-377,000001104,2.2419444444444445
5e5c61adf9af8b0aaff44f8b,2020-02-14 22:15:53+00:00,2020-02-15 01:08:29+00:00,2020-02-14 23:01:27+00:00,4.123,0002,CA-312,2-39-124-22,000000668,2.8766666666666665
5e5c61adf9af8b0aaff44f8c,2020-02-14 22:35:53+00:00,2020-02-15 02:06:15+00:00,2020-02-15 01:36:12+00:00,1.662,0002,CA-322,2-39-78-360,000000562,3.506111111111111
5e5c61adf9af8b0aaff44f8d,2020-02-14 22:43:09+00:00,2020-02-15 00:09:15+00:00,2020-02-14 23:23:32+00:00,3.383,0002,CA-500,2-39-90-440,000001912,1.435
5e5c61adf9af8b0aaff44f8e,2020-02-15 01:05:42+00:00,2020-02-15 02:47:46+00:00,2020-02-15 02:24:19+00:00,3.745,0002,CA-306,2-39-130-31,000001920,1.701111111111111
5e5c61adf9af8b0aaff44f8f,2020-02-15 01:21:23+00:00,2020-02-15 01:43:54+00:00,2020-02-15 01:43:49+00:00,0.615,0002,CA-325,2-39-79-377,,0.37527777777777777
5e5db31ef9af8b0e9caf4bdb,2020-02-15 16:34:17+00:00,2020-02-15 20:58:18+00:00,2020-02-15 18:14:02+00:00,0.827,0002,CA-489,2-39-79-380,,4.400277777777778
5e5db31ef9af8b0e9caf4bdc,2020-02-15 17:42:41+00:00,2020-02-15 19:07:13+00:00,2020-02-15 19:07:08+00:00,8.443,0002,CA-305,2-39-131-30,000002290,1.4088888888888889
5e5db31ef9af8b0e9caf4bdd,2020-02-15 20:44:49+00:00,2020-02-15 22:03:50+00:00,2020-02-15 22:03:45+00:00,5.378,0002,CA-308,2-39-128-18,000000620,1.3169444444444445
5e5db31ef9af8b0e9caf4bde,2020-02-15 21:47:52+00:00,2020-02-15 23:42:05+00:00,2020-02-15 23:42:00+00:00,5.572,0002,CA-309,2-39-127-19,000004622,1.9036111111111111
5e5db31ef9af8b0e9caf4bdf,2020-02-16 00:11:26+00:00,2020-02-16 02:16:37+00:00,2020-02-16 00:53:48+00:00,1.881,0002,CA-313,2-39-123-23,000001920,2.086388888888889
5e5db31ef9af8b0e9caf4be0,2020-02-16 02:29:01+00:00,2020-02-16 03:57:05+00:00,2020-02-16 03:01:03+00:00,0.861,0002,CA-303,2-39-139-28,,1.4677777777777778
5e5db31ef9af8b0e9caf4be1,2020-02-16 02:37:02+00:00,2020-02-16 04:00:27+00:00,2020-02-16 03:07:23+00:00,0.871,0002,CA-314,2-39-88-24,,1.3902777777777777
5e5db31ef9af8b0e9caf4be2,2020-02-16 03:13:35+00:00,2020-02-16 18:39:34+00:00,2020-02-16 11:12:13+00:00,51.346,0002,CA-305,2-39-131-30,000000489,15.433055555555555
5e5f049bf9af8b129974114f,2020-02-16 17:54:42+00:00,2020-02-16 19:38:01+00:00,2020-02-16 19:34:23+00:00,4.869,0002,CA-315,2-39-89-25,000000743,1.7219444444444445
5e5f049bf9af8b1299741150,2020-02-16 21:25:54+00:00,2020-02-16 23:12:58+00:00,2020-02-16 23:12:49+00:00,11.205,0002,CA-304,2-39-138-29,000001085,1.7844444444444445
5e5f049bf9af8b1299741151,2020-02-16 21:29:00+00:00,2020-02-16 23:11:32+00:00,2020-02-16 23:11:27+00:00,5.646,0002,CA-305,2-39-131-30,000001395,1.708888888888889
5e5f049bf9af8b1299741152,2020-02-16 23:07:35+00:00,2020-02-17 00:47:09+00:00,2020-02-16 23:38:00+00:00,0.86,0002,CA-314,2-39-88-24,,1.6594444444444445
5e5f049bf9af8b1299741153,2020-02-16 23:29:22+00:00,2020-02-17 00:43:55+00:00,2020-02-17 00:43:46+00:00,3.924,0002,CA-303,2-39-139-28,000001236,1.2425
5e605620f9af8b166c709138,2020-02-17 17:40:35+00:00,2020-02-17 19:38:40+00:00,2020-02-17 18:11:35+00:00,0.836,0002,CA-489,2-39-79-380,,1.9680555555555554
5e605620f9af8b166c709139,2020-02-17 18:04:38+00:00,2020-02-18 02:03:38+00:00,2020-02-17 20:12:07+00:00,12.335,0002,CA-327,2-39-79-379,000001095,7.983333333333333
5e605620f9af8b166c70913a,2020-02-17 18:10:14+00:00,2020-02-17 18:51:56+00:00,2020-02-17 18:51:51+00:00,2.308,0002,CA-303,2-39-139-28,000000365,0.695
5e605620f9af8b166c70913b,2020-02-17 18:22:52+00:00,2020-02-17 19:53:10+00:00,2020-02-17 19:04:57+00:00,1.724,0002,CA-306,2-39-130-31,000000891,1.505
5e605620f9af8b166c70913c,2020-02-17 18:31:34+00:00,2020-02-18 02:05:16+00:00,2020-02-17 20:06:44+00:00,10.256,0002,CA-324,2-39-79-376,000000714,7.5616666666666665
5e605620f9af8b166c70913d,2020-02-17 19:45:59+00:00,2020-02-17 20:57:23+00:00,2020-02-17 20:57:18+00:00,7.836,0002,CA-303,2-39-139-28,000003424,1.19
5e605620f9af8b166c70913e,2020-02-17 19:51:07+00:00,2020-02-17 21:45:31+00:00,2020-02-17 21:45:27+00:00,6.258,0002,CA-309,2-39-127-19,000001920,1.9066666666666667
5e605620f9af8b166c70913f,2020-02-17 21:31:31+00:00,2020-02-18 00:37:58+00:00,2020-02-18 00:19:42+00:00,0.836,0002,CA-489,2-39-79-380,,3.1075
5e605620f9af8b166c709140,2020-02-17 22:20:40+00:00,2020-02-18 02:45:39+00:00,2020-02-18 00:27:27+00:00,6.47,0002,CA-321,2-39-78-365,000001124,4.416388888888889
5e605620f9af8b166c709141,2020-02-18 00:17:38+00:00,2020-02-18 07:17:46+00:00,2020-02-18 06:02:10+00:00,36.936,0002,CA-303,2-39-139-28,000000067,7.002222222222223
5e605620f9af8b166c709142,2020-02-18 02:02:16+00:00,2020-02-18 16:36:57+00:00,2020-02-18 04:02:15+00:00,6.323,0002,CA-490,2-39-79-381,000001410,14.578055555555556
5e605620f9af8b166c709143,2020-02-18 03:35:51+00:00,2020-02-18 04:40:44+00:00,2020-02-18 04:27:05+00:00,2.198,0002,CA-307,2-39-129-17,000004622,1.081388888888889
5e605620f9af8b166c709144,2020-02-18 03:53:57+00:00,2020-02-18 05:31:15+00:00,2020-02-18 05:23:24+00:00,5.309,0002,CA-321,2-39-78-365,000001091,1.6216666666666666
5e644ab5f9af8b24613386e3,2020-02-18 15:59:00+00:00,2020-02-19 00:23:16+00:00,2020-02-18 17:54:42+00:00,6.447,0002,CA-303,2-39-139-28,000001564,8.404444444444444
5e644ab5f9af8b24613386e4,2020-02-18 16:01:30+00:00,2020-02-19 00:36:56+00:00,2020-02-18 18:04:15+00:00,6.546,0002,CA-325,2-39-79-377,000001124,8.590555555555556
5e644ab5f9af8b24613386e5,2020-02-18 16:03:42+00:00,2020-02-19 01:02:11+00:00,2020-02-19 00:37:09+00:00,0.875,0002,CA-489,2-39-79-380,,8.974722222222223
5e644ab5f9af8b24613386e6,2020-02-18 16:15:35+00:00,2020-02-19 01:27:31+00:00,2020-02-19 01:27:26+00:00,43.629,0002,CA-323,2-39-78-366,000003853,9.198888888888888
5e644ab5f9af8b24613386e7,2020-02-18 16:17:05+00:00,2020-02-19 01:56:54+00:00,2020-02-18 18:48:40+00:00,6.274,0002,CA-500,2-39-90-440,000005594,9.663611111111111
5e644ab5f9af8b24613386e8,2020-02-18 16:17:24+00:00,2020-02-19 01:31:32+00:00,2020-02-18 18:47:28+00:00,10.74,0002,CA-318,2-39-92-436,000002461,9.235555555555555
5e644ab5f9af8b24613386e9,2020-02-18 16:33:24+00:00,2020-02-19 01:20:55+00:00,2020-02-18 18:05:56+00:00,4.743,0002,CA-327,2-39-79-379,000000751,8.791944444444445
5e644ab5f9af8b24613386ea,2020-02-18 16:45:56+00:00,2020-02-19 02:00:47+00:00,2020-02-18 17:58:42+00:00,3.729,0002,CA-306,2-39-130-31,000000347,9.2475
5e644ab5f9af8b24613386eb,2020-02-18 16:47:10+00:00,2020-02-19 01:57:09+00:00,2020-02-18 19:44:57+00:00,17.266,0002,CA-315,2-39-89-25,000000431,9.16638888888889
5e644ab5f9af8b24613386ec,2020-02-18 16:48:34+00:00,2020-02-19 02:56:52+00:00,2020-02-18 21:05:17+00:00,14.202,0002,CA-506,2-39-126-560,000001534,10.138333333333334
5e644ab5f9af8b24613386ed,2020-02-18 16:50:10+00:00,2020-02-19 06:46:38+00:00,2020-02-19 00:36:04+00:00,0.835,0002,CA-490,2-39-79-381,,13.94111111111111
5e644ab5f9af8b24613386ee,2020-02-18 16:50:27+00:00,2020-02-18 19:46:35+00:00,2020-02-18 18:43:35+00:00,5.098,0002,CA-309,2-39-127-19,000000562,2.9355555555555557
5e644ab5f9af8b24613386ef,2020-02-18 17:10:05+00:00,2020-02-19 01:00:31+00:00,2020-02-18 17:53:04+00:00,1.733,0002,CA-501,2-39-89-439,000000743,7.8405555555555555
5e644ab5f9af8b24613386f0,2020-02-18 17:10:10+00:00,2020-02-19 00:32:34+00:00,2020-02-18 22:01:36+00:00,11.135,0002,CA-321,2-39-78-365,000001095,7.373333333333333
5e644ab5f9af8b24613386f1,2020-02-18 17:10:23+00:00,2020-02-19 02:58:16+00:00,2020-02-18 18:36:21+00:00,4.425,0002,CA-311,2-39-125-21,000000567,9.798055555555555
5e644ab5f9af8b24613386f2,2020-02-18 17:12:49+00:00,2020-02-18 19:34:33+00:00,2020-02-18 19:34:29+00:00,15.406,0002,CA-498,2-39-92-442,000000564,2.362222222222222
5e644ab5f9af8b24613386f3,2020-02-18 17:29:01+00:00,2020-02-19 03:26:46+00:00,2020-02-18 18:33:07+00:00,3.131,0002,CA-313,2-39-123-23,000002170,9.9625
5e644ab5f9af8b24613386f4,2020-02-18 17:45:33+00:00,2020-02-19 00:16:24+00:00,2020-02-18 18:32:10+00:00,4.548,0002,CA-312,2-39-124-22,000001912,6.514166666666667
5e644ab5f9af8b24613386f5,2020-02-18 17:47:58+00:00,2020-02-19 01:14:54+00:00,2020-02-18 20:34:26+00:00,9.422,0002,CA-316,2-39-90-26,000000620,7.448888888888889
5e644ab5f9af8b24613386f6,2020-02-18 17:55:03+00:00,2020-02-19 03:16:32+00:00,2020-02-18 20:30:07+00:00,15.445,0002,CA-319,2-39-95-27,000000558,9.358055555555556
5e644ab5f9af8b24613386f7,2020-02-18 17:55:04+00:00,2020-02-19 01:15:01+00:00,2020-02-18 23:17:17+00:00,17.82,0002,CA-495,2-39-78-364,000000714,7.3325
5e644ab5f9af8b24613386f8,2020-02-18 18:16:54+00:00,2020-02-18 18:51:58+00:00,2020-02-18 18:51:54+00:00,3.766,0002,CA-499,2-39-91-441,000000668,0.5844444444444444
5e644ab5f9af8b24613386f9,2020-02-18 18:18:00+00:00,2020-02-19 01:53:41+00:00,2020-02-18 19:07:31+00:00,1.999,0002,CA-326,2-39-79-378,000000891,7.594722222222222
5e644ab5f9af8b24613386fa,2020-02-18 18:37:52+00:00,2020-02-18 19:29:23+00:00,2020-02-18 19:23:32+00:00,1.044,0002,CA-494,2-39-78-367,,0.8586111111111111
5e644ab5f9af8b24613386fb,2020-02-18 18:39:25+00:00,2020-02-19 00:46:11+00:00,2020-02-19 00:46:05+00:00,24.286,0002,CA-322,2-39-78-360,000001137,6.112777777777778
5e644ab5f9af8b24613386fc,2020-02-18 18:55:16+00:00,2020-02-19 01:08:19+00:00,2020-02-18 23:25:27+00:00,15.076,0002,CA-324,2-39-79-376,000000832,6.2175
5e644ab5f9af8b24613386fd,2020-02-18 18:55:47+00:00,2020-02-19 01:41:58+00:00,2020-02-19 01:42:58+00:00,6.723,0002,CA-496,2-39-78-362,000005368,6.769722222222223
5e644ab5f9af8b24613386fe,2020-02-18 19:34:00+00:00,2020-02-18 20:05:04+00:00,2020-02-18 20:04:58+00:00,1.718,0002,CA-314,2-39-88-24,000001093,0.5177777777777778
5e644ab5f9af8b24613386ff,2020-02-18 19:40:32+00:00,2020-02-18 20:11:00+00:00,2020-02-18 20:10:56+00:00,1.723,0002,CA-498,2-39-92-442,000000515,0.5077777777777778
5e644ab5f9af8b2461338700,2020-02-18 19:52:30+00:00,2020-02-18 21:35:53+00:00,2020-02-18 21:35:48+00:00,9.569,0002,CA-309,2-39-127-19,000000346,1.7230555555555556
5e644ab5f9af8b2461338701,2020-02-18 19:56:05+00:00,2020-02-19 02:49:20+00:00,2020-02-18 21:09:30+00:00,2.444,0002,CA-499,2-39-91-441,000001082,6.8875
5e644ab5f9af8b2461338702,2020-02-18 20:04:35+00:00,2020-02-18 21:16:15+00:00,2020-02-18 21:15:00+00:00,1.052,0002,CA-494,2-39-78-367,,1.1944444444444444
5e644ab5f9af8b2461338703,2020-02-18 20:16:29+00:00,2020-02-18 20:45:03+00:00,2020-02-18 20:44:58+00:00,0.767,0002,CA-497,2-39-95-444,,0.4761111111111111
5e644ab5f9af8b2461338704,2020-02-18 20:30:08+00:00,2020-02-19 01:44:09+00:00,2020-02-18 21:27:52+00:00,1.322,0002,CA-492,2-39-79-383,,5.233611111111111
5e644ab5f9af8b2461338705,2020-02-18 20:32:24+00:00,2020-02-19 01:21:31+00:00,2020-02-18 21:26:50+00:00,5.424,0002,CA-317,2-39-91-437,000001001,4.818611111111111
5e644ab5f9af8b2461338706,2020-02-18 20:47:52+00:00,2020-02-18 23:13:01+00:00,2020-02-18 22:13:03+00:00,3.85,0002,CA-314,2-39-88-24,000003577,2.4191666666666665
5e644ab5f9af8b2461338707,2020-02-18 21:32:30+00:00,2020-02-18 22:08:40+00:00,2020-02-18 22:07:42+00:00,1.025,0002,CA-494,2-39-78-367,,0.6027777777777777
5e644ab5f9af8b2461338708,2020-02-18 21:41:19+00:00,2020-02-19 00:45:32+00:00,2020-02-18 23:31:23+00:00,0.833,0002,CA-508,2-39-128-562,,3.0702777777777777
5e644ab5f9af8b2461338709,2020-02-18 21:52:26+00:00,2020-02-19 00:55:24+00:00,2020-02-18 23:55:38+00:00,6.736,0002,CA-309,2-39-127-19,000000515,3.0494444444444446
5e644ab5f9af8b246133870a,2020-02-18 22:25:11+00:00,2020-02-18 23:28:06+00:00,2020-02-18 23:27:03+00:00,1.055,0002,CA-494,2-39-78-367,,1.0486111111111112
5e644ab5f9af8b246133870b,2020-02-18 23:44:34+00:00,2020-02-19 00:20:06+00:00,2020-02-19 00:19:24+00:00,1.04,0002,CA-494,2-39-78-367,,0.5922222222222222
5e644ab5f9af8b246133870c,2020-02-19 00:30:49+00:00,2020-02-19 01:55:40+00:00,2020-02-19 01:01:01+00:00,0.84,0002,CA-303,2-39-139-28,,1.4141666666666666
5e644ab5f9af8b246133870d,2020-02-19 00:37:29+00:00,2020-02-19 01:06:28+00:00,2020-02-19 01:06:22+00:00,0.594,0002,CA-494,2-39-78-367,,0.48305555555555557
5e644ab5f9af8b246133870e,2020-02-19 01:21:10+00:00,2020-02-19 02:42:45+00:00,2020-02-19 01:55:19+00:00,1.254,0002,CA-305,2-39-131-30,000000365,1.3597222222222223
5e644ab5f9af8b246133870f,2020-02-19 03:55:10+00:00,2020-02-19 06:36:20+00:00,2020-02-19 06:36:16+00:00,14.506,0002,CA-491,2-39-79-382,000004701,2.686111111111111
5e644ab5f9af8b2461338710,2020-02-19 04:22:57+00:00,2020-02-19 05:44:58+00:00,2020-02-19 05:44:54+00:00,4.652,0002,CA-307,2-39-129-17,000001263,1.3669444444444445
5e658e25f9af8b2865a5f4a8,2020-02-19 10:16:00+00:00,2020-02-19 12:50:49+00:00,2020-02-19 12:50:45+00:00,13.206,0002,CA-303,2-39-139-28,000000300,2.580277777777778
5e658e25f9af8b2865a5f4a9,2020-02-19 15:47:21+00:00,2020-02-19 22:21:37+00:00,2020-02-19 16:56:33+00:00,3.498,0002,CA-305,2-39-131-30,000000347,6.571111111111111
5e658e25f9af8b2865a5f4aa,2020-02-19 15:48:28+00:00,2020-02-20 01:52:14+00:00,2020-02-19 22:50:54+00:00,3.304,0002,CA-325,2-39-79-377,,10.062777777777777
5e658e25f9af8b2865a5f4ab,2020-02-19 15:56:00+00:00,2020-02-19 21:20:59+00:00,2020-02-19 16:26:12+00:00,0.809,0002,CA-489,2-39-79-380,,5.416388888888889
5e658e25f9af8b2865a5f4ac,2020-02-19 16:12:01+00:00,2020-02-20 01:16:04+00:00,2020-02-19 18:01:44+00:00,9.406,0002,CA-323,2-39-78-366,000003853,9.0675
5e658e25f9af8b2865a5f4ad,2020-02-19 16:24:38+00:00,2020-02-20 01:43:06+00:00,2020-02-20 00:47:00+00:00,53.265,0002,CA-326,2-39-79-378,000003424,9.307777777777778
5e658e25f9af8b2865a5f4ae,2020-02-19 16:33:11+00:00,2020-02-20 01:39:54+00:00,2020-02-19 19:21:55+00:00,13.043,0002,CA-324,2-39-79-376,000000945,9.111944444444445
5e658e25f9af8b2865a5f4af,2020-02-19 16:41:30+00:00,2020-02-20 01:45:27+00:00,2020-02-19 19:54:56+00:00,10.982,0002,CA-307,2-39-129-17,000000712,9.065833333333334
5e658e25f9af8b2865a5f4b0,2020-02-19 16:43:05+00:00,2020-02-20 08:00:05+00:00,2020-02-19 18:56:36+00:00,5.831,0002,CA-492,2-39-79-383,000001222,15.283333333333333
5e658e25f9af8b2865a5f4b1,2020-02-19 16:50:43+00:00,2020-02-19 20:20:37+00:00,2020-02-19 18:31:29+00:00,5.29,0002,CA-309,2-39-127-19,000000562,3.4983333333333335
5e658e25f9af8b2865a5f4b2,2020-02-19 17:00:08+00:00,2020-02-20 00:37:00+00:00,2020-02-20 00:38:00+00:00,2.985,0002,CA-496,2-39-78-362,000000858,7.614444444444445
5e658e25f9af8b2865a5f4b3,2020-02-19 17:05:47+00:00,2020-02-20 01:14:18+00:00,2020-02-19 19:59:29+00:00,9.834,0002,CA-316,2-39-90-26,000001364,8.141944444444444
5e658e25f9af8b2865a5f4b4,2020-02-19 17:11:08+00:00,2020-02-19 17:33:13+00:00,2020-02-19 17:33:07+00:00,1.884,0002,CA-493,2-39-78-361,000004701,0.3680555555555556
5e658e25f9af8b2865a5f4b5,2020-02-19 17:19:08+00:00,2020-02-20 03:08:08+00:00,2020-02-19 18:30:07+00:00,3.645,0002,CA-311,2-39-125-21,000000567,9.816666666666666
5e658e25f9af8b2865a5f4b6,2020-02-19 17:28:17+00:00,2020-02-20 01:13:49+00:00,2020-02-19 23:34:23+00:00,0.897,0002,CA-490,2-39-79-381,,7.7588888888888885
5e658e25f9af8b2865a5f4b7,2020-02-19 17:31:13+00:00,2020-02-20 01:43:36+00:00,2020-02-19 18:57:55+00:00,4.21,0002,CA-315,2-39-89-25,000000743,8.206388888888888
5e658e25f9af8b2865a5f4b8,2020-02-19 17:31:43+00:00,2020-02-20 02:51:11+00:00,2020-02-19 18:41:33+00:00,3.135,0002,CA-310,2-39-126-20,000001864,9.324444444444444
5e658e25f9af8b2865a5f4b9,2020-02-19 17:33:13+00:00,2020-02-20 06:13:27+00:00,2020-02-19 18:35:20+00:00,6.213,0002,CA-320,2-39-78-363,000000714,12.670555555555556
5e658e25f9af8b2865a5f4ba,2020-02-19 17:43:56+00:00,2020-02-20 00:09:08+00:00,2020-02-19 19:36:30+00:00,11.29,0002,CA-313,2-39-123-23,000001912,6.42
5e658e25f9af8b2865a5f4bb,2020-02-19 17:50:36+00:00,2020-02-19 19:39:48+00:00,2020-02-19 19:30:18+00:00,0.891,0002,CA-493,2-39-78-361,,1.82
5e658e25f9af8b2865a5f4bc,2020-02-19 17:51:04+00:00,2020-02-20 03:07:16+00:00,2020-02-19 19:54:41+00:00,10.962,0002,CA-321,2-39-78-365,000000558,9.27
5e658e25f9af8b2865a5f4bd,2020-02-19 18:00:59+00:00,2020-02-20 01:15:58+00:00,2020-02-19 19:41:04+00:00,4.063,0002,CA-497,2-39-95-444,000000620,7.249722222222222
5e658e25f9af8b2865a5f4be,2020-02-19 18:03:06+00:00,2020-02-19 20:07:25+00:00,2020-02-19 20:02:06+00:00,0.911,0002,CA-322,2-39-78-360,,2.0719444444444446
5e658e25f9af8b2865a5f4bf,2020-02-19 18:21:35+00:00,2020-02-20 00:30:23+00:00,2020-02-19 20:11:24+00:00,10.773,0002,CA-319,2-39-95-27,000001095,6.1466666666666665
5e658e25f9af8b2865a5f4c0,2020-02-19 18:30:27+00:00,2020-02-20 01:19:57+00:00,2020-02-19 19:56:12+00:00,7.889,0002,CA-498,2-39-92-442,000000832,6.825
5e658e25f9af8b2865a5f4c1,2020-02-19 19:13:53+00:00,2020-02-19 20:16:37+00:00,2020-02-19 19:44:57+00:00,0.935,0002,CA-314,2-39-88-24,,1.0455555555555556
5e658e25f9af8b2865a5f4c2,2020-02-19 19:14:57+00:00,2020-02-20 01:50:59+00:00,2020-02-19 21:08:57+00:00,6.125,0002,CA-500,2-39-90-440,000005368,6.600555555555555
5e658e25f9af8b2865a5f4c3,2020-02-19 19:53:01+00:00,2020-02-20 01:43:48+00:00,2020-02-19 21:04:32+00:00,3.596,0002,CA-312,2-39-124-22,000002170,5.846388888888889
5e658e25f9af8b2865a5f4c4,2020-02-19 19:57:17+00:00,2020-02-19 23:06:24+00:00,2020-02-19 23:03:23+00:00,0.885,0002,CA-493,2-39-78-361,,3.1519444444444447
5e658e25f9af8b2865a5f4c5,2020-02-19 20:22:51+00:00,2020-02-19 21:55:48+00:00,2020-02-19 21:52:54+00:00,0.879,0002,CA-322,2-39-78-360,,1.5491666666666666
5e658e25f9af8b2865a5f4c6,2020-02-19 20:36:23+00:00,2020-02-20 01:55:34+00:00,2020-02-19 21:18:40+00:00,1.745,0002,CA-314,2-39-88-24,000000891,5.3197222222222225
5e658e25f9af8b2865a5f4c7,2020-02-19 20:50:28+00:00,2020-02-20 01:10:33+00:00,2020-02-20 01:10:05+00:00,27.779,0002,CA-499,2-39-91-441,000003449,4.334722222222222
5e658e25f9af8b2865a5f4c8,2020-02-19 20:59:19+00:00,2020-02-20 00:58:44+00:00,2020-02-19 22:53:59+00:00,12.194,0002,CA-317,2-39-91-437,000001470,3.9902777777777776
5e658e25f9af8b2865a5f4c9,2020-02-19 21:00:53+00:00,2020-02-20 00:23:26+00:00,2020-02-19 21:27:30+00:00,1.613,0002,CA-309,2-39-127-19,000000751,3.3758333333333335
5e658e25f9af8b2865a5f4ca,2020-02-19 21:15:00+00:00,2020-02-19 23:51:54+00:00,2020-02-19 23:34:26+00:00,4.126,0002,CA-503,2-39-123-557,000000668,2.615
5e658e25f9af8b2865a5f4cb,2020-02-19 21:48:38+00:00,2020-02-19 23:59:35+00:00,2020-02-19 23:59:27+00:00,8.513,0002,CA-489,2-39-79-380,000000560,2.1825
5e658e25f9af8b2865a5f4cc,2020-02-19 21:59:01+00:00,2020-02-20 02:52:40+00:00,2020-02-20 02:52:35+00:00,14.84,0002,CA-510,2-39-130-564,000000667,4.894166666666667
5e658e25f9af8b2865a5f4cd,2020-02-19 22:13:13+00:00,2020-02-19 22:55:21+00:00,2020-02-19 22:50:47+00:00,0.893,0002,CA-322,2-39-78-360,,0.7022222222222222
5e658e25f9af8b2865a5f4ce,2020-02-19 23:09:03+00:00,2020-02-20 00:26:00+00:00,2020-02-20 00:12:34+00:00,0.889,0002,CA-322,2-39-78-360,,1.2825
5e658e25f9af8b2865a5f4cf,2020-02-19 23:51:24+00:00,2020-02-20 00:57:39+00:00,2020-02-20 00:57:41+00:00,6.007,0002,CA-493,2-39-78-361,000000431,1.1041666666666667
5e658e25f9af8b2865a5f4d0,2020-02-20 00:05:30+00:00,2020-02-20 07:08:00+00:00,2020-02-20 01:08:36+00:00,2.087,0002,CA-502,2-39-88-438,000001082,7.041666666666667
5e658e25f9af8b2865a5f4d1,2020-02-20 00:24:19+00:00,2020-02-20 01:59:37+00:00,2020-02-20 01:22:26+00:00,2.763,0002,CA-313,2-39-123-23,000001920,1.5883333333333334
5e658e25f9af8b2865a5f4d2,2020-02-20 01:36:31+00:00,2020-02-20 03:04:18+00:00,2020-02-20 03:02:44+00:00,9.223,0002,CA-494,2-39-78-367,000004701,1.4630555555555556
5e658e25f9af8b2865a5f4d3,2020-02-20 02:55:53+00:00,2020-02-20 04:27:46+00:00,2020-02-20 04:27:42+00:00,6.529,0002,CA-305,2-39-131-30,000001564,1.531388888888889
5e658e25f9af8b2865a5f4d4,2020-02-20 03:07:48+00:00,2020-02-20 05:16:20+00:00,2020-02-20 03:37:57+00:00,0.847,0002,CA-307,2-39-129-17,,2.1422222222222222
5e658e25f9af8b2865a5f4d5,2020-02-20 04:21:12+00:00,2020-02-20 17:53:34+00:00,2020-02-20 06:22:49+00:00,6.405,0002,CA-309,2-39-127-19,000001410,13.539444444444445
5e658e4ef9af8b2865a5f4d7,2020-02-20 15:55:01+00:00,2020-02-21 01:34:35+00:00,2020-02-20 17:50:54+00:00,0.928,0002,CA-323,2-39-78-366,,9.659444444444444
5e658e4ef9af8b2865a5f4d8,2020-02-20 15:57:22+00:00,2020-02-21 00:44:22+00:00,2020-02-20 17:58:05+00:00,6.392,0002,CA-325,2-39-79-377,000001124,8.783333333333333
5e658e4ef9af8b2865a5f4d9,2020-02-20 16:29:05+00:00,2020-02-21 00:47:00+00:00,2020-02-20 18:16:55+00:00,9.303,0002,CA-492,2-39-79-383,000001470,8.29861111111111
5e658e4ef9af8b2865a5f4da,2020-02-20 16:29:28+00:00,2020-02-20 22:07:16+00:00,2020-02-20 17:33:38+00:00,5.85,0002,CA-315,2-39-89-25,000000431,5.63
5e658e4ef9af8b2865a5f4db,2020-02-20 16:31:44+00:00,2020-02-21 02:10:22+00:00,2020-02-20 23:49:45+00:00,43.53,0002,CA-305,2-39-131-30,000000489,9.643888888888888
5e658e4ef9af8b2865a5f4dc,2020-02-20 16:33:12+00:00,2020-02-20 21:36:38+00:00,2020-02-20 18:10:20+00:00,4.41,0002,CA-491,2-39-79-382,000004701,5.057222222222222
5e658e4ef9af8b2865a5f4dd,2020-02-20 16:35:00+00:00,2020-02-21 01:32:54+00:00,2020-02-20 18:55:05+00:00,13.074,0002,CA-319,2-39-95-27,000001153,8.965
5e658e4ef9af8b2865a5f4de,2020-02-20 16:39:54+00:00,2020-02-20 23:25:31+00:00,2020-02-20 22:18:06+00:00,13.863,0002,CA-321,2-39-78-365,000000068,6.760277777777778
5e658e4ef9af8b2865a5f4df,2020-02-20 16:40:11+00:00,2020-02-21 01:51:38+00:00,2020-02-20 22:48:15+00:00,0.968,0002,CA-504,2-39-124-558,,9.190833333333334
5e658e4ef9af8b2865a5f4e0,2020-02-20 16:56:36+00:00,2020-02-21 03:00:15+00:00,2020-02-20 18:37:36+00:00,5.142,0002,CA-311,2-39-125-21,000000562,10.060833333333333
5e658e4ef9af8b2865a5f4e1,2020-02-20 16:57:44+00:00,2020-02-20 17:54:52+00:00,2020-02-20 17:54:46+00:00,5.521,0002,CA-306,2-39-130-31,000001938,0.9522222222222222
5e658e4ef9af8b2865a5f4e2,2020-02-20 17:07:29+00:00,2020-02-21 01:59:20+00:00,2020-02-21 00:19:21+00:00,0.834,0002,CA-501,2-39-89-439,,8.864166666666666
5e658e4ef9af8b2865a5f4e3,2020-02-20 17:19:14+00:00,2020-02-20 23:38:47+00:00,2020-02-20 22:47:02+00:00,11.92,0002,CA-322,2-39-78-360,000002461,6.325833333333334
5e658e4ef9af8b2865a5f4e4,2020-02-20 17:19:16+00:00,2020-02-21 02:19:39+00:00,2020-02-21 02:20:39+00:00,32.244,0002,CA-496,2-39-78-362,000000564,9.006388888888889
5e658e4ef9af8b2865a5f4e5,2020-02-20 17:33:20+00:00,2020-02-21 01:20:45+00:00,2020-02-20 19:33:19+00:00,6.497,0002,CA-494,2-39-78-367,000005368,7.790277777777778
5e658e4ef9af8b2865a5f4e6,2020-02-20 17:46:22+00:00,2020-02-20 19:40:11+00:00,2020-02-20 19:40:07+00:00,12.134,0002,CA-313,2-39-123-23,000001912,1.8969444444444445
5e658e4ef9af8b2865a5f4e7,2020-02-20 17:54:33+00:00,2020-02-21 00:38:13+00:00,2020-02-20 21:15:38+00:00,14.696,0002,CA-489,2-39-79-380,000001137,6.727777777777778
5e658e4ef9af8b2865a5f4e8,2020-02-20 17:56:09+00:00,2020-02-20 20:00:36+00:00,2020-02-20 18:50:15+00:00,4.709,0002,CA-309,2-39-127-19,000000798,2.0741666666666667
5e658e4ef9af8b2865a5f4e9,2020-02-20 17:58:34+00:00,2020-02-21 00:18:53+00:00,2020-02-21 00:18:34+00:00,0.908,0002,CA-493,2-39-78-361,,6.338611111111111
5e658e4ef9af8b2865a5f4ea,2020-02-20 17:59:49+00:00,2020-02-21 03:14:44+00:00,2020-02-20 19:49:41+00:00,11.228,0002,CA-497,2-39-95-444,000000558,9.248611111111112
5e658e4ef9af8b2865a5f4eb,2020-02-20 18:00:26+00:00,2020-02-21 01:07:13+00:00,2020-02-20 20:05:06+00:00,4.387,0002,CA-318,2-39-92-436,000000620,7.1130555555555555
5e658e4ef9af8b2865a5f4ec,2020-02-20 18:13:45+00:00,2020-02-21 02:43:37+00:00,2020-02-20 19:30:39+00:00,4.004,0002,CA-317,2-39-91-437,000000567,8.497777777777777
5e658e4ef9af8b2865a5f4ed,2020-02-20 18:21:46+00:00,2020-02-21 00:31:52+00:00,2020-02-20 19:44:07+00:00,7.884,0002,CA-498,2-39-92-442,000001095,6.168333333333333
5e658e4ef9af8b2865a5f4ee,2020-02-20 18:27:18+00:00,2020-02-21 02:11:52+00:00,2020-02-20 19:10:43+00:00,1.709,0002,CA-310,2-39-126-20,000000891,7.7427777777777775
5e658e4ef9af8b2865a5f4ef,2020-02-20 18:29:13+00:00,2020-02-21 03:18:39+00:00,2020-02-20 20:50:21+00:00,6.407,0002,CA-502,2-39-88-438,000005594,8.823888888888888
5e658e4ef9af8b2865a5f4f0,2020-02-20 18:33:32+00:00,2020-02-20 20:28:08+00:00,2020-02-20 20:28:04+00:00,12.54,0002,CA-316,2-39-90-26,000001039,1.91
5e658e4ef9af8b2865a5f4f1,2020-02-20 18:42:13+00:00,2020-02-21 01:19:55+00:00,2020-02-20 19:40:17+00:00,2.865,0002,CA-314,2-39-88-24,000002170,6.628333333333333
5e658e4ef9af8b2865a5f4f2,2020-02-20 19:01:33+00:00,2020-02-21 02:36:26+00:00,2020-02-21 02:36:24+00:00,10.326,0002,CA-320,2-39-78-363,000000714,7.581388888888889
5e658e4ef9af8b2865a5f4f3,2020-02-20 19:17:08+00:00,2020-02-21 05:36:30+00:00,2020-02-20 20:08:06+00:00,1.577,0002,CA-499,2-39-91-441,000000324,10.322777777777778
5e658e4ef9af8b2865a5f4f4,2020-02-20 20:36:59+00:00,2020-02-21 00:10:33+00:00,2020-02-20 22:31:42+00:00,5.861,0002,CA-495,2-39-78-364,000001091,3.5594444444444444
5e658e4ef9af8b2865a5f4f5,2020-02-20 20:38:51+00:00,2020-02-21 00:53:13+00:00,2020-02-20 22:13:01+00:00,9.531,0002,CA-316,2-39-90-26,000001001,4.239444444444445
5e658e4ef9af8b2865a5f4f6,2020-02-20 21:00:28+00:00,2020-02-20 21:49:32+00:00,2020-02-20 21:49:27+00:00,5.444,0002,CA-312,2-39-124-22,000001039,0.8177777777777778
5e658e4ef9af8b2865a5f4f7,2020-02-20 21:04:30+00:00,2020-02-20 22:23:23+00:00,2020-02-20 22:23:15+00:00,4.14,0002,CA-309,2-39-127-19,000001236,1.3147222222222221
5e658e4ef9af8b2865a5f4f8,2020-02-20 21:32:36+00:00,2020-02-21 02:32:43+00:00,2020-02-21 02:32:34+00:00,25.708,0002,CA-313,2-39-123-23,000003270,5.001944444444445
5e658e4ef9af8b2865a5f4f9,2020-02-20 21:46:47+00:00,2020-02-20 23:05:29+00:00,2020-02-20 23:06:27+00:00,0.842,0002,CA-324,2-39-79-376,,1.3116666666666668
5e658e4ef9af8b2865a5f4fa,2020-02-20 22:56:30+00:00,2020-02-21 02:27:32+00:00,2020-02-21 00:59:07+00:00,7.768,0002,CA-491,2-39-79-382,000004701,3.5172222222222222
5e658e4ef9af8b2865a5f4fb,2020-02-20 23:06:00+00:00,2020-02-20 23:58:09+00:00,2020-02-20 23:36:35+00:00,0.868,0002,CA-324,2-39-79-376,,0.8691666666666666
5e658e4ef9af8b2865a5f4fc,2020-02-20 23:46:53+00:00,2020-02-21 01:23:09+00:00,2020-02-21 00:18:11+00:00,0.894,0002,CA-309,2-39-127-19,,1.6044444444444443
5e658e4ef9af8b2865a5f4fd,2020-02-21 00:00:00+00:00,2020-02-21 04:22:45+00:00,2020-02-21 00:48:54+00:00,2.2,0002,CA-321,2-39-78-365,000001920,4.379166666666666
5e658e4ef9af8b2865a5f4fe,2020-02-21 00:36:20+00:00,2020-02-21 00:56:53+00:00,2020-02-21 00:56:51+00:00,0.585,0002,CA-493,2-39-78-361,,0.3425
5e658e4ef9af8b2865a5f4ff,2020-02-21 01:46:10+00:00,2020-02-21 03:07:52+00:00,2020-02-21 02:16:31+00:00,0.865,0002,CA-319,2-39-95-27,,1.3616666666666666
5e658e4ef9af8b2865a5f500,2020-02-21 03:54:47+00:00,2020-02-21 05:45:15+00:00,2020-02-21 05:43:01+00:00,6.065,0002,CA-303,2-39-139-28,000001263,1.8411111111111111
5e658e4ef9af8b2865a5f501,2020-02-21 04:31:19+00:00,2020-02-21 05:43:42+00:00,2020-02-21 05:43:37+00:00,4.036,0002,CA-309,2-39-127-19,000004622,1.206388888888889
5e658e77f9af8b2865a5f502,2020-02-21 15:02:07+00:00,2020-02-21 17:21:49+00:00,2020-02-21 16:56:19+00:00,5.776,0002,CA-315,2-39-89-25,000000743,2.328333333333333
5e658e77f9af8b2865a5f503,2020-02-21 15:55:59+00:00,2020-02-21 17:24:11+00:00,2020-02-21 16:26:58+00:00,0.837,0002,CA-489,2-39-79-380,,1.47
5e658e77f9af8b2865a5f504,2020-02-21 16:01:54+00:00,2020-02-22 01:09:51+00:00,2020-02-21 23:33:16+00:00,15.362,0002,CA-323,2-39-78-366,000003853,9.1325
5e658e77f9af8b2865a5f505,2020-02-21 16:09:09+00:00,2020-02-21 21:55:24+00:00,2020-02-21 17:27:26+00:00,3.645,0002,CA-305,2-39-131-30,000001564,5.770833333333333
5e658e77f9af8b2865a5f506,2020-02-21 16:15:37+00:00,2020-02-21 22:56:59+00:00,2020-02-21 17:59:35+00:00,5.742,0002,CA-307,2-39-129-17,000004947,6.689444444444445
5e658e77f9af8b2865a5f507,2020-02-21 16:29:44+00:00,2020-02-21 22:13:45+00:00,2020-02-21 18:56:42+00:00,0.909,0002,CA-490,2-39-79-381,,5.733611111111111
5e658e77f9af8b2865a5f508,2020-02-21 16:30:02+00:00,2020-02-22 00:45:15+00:00,2020-02-22 00:44:59+00:00,19.876,0002,CA-491,2-39-79-382,000001154,8.25361111111111
5e658e77f9af8b2865a5f509,2020-02-21 16:30:20+00:00,2020-02-21 18:07:44+00:00,2020-02-21 17:01:15+00:00,0.779,0002,CA-327,2-39-79-379,000006097,1.6233333333333333
5e658e77f9af8b2865a5f50a,2020-02-21 16:33:36+00:00,2020-02-21 19:44:24+00:00,2020-02-21 16:52:18+00:00,1.142,0002,CA-325,2-39-79-377,000000751,3.18
5e658e77f9af8b2865a5f50b,2020-02-21 16:35:34+00:00,2020-02-22 00:47:16+00:00,2020-02-22 00:30:04+00:00,13.824,0002,CA-494,2-39-78-367,000001470,8.195
5e658e77f9af8b2865a5f50c,2020-02-21 16:39:18+00:00,2020-02-22 01:26:14+00:00,2020-02-21 17:04:32+00:00,0.829,0002,CA-304,2-39-138-29,000001366,8.782222222222222
5e658e77f9af8b2865a5f50d,2020-02-21 16:40:57+00:00,2020-02-22 02:43:45+00:00,2020-02-21 19:18:18+00:00,8.879,0002,CA-309,2-39-127-19,000000712,10.046666666666667
5e658e77f9af8b2865a5f50e,2020-02-21 16:41:22+00:00,2020-02-21 23:32:07+00:00,2020-02-21 18:27:45+00:00,4.434,0002,CA-492,2-39-79-383,000004701,6.845833333333333
5e658e77f9af8b2865a5f50f,2020-02-21 16:41:45+00:00,2020-02-22 03:47:16+00:00,2020-02-21 18:18:25+00:00,5.092,0002,CA-306,2-39-130-31,000000562,11.091944444444444
5e658e77f9af8b2865a5f510,2020-02-21 16:45:11+00:00,2020-02-21 23:52:21+00:00,2020-02-21 23:43:36+00:00,12.955,0002,CA-499,2-39-91-441,000002149,7.1194444444444445
5e658e77f9af8b2865a5f511,2020-02-21 16:54:58+00:00,2020-02-21 17:43:54+00:00,2020-02-21 17:27:55+00:00,2.882,0002,CA-319,2-39-95-27,000002461,0.8155555555555556
5e658e77f9af8b2865a5f512,2020-02-21 17:06:07+00:00,2020-02-21 17:24:21+00:00,2020-02-21 17:24:17+00:00,0.515,0002,CA-321,2-39-78-365,,0.3038888888888889
5e658e77f9af8b2865a5f513,2020-02-21 17:08:21+00:00,2020-02-22 02:43:46+00:00,2020-02-21 18:59:16+00:00,5.961,0002,CA-311,2-39-125-21,000000567,9.590277777777779
5e658e77f9af8b2865a5f514,2020-02-21 17:17:52+00:00,2020-02-21 23:38:59+00:00,2020-02-21 20:46:58+00:00,11.507,0002,CA-493,2-39-78-361,000000671,6.351944444444444
5e658e77f9af8b2865a5f515,2020-02-21 17:21:26+00:00,2020-02-22 00:27:02+00:00,2020-02-21 19:23:12+00:00,5.349,0002,CA-312,2-39-124-22,000000620,7.093333333333334
5e658e77f9af8b2865a5f516,2020-02-21 17:22:16+00:00,2020-02-21 21:43:38+00:00,2020-02-21 21:44:38+00:00,6.409,0002,CA-496,2-39-78-362,000005368,4.356111111111111
5e658e77f9af8b2865a5f517,2020-02-21 17:23:50+00:00,2020-02-21 19:10:06+00:00,2020-02-21 17:54:45+00:00,0.837,0002,CA-317,2-39-91-437,,1.771111111111111
5e658e77f9af8b2865a5f518,2020-02-21 17:32:02+00:00,2020-02-22 00:51:36+00:00,2020-02-21 21:51:34+00:00,16.229,0002,CA-321,2-39-78-365,000002961,7.3261111111111115
5e658e77f9af8b2865a5f519,2020-02-21 17:47:45+00:00,2020-02-22 00:09:53+00:00,2020-02-21 19:55:18+00:00,13.263,0002,CA-313,2-39-123-23,000001912,6.368888888888889
5e658e77f9af8b2865a5f51a,2020-02-21 17:54:36+00:00,2020-02-22 05:15:44+00:00,2020-02-21 18:46:20+00:00,1.626,0002,CA-318,2-39-92-436,000000324,11.352222222222222
5e658e77f9af8b2865a5f51b,2020-02-21 17:59:04+00:00,2020-02-21 23:58:39+00:00,2020-02-21 19:05:12+00:00,7.33,0002,CA-319,2-39-95-27,000000714,5.993055555555555
5e658e77f9af8b2865a5f51c,2020-02-21 18:06:36+00:00,2020-02-22 01:52:55+00:00,2020-02-22 00:46:02+00:00,9.297,0002,CA-495,2-39-78-364,000001095,7.771944444444444
5e658e77f9af8b2865a5f51d,2020-02-21 18:28:26+00:00,2020-02-21 22:44:54+00:00,2020-02-21 21:23:19+00:00,15.892,0002,CA-324,2-39-79-376,000000515,4.274444444444445
5e658e77f9af8b2865a5f51e,2020-02-21 19:31:19+00:00,2020-02-21 23:06:20+00:00,2020-02-21 20:01:38+00:00,0.865,0002,CA-498,2-39-92-442,,3.5836111111111113
5e658e77f9af8b2865a5f51f,2020-02-21 19:57:31+00:00,2020-02-24 00:59:22+00:00,2020-02-23 14:47:03+00:00,1.071,0002,CA-317,2-39-91-437,,53.030833333333334
5e658e77f9af8b2865a5f520,2020-02-21 20:12:56+00:00,2020-02-22 01:36:17+00:00,2020-02-21 22:36:58+00:00,15.864,0002,CA-500,2-39-90-440,000003270,5.389166666666667
5e658e77f9af8b2865a5f521,2020-02-21 20:42:20+00:00,2020-02-22 02:05:09+00:00,2020-02-21 21:13:15+00:00,0.89,0002,CA-327,2-39-79-379,,5.380277777777778
5e658e77f9af8b2865a5f522,2020-02-21 20:59:12+00:00,2020-02-22 01:17:27+00:00,2020-02-22 00:02:49+00:00,19.568,0002,CA-325,2-39-79-377,000000832,4.304166666666666
5e658e77f9af8b2865a5f523,2020-02-21 21:18:37+00:00,2020-02-21 23:59:23+00:00,2020-02-21 22:24:16+00:00,2.089,0002,CA-322,2-39-78-360,000000560,2.6794444444444445
5e658e77f9af8b2865a5f524,2020-02-21 21:44:24+00:00,2020-02-22 00:10:41+00:00,2020-02-21 22:15:33+00:00,0.887,0002,CA-308,2-39-128-18,,2.4380555555555556
5e658e77f9af8b2865a5f525,2020-02-21 21:44:52+00:00,2020-02-21 23:58:31+00:00,2020-02-21 22:15:33+00:00,0.837,0002,CA-502,2-39-88-438,,2.2275
5e658e77f9af8b2865a5f526,2020-02-21 22:09:29+00:00,2020-02-21 23:00:49+00:00,2020-02-21 23:01:48+00:00,0.893,0002,CA-496,2-39-78-362,,0.8555555555555555
5e658e77f9af8b2865a5f527,2020-02-22 00:04:10+00:00,2020-02-22 01:26:41+00:00,2020-02-22 01:26:36+00:00,9.013,0002,CA-307,2-39-129-17,000000364,1.3752777777777778
5e658e77f9af8b2865a5f528,2020-02-22 01:14:05+00:00,2020-02-22 01:58:54+00:00,2020-02-22 01:58:50+00:00,2.604,0002,CA-323,2-39-78-366,000005368,0.7469444444444444
5e658e77f9af8b2865a5f529,2020-02-22 01:29:43+00:00,2020-02-22 04:23:26+00:00,2020-02-22 04:23:22+00:00,9.508,0002,CA-325,2-39-79-377,000002170,2.895277777777778
5e658e77f9af8b2865a5f52a,2020-02-22 03:47:43+00:00,2020-02-22 13:48:17+00:00,2020-02-22 06:49:50+00:00,20.185,0002,CA-315,2-39-89-25,000000300,10.009444444444444
5e66df90f9af8b2abde9d6e4,2020-02-22 16:40:08+00:00,2020-02-22 19:50:04+00:00,2020-02-22 17:10:51+00:00,0.937,0002,CA-303,2-39-139-28,,3.1655555555555557
5e66df90f9af8b2abde9d6e5,2020-02-22 16:43:35+00:00,2020-02-22 20:05:01+00:00,2020-02-22 17:13:47+00:00,0.848,0002,CA-327,2-39-79-379,,3.357222222222222
5e66df90f9af8b2abde9d6e6,2020-02-22 16:49:21+00:00,2020-02-22 19:44:27+00:00,2020-02-22 18:46:03+00:00,6.494,0002,CA-305,2-39-131-30,000002087,2.9183333333333334
5e66df90f9af8b2abde9d6e7,2020-02-22 16:52:49+00:00,2020-02-22 18:52:16+00:00,2020-02-22 18:52:04+00:00,6.54,0002,CA-307,2-39-129-17,000003877,1.9908333333333332
5e66df90f9af8b2abde9d6e8,2020-02-22 17:26:51+00:00,2020-02-22 19:16:44+00:00,2020-02-22 18:49:08+00:00,3.979,0002,CA-315,2-39-89-25,000000743,1.831388888888889
5e66df90f9af8b2abde9d6e9,2020-02-22 17:40:31+00:00,2020-02-22 18:20:11+00:00,2020-02-22 18:16:26+00:00,3.375,0002,CA-304,2-39-138-29,000002950,0.6611111111111111
5e66df90f9af8b2abde9d6ea,2020-02-22 17:59:31+00:00,2020-02-22 19:15:22+00:00,2020-02-22 19:15:18+00:00,8.456,0002,CA-309,2-39-127-19,000000248,1.2641666666666667
5e66df90f9af8b2abde9d6eb,2020-02-22 18:56:06+00:00,2020-02-22 20:02:41+00:00,2020-02-22 19:32:35+00:00,1.399,0002,CA-307,2-39-129-17,000000365,1.1097222222222223
5e66df90f9af8b2abde9d6ec,2020-02-22 20:51:04+00:00,2020-02-22 22:35:14+00:00,2020-02-22 22:32:16+00:00,4.917,0002,CA-489,2-39-79-380,000003389,1.7361111111111112
5e66df90f9af8b2abde9d6ed,2020-02-22 22:17:07+00:00,2020-02-23 00:00:06+00:00,2020-02-22 23:53:47+00:00,9.91,0002,CA-303,2-39-139-28,000000818,1.716388888888889
5e66df90f9af8b2abde9d6ee,2020-02-23 00:22:12+00:00,2020-02-23 02:33:57+00:00,2020-02-23 02:33:53+00:00,6.861,0002,CA-315,2-39-89-25,000001920,2.1958333333333333
5e66df90f9af8b2abde9d6ef,2020-02-23 01:45:40+00:00,2020-02-23 23:21:02+00:00,2020-02-23 05:02:18+00:00,20.722,0002,CA-498,2-39-92-442,000000292,21.589444444444446
5e66df90f9af8b2abde9d6f0,2020-02-23 03:02:43+00:00,2020-02-23 04:14:26+00:00,2020-02-23 04:14:18+00:00,3.881,0002,CA-305,2-39-131-30,000005758,1.1952777777777779
5e66df90f9af8b2abde9d6f1,2020-02-23 03:20:18+00:00,2020-02-23 05:50:22+00:00,2020-02-23 03:50:53+00:00,0.805,0002,CA-303,2-39-139-28,,2.5011111111111113
5e683122f9af8b2fd54c09db,2020-02-23 20:35:13+00:00,2020-02-23 22:20:06+00:00,2020-02-23 22:12:13+00:00,5.235,0002,CA-305,2-39-131-30,000005758,1.7480555555555555
5e683122f9af8b2fd54c09dc,2020-02-23 22:17:30+00:00,2020-02-24 00:01:44+00:00,2020-02-23 22:48:25+00:00,0.883,0002,CA-303,2-39-139-28,,1.7372222222222222
5e683122f9af8b2fd54c09dd,2020-02-24 01:41:14+00:00,2020-02-24 01:59:15+00:00,2020-02-24 01:59:09+00:00,0.525,0002,CA-311,2-39-125-21,,0.30027777777777775
5e683122f9af8b2fd54c09de,2020-02-24 02:27:06+00:00,2020-02-24 05:19:30+00:00,2020-02-24 04:59:20+00:00,15.045,0002,CA-309,2-39-127-19,000001099,2.8733333333333335
5e683122f9af8b2fd54c09df,2020-02-24 02:37:51+00:00,2020-02-24 03:08:59+00:00,2020-02-24 03:08:27+00:00,0.878,0002,CA-311,2-39-125-21,,0.5188888888888888
5e6c259ff9af8b3cc29176f5,2020-02-24 14:38:51+00:00,2020-02-25 01:53:50+00:00,2020-02-24 19:13:19+00:00,28.692,0002,CA-303,2-39-139-28,000000710,11.249722222222223
5e6c259ff9af8b3cc29176f6,2020-02-24 15:49:01+00:00,2020-02-24 21:40:52+00:00,2020-02-24 17:14:21+00:00,3.01,0002,CA-491,2-39-79-382,000004701,5.864166666666667
5e6c259ff9af8b3cc29176f7,2020-02-24 15:50:38+00:00,2020-02-24 16:34:58+00:00,2020-02-24 16:21:02+00:00,0.811,0002,CA-489,2-39-79-380,,0.7388888888888889
5e6c259ff9af8b3cc29176f8,2020-02-24 16:08:32+00:00,2020-02-25 05:05:34+00:00,2020-02-24 18:13:54+00:00,6.225,0002,CA-319,2-39-95-27,000005594,12.950555555555555
5e6c259ff9af8b3cc29176f9,2020-02-24 16:11:51+00:00,2020-02-24 23:57:15+00:00,2020-02-24 23:50:33+00:00,0.889,0002,CA-323,2-39-78-366,,7.756666666666667
5e6c259ff9af8b3cc29176fa,2020-02-24 16:19:45+00:00,2020-02-25 01:10:33+00:00,2020-02-25 00:27:31+00:00,0.931,0002,CA-490,2-39-79-381,,8.846666666666666
5e6c259ff9af8b3cc29176fb,2020-02-24 16:28:27+00:00,2020-02-25 01:11:59+00:00,2020-02-24 18:26:13+00:00,5.088,0002,CA-305,2-39-131-30,000000620,8.725555555555555
5e6c259ff9af8b3cc29176fc,2020-02-24 16:45:57+00:00,2020-02-25 02:23:37+00:00,2020-02-24 20:14:36+00:00,11.46,0002,CA-504,2-39-124-558,000001534,9.627777777777778
5e6c259ff9af8b3cc29176fd,2020-02-24 16:46:20+00:00,2020-02-24 23:51:29+00:00,2020-02-24 21:59:55+00:00,26.17,0002,CA-494,2-39-78-367,000001470,7.085833333333333
5e6c259ff9af8b3cc29176fe,2020-02-24 16:48:15+00:00,2020-02-25 01:23:33+00:00,2020-02-25 00:26:47+00:00,13.67,0002,CA-320,2-39-78-363,000000945,8.588333333333333
5e6c259ff9af8b3cc29176ff,2020-02-24 16:53:33+00:00,2020-02-25 03:06:00+00:00,2020-02-24 18:42:48+00:00,5.54,0002,CA-322,2-39-78-360,000002244,10.2075
5e6c259ff9af8b3cc2917700,2020-02-24 17:06:05+00:00,2020-02-25 01:17:49+00:00,2020-02-24 18:43:24+00:00,4.7,0002,CA-315,2-39-89-25,000000743,8.195555555555556
5e6c259ff9af8b3cc2917701,2020-02-24 17:18:37+00:00,2020-02-25 02:38:24+00:00,2020-02-24 18:42:45+00:00,4.472,0002,CA-309,2-39-127-19,000000567,9.329722222222221
5e6c259ff9af8b3cc2917702,2020-02-24 17:20:12+00:00,2020-02-25 00:36:25+00:00,2020-02-24 19:16:57+00:00,5.738,0002,CA-498,2-39-92-442,000000686,7.270277777777777
5e6c259ff9af8b3cc2917703,2020-02-24 17:47:02+00:00,2020-02-25 02:37:42+00:00,2020-02-24 18:53:34+00:00,6.979,0002,CA-318,2-39-92-436,000000714,8.844444444444445
5e6c259ff9af8b3cc2917704,2020-02-24 17:47:09+00:00,2020-02-25 03:15:01+00:00,2020-02-24 19:35:58+00:00,11.1,0002,CA-316,2-39-90-26,000000558,9.464444444444444
5e6c259ff9af8b3cc2917705,2020-02-24 17:58:48+00:00,2020-02-25 00:01:44+00:00,2020-02-24 19:22:15+00:00,4.162,0002,CA-313,2-39-123-23,000002170,6.0488888888888885
5e6c259ff9af8b3cc2917706,2020-02-24 18:09:48+00:00,2020-02-24 22:43:33+00:00,2020-02-24 19:54:33+00:00,11.108,0002,CA-497,2-39-95-444,000001087,4.5625
5e6c259ff9af8b3cc2917707,2020-02-24 18:26:47+00:00,2020-02-25 02:03:46+00:00,2020-02-24 20:27:01+00:00,11.647,0002,CA-311,2-39-125-21,000001095,7.616388888888889
5e6c259ff9af8b3cc2917708,2020-02-24 18:41:00+00:00,2020-02-25 01:51:59+00:00,2020-02-24 23:40:53+00:00,29.888,0002,CA-317,2-39-91-437,000002961,7.183055555555556
5e6c259ff9af8b3cc2917709,2020-02-24 19:16:47+00:00,2020-02-25 01:12:26+00:00,2020-02-25 00:44:19+00:00,4.904,0002,CA-489,2-39-79-380,000002149,5.9275
5e6c259ff9af8b3cc291770a,2020-02-24 19:23:52+00:00,2020-02-25 00:39:35+00:00,2020-02-24 21:14:28+00:00,11.139,0002,CA-326,2-39-79-378,000000832,5.2619444444444445
5e6c259ff9af8b3cc291770b,2020-02-24 20:45:00+00:00,2020-02-25 02:33:57+00:00,2020-02-24 23:26:06+00:00,6.885,0002,CA-324,2-39-79-376,000001124,5.815833333333333
5e6c259ff9af8b3cc291770c,2020-02-24 21:23:55+00:00,2020-02-25 00:11:40+00:00,2020-02-24 22:52:58+00:00,9.035,0002,CA-312,2-39-124-22,000001912,2.7958333333333334
5e6c259ff9af8b3cc291770d,2020-02-24 21:51:10+00:00,2020-02-25 00:38:23+00:00,2020-02-25 00:21:02+00:00,0.887,0002,CA-491,2-39-79-382,,2.7869444444444444
5e6c259ff9af8b3cc291770e,2020-02-24 22:11:31+00:00,2020-02-25 01:19:38+00:00,2020-02-24 23:41:53+00:00,4.392,0002,CA-314,2-39-88-24,000003389,3.1352777777777776
5e6c259ff9af8b3cc291770f,2020-02-24 22:17:51+00:00,2020-02-25 03:18:59+00:00,2020-02-24 23:27:43+00:00,2.339,0002,CA-499,2-39-91-441,000001082,5.018888888888889
5e6c259ff9af8b3cc2917710,2020-02-24 23:30:44+00:00,2020-02-25 00:31:33+00:00,2020-02-25 00:27:08+00:00,0.883,0002,CA-503,2-39-123-557,,1.013611111111111
5e6c259ff9af8b3cc2917711,2020-02-25 06:47:04+00:00,2020-02-25 13:03:13+00:00,2020-02-25 11:42:29+00:00,31.879,0002,CA-309,2-39-127-19,000000300,6.269166666666667
5e6c25c3f9af8b3cc2917712,2020-02-25 13:03:30+00:00,2020-02-25 15:26:13+00:00,2020-02-25 15:26:10+00:00,14.197,0002,CA-310,2-39-126-20,000000300,2.3786111111111112
5e6c25c3f9af8b3cc2917713,2020-02-25 15:48:49+00:00,2020-02-25 21:48:36+00:00,2020-02-25 18:12:03+00:00,8.263,0002,CA-491,2-39-79-382,000004701,5.996388888888889
5e6c25c3f9af8b3cc2917714,2020-02-25 16:08:13+00:00,2020-02-25 23:45:44+00:00,2020-02-25 22:28:34+00:00,0.88,0002,CA-489,2-39-79-380,,7.625277777777778
5e6c25c3f9af8b3cc2917715,2020-02-25 16:38:32+00:00,2020-02-26 01:08:24+00:00,2020-02-25 16:59:41+00:00,1.279,0002,CA-327,2-39-79-379,000000751,8.497777777777777
5e6c25c3f9af8b3cc2917716,2020-02-25 16:44:55+00:00,2020-02-26 00:21:50+00:00,2020-02-25 18:30:23+00:00,4.957,0002,CA-498,2-39-92-442,000000686,7.615277777777778
5e6c25c3f9af8b3cc2917717,2020-02-25 16:50:39+00:00,2020-02-25 21:50:21+00:00,2020-02-25 18:54:31+00:00,13.266,0002,CA-497,2-39-95-444,000001470,4.995
5e6c25c3f9af8b3cc2917718,2020-02-25 16:52:11+00:00,2020-02-26 01:16:32+00:00,2020-02-25 21:04:27+00:00,13.548,0002,CA-492,2-39-79-383,000000671,8.405833333333334
5e6c25c3f9af8b3cc2917719,2020-02-25 16:53:17+00:00,2020-02-26 05:48:41+00:00,2020-02-25 18:54:43+00:00,5.982,0002,CA-500,2-39-90-440,000001222,12.923333333333334
5e6c25c3f9af8b3cc291771a,2020-02-25 17:02:35+00:00,2020-02-26 00:20:32+00:00,2020-02-25 18:27:07+00:00,3.955,0002,CA-315,2-39-89-25,000000743,7.299166666666666
5e6c25c3f9af8b3cc291771b,2020-02-25 17:03:50+00:00,2020-02-25 20:14:42+00:00,2020-02-25 19:12:25+00:00,2.576,0002,CA-319,2-39-95-27,000006049,3.181111111111111
5e6c25c3f9af8b3cc291771c,2020-02-25 17:07:55+00:00,2020-02-26 00:34:35+00:00,2020-02-25 19:09:08+00:00,6.919,0002,CA-325,2-39-79-377,000001137,7.444444444444445
5e6c25c3f9af8b3cc291771d,2020-02-25 17:08:27+00:00,2020-02-26 03:11:19+00:00,2020-02-25 19:02:39+00:00,6.062,0002,CA-309,2-39-127-19,000000567,10.047777777777778
5e6c25c3f9af8b3cc291771e,2020-02-25 17:15:23+00:00,2020-02-25 20:39:39+00:00,2020-02-25 18:51:21+00:00,4.942,0002,CA-311,2-39-125-21,000000562,3.4044444444444446
5e6c25c3f9af8b3cc291771f,2020-02-25 17:41:08+00:00,2020-02-26 01:09:31+00:00,2020-02-26 00:29:03+00:00,0.928,0002,CA-326,2-39-79-378,,7.473055555555556
5e6c25c3f9af8b3cc2917720,2020-02-25 17:44:56+00:00,2020-02-26 00:21:50+00:00,2020-02-26 00:18:50+00:00,4.894,0002,CA-493,2-39-78-361,000002149,6.615
5e6c25c3f9af8b3cc2917721,2020-02-25 17:45:42+00:00,2020-02-26 00:55:33+00:00,2020-02-26 00:30:20+00:00,0.78,0002,CA-324,2-39-79-376,,7.164166666666667
5e6c25c3f9af8b3cc2917722,2020-02-25 17:47:25+00:00,2020-02-26 03:09:02+00:00,2020-02-25 19:41:02+00:00,11.116,0002,CA-316,2-39-90-26,000000558,9.360277777777778
5e6c25c3f9af8b3cc2917723,2020-02-25 17:47:37+00:00,2020-02-26 02:36:15+00:00,2020-02-25 18:45:12+00:00,1.834,0002,CA-318,2-39-92-436,000000324,8.810555555555556
5e6c25c3f9af8b3cc2917724,2020-02-25 17:49:48+00:00,2020-02-26 02:37:31+00:00,2020-02-25 18:49:22+00:00,6.368,0002,CA-322,2-39-78-360,000000714,8.795277777777779
5e6c25c3f9af8b3cc2917725,2020-02-25 17:52:23+00:00,2020-02-25 23:40:24+00:00,2020-02-25 19:39:25+00:00,11.109,0002,CA-312,2-39-124-22,000001912,5.800277777777778
5e6c25c3f9af8b3cc2917726,2020-02-25 17:55:23+00:00,2020-02-25 19:56:22+00:00,2020-02-25 19:09:39+00:00,2.479,0002,CA-313,2-39-123-23,000001082,2.016388888888889
5e6c25c3f9af8b3cc2917727,2020-02-25 17:59:38+00:00,2020-02-26 02:48:49+00:00,2020-02-25 18:49:48+00:00,2.485,0002,CA-314,2-39-88-24,000002170,8.819722222222222
5e6c25c3f9af8b3cc2917728,2020-02-25 18:24:48+00:00,2020-02-26 02:05:05+00:00,2020-02-25 21:34:47+00:00,12.113,0002,CA-320,2-39-78-363,000001095,7.671388888888889
5e6c25c3f9af8b3cc2917729,2020-02-25 18:32:14+00:00,2020-02-26 02:07:48+00:00,2020-02-25 21:44:27+00:00,7.902,0002,CA-323,2-39-78-366,000000677,7.592777777777778
5e6c25c3f9af8b3cc291772a,2020-02-25 19:14:26+00:00,2020-02-25 20:40:40+00:00,2020-02-25 20:17:22+00:00,0.821,0002,CA-321,2-39-78-365,,1.4372222222222222
5e6c25c3f9af8b3cc291772b,2020-02-25 20:23:32+00:00,2020-02-25 22:25:11+00:00,2020-02-25 22:22:29+00:00,5.987,0002,CA-313,2-39-123-23,000001366,2.0275
5e6c25c3f9af8b3cc291772c,2020-02-25 20:26:44+00:00,2020-02-26 02:33:44+00:00,2020-02-25 21:31:36+00:00,2.092,0002,CA-499,2-39-91-441,000000710,6.116666666666666
5e6c25c3f9af8b3cc291772d,2020-02-25 20:38:20+00:00,2020-02-26 01:26:24+00:00,2020-02-25 22:41:21+00:00,6.632,0002,CA-319,2-39-95-27,000001124,4.801111111111111
5e6c25c3f9af8b3cc291772e,2020-02-25 20:55:33+00:00,2020-02-26 01:09:51+00:00,2020-02-25 22:48:06+00:00,5.704,0002,CA-311,2-39-125-21,000000620,4.238333333333333
5e6c25c3f9af8b3cc291772f,2020-02-25 21:02:28+00:00,2020-02-25 21:42:25+00:00,2020-02-25 21:42:21+00:00,2.208,0002,CA-321,2-39-78-365,000001093,0.6658333333333334
5e6c25c3f9af8b3cc2917730,2020-02-25 21:20:40+00:00,2020-02-26 00:41:51+00:00,2020-02-26 00:29:01+00:00,7.92,0002,CA-502,2-39-88-438,000006049,3.3530555555555557
5e6c25c3f9af8b3cc2917731,2020-02-25 21:33:53+00:00,2020-02-25 22:23:44+00:00,2020-02-25 22:04:56+00:00,0.844,0002,CA-503,2-39-123-557,,0.8308333333333333
5e6c25c3f9af8b3cc2917732,2020-02-25 21:40:48+00:00,2020-02-25 23:43:51+00:00,2020-02-25 23:31:28+00:00,5.535,0002,CA-149,2-39-83-387,000000752,2.0508333333333333
5e6c25c3f9af8b3cc2917733,2020-02-25 23:27:35+00:00,2020-02-26 00:17:04+00:00,2020-02-26 00:16:27+00:00,2.237,0002,CA-321,2-39-78-365,000004861,0.8247222222222222
5e6c25c3f9af8b3cc2917734,2020-02-26 00:07:59+00:00,2020-02-26 01:07:45+00:00,2020-02-26 00:38:19+00:00,0.862,0002,CA-312,2-39-124-22,,0.9961111111111111
5e6c25c3f9af8b3cc2917735,2020-02-26 00:32:59+00:00,2020-02-26 01:21:00+00:00,2020-02-26 01:20:56+00:00,2.612,0002,CA-304,2-39-138-29,000001366,0.8002777777777778
5e6c25c3f9af8b3cc2917736,2020-02-26 00:39:13+00:00,2020-02-26 01:25:59+00:00,2020-02-26 01:19:47+00:00,0.922,0002,CA-493,2-39-78-361,,0.7794444444444445
5e6c25c3f9af8b3cc2917737,2020-02-26 00:42:09+00:00,2020-02-26 02:30:59+00:00,2020-02-26 02:30:51+00:00,5.805,0002,CA-306,2-39-130-31,000001920,1.8138888888888889
5e6c25c3f9af8b3cc2917738,2020-02-26 01:17:17+00:00,2020-02-26 02:43:00+00:00,2020-02-26 01:52:32+00:00,1.283,0002,CA-308,2-39-128-18,000000365,1.428611111111111
5e6c25c3f9af8b3cc2917739,2020-02-26 02:45:41+00:00,2020-02-26 14:57:49+00:00,2020-02-26 04:42:46+00:00,12.172,0002,CA-325,2-39-79-377,000000754,12.202222222222222
5e6c25c3f9af8b3cc291773a,2020-02-26 04:23:42+00:00,2020-02-26 05:40:40+00:00,2020-02-26 05:40:36+00:00,4.279,0002,CA-303,2-39-139-28,000001263,1.2827777777777778
5e6c25c3f9af8b3cc291773b,2020-02-26 04:28:47+00:00,2020-02-26 06:46:43+00:00,2020-02-26 06:46:38+00:00,14.144,0002,CA-312,2-39-124-22,000001099,2.298888888888889
5e6c25e9f9af8b3cc291773c,2020-02-26 08:11:13+00:00,2020-02-26 18:36:56+00:00,2020-02-26 14:58:49+00:00,10.09,0002,CA-316,2-39-90-26,000001093,10.428611111111111
5e6c25e9f9af8b3cc291773d,2020-02-26 14:48:10+00:00,2020-02-27 20:00:02+00:00,2020-02-26 19:12:23+00:00,14.770036111111112,0002,CA-492,2-39-79-383,000004913,29.197777777777777
5e6c25e9f9af8b3cc291773e,2020-02-26 15:41:40+00:00,2020-02-26 16:44:08+00:00,2020-02-26 16:44:03+00:00,6.33,0002,CA-307,2-39-129-17,000001938,1.041111111111111
5e6c25e9f9af8b3cc291773f,2020-02-26 15:56:27+00:00,2020-02-27 01:46:42+00:00,2020-02-27 01:05:42+00:00,0.846,0002,CA-489,2-39-79-380,,9.8375
5e6c25e9f9af8b3cc2917740,2020-02-26 15:59:54+00:00,2020-02-26 23:10:42+00:00,2020-02-26 17:18:50+00:00,3.119,0002,CA-491,2-39-79-382,000004701,7.18
5e6c25e9f9af8b3cc2917741,2020-02-26 16:12:17+00:00,2020-02-27 04:15:01+00:00,2020-02-26 17:47:42+00:00,4.644,0002,CA-319,2-39-95-27,000005594,12.045555555555556
5e6c25e9f9af8b3cc2917742,2020-02-26 16:15:46+00:00,2020-02-27 01:39:06+00:00,2020-02-27 01:08:51+00:00,50.304,0002,CA-323,2-39-78-366,000003853,9.38888888888889
5e6c25e9f9af8b3cc2917743,2020-02-26 16:21:54+00:00,2020-02-27 01:51:20+00:00,2020-02-27 01:05:21+00:00,0.874,0002,CA-327,2-39-79-379,,9.490555555555556
5e6c25e9f9af8b3cc2917744,2020-02-26 16:40:13+00:00,2020-02-26 22:25:02+00:00,2020-02-26 18:36:00+00:00,5.844,0002,CA-306,2-39-130-31,000001366,5.746944444444445
5e6c25e9f9af8b3cc2917745,2020-02-26 16:48:57+00:00,2020-02-27 00:30:20+00:00,2020-02-27 00:31:20+00:00,14.385,0002,CA-496,2-39-78-362,000001470,7.689722222222223
5e6c25e9f9af8b3cc2917746,2020-02-26 16:52:37+00:00,2020-02-27 01:31:52+00:00,2020-02-26 19:34:46+00:00,8.95,0002,CA-508,2-39-128-562,000001534,8.654166666666667
5e6c25e9f9af8b3cc2917747,2020-02-26 16:56:08+00:00,2020-02-27 03:13:19+00:00,2020-02-26 18:43:57+00:00,5.639,0002,CA-309,2-39-127-19,000000562,10.286388888888888
5e6c25e9f9af8b3cc2917748,2020-02-26 17:04:20+00:00,2020-02-27 00:24:47+00:00,2020-02-26 18:40:01+00:00,5.031,0002,CA-325,2-39-79-377,000000858,7.340833333333333
5e6c25e9f9af8b3cc2917749,2020-02-26 17:07:30+00:00,2020-02-27 00:37:40+00:00,2020-02-26 18:31:58+00:00,4.055,0002,CA-315,2-39-89-25,000000743,7.502777777777778
5e6c25e9f9af8b3cc291774a,2020-02-26 17:11:34+00:00,2020-02-27 03:22:15+00:00,2020-02-26 19:03:53+00:00,5.939,0002,CA-311,2-39-125-21,000000567,10.178055555555556
5e6c25e9f9af8b3cc291774b,2020-02-26 17:18:41+00:00,2020-02-27 04:01:25+00:00,2020-02-27 03:19:45+00:00,0.874,0002,CA-324,2-39-79-376,,10.712222222222222
5e6c25e9f9af8b3cc291774c,2020-02-26 17:28:16+00:00,2020-02-27 01:11:02+00:00,2020-02-26 19:06:18+00:00,4.205,0002,CA-312,2-39-124-22,000000620,7.712777777777778
5e6c25e9f9af8b3cc291774d,2020-02-26 17:42:18+00:00,2020-02-27 01:36:15+00:00,2020-02-26 19:46:30+00:00,5.726,0002,CA-313,2-39-123-23,000001364,7.899166666666667
5e6c25e9f9af8b3cc291774e,2020-02-26 17:42:56+00:00,2020-02-26 20:28:31+00:00,2020-02-26 19:51:15+00:00,13.325,0002,CA-310,2-39-126-20,000001912,2.7597222222222224
5e6c25e9f9af8b3cc291774f,2020-02-26 17:46:22+00:00,2020-02-27 03:13:45+00:00,2020-02-26 19:47:55+00:00,10.927,0002,CA-317,2-39-91-437,000000558,9.456388888888888
5e6c25e9f9af8b3cc2917750,2020-02-26 17:50:37+00:00,2020-02-27 01:59:32+00:00,2020-02-27 01:38:33+00:00,0.861,0002,CA-322,2-39-78-360,,8.14861111111111
5e6c25e9f9af8b3cc2917751,2020-02-26 18:00:50+00:00,2020-02-26 20:50:37+00:00,2020-02-26 20:33:35+00:00,16.578310833333333,0002,CA-326,2-39-79-378,000000832,2.8297222222222222
5e6c25e9f9af8b3cc2917752,2020-02-26 18:04:32+00:00,2020-02-27 00:30:12+00:00,2020-02-27 00:11:18+00:00,12.354,0002,CA-320,2-39-78-363,000001095,6.427777777777778
5e6c25e9f9af8b3cc2917753,2020-02-26 18:23:05+00:00,2020-02-27 01:51:36+00:00,2020-02-27 01:51:31+00:00,49.667,0002,CA-314,2-39-88-24,000000489,7.4752777777777775
5e6c25e9f9af8b3cc2917754,2020-02-26 18:25:46+00:00,2020-02-27 02:38:22+00:00,2020-02-26 19:20:36+00:00,2.438,0002,CA-318,2-39-92-436,000001864,8.21
5e6c25e9f9af8b3cc2917755,2020-02-26 18:36:17+00:00,2020-02-26 20:51:31+00:00,2020-02-26 20:45:06+00:00,4.137,0002,CA-321,2-39-78-365,000000668,2.253888888888889
5e6c25e9f9af8b3cc2917756,2020-02-26 18:42:34+00:00,2020-02-26 22:35:05+00:00,2020-02-26 22:22:01+00:00,3.157,0002,CA-494,2-39-78-367,000002170,3.875277777777778
5e6c25e9f9af8b3cc2917757,2020-02-26 18:50:04+00:00,2020-02-27 00:58:04+00:00,2020-02-27 00:41:23+00:00,0.839,0002,CA-316,2-39-90-26,,6.133333333333334
5e6c25e9f9af8b3cc2917758,2020-02-26 20:33:52+00:00,2020-02-27 01:16:25+00:00,2020-02-27 01:08:57+00:00,1.021,0002,CA-495,2-39-78-364,,4.7091666666666665
5e6c25e9f9af8b3cc2917759,2020-02-26 20:34:29+00:00,2020-02-27 03:46:24+00:00,2020-02-26 21:40:29+00:00,2.204,0002,CA-310,2-39-126-20,000001082,7.198611111111111
5e6c25e9f9af8b3cc291775a,2020-02-26 20:37:47+00:00,2020-02-27 01:24:20+00:00,2020-02-26 22:45:23+00:00,7.161,0002,CA-500,2-39-90-440,000001091,4.775833333333333
5e6c25e9f9af8b3cc291775b,2020-02-26 20:45:47+00:00,2020-02-27 00:40:03+00:00,2020-02-26 21:54:20+00:00,2.2,0002,CA-499,2-39-91-441,000000710,3.9044444444444446
5e6c25e9f9af8b3cc291775c,2020-02-26 21:10:46+00:00,2020-02-26 23:59:34+00:00,2020-02-26 22:19:43+00:00,2.241,0002,CA-326,2-39-79-378,000000560,2.8133333333333335
5e6c25e9f9af8b3cc291775d,2020-02-26 21:18:42+00:00,2020-02-27 03:03:01+00:00,2020-02-26 23:25:27+00:00,6.788,0002,CA-321,2-39-78-365,000001124,5.738611111111111
5e6c25e9f9af8b3cc291775e,2020-02-26 22:38:49+00:00,2020-02-27 01:53:16+00:00,2020-02-27 01:38:50+00:00,0.726923536439364,0002,CA-494,2-39-78-367,,3.2408333333333332
5e6c25e9f9af8b3cc291775f,2020-02-26 23:38:44+00:00,2020-02-27 01:05:02+00:00,2020-02-27 00:37:54+00:00,2.855,0002,CA-491,2-39-79-382,000001920,1.4383333333333332
5e6c25e9f9af8b3cc2917760,2020-02-27 00:37:55+00:00,2020-02-27 04:36:16+00:00,2020-02-27 03:22:14+00:00,11.67,0002,CA-325,2-39-79-377,000001137,3.9725
5e6c25e9f9af8b3cc2917761,2020-02-27 00:56:15+00:00,2020-02-27 03:30:04+00:00,2020-02-27 02:50:07+00:00,5.707,0002,CA-304,2-39-138-29,000001366,2.5636111111111113
5e6c25e9f9af8b3cc2917762,2020-02-27 01:54:02+00:00,2020-02-27 03:07:35+00:00,2020-02-27 02:56:29+00:00,5.886,0002,CA-491,2-39-79-382,000004701,1.2258333333333333
5e6c25e9f9af8b3cc2917763,2020-02-27 02:59:45+00:00,2020-02-27 04:36:33+00:00,2020-02-27 04:36:29+00:00,6.151,0002,CA-303,2-39-139-28,000001564,1.6133333333333333
5e6c25e9f9af8b3cc2917764,2020-02-27 03:44:20+00:00,2020-02-27 06:14:56+00:00,2020-02-27 06:14:51+00:00,15.263,0002,CA-307,2-39-129-17,000001099,2.51
5e6c25e9f9af8b3cc2917765,2020-02-27 04:49:41+00:00,2020-02-27 05:50:19+00:00,2020-02-27 05:20:33+00:00,0.87,0002,CA-303,2-39-139-28,,1.0105555555555557
5e6d771af9af8b40886ec466,2020-02-27 15:56:02+00:00,2020-02-28 01:27:50+00:00,2020-02-28 00:46:02+00:00,2.75,0002,CA-323,2-39-78-366,000003853,9.53
5e6d771af9af8b40886ec467,2020-02-27 15:56:06+00:00,2020-02-27 22:47:21+00:00,2020-02-27 20:36:58+00:00,3.316,0002,CA-491,2-39-79-382,000004701,6.854166666666667
5e6d771af9af8b40886ec468,2020-02-27 16:04:45+00:00,2020-02-28 03:07:44+00:00,2020-02-27 20:36:56+00:00,1.632,0002,CA-489,2-39-79-380,,11.049722222222222
5e6d771af9af8b40886ec469,2020-02-27 16:20:25+00:00,2020-02-27 22:11:48+00:00,2020-02-27 22:11:43+00:00,15.803,0002,CA-324,2-39-79-376,000003424,5.856388888888889
5e6d771af9af8b40886ec46a,2020-02-27 16:26:27+00:00,2020-02-28 00:43:36+00:00,2020-02-27 20:49:30+00:00,0.6908228793307026,0002,CA-495,2-39-78-364,000001470,8.285833333333333
5e6d771af9af8b40886ec46b,2020-02-27 16:34:19+00:00,2020-02-28 01:14:21+00:00,2020-02-27 20:36:58+00:00,0.723,0002,CA-327,2-39-79-379,,8.667222222222222
5e6d771af9af8b40886ec46c,2020-02-27 16:34:29+00:00,2020-02-27 23:14:47+00:00,2020-02-27 21:55:18+00:00,1.978,0002,CA-321,2-39-78-365,000000068,6.671666666666667
5e6d771af9af8b40886ec46d,2020-02-27 16:41:59+00:00,2020-02-28 02:27:33+00:00,2020-02-27 20:36:57+00:00,4.535,0002,CA-303,2-39-139-28,000000712,9.759444444444444
5e6d771af9af8b40886ec46e,2020-02-27 16:43:26+00:00,2020-02-28 00:07:32+00:00,2020-02-27 21:54:08+00:00,13.09,0002,CA-325,2-39-79-377,000000945,7.401666666666666
5e6d771af9af8b40886ec46f,2020-02-27 16:48:23+00:00,2020-02-27 22:47:38+00:00,2020-02-27 20:36:55+00:00,2.448,0002,CA-306,2-39-130-31,000001366,5.9875
5e6d771af9af8b40886ec470,2020-02-27 16:48:46+00:00,2020-02-28 03:12:36+00:00,2020-02-27 20:36:56+00:00,5.388,0002,CA-309,2-39-127-19,000000562,10.397222222222222
5e6d771af9af8b40886ec471,2020-02-27 16:53:03+00:00,2020-02-27 22:54:10+00:00,2020-02-27 22:54:02+00:00,7.524,0002,CA-493,2-39-78-361,000000671,6.018611111111111
5e6d771af9af8b40886ec472,2020-02-27 17:04:10+00:00,2020-02-28 00:37:16+00:00,2020-02-27 20:36:56+00:00,5.562,0002,CA-315,2-39-89-25,,7.551666666666667
5e6d771af9af8b40886ec473,2020-02-27 17:09:51+00:00,2020-02-28 03:05:52+00:00,2020-02-27 21:33:00+00:00,11.05,0002,CA-499,2-39-91-441,000000558,9.93361111111111
5e6d771af9af8b40886ec474,2020-02-27 17:25:21+00:00,2020-02-27 23:06:41+00:00,2020-02-27 22:16:50+00:00,13.433,0002,CA-310,2-39-126-20,000001912,5.688888888888889
5e6d771af9af8b40886ec475,2020-02-27 17:33:06+00:00,2020-02-27 21:30:16+00:00,2020-02-27 21:09:53+00:00,1.285,0002,CA-320,2-39-78-363,000000714,3.952777777777778
5e6d771af9af8b40886ec476,2020-02-27 17:33:58+00:00,2020-02-28 00:12:01+00:00,2020-02-27 22:50:50+00:00,8.802,0002,CA-326,2-39-79-378,000001137,6.634166666666666
5e6d771af9af8b40886ec477,2020-02-27 18:22:51+00:00,2020-02-28 01:29:12+00:00,2020-02-27 20:36:55+00:00,2.831,0002,CA-317,2-39-91-437,000002170,7.105833333333333
5e6d771af9af8b40886ec478,2020-02-27 18:25:54+00:00,2020-02-28 01:44:44+00:00,2020-02-27 21:48:17+00:00,7.675,0002,CA-319,2-39-95-27,000001524,7.313888888888889
5e6d771af9af8b40886ec479,2020-02-27 18:26:54+00:00,2020-02-28 00:23:55+00:00,2020-02-27 22:14:43+00:00,11.42,0002,CA-500,2-39-90-440,000001095,5.950277777777778
5e6d771af9af8b40886ec47a,2020-02-27 18:38:20+00:00,2020-02-28 01:40:31+00:00,2020-02-27 21:46:41+00:00,6.096,0002,CA-313,2-39-123-23,000000567,7.036388888888889
5e6d771af9af8b40886ec47b,2020-02-27 19:08:34+00:00,2020-02-28 05:29:49+00:00,2020-02-27 22:35:06+00:00,13.923,0002,CA-501,2-39-89-439,000000069,10.354166666666666
5e6d771af9af8b40886ec47c,2020-02-27 20:00:11+00:00,2020-02-28 00:54:45+00:00,2020-02-27 23:23:15+00:00,0.7456287335718179,0002,CA-322,2-39-78-360,,4.9094444444444445
5e6d771af9af8b40886ec47d,2020-02-27 20:04:53+00:00,2020-02-28 02:41:03+00:00,2020-02-27 22:05:51+00:00,3.872,0002,CA-316,2-39-90-26,000000958,6.602777777777778
5e6d771af9af8b40886ec47e,2020-02-27 21:05:19+00:00,2020-02-27 22:55:52+00:00,2020-02-27 22:55:47+00:00,11.709,0002,CA-311,2-39-125-21,000001039,1.8425
5e6d771af9af8b40886ec47f,2020-02-27 21:07:36+00:00,2020-02-28 04:20:45+00:00,2020-02-27 21:41:13+00:00,1.675,0002,CA-497,2-39-95-444,000001091,7.219166666666666
5e6d771af9af8b40886ec480,2020-02-27 21:36:21+00:00,2020-02-28 01:29:23+00:00,2020-02-27 23:47:46+00:00,14.324,0002,CA-502,2-39-88-438,000003176,3.883888888888889
5e6d771af9af8b40886ec481,2020-02-27 21:51:49+00:00,2020-02-28 03:00:15+00:00,2020-02-27 23:57:11+00:00,6.884,0002,CA-320,2-39-78-363,000001124,5.140555555555555
5e6d771af9af8b40886ec482,2020-02-27 22:18:02+00:00,2020-02-27 23:37:23+00:00,2020-02-27 23:37:18+00:00,4.252,0002,CA-312,2-39-124-22,000001236,1.3225
5e6d771af9af8b40886ec483,2020-02-27 22:49:24+00:00,2020-02-27 23:45:45+00:00,2020-02-27 23:03:39+00:00,1.161,0002,CA-306,2-39-130-31,000000630,0.9391666666666667
5e6d771af9af8b40886ec484,2020-02-28 00:08:53+00:00,2020-02-28 02:11:14+00:00,2020-02-28 02:11:09+00:00,13.537,0002,CA-318,2-39-92-436,000001039,2.0391666666666666
5e6d771af9af8b40886ec485,2020-02-28 00:21:23+00:00,2020-02-28 02:26:53+00:00,2020-02-28 01:13:39+00:00,2.472,0002,CA-311,2-39-125-21,000001920,2.091666666666667
5e6d771af9af8b40886ec486,2020-02-28 00:51:26+00:00,2020-02-28 01:48:35+00:00,2020-02-28 01:39:34+00:00,2.077,0002,CA-306,2-39-130-31,000001366,0.9525
5e6d771af9af8b40886ec487,2020-02-28 01:44:25+00:00,2020-02-28 03:01:48+00:00,2020-02-28 02:14:42+00:00,0.833,0002,CA-305,2-39-131-30,,1.2897222222222222
5e6d771af9af8b40886ec488,2020-02-28 03:20:35+00:00,2020-02-28 06:09:15+00:00,2020-02-28 06:09:10+00:00,9.559,0002,CA-317,2-39-91-437,000001108,2.811111111111111
5e6d771af9af8b40886ec489,2020-02-28 04:27:33+00:00,2020-02-28 05:53:15+00:00,2020-02-28 05:16:12+00:00,2.737,0002,CA-303,2-39-139-28,000001263,1.4283333333333332
5e6ec8a0f9af8b4466ea156b,2020-02-28 14:46:27+00:00,2020-02-28 22:12:33+00:00,2020-02-28 18:57:33+00:00,13.25,0002,CA-492,2-39-79-383,000004913,7.435
5e6ec8a0f9af8b4466ea156c,2020-02-28 15:01:12+00:00,2020-02-29 01:09:02+00:00,2020-02-28 16:24:12+00:00,3.988,0002,CA-315,2-39-89-25,000000743,10.130555555555556
5e6ec8a0f9af8b4466ea156d,2020-02-28 15:39:20+00:00,2020-02-29 00:48:39+00:00,2020-02-28 16:52:26+00:00,2.786,0002,CA-491,2-39-79-382,000004701,9.155277777777778
5e6ec8a0f9af8b4466ea156e,2020-02-28 15:43:41+00:00,2020-02-29 03:08:59+00:00,2020-02-29 00:20:02+00:00,1.218,0002,CA-489,2-39-79-380,,11.421666666666667
5e6ec8a0f9af8b4466ea156f,2020-02-28 16:00:03+00:00,2020-02-28 20:50:05+00:00,2020-02-28 17:17:09+00:00,3.443,0002,CA-304,2-39-138-29,000001564,4.833888888888889
5e6ec8a0f9af8b4466ea1570,2020-02-28 16:09:56+00:00,2020-02-29 03:08:37+00:00,2020-02-28 20:45:11+00:00,0.982,0002,CA-326,2-39-79-378,,10.978055555555555
5e6ec8a0f9af8b4466ea1571,2020-02-28 16:14:21+00:00,2020-02-28 20:58:17+00:00,2020-02-28 17:43:00+00:00,8.092,0002,CA-323,2-39-78-366,000003853,4.732222222222222
5e6ec8a0f9af8b4466ea1572,2020-02-28 16:31:00+00:00,2020-02-29 00:20:59+00:00,2020-02-28 16:56:41+00:00,0.697,0002,CA-327,2-39-79-379,,7.833055555555555
5e6ec8a0f9af8b4466ea1573,2020-02-28 16:35:27+00:00,2020-02-29 01:58:51+00:00,2020-02-28 18:17:15+00:00,5.341,0002,CA-303,2-39-139-28,000000562,9.39
5e6ec8a0f9af8b4466ea1574,2020-02-28 16:40:09+00:00,2020-02-28 21:05:27+00:00,2020-02-28 20:57:07+00:00,11.282,0002,CA-494,2-39-78-367,000001470,4.421666666666667
5e6ec8a0f9af8b4466ea1575,2020-02-28 16:40:33+00:00,2020-02-29 00:20:02+00:00,2020-02-28 19:55:48+00:00,19.455,0002,CA-317,2-39-91-437,000001039,7.658055555555555
5e6ec8a0f9af8b4466ea1576,2020-02-28 16:48:32+00:00,2020-02-28 23:03:48+00:00,2020-02-28 18:50:44+00:00,6.47,0002,CA-325,2-39-79-377,000001410,6.254444444444444
5e6ec8a0f9af8b4466ea1577,2020-02-28 17:03:03+00:00,2020-02-29 01:52:22+00:00,2020-02-29 01:52:17+00:00,7.217,0002,CA-321,2-39-78-365,000000714,8.821944444444444
5e6ec8a0f9af8b4466ea1578,2020-02-28 17:08:22+00:00,2020-02-29 01:20:06+00:00,2020-02-28 19:19:16+00:00,14.47,0002,CA-311,2-39-125-21,000002961,8.195555555555556
5e6ec8a0f9af8b4466ea1579,2020-02-28 17:14:35+00:00,2020-02-29 01:41:53+00:00,2020-02-28 18:35:26+00:00,3.952,0002,CA-306,2-39-130-31,000001366,8.455
5e6ec8a0f9af8b4466ea157a,2020-02-28 17:24:43+00:00,2020-02-29 04:35:58+00:00,2020-02-28 18:38:53+00:00,3.979,0002,CA-307,2-39-129-17,000000567,11.1875
5e6ec8a0f9af8b4466ea157b,2020-02-28 17:38:54+00:00,2020-02-28 18:43:24+00:00,2020-02-28 18:43:19+00:00,3.465,0002,CA-309,2-39-127-19,000001236,1.075
5e6ec8a0f9af8b4466ea157c,2020-02-28 17:40:54+00:00,2020-02-29 04:19:25+00:00,2020-02-28 19:11:34+00:00,4.262,0002,CA-319,2-39-95-27,000005594,10.641944444444444
5e6ec8a0f9af8b4466ea157d,2020-02-28 17:42:41+00:00,2020-02-28 22:08:40+00:00,2020-02-28 18:41:27+00:00,1.865,0002,CA-318,2-39-92-436,000000324,4.433055555555556
5e6ec8a0f9af8b4466ea157e,2020-02-28 17:50:39+00:00,2020-02-29 03:14:01+00:00,2020-02-28 19:44:35+00:00,10.807,0002,CA-322,2-39-78-360,000000558,9.389444444444445
5e6ec8a0f9af8b4466ea157f,2020-02-28 17:56:25+00:00,2020-02-28 19:14:25+00:00,2020-02-28 19:14:23+00:00,3.137,0002,CA-320,2-39-78-363,000001471,1.3
5e6ec8a0f9af8b4466ea1580,2020-02-28 17:56:32+00:00,2020-02-28 22:01:18+00:00,2020-02-28 19:19:03+00:00,4.164,0002,CA-310,2-39-126-20,000001481,4.079444444444444
5e6ec8a0f9af8b4466ea1581,2020-02-28 18:00:58+00:00,2020-02-28 22:10:48+00:00,2020-02-28 20:52:38+00:00,1.178,0002,CA-324,2-39-79-376,,4.163888888888889
5e6ec8a0f9af8b4466ea1582,2020-02-28 18:02:56+00:00,2020-02-28 21:22:40+00:00,2020-02-28 20:52:38+00:00,1.176,0002,CA-313,2-39-123-23,,3.328888888888889
5e6ec8a0f9af8b4466ea1583,2020-02-28 18:15:15+00:00,2020-02-29 01:39:48+00:00,2020-02-28 22:03:47+00:00,12.035,0002,CA-495,2-39-78-364,000001095,7.409166666666667
5e6ec8a0f9af8b4466ea1584,2020-02-28 18:44:38+00:00,2020-02-28 20:21:18+00:00,2020-02-28 20:21:13+00:00,10.781,0002,CA-314,2-39-88-24,000001316,1.6111111111111112
5e6ec8a0f9af8b4466ea1585,2020-02-28 19:02:13+00:00,2020-02-29 01:53:34+00:00,2020-02-28 20:38:46+00:00,9.802,0002,CA-498,2-39-92-442,000003270,6.855833333333333
5e6ec8a0f9af8b4466ea1586,2020-02-28 19:11:23+00:00,2020-02-29 01:20:14+00:00,2020-02-29 00:15:51+00:00,31.417,0002,CA-309,2-39-127-19,000001244,6.1475
5e6ec8a0f9af8b4466ea1587,2020-02-28 20:06:25+00:00,2020-02-29 02:34:00+00:00,2020-02-28 22:19:32+00:00,6.983,0002,CA-320,2-39-78-363,000001124,6.459722222222222
5e6ec8a0f9af8b4466ea1588,2020-02-28 20:35:27+00:00,2020-02-28 20:54:02+00:00,2020-02-28 20:53:59+00:00,0.825,0002,CA-312,2-39-124-22,000000311,0.30972222222222223
5e6ec8a0f9af8b4466ea1589,2020-02-28 21:17:17+00:00,2020-02-29 00:40:47+00:00,2020-02-29 00:39:38+00:00,7.888,0002,CA-323,2-39-78-366,000001089,3.3916666666666666
5e6ec8a0f9af8b4466ea158a,2020-02-28 21:36:50+00:00,2020-02-29 00:59:03+00:00,2020-02-29 00:44:55+00:00,19.881,0002,CA-316,2-39-90-26,000000832,3.370277777777778
5e6ec8a0f9af8b4466ea158b,2020-02-28 22:02:31+00:00,2020-02-29 00:18:31+00:00,2020-02-29 00:18:27+00:00,8.509,0002,CA-497,2-39-95-444,000006435,2.2666666666666666
5e6ec8a0f9af8b4466ea158c,2020-02-28 23:21:53+00:00,2020-02-29 00:42:09+00:00,2020-02-29 00:39:50+00:00,0.886,0002,CA-310,2-39-126-20,,1.3377777777777777
5e6ec8a0f9af8b4466ea158d,2020-02-28 23:45:15+00:00,2020-02-29 02:48:22+00:00,2020-02-29 00:11:50+00:00,0.559,0002,CA-313,2-39-123-23,,3.0519444444444446
5e6ec8a0f9af8b4466ea158e,2020-02-29 04:26:57+00:00,2020-02-29 05:18:18+00:00,2020-02-29 05:18:13+00:00,2.997,0002,CA-320,2-39-78-363,000000461,0.8558333333333333
5e701a0df9af8b4841ae7d56,2020-02-29 16:40:37+00:00,2020-02-29 18:36:44+00:00,2020-02-29 18:32:39+00:00,7.346,0002,CA-310,2-39-126-20,000000300,1.9352777777777779
5e701a0df9af8b4841ae7d57,2020-02-29 17:37:13+00:00,2020-02-29 18:38:46+00:00,2020-02-29 18:38:41+00:00,3.297,0002,CA-305,2-39-131-30,000000365,1.0258333333333334
5e701a0df9af8b4841ae7d58,2020-02-29 17:59:43+00:00,2020-02-29 18:59:21+00:00,2020-02-29 18:59:16+00:00,6.688,0002,CA-303,2-39-139-28,000000248,0.9938888888888889
5e701a0df9af8b4841ae7d59,2020-02-29 18:06:44+00:00,2020-02-29 19:41:42+00:00,2020-02-29 19:36:53+00:00,4.46,0002,CA-315,2-39-89-25,000000743,1.5827777777777778
5e701a0df9af8b4841ae7d5b,2020-02-29 19:51:51+00:00,2020-02-29 21:55:19+00:00,2020-02-29 21:22:29+00:00,9.193,0002,CA-307,2-39-129-17,000002290,2.057777777777778
5e701a0df9af8b4841ae7d5a,2020-02-29 19:52:17+00:00,2020-03-01 00:45:33+00:00,2020-03-01 00:21:41+00:00,15.569,0002,CA-327,2-39-79-379,000001384,4.887777777777778
5e701a0df9af8b4841ae7d5c,2020-02-29 20:09:02+00:00,2020-02-29 22:02:04+00:00,2020-02-29 21:31:04+00:00,7.942,0002,CA-304,2-39-138-29,000000798,1.883888888888889
5e701a0df9af8b4841ae7d5d,2020-02-29 21:38:42+00:00,2020-03-01 00:30:15+00:00,2020-02-29 22:09:33+00:00,0.856,0002,CA-313,2-39-123-23,,2.859166666666667
5e701a0df9af8b4841ae7d5e,2020-02-29 23:11:35+00:00,2020-03-01 01:15:55+00:00,2020-03-01 01:15:51+00:00,6.79,0002,CA-309,2-39-127-19,000001920,2.0722222222222224
5e701a0df9af8b4841ae7d5f,2020-02-29 23:35:14+00:00,2020-03-01 02:16:25+00:00,2020-03-01 02:16:48+00:00,10.08,0002,CA-305,2-39-131-30,000000300,2.6863888888888887
5e716b8ff9af8b4c101331b1,2020-03-01 18:00:01+00:00,2020-03-01 19:46:44+00:00,2020-03-01 19:29:39+00:00,4.445,0002,CA-315,2-39-89-25,000000743,1.7786111111111111
5e716b8ff9af8b4c101331b2,2020-03-01 18:39:34+00:00,2020-03-01 19:43:32+00:00,2020-03-01 19:43:28+00:00,3.416,0002,CA-303,2-39-139-28,000001236,1.066111111111111
5e716b8ff9af8b4c101331b3,2020-03-02 00:05:02+00:00,2020-03-02 03:29:29+00:00,2020-03-02 03:29:24+00:00,22.251,0002,CA-325,2-39-79-377,000000248,3.4075
5e716b8ff9af8b4c101331b4,2020-03-02 00:25:28+00:00,2020-03-03 19:37:08+00:00,2020-03-02 04:26:50+00:00,13.599,0002,CA-492,2-39-79-383,000004913,43.19444444444444
5e716b8ff9af8b4c101331b5,2020-03-02 01:29:47+00:00,2020-03-02 01:48:58+00:00,2020-03-02 01:48:53+00:00,0.541,0002,CA-309,2-39-127-19,,0.31972222222222224
5e716b8ff9af8b4c101331b6,2020-03-02 02:00:29+00:00,2020-03-02 02:51:27+00:00,2020-03-02 02:51:23+00:00,5.659,0002,CA-313,2-39-123-23,000005855,0.8494444444444444
5e716b8ff9af8b4c101331b7,2020-03-02 02:41:34+00:00,2020-03-02 04:33:21+00:00,2020-03-02 03:46:46+00:00,6.472,0002,CA-308,2-39-128-18,000001099,1.8630555555555555
5e72bd1bf9af8b73fde9e375,2020-03-02 14:20:08+00:00,2020-03-03 01:03:19+00:00,2020-03-02 19:11:24+00:00,25.355,0002,CA-303,2-39-139-28,000000710,10.719722222222222
5e72bd1bf9af8b73fde9e376,2020-03-02 15:43:33+00:00,2020-03-02 21:36:15+00:00,2020-03-02 19:11:25+00:00,4.573,0002,CA-491,2-39-79-382,000004701,5.878333333333333
5e72bd1bf9af8b73fde9e377,2020-03-02 15:55:52+00:00,2020-03-02 22:26:39+00:00,2020-03-02 20:23:30+00:00,0.865,0002,CA-489,2-39-79-380,,6.513055555555556
5e72bd1bf9af8b73fde9e378,2020-03-02 16:07:11+00:00,2020-03-03 04:48:52+00:00,2020-03-02 19:11:24+00:00,4.554,0002,CA-316,2-39-90-26,000005594,12.694722222222222
5e72bd1bf9af8b73fde9e379,2020-03-02 16:12:41+00:00,2020-03-03 01:09:32+00:00,2020-03-02 19:11:22+00:00,10.228,0002,CA-323,2-39-78-366,000003853,8.9475
5e72bd1bf9af8b73fde9e37a,2020-03-02 16:27:37+00:00,2020-03-02 19:04:19+00:00,,0.835,0002,CA-212,2-39-83-386,000004595,2.611666666666667
5e72bd1bf9af8b73fde9e37b,2020-03-02 16:36:02+00:00,2020-03-03 00:52:53+00:00,2020-03-03 00:16:09+00:00,18.762,0002,CA-494,2-39-78-367,000001470,8.280833333333334
5e72bd1bf9af8b73fde9e37c,2020-03-02 16:40:08+00:00,2020-03-02 19:52:49+00:00,2020-03-02 19:25:10+00:00,4.867,0002,CA-495,2-39-78-364,000002149,3.211388888888889
5e72bd1bf9af8b73fde9e37d,2020-03-02 16:44:21+00:00,2020-03-03 02:07:09+00:00,2020-03-02 20:42:49+00:00,11.787,0002,CA-305,2-39-131-30,000000712,9.38
5e72bd1bf9af8b73fde9e37e,2020-03-02 16:59:38+00:00,2020-03-02 23:58:20+00:00,2020-03-02 22:29:24+00:00,22.632,0002,CA-324,2-39-79-376,000001137,6.9783333333333335
5e72bd1bf9af8b73fde9e37f,2020-03-02 17:01:18+00:00,2020-03-02 22:29:17+00:00,2020-03-02 19:11:24+00:00,5.089,0002,CA-309,2-39-127-19,000000562,5.466388888888889
5e72bd1bf9af8b73fde9e380,2020-03-02 17:08:09+00:00,2020-03-03 01:21:05+00:00,2020-03-03 00:18:28+00:00,9.713,0002,CA-506,2-39-126-560,000001534,8.215555555555556
5e72bd1bf9af8b73fde9e381,2020-03-02 17:14:13+00:00,2020-03-03 03:08:09+00:00,2020-03-02 19:11:22+00:00,3.804,0002,CA-311,2-39-125-21,000000567,9.898888888888889
5e72bd1bf9af8b73fde9e382,2020-03-02 17:22:01+00:00,2020-03-02 20:19:41+00:00,2020-03-02 19:11:22+00:00,6.596,0002,CA-313,2-39-123-23,000001912,2.9611111111111112
5e72bd1bf9af8b73fde9e383,2020-03-02 17:27:23+00:00,2020-03-03 01:52:15+00:00,2020-03-02 19:31:51+00:00,10.873,0002,CA-321,2-39-78-365,000000714,8.414444444444445
5e72bd1bf9af8b73fde9e384,2020-03-02 17:47:02+00:00,2020-03-02 21:54:55+00:00,2020-03-02 21:54:50+00:00,25.812,0002,CA-499,2-39-91-441,000002972,4.131388888888889
5e72bd1bf9af8b73fde9e385,2020-03-02 17:47:13+00:00,2020-03-03 04:22:36+00:00,2020-03-02 19:45:02+00:00,5.889,0002,CA-497,2-39-95-444,000001222,10.589722222222223
5e72bd1bf9af8b73fde9e386,2020-03-02 18:19:14+00:00,2020-03-03 01:59:20+00:00,2020-03-02 20:03:24+00:00,10.084,0002,CA-319,2-39-95-27,000001095,7.668333333333333
5e72bd1bf9af8b73fde9e387,2020-03-02 18:27:57+00:00,2020-03-03 02:22:08+00:00,2020-03-03 01:57:45+00:00,0.925,0002,CA-317,2-39-91-437,,7.9030555555555555
5e72bd1bf9af8b73fde9e388,2020-03-02 18:33:45+00:00,2020-03-03 03:14:05+00:00,2020-03-02 21:05:27+00:00,12.992,0002,CA-322,2-39-78-360,000000558,8.672222222222222
5e72bd1bf9af8b73fde9e389,2020-03-02 18:34:07+00:00,2020-03-03 01:27:18+00:00,2020-03-02 20:15:27+00:00,4.869,0002,CA-500,2-39-90-440,000000743,6.886388888888889
5e72bd1bf9af8b73fde9e38a,2020-03-02 18:40:16+00:00,2020-03-02 23:07:43+00:00,2020-03-02 22:07:09+00:00,3.892,0002,CA-314,2-39-88-24,000000668,4.4575
5e72bd1bf9af8b73fde9e38b,2020-03-02 19:08:03+00:00,2020-03-03 01:07:31+00:00,2020-03-03 01:07:26+00:00,39.501,0002,CA-310,2-39-126-20,000004595,5.9911111111111115
5e72bd1bf9af8b73fde9e38c,2020-03-02 19:21:33+00:00,2020-03-02 19:54:00+00:00,2020-03-02 19:53:55+00:00,3.391,0002,CA-312,2-39-124-22,000000300,0.5408333333333334
5e72bd1bf9af8b73fde9e38d,2020-03-02 19:57:52+00:00,2020-03-03 01:03:12+00:00,2020-03-03 00:27:16+00:00,27.87,0002,CA-326,2-39-79-378,000000832,5.088888888888889
5e72bd1bf9af8b73fde9e38e,2020-03-02 20:48:46+00:00,2020-03-02 23:27:08+00:00,2020-03-02 21:42:26+00:00,2.371,0002,CA-312,2-39-124-22,000000891,2.6394444444444445
5e72bd1bf9af8b73fde9e38f,2020-03-02 21:14:25+00:00,2020-03-03 02:20:05+00:00,2020-03-02 23:49:32+00:00,6.604,0002,CA-318,2-39-92-436,000001124,5.094444444444444
5e72bd1bf9af8b73fde9e390,2020-03-02 21:32:55+00:00,2020-03-03 01:15:42+00:00,2020-03-02 22:24:04+00:00,2.257,0002,CA-313,2-39-123-23,000001366,3.7130555555555556
5e72bd1bf9af8b73fde9e391,2020-03-02 21:43:54+00:00,2020-03-03 03:02:18+00:00,2020-03-02 22:50:13+00:00,2.2,0002,CA-490,2-39-79-381,000001082,5.306666666666667
5e72bd1bf9af8b73fde9e392,2020-03-02 21:46:04+00:00,2020-03-02 22:59:31+00:00,2020-03-02 22:59:26+00:00,3.839,0002,CA-495,2-39-78-364,000001236,1.2241666666666666
5e72bd1bf9af8b73fde9e393,2020-03-02 22:01:24+00:00,2020-03-03 02:52:17+00:00,2020-03-03 00:26:28+00:00,8.341,0002,CA-491,2-39-79-382,000000515,4.848055555555556
5e72bd1bf9af8b73fde9e394,2020-03-02 22:34:06+00:00,2020-03-03 01:02:29+00:00,2020-03-02 23:04:49+00:00,0.893,0002,CA-212,2-39-83-386,,2.4730555555555553
5e72bd1bf9af8b73fde9e395,2020-03-02 23:29:24+00:00,2020-03-03 00:48:25+00:00,2020-03-03 00:37:34+00:00,6.789,0002,CA-309,2-39-127-19,000002290,1.3169444444444445
5e72bd1bf9af8b73fde9e396,2020-03-02 23:49:17+00:00,2020-03-03 01:04:37+00:00,2020-03-03 01:04:28+00:00,3.787,0002,CA-489,2-39-79-380,000002291,1.2555555555555555
5e72bd1bf9af8b73fde9e397,2020-03-03 00:57:16+00:00,2020-03-03 02:52:12+00:00,2020-03-03 02:12:44+00:00,3.728,0002,CA-314,2-39-88-24,000001920,1.9155555555555555
5e72bd1bf9af8b73fde9e398,2020-03-03 01:12:59+00:00,2020-03-03 03:27:49+00:00,2020-03-03 03:12:30+00:00,6.096,0002,CA-309,2-39-127-19,000003577,2.2472222222222222
5e72bd1bf9af8b73fde9e399,2020-03-03 01:40:16+00:00,2020-03-03 04:09:26+00:00,2020-03-03 04:10:24+00:00,0.904,0002,CA-307,2-39-129-17,,2.486111111111111
5e72bd1bf9af8b73fde9e39a,2020-03-03 04:10:38+00:00,2020-03-03 05:12:38+00:00,2020-03-03 05:12:57+00:00,0.898,0002,CA-308,2-39-128-18,,1.0333333333333334
5e740e9ff9af8b7848854fc2,2020-03-03 14:23:35+00:00,2020-03-04 01:03:56+00:00,2020-03-03 15:29:11+00:00,3.259,0002,CA-490,2-39-79-381,000001007,10.6725
5e740e9ff9af8b7848854fc3,2020-03-03 15:54:43+00:00,2020-03-04 00:25:37+00:00,2020-03-03 18:40:16+00:00,11.41,0002,CA-491,2-39-79-382,000004701,8.515
5e740e9ff9af8b7848854fc4,2020-03-03 16:01:26+00:00,2020-03-03 23:46:15+00:00,2020-03-03 23:47:13+00:00,0.815,0002,CA-489,2-39-79-380,,7.746944444444445
5e740e9ff9af8b7848854fc5,2020-03-03 16:10:31+00:00,2020-03-04 00:41:02+00:00,2020-03-03 17:41:17+00:00,3.993,0002,CA-303,2-39-139-28,000001564,8.508611111111112
5e740e9ff9af8b7848854fc6,2020-03-03 16:14:56+00:00,2020-03-04 01:38:08+00:00,2020-03-03 20:34:23+00:00,0.855,0002,CA-323,2-39-78-366,,9.386666666666667
5e740e9ff9af8b7848854fc7,2020-03-03 16:32:54+00:00,2020-03-04 01:07:53+00:00,2020-03-03 17:48:30+00:00,4.745,0002,CA-327,2-39-79-379,000000751,8.583055555555555
5e740e9ff9af8b7848854fc8,2020-03-03 16:35:09+00:00,2020-03-04 02:32:14+00:00,2020-03-03 18:10:35+00:00,5.039,0002,CA-305,2-39-131-30,000000562,9.95138888888889
5e740e9ff9af8b7848854fc9,2020-03-03 16:49:48+00:00,2020-03-04 02:12:24+00:00,2020-03-03 19:03:07+00:00,4.587,0002,CA-317,2-39-91-437,000000712,9.376666666666667
5e740e9ff9af8b7848854fca,2020-03-03 16:57:02+00:00,2020-03-04 02:21:48+00:00,2020-03-03 19:56:00+00:00,7.312,0002,CA-326,2-39-79-378,000000677,9.412777777777778
5e740e9ff9af8b7848854fcb,2020-03-03 17:05:47+00:00,2020-03-04 00:47:38+00:00,2020-03-03 18:35:21+00:00,9.869,0002,CA-497,2-39-95-444,000001470,7.6975
5e740e9ff9af8b7848854fcc,2020-03-03 17:06:44+00:00,2020-03-04 02:35:14+00:00,2020-03-03 18:26:11+00:00,7.529,0002,CA-315,2-39-89-25,000000431,9.475
5e740e9ff9af8b7848854fcd,2020-03-03 17:17:40+00:00,2020-03-04 03:14:34+00:00,2020-03-03 19:03:32+00:00,5.742,0002,CA-309,2-39-127-19,000000567,9.948333333333334
5e740e9ff9af8b7848854fce,2020-03-03 17:26:16+00:00,2020-03-04 00:01:43+00:00,2020-03-03 18:52:38+00:00,4.269,0002,CA-500,2-39-90-440,000000743,6.590833333333333
5e740e9ff9af8b7848854fcf,2020-03-03 17:36:37+00:00,2020-03-04 00:05:53+00:00,2020-03-03 18:32:45+00:00,5.6,0002,CA-311,2-39-125-21,000001912,6.487777777777778
5e740e9ff9af8b7848854fd0,2020-03-03 18:08:28+00:00,2020-03-04 02:03:31+00:00,2020-03-03 19:31:13+00:00,7.974,0002,CA-318,2-39-92-436,000001095,7.9175
5e740e9ff9af8b7848854fd1,2020-03-03 18:08:47+00:00,2020-03-04 01:10:30+00:00,2020-03-03 20:32:53+00:00,9.604,0002,CA-324,2-39-79-376,000001137,7.028611111111111
5e740e9ff9af8b7848854fd2,2020-03-03 18:31:42+00:00,2020-03-03 19:46:39+00:00,2020-03-03 19:44:05+00:00,6.77,0002,CA-313,2-39-123-23,000000798,1.2491666666666668
5e740e9ff9af8b7848854fd3,2020-03-03 18:35:15+00:00,2020-03-04 02:44:27+00:00,2020-03-04 02:44:22+00:00,7.106,0002,CA-322,2-39-78-360,000000714,8.153333333333334
5e740e9ff9af8b7848854fd4,2020-03-03 18:52:41+00:00,2020-03-04 00:53:19+00:00,2020-03-03 19:57:02+00:00,2.154,0002,CA-314,2-39-88-24,000001082,6.010555555555555
5e740e9ff9af8b7848854fd5,2020-03-03 19:06:54+00:00,2020-03-03 20:34:38+00:00,2020-03-03 19:37:14+00:00,0.908,0002,CA-312,2-39-124-22,,1.4622222222222223
5e740e9ff9af8b7848854fd6,2020-03-03 19:20:20+00:00,2020-03-03 21:12:11+00:00,2020-03-03 19:51:24+00:00,0.776,0002,CA-316,2-39-90-26,,1.8641666666666667
5e740e9ff9af8b7848854fd7,2020-03-03 19:48:21+00:00,2020-03-04 00:12:31+00:00,2020-03-04 00:12:26+00:00,14.845,0002,CA-492,2-39-79-383,000000671,4.402777777777778
5e740e9ff9af8b7848854fd8,2020-03-03 19:52:02+00:00,2020-03-03 20:47:56+00:00,2020-03-03 20:47:51+00:00,2.582,0002,CA-313,2-39-123-23,000001093,0.9316666666666666
5e740e9ff9af8b7848854fd9,2020-03-03 20:19:34+00:00,2020-03-04 02:23:25+00:00,2020-03-03 22:28:48+00:00,7.225,0002,CA-498,2-39-92-442,000000515,6.064166666666667
5e740e9ff9af8b7848854fda,2020-03-03 20:38:51+00:00,2020-03-04 00:30:34+00:00,2020-03-03 22:04:26+00:00,4.211,0002,CA-312,2-39-124-22,000001366,3.8619444444444446
5e740e9ff9af8b7848854fdb,2020-03-03 20:57:27+00:00,2020-03-04 02:53:38+00:00,2020-03-04 00:27:53+00:00,22.948,0002,CA-313,2-39-123-23,000003270,5.936388888888889
5e740e9ff9af8b7848854fdc,2020-03-03 20:59:57+00:00,2020-03-04 00:55:57+00:00,2020-03-03 21:30:53+00:00,0.864,0002,CA-319,2-39-95-27,,3.933333333333333
5e740e9ff9af8b7848854fdd,2020-03-03 21:26:35+00:00,2020-03-04 03:14:23+00:00,2020-03-04 01:33:58+00:00,0.901,0002,CA-320,2-39-78-363,,5.796666666666667
5e740e9ff9af8b7848854fde,2020-03-03 21:54:31+00:00,2020-03-04 02:44:53+00:00,2020-03-03 23:42:41+00:00,0.895,0002,CA-499,2-39-91-441,,4.839444444444444
5e740e9ff9af8b7848854fdf,2020-03-03 22:09:18+00:00,2020-03-04 02:23:09+00:00,2020-03-03 22:40:22+00:00,0.882,0002,CA-503,2-39-123-557,,4.230833333333333
5e740e9ff9af8b7848854fe0,2020-03-03 23:46:34+00:00,2020-03-04 00:47:47+00:00,2020-03-04 00:47:39+00:00,2.766,0002,CA-489,2-39-79-380,000003389,1.0202777777777778
5e740e9ff9af8b7848854fe1,2020-03-04 01:14:32+00:00,2020-03-04 02:42:05+00:00,2020-03-04 02:42:00+00:00,4.572,0002,CA-303,2-39-139-28,000000365,1.4591666666666667
5e740e9ff9af8b7848854fe2,2020-03-04 04:21:03+00:00,2020-03-04 05:47:45+00:00,2020-03-04 05:47:40+00:00,4.813,0002,CA-303,2-39-139-28,000001263,1.445
5e756020f9af8b7bfd91e205,2020-03-04 14:44:53+00:00,2020-03-05 21:02:14+00:00,2020-03-04 18:48:58+00:00,13.595,0002,CA-492,2-39-79-383,000004913,30.289166666666667
5e756020f9af8b7bfd91e206,2020-03-04 15:19:13+00:00,2020-03-05 01:04:24+00:00,2020-03-04 17:00:17+00:00,10.441,0002,CA-303,2-39-139-28,000000630,9.753055555555555
5e756020f9af8b7bfd91e207,2020-03-04 16:09:11+00:00,2020-03-04 21:13:00+00:00,2020-03-04 16:39:39+00:00,0.819,0002,CA-489,2-39-79-380,,5.063611111111111
5e756020f9af8b7bfd91e208,2020-03-04 16:16:24+00:00,2020-03-05 04:03:38+00:00,2020-03-04 16:47:28+00:00,0.838,0002,CA-315,2-39-89-25,,11.787222222222223
5e756020f9af8b7bfd91e209,2020-03-04 16:35:44+00:00,2020-03-04 20:24:00+00:00,2020-03-04 18:54:47+00:00,5.591,0002,CA-321,2-39-78-365,000000562,3.8044444444444445
5e756020f9af8b7bfd91e20a,2020-03-04 16:45:47+00:00,2020-03-05 01:36:47+00:00,2020-03-04 18:02:52+00:00,4.298,0002,CA-307,2-39-129-17,000000712,8.85
5e756020f9af8b7bfd91e20b,2020-03-04 16:49:00+00:00,2020-03-05 01:24:07+00:00,2020-03-04 17:15:35+00:00,0.92,0002,CA-304,2-39-138-29,000001366,8.585277777777778
5e756020f9af8b7bfd91e20c,2020-03-04 16:50:40+00:00,2020-03-05 00:34:26+00:00,2020-03-05 00:35:25+00:00,9.016,0002,CA-496,2-39-78-362,000001470,7.729444444444445
5e756020f9af8b7bfd91e20d,2020-03-04 16:59:49+00:00,2020-03-05 00:57:21+00:00,2020-03-04 17:29:57+00:00,0.829,0002,CA-324,2-39-79-376,,7.958888888888889
5e756020f9af8b7bfd91e20e,2020-03-04 17:03:36+00:00,2020-03-05 00:07:33+00:00,2020-03-04 19:11:24+00:00,13.189,0002,CA-308,2-39-128-18,000001912,7.065833333333333
5e756020f9af8b7bfd91e20f,2020-03-04 17:10:27+00:00,2020-03-05 00:33:42+00:00,2020-03-04 18:38:15+00:00,4.307,0002,CA-500,2-39-90-440,000000743,7.3875
5e756020f9af8b7bfd91e210,2020-03-04 17:13:21+00:00,2020-03-04 23:19:50+00:00,2020-03-04 17:43:37+00:00,0.857,0002,CA-309,2-39-127-19,,6.108055555555556
5e756020f9af8b7bfd91e211,2020-03-04 17:14:13+00:00,2020-03-04 22:04:54+00:00,2020-03-04 21:11:06+00:00,0.864,0002,CA-313,2-39-123-23,,4.844722222222222
5e756020f9af8b7bfd91e212,2020-03-04 17:15:32+00:00,2020-03-05 03:24:06+00:00,2020-03-04 19:03:18+00:00,5.806,0002,CA-311,2-39-125-21,000000567,10.142777777777777
5e756020f9af8b7bfd91e213,2020-03-04 17:22:15+00:00,2020-03-05 00:00:03+00:00,2020-03-04 18:41:22+00:00,2.969,0002,CA-491,2-39-79-382,000004701,6.63
5e756020f9af8b7bfd91e214,2020-03-04 17:29:44+00:00,2020-03-05 01:12:07+00:00,2020-03-04 19:16:07+00:00,3.948,0002,CA-317,2-39-91-437,000001364,7.706388888888889
5e756020f9af8b7bfd91e215,2020-03-04 17:30:02+00:00,2020-03-05 01:08:55+00:00,2020-03-05 00:17:25+00:00,1.132,0002,CA-325,2-39-79-377,,7.648055555555556
5e756020f9af8b7bfd91e216,2020-03-04 17:31:31+00:00,2020-03-05 01:21:10+00:00,2020-03-04 20:56:46+00:00,15.391,0002,CA-322,2-39-78-360,000003853,7.8275
5e756020f9af8b7bfd91e217,2020-03-04 17:35:49+00:00,2020-03-05 02:07:49+00:00,2020-03-04 20:37:46+00:00,10.313,0002,CA-323,2-39-78-366,000000677,8.533333333333333
5e756020f9af8b7bfd91e218,2020-03-04 17:36:02+00:00,2020-03-05 02:18:46+00:00,2020-03-04 19:42:23+00:00,14.226,0002,CA-319,2-39-95-27,000000714,8.712222222222222
5e756020f9af8b7bfd91e219,2020-03-04 17:45:01+00:00,2020-03-05 01:16:38+00:00,2020-03-04 20:00:34+00:00,7.547,0002,CA-310,2-39-126-20,000000620,7.526944444444444
5e756020f9af8b7bfd91e21a,2020-03-04 17:50:16+00:00,2020-03-04 23:20:30+00:00,2020-03-04 19:49:16+00:00,12.519,0002,CA-503,2-39-123-557,000000668,5.503888888888889
5e756020f9af8b7bfd91e21b,2020-03-04 17:50:40+00:00,2020-03-05 03:15:30+00:00,2020-03-04 19:43:46+00:00,11.64,0002,CA-318,2-39-92-436,000000558,9.41388888888889
5e756020f9af8b7bfd91e21c,2020-03-04 18:09:39+00:00,2020-03-05 02:09:18+00:00,2020-03-04 20:12:16+00:00,12.317,0002,CA-314,2-39-88-24,000001095,7.994166666666667
5e756020f9af8b7bfd91e21d,2020-03-04 18:26:07+00:00,2020-03-04 19:29:22+00:00,2020-03-04 19:22:44+00:00,5.524,0002,CA-312,2-39-124-22,000000710,1.0541666666666667
5e756020f9af8b7bfd91e21e,2020-03-04 20:28:05+00:00,2020-03-05 01:38:21+00:00,2020-03-04 20:41:05+00:00,0.896,0002,CA-312,2-39-124-22,000000710,5.171111111111111
5e756020f9af8b7bfd91e21f,2020-03-04 20:57:56+00:00,2020-03-04 23:59:28+00:00,2020-03-04 22:19:38+00:00,4.115,0002,CA-494,2-39-78-367,000000891,3.0255555555555556
5e756020f9af8b7bfd91e220,2020-03-04 21:09:28+00:00,2020-03-05 03:29:02+00:00,2020-03-04 23:07:29+00:00,6.489,0002,CA-499,2-39-91-441,000001124,6.3261111111111115
5e756020f9af8b7bfd91e221,2020-03-04 22:09:38+00:00,2020-03-05 03:50:03+00:00,2020-03-05 03:49:58+00:00,38.057,0002,CA-313,2-39-123-23,000002743,5.673611111111111
5e756020f9af8b7bfd91e222,2020-03-04 22:13:48+00:00,2020-03-05 01:38:39+00:00,2020-03-04 23:45:01+00:00,4.762,0002,CA-316,2-39-90-26,000002170,3.4141666666666666
5e756020f9af8b7bfd91e223,2020-03-05 04:48:55+00:00,2020-03-05 05:58:44+00:00,2020-03-05 05:58:39+00:00,3.885,0002,CA-305,2-39-131-30,000004622,1.1636111111111112
5e76b19ff9af8b7fd368f9c7,2020-03-05 15:41:47+00:00,2020-03-05 17:05:12+00:00,2020-03-05 17:03:58+00:00,0.885,0002,CA-323,2-39-78-366,,1.3902777777777777
5e76b19ff9af8b7fd368f9c8,2020-03-05 15:47:51+00:00,2020-03-06 01:30:11+00:00,2020-03-05 17:55:23+00:00,6.69,0002,CA-491,2-39-79-382,000004701,9.705555555555556
5e76b19ff9af8b7fd368f9c9,2020-03-05 16:15:36+00:00,2020-03-05 23:20:44+00:00,2020-03-05 22:06:35+00:00,35.069,0002,CA-324,2-39-79-376,000003424,7.085555555555556
5e76b19ff9af8b7fd368f9ca,2020-03-05 16:22:46+00:00,2020-03-05 22:13:14+00:00,2020-03-05 22:10:20+00:00,1.253,0002,CA-489,2-39-79-380,,5.841111111111111
5e76b19ff9af8b7fd368f9cb,2020-03-05 16:42:38+00:00,2020-03-06 01:42:51+00:00,2020-03-05 18:04:58+00:00,4.313,0002,CA-303,2-39-139-28,000000712,9.00361111111111
5e76b19ff9af8b7fd368f9cc,2020-03-05 16:43:10+00:00,2020-03-05 19:06:03+00:00,2020-03-05 19:07:02+00:00,9.817213261647103,0002,CA-496,2-39-78-362,000001470,2.381388888888889
5e76b19ff9af8b7fd368f9cd,2020-03-05 16:46:27+00:00,2020-03-06 01:06:20+00:00,2020-03-05 18:14:53+00:00,3.946,0002,CA-305,2-39-131-30,000001366,8.331388888888888
5e76b19ff9af8b7fd368f9ce,2020-03-05 16:50:46+00:00,2020-03-05 18:05:58+00:00,2020-03-05 17:59:33+00:00,1.3686290322577859,0002,CA-320,2-39-78-363,,1.2533333333333334
5e76b19ff9af8b7fd368f9cf,2020-03-05 17:00:11+00:00,2020-03-06 01:20:19+00:00,2020-03-05 19:45:41+00:00,14.619,0002,CA-317,2-39-91-437,000000431,8.335555555555555
5e76b19ff9af8b7fd368f9d0,2020-03-05 17:06:22+00:00,2020-03-06 01:22:30+00:00,2020-03-05 17:36:11+00:00,0.823,0002,CA-327,2-39-79-379,,8.268888888888888
5e76b19ff9af8b7fd368f9d1,2020-03-05 17:09:24+00:00,2020-03-06 01:17:15+00:00,2020-03-05 18:57:29+00:00,5.224,0002,CA-315,2-39-89-25,000000743,8.130833333333333
5e76b19ff9af8b7fd368f9d2,2020-03-05 17:20:28+00:00,2020-03-06 00:43:22+00:00,2020-03-05 17:59:05+00:00,1.485,0002,CA-500,2-39-90-440,000003447,7.381666666666667
5e76b19ff9af8b7fd368f9d3,2020-03-05 17:33:44+00:00,2020-03-06 02:21:39+00:00,2020-03-06 02:21:15+00:00,1.195,0002,CA-319,2-39-95-27,,8.79861111111111
5e76b19ff9af8b7fd368f9d4,2020-03-05 17:34:28+00:00,2020-03-06 01:10:13+00:00,2020-03-06 01:05:21+00:00,1.19,0002,CA-311,2-39-125-21,,7.595833333333333
5e76b19ff9af8b7fd368f9d5,2020-03-05 17:37:09+00:00,2020-03-06 00:37:10+00:00,2020-03-06 00:35:29+00:00,1.395,0002,CA-321,2-39-78-365,,7.000277777777778
5e76b19ff9af8b7fd368f9d6,2020-03-05 17:39:47+00:00,2020-03-05 18:57:59+00:00,2020-03-05 18:54:08+00:00,0.928,0002,CA-323,2-39-78-366,,1.3033333333333332
5e76b19ff9af8b7fd368f9d7,2020-03-05 17:42:39+00:00,2020-03-06 01:39:47+00:00,2020-03-06 01:24:58+00:00,1.354,0002,CA-490,2-39-79-381,,7.952222222222222
5e76b19ff9af8b7fd368f9d8,2020-03-05 17:43:24+00:00,2020-03-06 02:53:16+00:00,2020-03-05 18:35:27+00:00,1.521,0002,CA-316,2-39-90-26,000000324,9.164444444444445
5e76b19ff9af8b7fd368f9d9,2020-03-05 17:45:29+00:00,2020-03-06 01:45:12+00:00,2020-03-05 21:55:38+00:00,17.762,0002,CA-493,2-39-78-361,000001137,7.995277777777778
5e76b19ff9af8b7fd368f9da,2020-03-05 17:55:33+00:00,2020-03-06 01:11:30+00:00,2020-03-05 20:05:38+00:00,6.293,0002,CA-313,2-39-123-23,000005594,7.265833333333333
5e76b19ff9af8b7fd368f9db,2020-03-05 18:17:21+00:00,2020-03-05 18:53:09+00:00,2020-03-05 18:52:09+00:00,0.948,0002,CA-320,2-39-78-363,,0.5966666666666667
5e76b19ff9af8b7fd368f9dc,2020-03-05 18:20:39+00:00,2020-03-06 02:16:46+00:00,2020-03-05 20:31:52+00:00,7.078,0002,CA-497,2-39-95-444,000000515,7.935277777777777
5e76b19ff9af8b7fd368f9dd,2020-03-05 18:21:20+00:00,2020-03-06 01:42:03+00:00,2020-03-05 20:14:49+00:00,3.5,0002,CA-499,2-39-91-441,000001095,7.345277777777778
5e76b19ff9af8b7fd368f9de,2020-03-05 18:25:12+00:00,2020-03-05 18:59:43+00:00,2020-03-05 18:59:11+00:00,3.071,0002,CA-312,2-39-124-22,000000668,0.5752777777777778
5e76b19ff9af8b7fd368f9df,2020-03-05 18:40:19+00:00,2020-03-06 02:46:13+00:00,2020-03-05 21:00:04+00:00,3.622,0002,CA-314,2-39-88-24,000000567,8.098333333333333
5e76b19ff9af8b7fd368f9e0,2020-03-05 19:10:11+00:00,2020-03-05 20:25:13+00:00,2020-03-05 20:22:45+00:00,0.893,0002,CA-320,2-39-78-363,,1.2505555555555556
5e76b19ff9af8b7fd368f9e1,2020-03-05 19:13:00+00:00,2020-03-05 22:15:25+00:00,2020-03-05 22:13:36+00:00,1.028,0002,CA-323,2-39-78-366,,3.040277777777778
5e76b19ff9af8b7fd368f9e2,2020-03-05 19:19:22+00:00,2020-03-06 00:09:58+00:00,2020-03-06 00:09:44+00:00,15.705,0002,CA-318,2-39-92-436,000001090,4.843333333333334
5e76b19ff9af8b7fd368f9e3,2020-03-05 19:20:44+00:00,2020-03-06 00:02:19+00:00,2020-03-06 00:03:14+00:00,1.2034707287894952,0002,CA-496,2-39-78-362,,4.6930555555555555
5e76b19ff9af8b7fd368f9e4,2020-03-05 19:26:29+00:00,2020-03-05 20:31:46+00:00,2020-03-05 20:31:29+00:00,6.033,0002,CA-312,2-39-124-22,000002284,1.0880555555555556
5e76b19ff9af8b7fd368f9e5,2020-03-05 19:54:59+00:00,2020-03-05 23:15:17+00:00,2020-03-05 23:14:23+00:00,21.349,0002,CA-495,2-39-78-364,000001208,3.3383333333333334
5e76b19ff9af8b7fd368f9e6,2020-03-05 20:41:30+00:00,2020-03-05 21:20:21+00:00,2020-03-05 21:19:55+00:00,0.976,0002,CA-320,2-39-78-363,,0.6475
5e76b19ff9af8b7fd368f9e7,2020-03-05 21:06:03+00:00,2020-03-05 21:40:12+00:00,2020-03-05 21:39:59+00:00,0.932,0002,CA-492,2-39-79-383,,0.5691666666666667
5e76b19ff9af8b7fd368f9e8,2020-03-05 21:26:07+00:00,2020-03-06 00:46:10+00:00,2020-03-06 00:00:12+00:00,14.034,0002,CA-320,2-39-78-363,000000630,3.3341666666666665
5e76b19ff9af8b7fd368f9e9,2020-03-05 22:19:25+00:00,2020-03-06 01:44:22+00:00,2020-03-06 00:43:35+00:00,7.771,0002,CA-309,2-39-127-19,000006481,3.4158333333333335
5e76b19ff9af8b7fd368f9ea,2020-03-05 22:32:31+00:00,2020-03-05 23:33:01+00:00,2020-03-05 23:29:33+00:00,0.983,0002,CA-323,2-39-78-366,,1.0083333333333333
5e76b19ff9af8b7fd368f9eb,2020-03-05 23:12:33+00:00,2020-03-06 01:41:37+00:00,2020-03-06 01:41:33+00:00,15.876,0002,CA-489,2-39-79-380,000003176,2.4844444444444442
5e76b19ff9af8b7fd368f9ec,2020-03-06 00:03:09+00:00,2020-03-06 02:30:39+00:00,2020-03-06 02:06:57+00:00,6.038,0002,CA-322,2-39-78-360,000002244,2.4583333333333335
5e76b19ff9af8b7fd368f9ed,2020-03-06 00:05:11+00:00,2020-03-06 00:49:34+00:00,2020-03-06 00:40:43+00:00,0.9712305854238583,0002,CA-323,2-39-78-366,,0.7397222222222222
5e76b19ff9af8b7fd368f9ee,2020-03-06 01:38:03+00:00,2020-03-06 03:06:50+00:00,2020-03-06 02:30:15+00:00,0.937,0002,CA-304,2-39-138-29,,1.4797222222222222
5e76b19ff9af8b7fd368f9ef,2020-03-06 03:01:57+00:00,2020-03-06 04:38:05+00:00,2020-03-06 04:14:48+00:00,3.443,0002,CA-309,2-39-127-19,000004622,1.6022222222222222
5e76b19ff9af8b7fd368f9f0,2020-03-06 04:22:26+00:00,2020-03-06 05:57:15+00:00,2020-03-06 05:21:54+00:00,3.361,0002,CA-303,2-39-139-28,000001263,1.5802777777777777
5e7954a3f9af8b090600ec50,2020-03-06 14:04:41+00:00,2020-03-06 15:40:14+00:00,2020-03-06 15:32:03+00:00,4.335,0002,CA-315,2-39-89-25,000000743,1.5925
5e7954a3f9af8b090600ec51,2020-03-06 15:03:53+00:00,2020-03-06 16:23:09+00:00,2020-03-06 16:15:27+00:00,0.879,0002,CA-489,2-39-79-380,,1.3211111111111111
5e7954a3f9af8b090600ec52,2020-03-06 15:38:51+00:00,2020-03-07 00:25:27+00:00,2020-03-06 16:28:47+00:00,0.873,0002,CA-491,2-39-79-382,,8.776666666666667
5e7954a3f9af8b090600ec53,2020-03-06 15:45:46+00:00,2020-03-06 19:22:25+00:00,2020-03-06 17:45:21+00:00,7.158,0002,CA-323,2-39-78-366,000003853,3.6108333333333333
5e7954a3f9af8b090600ec54,2020-03-06 15:56:14+00:00,2020-03-07 00:15:08+00:00,2020-03-06 17:14:27+00:00,3.649078888888889,0002,CA-303,2-39-139-28,000001564,8.315
5e7954a3f9af8b090600ec55,2020-03-06 16:10:57+00:00,2020-03-07 02:00:41+00:00,2020-03-06 17:26:28+00:00,2.827,0002,CA-492,2-39-79-383,000004701,9.828888888888889
5e7954a3f9af8b090600ec56,2020-03-06 16:13:04+00:00,2020-03-07 00:58:23+00:00,2020-03-06 17:58:29+00:00,5.668,0002,CA-305,2-39-131-30,000004947,8.755277777777778
5e7954a3f9af8b090600ec57,2020-03-06 16:29:18+00:00,2020-03-07 02:01:58+00:00,2020-03-07 01:40:22+00:00,1.324,0002,CA-327,2-39-79-379,,9.544444444444444
5e7954a3f9af8b090600ec58,2020-03-06 16:34:42+00:00,2020-03-06 23:21:31+00:00,2020-03-06 23:18:21+00:00,1.278,0002,CA-309,2-39-127-19,,6.780277777777778
5e7954a3f9af8b090600ec59,2020-03-06 16:59:41+00:00,2020-03-06 19:20:14+00:00,2020-03-06 18:30:11+00:00,8.829,0002,CA-317,2-39-91-437,000002461,2.3425
5e7954a3f9af8b090600ec5a,2020-03-06 17:00:12+00:00,2020-03-06 17:08:12+00:00,2020-03-06 17:07:56+00:00,0.751,0002,CA-306,2-39-130-31,000000311,0.13333333333333333
5e7954a3f9af8b090600ec5b,2020-03-06 17:12:42+00:00,2020-03-07 02:03:58+00:00,2020-03-07 02:03:55+00:00,7.369,0002,CA-321,2-39-78-365,000000714,8.854444444444445
5e7954a3f9af8b090600ec5c,2020-03-06 17:15:59+00:00,2020-03-07 04:28:05+00:00,2020-03-06 18:21:48+00:00,3.143,0002,CA-313,2-39-123-23,000002170,11.201666666666666
5e7954a3f9af8b090600ec5d,2020-03-06 17:18:20+00:00,2020-03-07 01:45:23+00:00,2020-03-06 21:49:01+00:00,19.63,0002,CA-325,2-39-79-377,000000515,8.450833333333334
5e7954a3f9af8b090600ec5e,2020-03-06 17:22:21+00:00,2020-03-07 02:31:32+00:00,2020-03-06 21:29:55+00:00,20.986,0002,CA-320,2-39-78-363,000001274,9.153055555555556
5e7954a3f9af8b090600ec5f,2020-03-06 17:25:45+00:00,2020-03-07 02:06:34+00:00,2020-03-06 19:50:14+00:00,15.581,0002,CA-315,2-39-89-25,000002961,8.680277777777778
5e7954a3f9af8b090600ec60,2020-03-06 17:32:55+00:00,2020-03-07 03:53:13+00:00,2020-03-06 18:48:02+00:00,3.609,0002,CA-311,2-39-125-21,000000567,10.338333333333333
5e7954a3f9af8b090600ec61,2020-03-06 17:50:15+00:00,2020-03-07 01:42:58+00:00,2020-03-06 19:23:00+00:00,4.293,0002,CA-500,2-39-90-440,000000743,7.878611111111111
5e7954a3f9af8b090600ec62,2020-03-06 17:55:16+00:00,2020-03-06 20:21:39+00:00,2020-03-06 20:14:44+00:00,3.465,0002,CA-310,2-39-126-20,000000620,2.439722222222222
5e7954a3f9af8b090600ec63,2020-03-06 17:55:19+00:00,2020-03-07 00:01:29+00:00,2020-03-07 00:02:29+00:00,12.666,0002,CA-496,2-39-78-362,000001470,6.102777777777778
5e7954a3f9af8b090600ec64,2020-03-06 18:00:16+00:00,2020-03-07 05:01:41+00:00,2020-03-06 18:51:00+00:00,1.5821422222222221,0002,CA-316,2-39-90-26,000000324,11.02361111111111
5e7954a3f9af8b090600ec65,2020-03-06 18:14:47+00:00,2020-03-06 22:17:28+00:00,2020-03-06 19:30:46+00:00,2.444,0002,CA-319,2-39-95-27,000001082,4.044722222222222
5e7954a3f9af8b090600ec66,2020-03-06 18:15:32+00:00,2020-03-06 19:47:48+00:00,2020-03-06 19:24:14+00:00,5.753,0002,CA-312,2-39-124-22,000000798,1.5377777777777777
5e7954a3f9af8b090600ec67,2020-03-06 18:20:32+00:00,2020-03-07 02:13:46+00:00,2020-03-06 20:11:09+00:00,5.518,0002,CA-314,2-39-88-24,000001366,7.887222222222222
5e7954a3f9af8b090600ec68,2020-03-06 18:21:03+00:00,2020-03-06 23:14:49+00:00,2020-03-06 23:08:54+00:00,13.455773596177268,0002,CA-322,2-39-78-360,000001095,4.896111111111111
5e7954a3f9af8b090600ec69,2020-03-06 18:37:00+00:00,2020-03-06 20:27:06+00:00,2020-03-06 20:25:28+00:00,7.618,0002,CA-503,2-39-123-557,000000668,1.835
5e7954a3f9af8b090600ec6a,2020-03-06 18:40:27+00:00,2020-03-07 04:33:03+00:00,2020-03-06 21:05:24+00:00,13.607,0002,CA-490,2-39-79-381,000001471,9.876666666666667
5e7954a3f9af8b090600ec6b,2020-03-06 19:26:12+00:00,2020-03-06 23:09:48+00:00,2020-03-06 23:05:40+00:00,8.473,0002,CA-323,2-39-78-366,000001953,3.7266666666666666
5e7954a3f9af8b090600ec6c,2020-03-06 20:01:03+00:00,2020-03-06 22:12:26+00:00,2020-03-06 21:24:19+00:00,3.841,0002,CA-499,2-39-91-441,000003389,2.189722222222222
5e7954a3f9af8b090600ec6d,2020-03-06 20:25:28+00:00,2020-03-07 00:06:58+00:00,2020-03-06 20:55:49+00:00,0.791,0002,CA-317,2-39-91-437,,3.691666666666667
5e7954a3f9af8b090600ec6e,2020-03-06 20:32:35+00:00,2020-03-06 23:59:52+00:00,2020-03-06 21:36:47+00:00,1.759,0002,CA-318,2-39-92-436,000000560,3.4547222222222222
5e7954a3f9af8b090600ec6f,2020-03-06 20:50:32+00:00,2020-03-07 01:07:33+00:00,2020-03-07 00:37:08+00:00,23.424200555555554,0002,CA-501,2-39-89-439,000000832,4.283611111111111
5e7954a3f9af8b090600ec70,2020-03-06 20:58:34+00:00,2020-03-07 01:22:47+00:00,2020-03-06 22:57:14+00:00,6.349,0002,CA-502,2-39-88-438,000001124,4.403611111111111
5e7954a3f9af8b090600ec71,2020-03-06 21:35:18+00:00,2020-03-06 22:55:13+00:00,2020-03-06 22:54:53+00:00,4.223,0002,CA-489,2-39-79-380,000006481,1.3319444444444444
5e7954a3f9af8b090600ec72,2020-03-06 23:23:49+00:00,2020-03-07 00:12:33+00:00,2020-03-07 00:12:15+00:00,1.06,0002,CA-323,2-39-78-366,,0.8122222222222222
5e7954a3f9af8b090600ec73,2020-03-07 00:12:29+00:00,2020-03-07 01:17:14+00:00,2020-03-07 01:10:00+00:00,0.976,0002,CA-309,2-39-127-19,,1.0791666666666666
5e7954a3f9af8b090600ec74,2020-03-07 00:33:20+00:00,2020-03-07 02:08:00+00:00,2020-03-07 02:07:52+00:00,9.397,0002,CA-317,2-39-91-437,000000300,1.5777777777777777
5e7954a3f9af8b090600ec75,2020-03-07 00:40:03+00:00,2020-03-07 01:11:28+00:00,2020-03-07 01:11:03+00:00,0.875,0002,CA-489,2-39-79-380,,0.5236111111111111
5e7954a3f9af8b090600ec76,2020-03-07 01:45:11+00:00,2020-03-07 22:10:35+00:00,2020-03-07 09:47:38+00:00,52.302,0002,CA-305,2-39-131-30,000000489,20.423333333333332
5e7954a3f9af8b090600ec77,2020-03-07 02:17:29+00:00,2020-03-07 02:54:22+00:00,2020-03-07 02:51:20+00:00,0.939,0002,CA-307,2-39-129-17,,0.6147222222222222
5e7954a3f9af8b090600ec78,2020-03-07 02:20:14+00:00,2020-03-07 03:21:07+00:00,2020-03-07 03:21:03+00:00,4.606,0002,CA-303,2-39-139-28,000001564,1.0147222222222223
5e7954a3f9af8b090600ec79,2020-03-07 06:09:08+00:00,2020-03-07 14:54:04+00:00,2020-03-07 09:35:26+00:00,23.162,0002,CA-326,2-39-79-378,000000300,8.748888888888889
5e7954b0f9af8b090600ec7e,2020-03-07 15:45:03+00:00,2020-03-07 16:18:51+00:00,2020-03-07 16:18:47+00:00,3.662,0002,CA-323,2-39-78-366,000003853,0.5633333333333334
5e7954b0f9af8b090600ec7f,2020-03-07 18:04:06+00:00,2020-03-07 19:21:24+00:00,2020-03-07 19:21:19+00:00,4.239,0002,CA-315,2-39-89-25,000000743,1.2883333333333333
5e7954b0f9af8b090600ec80,2020-03-07 18:13:06+00:00,2020-03-07 19:06:54+00:00,2020-03-07 19:06:45+00:00,2.854,0002,CA-303,2-39-139-28,000001236,0.8966666666666666
5e7954b0f9af8b090600ec81,2020-03-07 18:25:45+00:00,2020-03-07 19:09:10+00:00,2020-03-07 19:09:01+00:00,4.937,0002,CA-311,2-39-125-21,000000248,0.7236111111111111
5e7954b0f9af8b090600ec82,2020-03-07 22:15:50+00:00,2020-03-08 00:01:15+00:00,2020-03-07 22:45:54+00:00,0.822,0002,CA-489,2-39-79-380,,1.7569444444444444
5e7954b0f9af8b090600ec83,2020-03-07 23:18:50+00:00,2020-03-08 00:32:19+00:00,2020-03-08 00:32:15+00:00,6.249,0002,CA-303,2-39-139-28,000001564,1.2247222222222223
5e7954b0f9af8b090600ec84,2020-03-08 01:19:33+00:00,2020-03-08 02:56:21+00:00,2020-03-08 03:56:13+00:00,5.428,0002,CA-303,2-39-139-28,000000365,1.6133333333333333
5e7aa60df9af8b0e99a953e6,2020-03-08 16:04:09+00:00,2020-03-08 17:41:06+00:00,2020-03-08 17:31:22+00:00,4.31,0002,CA-315,2-39-89-25,000000743,1.6158333333333332
5e7aa60df9af8b0e99a953e7,2020-03-08 18:28:12+00:00,2020-03-08 19:40:31+00:00,2020-03-08 19:25:20+00:00,4.959,0002,CA-310,2-39-126-20,000000798,1.2052777777777777
5e7aa60df9af8b0e99a953e8,2020-03-08 18:29:46+00:00,2020-03-09 00:33:57+00:00,2020-03-08 20:31:47+00:00,6.161,0002,CA-305,2-39-131-30,000005594,6.0697222222222225
5e7aa60df9af8b0e99a953e9,2020-03-08 18:39:29+00:00,2020-03-08 19:49:10+00:00,2020-03-08 19:49:06+00:00,3.786,0002,CA-303,2-39-139-28,000001564,1.1613888888888888
5e7aa60df9af8b0e99a953ea,2020-03-08 18:58:53+00:00,2020-03-09 04:03:02+00:00,2020-03-09 01:21:27+00:00,41.348,0002,CA-500,2-39-90-440,000000292,9.069166666666666
5e7aa60df9af8b0e99a953eb,2020-03-08 20:16:38+00:00,2020-03-09 00:39:16+00:00,2020-03-08 22:34:01+00:00,0.901,0002,CA-303,2-39-139-28,,4.377222222222223
5e7aa60df9af8b0e99a953ec,2020-03-08 21:20:23+00:00,2020-03-08 23:12:46+00:00,2020-03-08 23:12:41+00:00,5.708,0002,CA-307,2-39-129-17,000004622,1.8730555555555555
5e7aa60df9af8b0e99a953ed,2020-03-09 00:10:49+00:00,2020-03-09 02:59:13+00:00,2020-03-09 02:59:28+00:00,0.795,0002,CA-313,2-39-123-23,,2.8066666666666666
5e7aa60df9af8b0e99a953ee,2020-03-09 04:29:21+00:00,2020-03-09 06:37:33+00:00,2020-03-09 06:37:28+00:00,7.353,0002,CA-303,2-39-139-28,000000781,2.1366666666666667
5e7bf7a1f9af8b13e5be0c92,2020-03-09 13:53:04+00:00,2020-03-10 19:58:57+00:00,2020-03-09 18:17:29+00:00,14.034,0002,CA-492,2-39-79-383,000004913,30.098055555555554
5e7bf7a1f9af8b13e5be0c93,2020-03-09 14:33:27+00:00,2020-03-09 20:26:01+00:00,2020-03-09 15:20:12+00:00,3.904,0002,CA-317,2-39-91-437,000000431,5.876111111111111
5e7bf7a1f9af8b13e5be0c94,2020-03-09 14:51:59+00:00,2020-03-09 23:36:13+00:00,2020-03-09 16:13:17+00:00,2.657,0002,CA-491,2-39-79-382,000004701,8.737222222222222
5e7bf7a1f9af8b13e5be0c95,2020-03-09 15:09:22+00:00,2020-03-09 15:30:58+00:00,2020-03-09 15:30:53+00:00,0.572,0002,CA-489,2-39-79-380,,0.36
5e7bf7a1f9af8b13e5be0c96,2020-03-09 15:09:22+00:00,2020-03-10 00:28:38+00:00,2020-03-09 23:53:10+00:00,0.849,0002,CA-323,2-39-78-366,,9.321111111111112
5e7bf7a1f9af8b13e5be0c97,2020-03-09 15:31:25+00:00,2020-03-09 21:20:38+00:00,2020-03-09 19:01:43+00:00,5.754,0002,CA-306,2-39-130-31,000000376,5.820277777777778
5e7bf7a1f9af8b13e5be0c98,2020-03-09 15:33:07+00:00,2020-03-09 22:29:11+00:00,2020-03-09 16:40:21+00:00,4.092,0002,CA-327,2-39-79-379,000000751,6.934444444444445
5e7bf7a1f9af8b13e5be0c99,2020-03-09 15:36:34+00:00,2020-03-09 22:42:53+00:00,2020-03-09 20:03:30+00:00,27.412,0002,CA-495,2-39-78-364,000001470,7.105277777777777
5e7bf7a1f9af8b13e5be0c9a,2020-03-09 15:37:18+00:00,2020-03-10 01:18:06+00:00,2020-03-09 17:15:13+00:00,5.218,0002,CA-305,2-39-131-30,000000562,9.68
5e7bf7a1f9af8b13e5be0c9b,2020-03-09 15:39:17+00:00,2020-03-09 15:56:50+00:00,2020-03-09 15:56:45+00:00,0.67,0002,CA-308,2-39-128-18,000001366,0.2925
5e7bf7a1f9af8b13e5be0c9c,2020-03-09 15:41:05+00:00,2020-03-10 01:21:44+00:00,2020-03-09 17:41:39+00:00,11.633,0002,CA-489,2-39-79-380,000000069,9.6775
5e7bf7a1f9af8b13e5be0c9d,2020-03-09 15:47:54+00:00,2020-03-09 23:42:49+00:00,2020-03-09 17:16:21+00:00,4.241,0002,CA-497,2-39-95-444,000000686,7.915277777777778
5e7bf7a1f9af8b13e5be0c9e,2020-03-09 15:55:13+00:00,2020-03-10 00:35:07+00:00,2020-03-09 18:05:07+00:00,12.925,0002,CA-315,2-39-89-25,000001153,8.665
5e7bf7a1f9af8b13e5be0c9f,2020-03-09 16:09:20+00:00,2020-03-10 02:19:53+00:00,2020-03-09 17:36:21+00:00,4.624,0002,CA-311,2-39-125-21,000000567,10.175833333333333
5e7bf7a1f9af8b13e5be0ca0,2020-03-09 16:32:32+00:00,2020-03-10 01:01:41+00:00,2020-03-09 18:03:18+00:00,3.857,0002,CA-502,2-39-88-438,000001534,8.485833333333334
5e7bf7a1f9af8b13e5be0ca1,2020-03-09 16:38:17+00:00,2020-03-09 20:08:43+00:00,2020-03-09 19:24:08+00:00,12.679,0002,CA-314,2-39-88-24,000006606,3.507222222222222
5e7bf7a1f9af8b13e5be0ca2,2020-03-09 16:51:29+00:00,2020-03-10 01:16:22+00:00,2020-03-09 18:30:38+00:00,11.007,0002,CA-322,2-39-78-360,000000714,8.414722222222222
5e7bf7a1f9af8b13e5be0ca3,2020-03-09 16:56:28+00:00,2020-03-10 02:14:36+00:00,2020-03-09 19:45:11+00:00,17.001,0002,CA-318,2-39-92-436,000000558,9.302222222222222
5e7bf7a1f9af8b13e5be0ca4,2020-03-09 17:00:21+00:00,2020-03-09 22:08:59+00:00,2020-03-09 19:25:18+00:00,13.217,0002,CA-310,2-39-126-20,000006049,5.143888888888889
5e7bf7a1f9af8b13e5be0ca5,2020-03-09 17:02:58+00:00,2020-03-09 22:42:16+00:00,2020-03-09 18:40:14+00:00,4.466,0002,CA-500,2-39-90-440,000000743,5.655
5e7bf7a1f9af8b13e5be0ca6,2020-03-09 17:06:37+00:00,2020-03-10 01:27:56+00:00,2020-03-09 19:04:10+00:00,6.103,0002,CA-326,2-39-79-378,000005368,8.355277777777777
5e7bf7a1f9af8b13e5be0ca7,2020-03-09 17:20:31+00:00,2020-03-10 01:19:14+00:00,2020-03-09 19:40:01+00:00,10.932,0002,CA-321,2-39-78-365,000001095,7.978611111111111
5e7bf7a1f9af8b13e5be0ca8,2020-03-09 17:39:21+00:00,2020-03-09 20:48:18+00:00,2020-03-09 19:36:07+00:00,8.577,0002,CA-490,2-39-79-381,000000832,3.1491666666666664
5e7bf7a1f9af8b13e5be0ca9,2020-03-09 17:44:50+00:00,2020-03-09 18:22:36+00:00,2020-03-09 18:22:32+00:00,4.196,0002,CA-319,2-39-95-27,000000668,0.6294444444444445
5e7bf7a1f9af8b13e5be0caa,2020-03-09 17:56:46+00:00,2020-03-09 23:36:27+00:00,2020-03-09 20:31:06+00:00,4.681,0002,CA-325,2-39-79-377,000003389,5.661388888888889
5e7bf7a1f9af8b13e5be0cab,2020-03-09 18:30:54+00:00,2020-03-10 01:48:55+00:00,2020-03-09 20:24:11+00:00,5.773,0002,CA-501,2-39-89-439,000001222,7.300277777777778
5e7bf7a1f9af8b13e5be0cac,2020-03-09 18:49:40+00:00,2020-03-09 20:12:09+00:00,2020-03-09 20:12:05+00:00,9.237,0002,CA-319,2-39-95-27,000002461,1.3747222222222222
5e7bf7a1f9af8b13e5be0cad,2020-03-09 20:00:50+00:00,2020-03-09 23:44:00+00:00,2020-03-09 21:02:14+00:00,2.847,0002,CA-312,2-39-124-22,000000891,3.7194444444444446
5e7bf7a1f9af8b13e5be0cae,2020-03-09 20:34:30+00:00,2020-03-09 23:53:06+00:00,2020-03-09 22:37:02+00:00,13.155,0002,CA-499,2-39-91-441,000000668,3.31
5e7bf7a1f9af8b13e5be0caf,2020-03-09 20:36:55+00:00,2020-03-10 02:45:22+00:00,2020-03-09 21:46:28+00:00,2.246,0002,CA-317,2-39-91-437,000001082,6.140833333333333
5e7bf7a1f9af8b13e5be0cb0,2020-03-09 20:39:44+00:00,2020-03-09 23:40:06+00:00,2020-03-09 22:50:34+00:00,6.553,0002,CA-319,2-39-95-27,000001124,3.006111111111111
5e7bf7a1f9af8b13e5be0cb1,2020-03-09 21:26:45+00:00,2020-03-10 00:10:38+00:00,2020-03-09 23:34:49+00:00,7.03,0002,CA-313,2-39-123-23,000006481,2.731388888888889
5e7bf7a1f9af8b13e5be0cb2,2020-03-10 00:50:33+00:00,2020-03-10 07:31:16+00:00,2020-03-10 07:28:44+00:00,43.811,0002,CA-303,2-39-139-28,000000067,6.6786111111111115
5e7bf7a1f9af8b13e5be0cb3,2020-03-10 01:04:06+00:00,2020-03-10 04:42:50+00:00,2020-03-10 02:43:33+00:00,8.866,0002,CA-494,2-39-78-367,000004701,3.6455555555555557
5e7bf7a1f9af8b13e5be0cb4,2020-03-10 01:29:05+00:00,2020-03-10 03:48:35+00:00,2020-03-10 02:30:57+00:00,2.804,0002,CA-314,2-39-88-24,000005594,2.325
5e7bf7a1f9af8b13e5be0cb5,2020-03-10 03:44:09+00:00,2020-03-10 04:56:55+00:00,2020-03-10 04:56:51+00:00,4.06,0002,CA-311,2-39-125-21,000004622,1.2127777777777777
5e7bf7a1f9af8b13e5be0cb6,2020-03-10 04:08:58+00:00,2020-03-10 10:53:33+00:00,2020-03-10 04:50:04+00:00,1.765,0002,CA-306,2-39-130-31,000001366,6.743055555555555
5e7d4915f9af8b180cda61ac,2020-03-10 12:54:59+00:00,2020-03-10 20:53:09+00:00,,5.061,0002,CA-305,2-39-131-30,000000620,7.969444444444444
5e7d4915f9af8b180cda61ad,2020-03-10 14:27:54+00:00,2020-03-10 15:20:20+00:00,,2.833,0002,CA-309,2-39-127-19,000004622,0.8738888888888889
5e7d4915f9af8b180cda61ae,2020-03-10 14:50:16+00:00,2020-03-11 00:44:00+00:00,,3.263,0002,CA-491,2-39-79-382,000004701,9.895555555555555
5e7d4915f9af8b180cda61af,2020-03-10 15:01:53+00:00,2020-03-10 23:10:12+00:00,,4.386,0002,CA-303,2-39-139-28,000001564,8.13861111111111
5e7d4915f9af8b180cda61b0,2020-03-10 15:06:04+00:00,2020-03-10 18:56:05+00:00,,1.103,0002,CA-489,2-39-79-380,,3.8336111111111113
5e7d4915f9af8b180cda61b1,2020-03-10 15:23:22+00:00,2020-03-11 00:56:41+00:00,2020-03-11 00:49:01+00:00,1.103,0002,CA-327,2-39-79-379,,9.555277777777778
5e7d4915f9af8b180cda61b2,2020-03-10 15:27:20+00:00,2020-03-11 03:03:38+00:00,2020-03-11 00:49:01+00:00,11.455,0002,CA-325,2-39-79-377,000003556,11.605
5e7d4915f9af8b180cda61b3,2020-03-10 15:30:14+00:00,2020-03-10 23:22:47+00:00,,5.002,0002,CA-504,2-39-124-558,000001534,7.8758333333333335
5e7d4915f9af8b180cda61b4,2020-03-10 15:31:26+00:00,2020-03-11 00:02:15+00:00,,12.276,0002,CA-323,2-39-78-366,000003853,8.51361111111111
5e7d4915f9af8b180cda61b5,2020-03-10 15:45:21+00:00,2020-03-10 20:55:49+00:00,,5.758,0002,CA-307,2-39-129-17,000000376,5.174444444444444
5e7d4915f9af8b180cda61b6,2020-03-10 15:56:09+00:00,2020-03-11 00:07:05+00:00,,0.601,0002,CA-315,2-39-89-25,000001153,8.182222222222222
5e7d4915f9af8b180cda61b7,2020-03-10 15:56:18+00:00,2020-03-11 01:19:45+00:00,2020-03-11 00:49:01+00:00,11.408,0002,CA-500,2-39-90-440,000000069,9.390833333333333
5e7d4915f9af8b180cda61b8,2020-03-10 16:16:01+00:00,2020-03-11 02:15:11+00:00,2020-03-11 00:49:01+00:00,6.409,0002,CA-309,2-39-127-19,000000567,9.98611111111111
5e7d4915f9af8b180cda61b9,2020-03-10 16:25:15+00:00,2020-03-11 00:31:25+00:00,,14.516,0002,CA-324,2-39-79-376,000001137,8.102777777777778
5e7d4915f9af8b180cda61ba,2020-03-10 16:42:55+00:00,2020-03-11 00:57:57+00:00,2020-03-11 00:57:52+00:00,7.893,0002,CA-321,2-39-78-365,000000714,8.250555555555556
5e7d4915f9af8b180cda61bb,2020-03-10 16:49:20+00:00,2020-03-11 03:06:24+00:00,2020-03-11 00:49:01+00:00,1.375,0002,CA-317,2-39-91-437,000000324,10.284444444444444
5e7d4915f9af8b180cda61bc,2020-03-10 17:05:45+00:00,2020-03-10 19:53:30+00:00,,11.945,0002,CA-322,2-39-78-360,000000558,2.7958333333333334
5e7d4915f9af8b180cda61bd,2020-03-10 17:14:15+00:00,2020-03-11 01:09:20+00:00,2020-03-11 00:49:01+00:00,10.78,0002,CA-497,2-39-95-444,000001095,7.918055555555555
5e7d4915f9af8b180cda61be,2020-03-10 17:15:23+00:00,2020-03-10 23:16:17+00:00,,2.368,0002,CA-495,2-39-78-364,,6.015
5e7d4915f9af8b180cda61bf,2020-03-10 17:42:53+00:00,2020-03-10 21:46:25+00:00,,4.41,0002,CA-498,2-39-92-442,000003447,4.058888888888889
5e7d4915f9af8b180cda61c0,2020-03-10 18:14:43+00:00,2020-03-11 00:14:40+00:00,,2.235,0002,CA-311,2-39-125-21,000000891,5.9991666666666665
5e7d4915f9af8b180cda61c1,2020-03-10 18:21:35+00:00,2020-03-11 00:11:13+00:00,,10.601,0002,CA-312,2-39-124-22,000000668,5.827222222222222
5e7d4915f9af8b180cda61c2,2020-03-10 20:17:13+00:00,2020-03-10 21:02:54+00:00,,0.955,0002,CA-310,2-39-126-20,000001093,0.7613888888888889
5e7d4915f9af8b180cda61c3,2020-03-10 20:50:11+00:00,2020-03-10 23:42:51+00:00,,1.076,0002,CA-490,2-39-79-381,,2.8777777777777778
5e7d4915f9af8b180cda61c4,2020-03-10 21:18:39+00:00,2020-03-11 01:23:33+00:00,2020-03-11 00:49:01+00:00,4.918,0002,CA-502,2-39-88-438,000000515,4.081666666666667
5e7d4915f9af8b180cda61c5,2020-03-11 00:17:51+00:00,2020-03-11 01:40:17+00:00,2020-03-11 01:40:14+00:00,4.54,0002,CA-306,2-39-130-31,000000365,1.373888888888889
5e7d4915f9af8b180cda61c6,2020-03-11 03:23:11+00:00,2020-03-11 04:45:12+00:00,2020-03-11 04:45:00+00:00,4.487,0002,CA-303,2-39-139-28,000001263,1.3669444444444445
5e7e9a9bf9af8b1be143ed70,2020-03-11 14:53:58+00:00,2020-03-11 23:05:59+00:00,2020-03-11 16:24:53+00:00,3.953,0002,CA-491,2-39-79-382,000004701,8.200277777777778
5e7e9a9bf9af8b1be143ed71,2020-03-11 15:04:17+00:00,2020-03-11 15:12:57+00:00,2020-03-11 15:12:54+00:00,0.777,0002,CA-323,2-39-78-366,000003853,0.14444444444444443
5e7e9a9bf9af8b1be143ed72,2020-03-11 15:29:19+00:00,2020-03-12 01:37:18+00:00,2020-03-11 17:29:13+00:00,5.745480277777777,0002,CA-306,2-39-130-31,000001366,10.133055555555556
5e7e9a9bf9af8b1be143ed73,2020-03-11 15:30:21+00:00,2020-03-11 16:10:25+00:00,2020-03-11 16:09:05+00:00,0.9649417562722109,0002,CA-323,2-39-78-366,,0.6677777777777778
5e7e9a9bf9af8b1be143ed74,2020-03-11 15:40:15+00:00,2020-03-12 00:56:06+00:00,2020-03-12 00:54:52+00:00,4.041,0002,CA-506,2-39-126-560,000001534,9.264166666666666
5e7e9a9bf9af8b1be143ed75,2020-03-11 15:45:17+00:00,2020-03-12 03:23:01+00:00,2020-03-11 17:32:46+00:00,4.56,0002,CA-307,2-39-129-17,000000712,11.62888888888889
5e7e9a9bf9af8b1be143ed76,2020-03-11 15:46:57+00:00,2020-03-12 00:25:24+00:00,2020-03-12 00:25:13+00:00,8.185,0002,CA-321,2-39-78-365,000006623,8.640833333333333
5e7e9a9bf9af8b1be143ed77,2020-03-11 15:50:12+00:00,2020-03-11 18:50:25+00:00,2020-03-11 18:40:33+00:00,1.041,0002,CA-489,2-39-79-380,,3.0036111111111112
5e7e9a9bf9af8b1be143ed78,2020-03-11 15:50:39+00:00,2020-03-12 02:20:31+00:00,2020-03-11 17:38:31+00:00,4.752,0002,CA-310,2-39-126-20,000005594,10.497777777777777
5e7e9a9bf9af8b1be143ed79,2020-03-11 16:02:53+00:00,2020-03-12 02:45:21+00:00,2020-03-11 19:38:19+00:00,11.562,0002,CA-493,2-39-78-361,000000069,10.707777777777778
5e7e9a9bf9af8b1be143ed7a,2020-03-11 16:06:39+00:00,2020-03-12 01:11:04+00:00,2020-03-11 18:53:01+00:00,16.475,0002,CA-319,2-39-95-27,000000714,9.073611111111111
5e7e9a9bf9af8b1be143ed7b,2020-03-11 16:07:05+00:00,2020-03-11 23:32:52+00:00,2020-03-11 17:39:38+00:00,8.25,0002,CA-317,2-39-91-437,000001095,7.429722222222222
5e7e9a9bf9af8b1be143ed7c,2020-03-11 16:08:16+00:00,2020-03-11 23:31:02+00:00,2020-03-11 22:49:39+00:00,1.134,0002,CA-311,2-39-125-21,,7.379444444444444
5e7e9a9bf9af8b1be143ed7d,2020-03-11 16:26:49+00:00,2020-03-12 04:29:08+00:00,2020-03-11 17:37:36+00:00,2.111,0002,CA-318,2-39-92-436,000000324,12.038611111111111
5e7e9a9bf9af8b1be143ed7e,2020-03-11 16:26:50+00:00,2020-03-11 21:01:48+00:00,2020-03-11 20:40:31+00:00,1.009,0002,CA-323,2-39-78-366,,4.582777777777777
5e7e9a9bf9af8b1be143ed7f,2020-03-11 16:30:13+00:00,2020-03-12 00:09:14+00:00,2020-03-11 22:45:36+00:00,8.153,0002,CA-315,2-39-89-25,000001364,7.650277777777778
5e7e9a9bf9af8b1be143ed80,2020-03-11 17:11:30+00:00,2020-03-12 02:15:33+00:00,2020-03-11 21:19:28+00:00,11.821,0002,CA-320,2-39-78-363,000000558,9.0675
5e7e9a9bf9af8b1be143ed81,2020-03-11 17:25:50+00:00,2020-03-12 02:07:43+00:00,2020-03-12 02:08:39+00:00,43.915,0002,CA-496,2-39-78-362,000002743,8.698055555555555
5e7e9a9bf9af8b1be143ed82,2020-03-11 18:31:12+00:00,2020-03-12 01:10:09+00:00,2020-03-11 19:31:13+00:00,2.592,0002,CA-309,2-39-127-19,000001864,6.649166666666667
5e7e9a9bf9af8b1be143ed83,2020-03-11 18:31:44+00:00,2020-03-12 00:15:26+00:00,2020-03-11 19:21:18+00:00,2.039,0002,CA-313,2-39-123-23,000000891,5.7283333333333335
5e7e9a9bf9af8b1be143ed84,2020-03-11 20:10:13+00:00,2020-03-12 02:17:04+00:00,2020-03-11 22:12:51+00:00,6.531,0002,CA-316,2-39-90-26,000001124,6.114166666666667
5e7e9a9bf9af8b1be143ed85,2020-03-11 20:25:17+00:00,2020-03-12 04:11:21+00:00,2020-03-11 22:44:53+00:00,9.021,0002,CA-492,2-39-79-383,000001137,7.767777777777778
5e7e9a9bf9af8b1be143ed86,2020-03-11 20:27:09+00:00,2020-03-11 23:28:09+00:00,2020-03-11 23:24:30+00:00,0.986,0002,CA-489,2-39-79-380,,3.0166666666666666
5e7e9a9bf9af8b1be143ed87,2020-03-11 20:35:46+00:00,2020-03-11 23:53:54+00:00,2020-03-11 23:39:55+00:00,1.063,0002,CA-149,2-39-83-387,,3.3022222222222224
5e7e9a9bf9af8b1be143ed88,2020-03-11 22:26:48+00:00,2020-03-12 02:27:34+00:00,2020-03-12 00:39:37+00:00,6.374,0002,CA-322,2-39-78-360,000003577,4.012777777777778
5e7e9a9bf9af8b1be143ed89,2020-03-12 00:33:33+00:00,2020-03-12 01:31:24+00:00,2020-03-12 01:31:19+00:00,5.99,0002,CA-491,2-39-79-382,000004701,0.9641666666666666
5e7e9a9bf9af8b1be143ed8a,2020-03-12 03:30:09+00:00,2020-03-12 04:03:47+00:00,2020-03-12 04:03:43+00:00,1.153,0002,CA-303,2-39-139-28,000006638,0.5605555555555556
5e7fec1af9af8b1fc4c8d3ca,2020-03-12 14:27:29+00:00,2020-03-13 00:41:11+00:00,2020-03-12 20:35:25+00:00,32.711,0002,CA-321,2-39-78-365,000003853,10.228333333333333
5e7fec1af9af8b1fc4c8d3cb,2020-03-12 14:42:58+00:00,2020-03-13 00:29:19+00:00,2020-03-12 16:03:38+00:00,2.941,0002,CA-491,2-39-79-382,000004701,9.7725
5e7fec1af9af8b1fc4c8d3cc,2020-03-12 14:53:20+00:00,2020-03-13 00:24:10+00:00,2020-03-12 16:10:30+00:00,4.104,0002,CA-498,2-39-92-442,000001524,9.51388888888889
5e7fec1af9af8b1fc4c8d3cd,2020-03-12 15:30:38+00:00,2020-03-13 02:07:55+00:00,2020-03-12 17:25:34+00:00,7.453294504180076,0002,CA-320,2-39-78-363,000002244,10.62138888888889
5e7fec1af9af8b1fc4c8d3ce,2020-03-12 15:35:12+00:00,2020-03-13 00:04:14+00:00,2020-03-12 23:59:59+00:00,1.141,0002,CA-327,2-39-79-379,,8.483888888888888
5e7fec1af9af8b1fc4c8d3cf,2020-03-12 15:40:13+00:00,2020-03-13 00:13:03+00:00,2020-03-12 16:47:31+00:00,6.097,0002,CA-315,2-39-89-25,000000431,8.547222222222222
5e7fec1af9af8b1fc4c8d3d0,2020-03-12 15:40:40+00:00,2020-03-12 20:16:47+00:00,2020-03-12 17:24:26+00:00,5.242,0002,CA-303,2-39-139-28,000000562,4.601944444444444
5e7fec1af9af8b1fc4c8d3d1,2020-03-12 15:41:33+00:00,2020-03-12 23:18:35+00:00,2020-03-12 17:53:46+00:00,1.136,0002,CA-495,2-39-78-364,,7.617222222222222
5e7fec1af9af8b1fc4c8d3d2,2020-03-12 15:45:13+00:00,2020-03-12 19:38:49+00:00,2020-03-12 19:17:08+00:00,7.916,0002,CA-490,2-39-79-381,000000671,3.8933333333333335
5e7fec1af9af8b1fc4c8d3d3,2020-03-12 16:11:08+00:00,2020-03-13 02:45:27+00:00,2020-03-12 17:20:06+00:00,2.253,0002,CA-319,2-39-95-27,000001082,10.571944444444444
5e7fec1af9af8b1fc4c8d3d4,2020-03-12 16:40:34+00:00,2020-03-13 00:01:00+00:00,2020-03-12 18:55:18+00:00,10.312,0002,CA-325,2-39-79-377,000000714,7.3405555555555555
5e7fec1af9af8b1fc4c8d3d5,2020-03-12 16:48:56+00:00,2020-03-13 01:13:35+00:00,2020-03-13 00:54:52+00:00,3.627,0002,CA-313,2-39-123-23,000002170,8.410833333333333
5e7fec1af9af8b1fc4c8d3d6,2020-03-12 16:50:19+00:00,2020-03-13 00:45:12+00:00,2020-03-12 18:59:54+00:00,5.997,0002,CA-492,2-39-79-383,000001222,7.914722222222222
5e7fec1af9af8b1fc4c8d3d7,2020-03-12 17:15:33+00:00,2020-03-13 00:48:13+00:00,2020-03-12 19:37:54+00:00,9.759132777777777,0002,CA-324,2-39-79-376,000001137,7.544444444444444
5e7fec1af9af8b1fc4c8d3d8,2020-03-12 17:19:04+00:00,2020-03-13 01:11:40+00:00,2020-03-13 00:15:19+00:00,1.134,0002,CA-309,2-39-127-19,,7.876666666666667
5e7fec1af9af8b1fc4c8d3d9,2020-03-12 17:42:53+00:00,2020-03-12 18:37:57+00:00,2020-03-12 18:33:50+00:00,1.130628733571921,0002,CA-323,2-39-78-366,,0.9177777777777778
5e7fec1af9af8b1fc4c8d3da,2020-03-12 17:47:25+00:00,2020-03-12 20:17:37+00:00,2020-03-12 20:14:12+00:00,0.92,0002,CA-489,2-39-79-380,,2.5033333333333334
5e7fec1af9af8b1fc4c8d3db,2020-03-12 18:05:15+00:00,2020-03-12 22:55:26+00:00,2020-03-12 22:54:55+00:00,12.443,0002,CA-317,2-39-91-437,000000668,4.836388888888889
5e7fec1af9af8b1fc4c8d3dc,2020-03-12 18:06:52+00:00,2020-03-12 20:52:19+00:00,2020-03-12 20:05:09+00:00,11.596,0002,CA-499,2-39-91-441,000000069,2.7575
5e7fec1af9af8b1fc4c8d3dd,2020-03-12 18:51:19+00:00,2020-03-12 20:10:45+00:00,2020-03-12 19:20:39+00:00,0.608,0002,CA-323,2-39-78-366,,1.323888888888889
5e7fec1af9af8b1fc4c8d3de,2020-03-12 19:50:18+00:00,2020-03-13 01:21:18+00:00,2020-03-12 21:01:04+00:00,3.855,0002,CA-311,2-39-125-21,000000567,5.516666666666667
5e7fec1af9af8b1fc4c8d3df,2020-03-12 20:18:47+00:00,2020-03-13 00:48:07+00:00,2020-03-12 22:31:10+00:00,6.491,0002,CA-322,2-39-78-360,000001124,4.488888888888889
5e7fec1af9af8b1fc4c8d3e0,2020-03-12 20:20:15+00:00,2020-03-13 00:22:12+00:00,2020-03-12 20:20:06+00:00,0.773461768219581,0002,CA-323,2-39-78-366,000000560,4.0325
5e7fec1af9af8b1fc4c8d3e1,2020-03-12 23:50:29+00:00,2020-03-13 02:14:09+00:00,2020-03-13 01:45:17+00:00,4.212,0002,CA-304,2-39-138-29,000003123,2.3944444444444444
5e7fec1af9af8b1fc4c8d3e2,2020-03-13 03:15:28+00:00,2020-03-13 05:38:27+00:00,2020-03-13 05:38:24+00:00,13.896,0002,CA-306,2-39-130-31,000001099,2.3830555555555555
5e7fec1af9af8b1fc4c8d3e3,2020-03-13 03:22:42+00:00,2020-03-13 04:47:18+00:00,2020-03-13 04:47:13+00:00,4.649,0002,CA-303,2-39-139-28,000001263,1.41
5e813d8ff9af8b23a8a39cf4,2020-03-13 15:34:24+00:00,2020-03-14 01:17:31+00:00,2020-03-13 15:58:59+00:00,1.473,0002,CA-327,2-39-79-379,000000751,9.71861111111111
5e813d8ff9af8b23a8a39cf5,2020-03-13 16:39:54+00:00,2020-03-14 01:19:56+00:00,2020-03-13 18:18:32+00:00,9.844,0002,CA-490,2-39-79-381,000001095,8.667222222222222
5e813d8ff9af8b23a8a39cf6,2020-03-13 17:06:46+00:00,2020-03-13 21:22:43+00:00,2020-03-13 19:03:36+00:00,5.95,0002,CA-304,2-39-138-29,000001366,4.265833333333333
5e813d8ff9af8b23a8a39cf7,2020-03-13 17:10:51+00:00,2020-03-14 00:32:46+00:00,2020-03-13 18:49:31+00:00,10.699,0002,CA-317,2-39-91-437,000006049,7.365277777777778
5e813d8ff9af8b23a8a39cf8,2020-03-13 17:41:53+00:00,2020-03-13 19:50:42+00:00,2020-03-13 18:12:29+00:00,0.718,0002,CA-323,2-39-78-366,,2.1469444444444443
5e813d8ff9af8b23a8a39cf9,2020-03-13 18:08:54+00:00,2020-03-13 22:37:39+00:00,2020-03-13 20:00:11+00:00,11.79,0002,CA-320,2-39-78-363,000000668,4.479166666666667
5e813d8ff9af8b23a8a39cfa,2020-03-13 21:52:23+00:00,2020-03-14 01:34:35+00:00,2020-03-13 23:57:06+00:00,6.371,0002,CA-313,2-39-123-23,000005594,3.703333333333333
5e813d8ff9af8b23a8a39cfb,2020-03-13 22:23:00+00:00,2020-03-13 23:15:57+00:00,2020-03-13 23:04:22+00:00,1.746,0002,CA-304,2-39-138-29,000001366,0.8825
5e813d8ff9af8b23a8a39cfc,2020-03-14 00:35:56+00:00,2020-03-14 01:36:33+00:00,2020-03-14 01:36:25+00:00,3.277,0002,CA-303,2-39-139-28,000000365,1.0102777777777778
5e813d8ff9af8b23a8a39cfd,2020-03-14 02:59:38+00:00,2020-03-14 05:28:12+00:00,2020-03-14 05:05:55+00:00,14.172,0002,CA-303,2-39-139-28,000001085,2.476111111111111
5e813d8ff9af8b23a8a39cfe,2020-03-14 03:29:15+00:00,2020-03-14 04:30:16+00:00,2020-03-14 04:30:11+00:00,3.493,0002,CA-311,2-39-125-21,000004622,1.0169444444444444
5e828f0cf9af8b279cf8cf1e,2020-03-14 22:10:09+00:00,2020-03-15 00:03:22+00:00,2020-03-14 23:39:47+00:00,4.421,0002,CA-309,2-39-127-19,000004622,1.8869444444444445
5e828f0cf9af8b279cf8cf1f,2020-03-14 23:26:22+00:00,2020-03-15 01:01:09+00:00,2020-03-14 23:56:38+00:00,0.83,0002,CA-305,2-39-131-30,,1.5797222222222222
5e828f0cf9af8b279cf8cf20,2020-03-15 00:57:31+00:00,2020-03-15 02:04:23+00:00,2020-03-15 02:04:18+00:00,3.868,0002,CA-307,2-39-129-17,000000365,1.1144444444444443
5e828f0cf9af8b279cf8cf21,2020-03-15 05:58:50+00:00,2020-03-15 18:17:49+00:00,2020-03-15 10:24:58+00:00,29.647,0002,CA-500,2-39-90-440,000000292,12.31638888888889
5e83e091f9af8b2b6eaaeae8,2020-03-15 17:34:43+00:00,2020-03-15 20:17:40+00:00,2020-03-15 20:17:31+00:00,18.497,0002,CA-303,2-39-139-28,000001085,2.7158333333333333
5e83e091f9af8b2b6eaaeae9,2020-03-15 18:02:46+00:00,2020-03-16 00:47:00+00:00,2020-03-15 19:53:29+00:00,4.667025,0002,CA-491,2-39-79-382,000004701,6.737222222222222
5e83e091f9af8b2b6eaaeaea,2020-03-15 18:12:11+00:00,2020-03-17 02:29:29+00:00,2020-03-16 02:01:58+00:00,51.337,0002,CA-305,2-39-131-30,000000489,32.288333333333334
5e83e091f9af8b2b6eaaeaeb,2020-03-15 19:18:58+00:00,2020-03-16 18:35:51+00:00,2020-03-15 23:01:58+00:00,13.097,0002,CA-492,2-39-79-383,000004913,23.281388888888888
5e83e091f9af8b2b6eaaeaec,2020-03-15 19:36:14+00:00,2020-03-15 21:35:46+00:00,2020-03-15 21:35:41+00:00,9.595,0002,CA-307,2-39-129-17,000002290,1.9922222222222221
5e83e091f9af8b2b6eaaeaed,2020-03-15 20:16:55+00:00,2020-03-15 22:16:43+00:00,2020-03-15 22:16:38+00:00,6.368,0002,CA-304,2-39-138-29,000001395,1.9966666666666666
5e83e091f9af8b2b6eaaeaee,2020-03-15 22:16:29+00:00,2020-03-16 06:02:08+00:00,2020-03-16 03:50:07+00:00,35.177,0002,CA-303,2-39-139-28,000001085,7.760833333333333
5e83e091f9af8b2b6eaaeaef,2020-03-15 22:38:49+00:00,2020-03-16 00:35:44+00:00,2020-03-15 23:23:32+00:00,1.736,0002,CA-311,2-39-125-21,000004622,1.948611111111111
5e83e091f9af8b2b6eaaeaf0,2020-03-16 00:33:03+00:00,2020-03-16 01:12:27+00:00,2020-03-16 01:12:22+00:00,2.073,0002,CA-307,2-39-129-17,000000365,0.6566666666666666
5e853211f9af8b2fb505679a,2020-03-16 07:51:17+00:00,2020-03-16 22:12:39+00:00,2020-03-16 15:31:06+00:00,51.237,0002,CA-303,2-39-139-28,000000067,14.356111111111112
5e853211f9af8b2fb505679b,2020-03-16 14:16:18+00:00,2020-03-16 16:48:13+00:00,2020-03-16 16:48:09+00:00,16.202,0002,CA-317,2-39-91-437,000000431,2.5319444444444446
5e853211f9af8b2fb505679c,2020-03-16 14:36:39+00:00,2020-03-16 23:20:14+00:00,2020-03-16 15:55:32+00:00,2.534,0002,CA-491,2-39-79-382,000004701,8.72638888888889
5e853211f9af8b2fb505679d,2020-03-16 15:38:51+00:00,2020-03-17 02:23:45+00:00,2020-03-16 17:27:05+00:00,5.773,0002,CA-309,2-39-127-19,000000562,10.748333333333333
5e853211f9af8b2fb505679e,2020-03-16 16:57:07+00:00,2020-03-16 17:38:53+00:00,2020-03-16 17:38:49+00:00,4.375,0002,CA-304,2-39-138-29,000000798,0.6961111111111111
5e853211f9af8b2fb505679f,2020-03-16 18:34:40+00:00,2020-03-17 02:48:22+00:00,2020-03-16 20:33:12+00:00,6.356,0002,CA-327,2-39-79-379,000001111,8.228333333333333
5e853211f9af8b2fb50567a0,2020-03-16 20:39:59+00:00,2020-03-16 23:43:18+00:00,2020-03-16 22:10:17+00:00,4.575,0002,CA-500,2-39-90-440,000003447,3.055277777777778
5e853211f9af8b2fb50567a1,2020-03-16 21:00:09+00:00,2020-03-17 22:12:20+00:00,2020-03-16 22:24:59+00:00,2.741,0002,CA-306,2-39-130-31,000000924,25.203055555555554
5e86838df9af8b33946c3b8e,2020-03-17 14:26:24+00:00,2020-03-17 22:51:55+00:00,2020-03-17 17:07:34+00:00,7.929,0002,CA-491,2-39-79-382,000004701,8.425277777777778
5e86838df9af8b33946c3b8f,2020-03-17 17:49:54+00:00,2020-03-18 02:05:43+00:00,2020-03-17 19:42:16+00:00,5.742,0002,CA-314,2-39-88-24,000005594,8.26361111111111
5e86838df9af8b33946c3b90,2020-03-17 19:19:23+00:00,2020-03-18 01:13:03+00:00,2020-03-17 21:17:55+00:00,13.311,0002,CA-325,2-39-79-377,000000714,5.894444444444445
5e86838df9af8b33946c3b91,2020-03-18 01:34:38+00:00,2020-03-18 03:06:51+00:00,2020-03-18 03:06:47+00:00,9.841,0002,CA-308,2-39-128-18,000001099,1.5369444444444444
5e87d50bf9af8b397e1b8565,2020-03-18 16:32:33+00:00,2020-03-18 18:29:55+00:00,2020-03-18 17:04:27+00:00,0.886,0002,CA-327,2-39-79-379,,1.9561111111111111
5e87d50bf9af8b397e1b8566,2020-03-18 20:34:07+00:00,2020-03-18 22:30:10+00:00,2020-03-18 22:12:57+00:00,9.891,0002,CA-303,2-39-139-28,000002290,1.9341666666666666
5e87d50bf9af8b397e1b8567,2020-03-18 20:57:56+00:00,2020-03-18 22:03:06+00:00,2020-03-18 22:03:01+00:00,7.043,0002,CA-305,2-39-131-30,000000710,1.086111111111111
5e87d50bf9af8b397e1b8568,2020-03-19 02:15:46+00:00,2020-03-19 04:15:22+00:00,2020-03-19 04:15:17+00:00,9.133,0002,CA-310,2-39-126-20,000001099,1.9933333333333334
5e89268cf9af8b3d8b09a7fe,2020-03-19 13:35:59+00:00,2020-03-19 17:03:19+00:00,2020-03-19 17:03:15+00:00,23.089,0002,CA-318,2-39-92-436,000000300,3.4555555555555557
5e89268cf9af8b3d8b09a7ff,2020-03-19 18:27:27+00:00,2020-03-20 02:34:32+00:00,2020-03-19 20:07:36+00:00,4.944,0002,CA-308,2-39-128-18,000005594,8.118055555555555
5e89268cf9af8b3d8b09a800,2020-03-19 19:38:14+00:00,2020-03-19 20:05:37+00:00,2020-03-19 20:05:32+00:00,1.521,0002,CA-315,2-39-89-25,000000743,0.4563888888888889
5e8d1b0df9af8b492a000e2e,2020-03-22 13:31:16+00:00,2020-03-22 19:44:31+00:00,2020-03-22 17:05:06+00:00,23.796,0002,CA-324,2-39-79-376,000000300,6.220833333333333
5e8d1b0df9af8b492a000e2f,2020-03-22 19:02:13+00:00,2020-03-22 20:15:07+00:00,2020-03-22 20:15:01+00:00,7.799,0002,CA-317,2-39-91-437,000000431,1.215
5e8d1b0df9af8b492a000e30,2020-03-22 21:38:59+00:00,2020-03-23 01:21:50+00:00,2020-03-22 23:33:51+00:00,5.82,0002,CA-492,2-39-79-383,000001222,3.714166666666667
5e8e6c8bf9af8b6fa5793a87,2020-03-24 03:39:53+00:00,2020-03-24 05:22:21+00:00,2020-03-24 05:22:16+00:00,10.221,0002,CA-305,2-39-131-30,000001099,1.7077777777777778
5e8fbe0bf9af8b73fe59d676,2020-03-24 17:16:12+00:00,2020-03-24 17:47:48+00:00,2020-03-24 17:48:46+00:00,0.813,0002,CA-309,2-39-127-19,,0.5266666666666666
5e8fbe0bf9af8b73fe59d677,2020-03-24 17:47:55+00:00,2020-03-25 00:49:15+00:00,2020-03-25 00:48:51+00:00,0.838,0002,CA-309,2-39-127-19,,7.022222222222222
5e910f8af9af8b77ccc1e624,2020-03-25 23:08:34+00:00,2020-03-25 23:38:07+00:00,2020-03-25 23:37:58+00:00,0.798,0002,CA-311,2-39-125-21,,0.4925
5e93b28cf9af8b7f6b152033,2020-03-27 15:34:13+00:00,2020-03-28 01:41:56+00:00,2020-03-27 17:37:17+00:00,6.47,0002,CA-313,2-39-123-23,000005594,10.12861111111111
5e95040af9af8b04aa96eadb,2020-03-29 00:40:26+00:00,2020-03-29 14:43:45+00:00,2020-03-29 01:29:57+00:00,33.191,0002,CA-324,2-39-79-376,000000300,14.055277777777778
5e95040af9af8b04aa96eadc,2020-03-29 01:49:12+00:00,2020-03-30 02:59:37+00:00,,32.873,0002,CA-307,2-39-129-17,000000489,25.17361111111111
5e96558bf9af8b0880ef25c6,2020-03-29 23:38:42+00:00,2020-03-30 04:46:44+00:00,,34.148,0002,CA-304,2-39-138-29,000001085,5.1338888888888885
5e98f88bf9af8b19f30edbd2,2020-03-31 17:17:09+00:00,2020-04-01 01:21:04+00:00,2020-03-31 18:30:59+00:00,3.52,0002,CA-307,2-39-129-17,000005594,8.065277777777778
5e9b9b8bf9af8b2186e8632f,2020-04-02 16:30:43+00:00,2020-04-02 19:15:04+00:00,,0.87,0002,CA-213,2-39-82-384,,2.7391666666666667
5e9ced0af9af8b2592ab10c1,2020-04-03 23:50:52+00:00,2020-04-04 08:25:27+00:00,,46.465,0002,CA-303,2-39-139-28,000000067,8.57638888888889
5e9e3e8cf9af8b295a29c1ef,2020-04-05 03:21:59+00:00,2020-04-05 23:35:38+00:00,2020-04-05 08:05:57+00:00,31.316,0002,CA-325,2-39-79-377,000000292,20.2275
5e9f900cf9af8b2d328530d1,2020-04-05 18:29:34+00:00,2020-04-06 02:56:24+00:00,2020-04-05 20:18:46+00:00,5.583,0002,CA-307,2-39-129-17,000005594,8.447222222222223
5ea2330bf9af8b3ed07789bb,2020-04-07 15:24:38+00:00,2020-04-07 19:48:12+00:00,2020-04-07 19:48:43+00:00,0.851,0002,CA-212,2-39-83-386,,4.392777777777778
5ea6278cf9af8b4a2e7bd228,2020-04-10 16:55:50+00:00,2020-04-10 22:07:47+00:00,2020-04-10 17:35:40+00:00,1.661,0002,CA-315,2-39-89-25,000000743,5.199166666666667
5ea6278cf9af8b4a2e7bd229,2020-04-10 17:48:54+00:00,2020-04-11 01:17:13+00:00,2020-04-10 19:21:02+00:00,4.591,0002,CA-306,2-39-130-31,000005594,7.4719444444444445
5ea7790af9af8b4e1ade47c2,2020-04-11 14:00:46+00:00,2020-04-11 18:46:00+00:00,2020-04-11 18:45:55+00:00,32.568,0002,CA-326,2-39-79-378,000003424,4.753888888888889
5ea8ca8cf9af8b506330f528,2020-04-12 17:03:14+00:00,2020-04-13 00:22:01+00:00,2020-04-12 22:04:17+00:00,33.358,0002,CA-303,2-39-139-28,000001085,7.313055555555556
5eaa1c0bf9af8b55cb21b43c,2020-04-13 23:16:56+00:00,2020-04-14 02:52:49+00:00,2020-04-14 01:47:17+00:00,15.558,0002,CA-305,2-39-131-30,000000067,3.5980555555555553
5eab6d8af9af8b7d922b3a19,2020-04-14 16:06:35+00:00,2020-04-14 19:23:49+00:00,2020-04-14 17:32:29+00:00,4.33,0002,CA-315,2-39-89-25,000000743,3.2872222222222223
5eb0b38bf9af8b0ef6b6971c,2020-04-18 22:09:13+00:00,2020-04-19 04:13:16+00:00,2020-04-19 02:39:33+00:00,30.699,0002,CA-303,2-39-139-28,000001085,6.0675
5eb0b38bf9af8b0ef6b6971d,2020-04-19 02:38:22+00:00,2020-04-19 03:14:22+00:00,2020-04-19 03:08:54+00:00,0.879,0002,CA-310,2-39-126-20,,0.6
5eb4a80cf9af8b35a74d0a6d,2020-04-21 18:21:54+00:00,2020-04-22 01:28:43+00:00,2020-04-21 20:25:17+00:00,6.395,0002,CA-307,2-39-129-17,000005594,7.113611111111111
5eb74b0bf9af8b3dfb27c4b3,2020-04-23 16:42:17+00:00,2020-04-23 19:13:32+00:00,2020-04-23 18:01:34+00:00,3.916,0002,CA-315,2-39-89-25,000000743,2.5208333333333335
5eb74b0bf9af8b3dfb27c4b4,2020-04-24 04:07:49+00:00,2020-04-24 04:39:05+00:00,2020-04-24 04:38:13+00:00,0.858,0002,CA-506,2-39-126-560,,0.5211111111111111
5eb74b0bf9af8b3dfb27c4b5,2020-04-24 04:41:06+00:00,2020-04-24 05:13:37+00:00,2020-04-24 05:11:31+00:00,0.867,0002,CA-323,2-39-78-366,,0.5419444444444445
5eb9ee0af9af8b45badac6c5,2020-04-25 17:58:35+00:00,2020-04-25 20:59:32+00:00,2020-04-25 19:53:31+00:00,5.875,0002,CA-319,2-39-95-27,000001222,3.015833333333333
5ebb3f8cf9af8b4994d94d2b,2020-04-26 19:23:06+00:00,2020-04-27 02:21:59+00:00,2020-04-26 23:44:45+00:00,28.203,0002,CA-303,2-39-139-28,000001085,6.981388888888889
5ebb3f8cf9af8b4994d94d2c,2020-04-26 19:24:35+00:00,2020-04-26 20:06:21+00:00,2020-04-26 19:55:10+00:00,0.6269816666666667,0002,CA-313,2-39-123-23,,0.6961111111111111
5ebb3f8cf9af8b4994d94d2d,2020-04-26 20:58:39+00:00,2020-04-26 22:12:10+00:00,2020-04-26 22:04:59+00:00,0.84,0002,CA-512,2-39-138-566,,1.2252777777777777
5ebb3f8cf9af8b4994d94d2e,2020-04-27 00:11:23+00:00,2020-04-27 00:33:43+00:00,2020-04-27 00:33:34+00:00,0.633,0002,CA-319,2-39-95-27,,0.37222222222222223
5ebb3f8cf9af8b4994d94d2f,2020-04-27 04:29:38+00:00,2020-04-27 19:55:35+00:00,2020-04-27 08:39:08+00:00,25.152,0002,CA-305,2-39-131-30,000000067,15.4325
5ebf340bf9af8b7492d19d51,2020-04-29 12:09:09+00:00,2020-04-29 12:45:20+00:00,2020-04-29 12:39:36+00:00,0.853,0002,CA-327,2-39-79-379,,0.6030555555555556
5ec5cb8bf9af8b596b5eb7bf,2020-05-05 02:08:13+00:00,2020-05-05 02:20:02+00:00,2020-05-05 02:19:54+00:00,1.285,0002,CA-306,2-39-130-31,000001085,0.19694444444444445
5ecc630bf9af8b22f6e6854c,2020-05-09 18:13:02+00:00,2020-05-09 18:51:31+00:00,2020-05-09 18:43:14+00:00,0.86,0002,CA-319,2-39-95-27,,0.6413888888888889
5ecdb48cf9af8b26c1273094,2020-05-10 20:02:35+00:00,2020-05-11 02:26:44+00:00,2020-05-11 01:57:55+00:00,38.275,0002,CA-303,2-39-139-28,000001085,6.4025
5ecdb48cf9af8b26c1273095,2020-05-11 01:36:21+00:00,2020-05-11 17:34:09+00:00,2020-05-11 07:06:47+00:00,35.197,0002,CA-305,2-39-131-30,000000067,15.963333333333333
5ecf060af9af8b2a83001995,2020-05-11 20:58:06+00:00,2020-05-11 23:06:14+00:00,2020-05-11 21:28:18+00:00,0.825,0002,CA-315,2-39-89-25,,2.1355555555555554
5ed1a90bf9af8b32e9f098e3,2020-05-13 17:10:08+00:00,2020-05-13 19:21:33+00:00,2020-05-13 19:21:25+00:00,14.939,0002,CA-309,2-39-127-19,000001316,2.1902777777777778
5ed59d8bf9af8b757dd700ba,2020-05-16 17:11:23+00:00,2020-05-17 03:11:09+00:00,2020-05-17 00:49:05+00:00,48.878,0002,CA-305,2-39-131-30,000000489,9.99611111111111
5ed59d8bf9af8b757dd700bb,2020-05-17 04:03:59+00:00,2020-05-17 06:00:57+00:00,,5.864,0002,CA-492,2-39-79-383,000001222,1.9494444444444445
5ed6ef0bf9af8b45cdf57ba6,2020-05-17 13:19:27+00:00,2020-05-17 16:14:53+00:00,,19.69,0002,CA-304,2-39-138-29,000000300,2.923888888888889
5ed8408bf9af8b497367de1d,2020-05-18 21:52:34+00:00,2020-05-18 22:52:16+00:00,,0.901,0002,CA-212,2-39-83-386,,0.995
5ed9920bf9af8b4d6ab7445e,2020-05-19 20:06:37+00:00,2020-05-19 23:40:55+00:00,,1.101,0002,CA-315,2-39-89-25,000000743,3.5716666666666668
5ed9920bf9af8b4d6ab7445f,2020-05-19 21:29:28+00:00,2020-05-19 22:24:06+00:00,,0.901,0002,CA-303,2-39-139-28,,0.9105555555555556
5edae38af9af8b516897ae3c,2020-05-20 19:08:53+00:00,2020-05-21 04:12:54+00:00,,6.254,0002,CA-305,2-39-131-30,000005594,9.066944444444445
5ee2cc8df9af8b67c338cd47,2020-05-26 20:06:06+00:00,2020-05-26 22:37:10+00:00,2020-05-26 22:38:08+00:00,0.82,0002,CA-303,2-39-139-28,,2.517777777777778
5ee2cc8df9af8b67c338cd48,2020-05-26 22:37:30+00:00,2020-05-26 22:47:29+00:00,2020-05-26 22:47:20+00:00,0.544,0002,CA-303,2-39-139-28,000000743,0.1663888888888889
5ee41e0af9af8b69c1dccda5,2020-05-27 16:22:32+00:00,2020-05-27 19:13:38+00:00,2020-05-27 19:13:33+00:00,19.086,0002,CA-303,2-39-139-28,000001316,2.8516666666666666
5ee6c10bf9af8b6de7a2469a,2020-05-29 16:50:03+00:00,2020-05-29 17:01:40+00:00,,0.591,0002,CA-313,2-39-123-23,000001920,0.19361111111111112
5eeab592f9af8b7423abd4c3,2020-06-01 19:52:47+00:00,2020-06-01 22:59:39+00:00,,6.202,0002,CA-305,2-39-131-30,000005594,3.1144444444444446
5eed588bf9af8b78100a5775,2020-06-03 19:31:58+00:00,2020-06-04 01:05:37+00:00,,36.333,0002,CA-326,2-39-79-378,000003424,5.560833333333333
5eed588bf9af8b78100a5776,2020-06-04 03:10:04+00:00,2020-06-04 23:17:27+00:00,,36.584,0002,CA-304,2-39-138-29,000000067,20.123055555555556
5eeeaa0df9af8b7a130be5bf,2020-06-04 15:35:19+00:00,2020-06-04 19:11:48+00:00,,19.641,0002,CA-307,2-39-129-17,000001316,3.6080555555555556
5eeeaa0df9af8b7a130be5c0,2020-06-05 00:59:56+00:00,2020-06-05 01:23:47+00:00,,1.247,0002,CA-311,2-39-125-21,000001395,0.3975
5ef14d0bf9af8b7e468ea69f,2020-06-07 03:57:58+00:00,2020-06-07 15:07:10+00:00,2020-06-07 08:36:49+00:00,30.234,0002,CA-304,2-39-138-29,000000300,11.153333333333334
5ef29e8af9af8b017cc3760f,2020-06-08 01:03:24+00:00,2020-06-08 01:42:44+00:00,2020-06-08 01:33:31+00:00,0.814,0002,CA-303,2-39-139-28,,0.6555555555555556
5ef3f00bf9af8b039ea8261a,2020-06-08 16:11:08+00:00,2020-06-08 21:58:57+00:00,2020-06-08 21:42:17+00:00,37.505,0002,CA-325,2-39-79-377,000000248,5.796944444444445
5ef3f00bf9af8b039ea8261b,2020-06-08 16:47:29+00:00,2020-06-09 01:53:08+00:00,2020-06-08 20:20:47+00:00,12.146,0002,CA-491,2-39-79-382,000001526,9.094166666666666
5ef5418af9af8b05b7146679,2020-06-09 16:24:21+00:00,2020-06-09 20:28:01+00:00,2020-06-09 20:27:56+00:00,14.06,0002,CA-491,2-39-79-382,000001526,4.061111111111111
5ef7e48ef9af8b09cdaec736,2020-06-11 20:17:59+00:00,2020-06-12 03:42:51+00:00,2020-06-12 03:39:02+00:00,2.494,0002,CA-321,2-39-78-365,000006952,7.414444444444444
5ef9360af9af8b0c125996e9,2020-06-12 14:50:17+00:00,2020-06-12 15:00:16+00:00,2020-06-12 15:00:11+00:00,0.51,0002,CA-311,2-39-125-21,000001920,0.1663888888888889
5ef9360af9af8b0c125996ea,2020-06-12 21:13:33+00:00,2020-06-12 21:57:14+00:00,2020-06-12 21:56:22+00:00,2.32,0002,CA-305,2-39-131-30,000005594,0.7280555555555556
5efa878cf9af8b0e10f832e1,2020-06-13 19:17:35+00:00,2020-06-14 01:38:20+00:00,2020-06-14 00:41:10+00:00,35.548,0002,CA-306,2-39-130-31,000001085,6.345833333333333
5efa878cf9af8b0e10f832e2,2020-06-14 03:14:07+00:00,2020-06-14 13:35:33+00:00,2020-06-14 05:55:32+00:00,17.283,0002,CA-303,2-39-139-28,000000300,10.357222222222223
5effcd8ef9af8b168b96e403,2020-06-17 19:42:04+00:00,2020-06-18 04:19:33+00:00,2020-06-17 21:31:44+00:00,6.35,0002,CA-501,2-39-89-439,000006952,8.624722222222223
5effcd8ef9af8b168b96e404,2020-06-18 01:38:18+00:00,2020-06-18 18:50:15+00:00,2020-06-18 09:40:15+00:00,52.368,0002,CA-307,2-39-129-17,000000489,17.199166666666667
5f011f0cf9af8b1885758ea4,2020-06-18 16:27:09+00:00,2020-06-18 22:05:36+00:00,2020-06-18 18:07:50+00:00,5.94,0002,CA-499,2-39-91-441,000006952,5.640833333333333
5f011f0cf9af8b1885758ea5,2020-06-18 16:29:44+00:00,2020-06-18 18:54:42+00:00,2020-06-18 18:54:37+00:00,13.974,0002,CA-304,2-39-138-29,000000559,2.4161111111111113
5f011f0cf9af8b1885758ea6,2020-06-18 23:21:36+00:00,2020-06-19 00:32:59+00:00,2020-06-18 23:50:29+00:00,1.112,0002,CA-315,2-39-89-25,000000743,1.1897222222222221
5f02708bf9af8b1a991c4f63,2020-06-19 14:46:23+00:00,2020-06-19 15:45:57+00:00,2020-06-19 15:45:52+00:00,3.308,0002,CA-309,2-39-127-19,000001920,0.9927777777777778
5f02708bf9af8b1a991c4f64,2020-06-19 20:52:06+00:00,2020-06-19 21:34:36+00:00,2020-06-19 21:35:03+00:00,0.5779583333333334,0002,CA-306,2-39-130-31,,0.7083333333333334
5f02708bf9af8b1a991c4f65,2020-06-20 03:10:51+00:00,2020-06-20 06:12:22+00:00,2020-06-20 05:13:28+00:00,6.353,0002,CA-307,2-39-129-17,000005594,3.0252777777777777
5f03c20bf9af8b1ca56e2637,2020-06-20 21:54:22+00:00,2020-06-20 23:30:51+00:00,2020-06-20 23:30:46+00:00,10.62,0002,CA-305,2-39-131-30,000000358,1.6080555555555556
5f03c20bf9af8b1ca56e2638,2020-06-21 00:48:58+00:00,2020-06-21 04:47:51+00:00,2020-06-21 04:47:44+00:00,26.947,0002,CA-304,2-39-138-29,000001085,3.981388888888889
5f05138af9af8b1ea28d9ffc,2020-06-21 23:31:43+00:00,2020-06-22 00:09:02+00:00,2020-06-22 00:08:57+00:00,1.335,0002,CA-303,2-39-139-28,000001539,0.6219444444444444
5f06650cf9af8b2095888d4a,2020-06-22 14:13:19+00:00,2020-06-22 14:47:28+00:00,2020-06-22 14:47:23+00:00,3.72,0002,CA-305,2-39-131-30,000000710,0.5691666666666667
5f06650cf9af8b2095888d4b,2020-06-22 15:35:35+00:00,2020-06-22 16:35:41+00:00,2020-06-22 16:31:51+00:00,2.807,0002,CA-311,2-39-125-21,000001920,1.0016666666666667
5f0a598cf9af8b269d62d268,2020-06-25 18:13:31+00:00,2020-06-25 21:12:57+00:00,2020-06-25 20:01:09+00:00,6.369,0002,CA-318,2-39-92-436,000006952,2.9905555555555554
5f0a598cf9af8b269d62d269,2020-06-25 21:08:24+00:00,2020-06-25 22:00:45+00:00,2020-06-25 22:00:40+00:00,2.911,0002,CA-310,2-39-126-20,000001920,0.8725
5f0bab0bf9af8b28db17a305,2020-06-26 15:42:23+00:00,2020-06-26 16:26:06+00:00,2020-06-26 16:26:01+00:00,2.404,0002,CA-311,2-39-125-21,000001920,0.7286111111111111
5f0bab0bf9af8b28db17a306,2020-06-26 16:18:15+00:00,2020-06-26 16:44:11+00:00,2020-06-26 16:44:07+00:00,1.182,0002,CA-315,2-39-89-25,000000743,0.43222222222222223
5f0bab0bf9af8b28db17a307,2020-06-26 17:29:38+00:00,2020-06-27 04:09:19+00:00,2020-06-27 04:09:12+00:00,13.31,0002,CA-315,2-39-89-25,000000431,10.661388888888888
5f0e4e0af9af8b2cf1b36e65,2020-06-27 23:52:13+00:00,2020-06-28 00:16:19+00:00,2020-06-28 00:16:14+00:00,1.39,0002,CA-307,2-39-129-17,000001297,0.40166666666666667
5f0e4e0cf9af8b2cf1b36e66,2020-06-28 21:18:05+00:00,2020-06-29 05:08:16+00:00,2020-06-29 04:35:13+00:00,47.437,0002,CA-303,2-39-139-28,000001085,7.836388888888889
5f0f9f8bf9af8b2f1292e0c8,2020-06-29 23:09:54+00:00,2020-06-30 00:07:06+00:00,2020-06-30 00:06:58+00:00,3.153,0002,CA-312,2-39-124-22,000001746,0.9533333333333334
5f10f10cf9af8b31234b5ed4,2020-06-30 13:40:25+00:00,2020-06-30 20:44:26+00:00,2020-06-30 15:19:19+00:00,5.861,0002,CA-317,2-39-91-437,000006952,7.066944444444444
5f10f10cf9af8b31234b5ed5,2020-06-30 19:54:22+00:00,2020-06-30 22:43:29+00:00,2020-06-30 21:05:49+00:00,3.521,0002,CA-315,2-39-89-25,000000743,2.818611111111111
5f10f10cf9af8b31234b5ed6,2020-06-30 20:21:14+00:00,2020-06-30 23:36:17+00:00,2020-06-30 21:05:21+00:00,2.729,0002,CA-489,2-39-79-380,000000751,3.2508333333333335
5f10f10cf9af8b31234b5ed7,2020-06-30 21:08:39+00:00,2020-06-30 22:05:28+00:00,2020-06-30 22:05:23+00:00,3.118,0002,CA-309,2-39-127-19,000001746,0.9469444444444445
5f12428ef9af8b334b1b64ec,2020-07-01 16:20:25+00:00,2020-07-01 23:25:57+00:00,2020-07-01 18:10:09+00:00,6.141,0002,CA-317,2-39-91-437,000006952,7.092222222222222
5f12428ef9af8b334b1b64ed,2020-07-01 20:27:27+00:00,2020-07-01 21:56:19+00:00,2020-07-01 21:18:20+00:00,3.152,0002,CA-489,2-39-79-380,000000751,1.481111111111111
5f13940cf9af8b354425516c,2020-07-02 09:20:29+00:00,2020-07-02 22:24:37+00:00,2020-07-02 16:40:23+00:00,48.577,0002,CA-305,2-39-131-30,000000067,13.068888888888889
5f13940cf9af8b354425516d,2020-07-02 14:59:06+00:00,2020-07-02 21:13:24+00:00,2020-07-02 16:44:07+00:00,6.129,0002,CA-317,2-39-91-437,000006952,6.238333333333333
5f13940cf9af8b354425516e,2020-07-02 17:24:19+00:00,2020-07-02 18:42:05+00:00,2020-07-02 18:42:00+00:00,4.299,0002,CA-311,2-39-125-21,000001746,1.2961111111111112
5f13940cf9af8b354425516f,2020-07-02 18:51:38+00:00,2020-07-02 19:47:29+00:00,2020-07-02 19:22:12+00:00,0.869,0002,CA-493,2-39-78-361,,0.9308333333333333
5f14e58bf9af8b37796edc8f,2020-07-03 15:36:52+00:00,2020-07-03 16:33:22+00:00,2020-07-03 16:33:17+00:00,2.888,0002,CA-311,2-39-125-21,000001746,0.9416666666666667
5f16370bf9af8b39a6773efa,2020-07-05 03:45:55+00:00,2020-07-05 04:12:51+00:00,2020-07-05 04:12:46+00:00,0.751,0002,CA-303,2-39-139-28,,0.4488888888888889
5f17888df9af8b3bb9e3eb22,2020-07-05 20:01:09+00:00,2020-07-05 21:57:16+00:00,2020-07-05 21:51:09+00:00,12.013,0002,CA-489,2-39-79-380,000001142,1.9352777777777779
5f17888df9af8b3bb9e3eb23,2020-07-06 02:27:47+00:00,2020-07-07 00:07:19+00:00,2020-07-06 10:49:05+00:00,52.55333111111111,0002,CA-305,2-39-131-30,000000489,21.65888888888889
5f18da0bf9af8b3dd24eabb8,2020-07-06 15:48:12+00:00,2020-07-07 00:07:19+00:00,2020-07-06 16:07:45+00:00,0.9198261111111111,0002,CA-311,2-39-125-21,000001746,8.31861111111111
5f18da0bf9af8b3dd24eabb9,2020-07-07 00:07:09+00:00,2020-07-07 00:24:26+00:00,2020-07-07 00:20:05+00:00,2.052,0002,CA-491,2-39-79-382,000001082,0.28805555555555556
5f18da0bf9af8b3dd24eabba,2020-07-07 00:07:20+00:00,2020-07-07 05:38:50+00:00,2020-07-07 00:38:02+00:00,0.5275447222222222,0002,CA-304,2-39-138-29,,5.525
5f1a2b8bf9af8b3fee6daaaa,2020-07-07 17:00:14+00:00,2020-07-07 21:41:44+00:00,2020-07-07 18:39:51+00:00,5.842,0002,CA-499,2-39-91-441,000006952,4.691666666666666
5f1a2b8bf9af8b3fee6daaab,2020-07-07 20:51:42+00:00,2020-07-07 22:07:49+00:00,2020-07-07 21:36:17+00:00,2.175,0002,CA-311,2-39-125-21,000001746,1.2686111111111111
5f1a2b8bf9af8b3fee6daaac,2020-07-08 00:49:13+00:00,2020-07-08 01:12:44+00:00,2020-07-08 01:12:35+00:00,0.658,0002,CA-306,2-39-130-31,,0.39194444444444443
5f1b7d0bf9af8b42093cf616,2020-07-08 15:44:47+00:00,2020-07-08 21:07:13+00:00,2020-07-08 17:27:21+00:00,6.582,0002,CA-499,2-39-91-441,000006952,5.373888888888889
5f1cce8cf9af8b43ff3ad65b,2020-07-09 15:46:14+00:00,2020-07-09 21:23:48+00:00,,6.543,0002,CA-317,2-39-91-437,000006952,5.626111111111111
5f1cce8cf9af8b43ff3ad65c,2020-07-09 20:08:23+00:00,2020-07-10 00:34:18+00:00,,24.205,0002,CA-325,2-39-79-377,000003424,4.4319444444444445
5f1cce8cf9af8b43ff3ad65d,2020-07-10 01:59:26+00:00,2020-07-10 15:31:35+00:00,,19.303,0002,CA-325,2-39-79-377,000003267,13.535833333333333
5f1e200af9af8b4657722fd8,2020-07-10 15:36:27+00:00,2020-07-10 16:24:08+00:00,,1.535,0002,CA-311,2-39-125-21,000001746,0.7947222222222222
5f1f718bf9af8b4886ae9ca0,2020-07-11 18:49:19+00:00,2020-07-13 03:58:50+00:00,,14.886,0002,CA-326,2-39-79-378,000003267,33.158611111111114
5f20c30af9af8b4b01797e8d,2020-07-12 23:38:35+00:00,2020-07-13 00:59:30+00:00,,8.711,0002,CA-309,2-39-127-19,000007339,1.3486111111111112
5f22148cf9af8b4d7198d2dc,2020-07-13 15:25:08+00:00,2020-07-13 15:34:23+00:00,,0.632,0002,CA-305,2-39-131-30,000001316,0.15416666666666667
5f22148cf9af8b4d7198d2dd,2020-07-13 15:25:08+00:00,2020-07-13 19:16:37+00:00,2020-07-13 19:13:35+00:00,11.116954444444444,0002,CA-489,2-39-79-380,000003853,3.8580555555555556
5f22148cf9af8b4d7198d2de,2020-07-13 17:31:23+00:00,2020-07-13 21:13:34+00:00,2020-07-13 19:05:44+00:00,7.229,0002,CA-499,2-39-91-441,000006952,3.7030555555555558
5f22148cf9af8b4d7198d2df,2020-07-13 19:53:23+00:00,2020-07-14 02:26:24+00:00,2020-07-14 02:26:19+00:00,21.307,0002,CA-490,2-39-79-381,000002743,6.550277777777778
5f23660af9af8b4f7cbb422c,2020-07-14 20:40:43+00:00,2020-07-14 23:41:36+00:00,2020-07-14 22:10:25+00:00,4.49,0002,CA-315,2-39-89-25,000000743,3.0147222222222223
5f24b78bf9af8b51841f0929,2020-07-15 15:35:16+00:00,2020-07-15 21:36:25+00:00,2020-07-15 17:23:13+00:00,6.216,0002,CA-317,2-39-91-437,000006952,6.019166666666667
5f24b78bf9af8b51841f092a,2020-07-15 20:37:19+00:00,2020-07-15 21:31:37+00:00,2020-07-15 21:31:32+00:00,2.746,0002,CA-311,2-39-125-21,000001746,0.905
5f24b78bf9af8b51841f092b,2020-07-15 20:53:05+00:00,2020-07-15 21:33:21+00:00,2020-07-15 21:33:16+00:00,2.163,0002,CA-489,2-39-79-380,000003389,0.6711111111111111
5f26090bf9af8b5396fb3022,2020-07-16 15:25:34+00:00,2020-07-16 19:01:31+00:00,2020-07-16 19:01:26+00:00,23.703,0002,CA-327,2-39-79-379,000003853,3.5991666666666666
5f26090bf9af8b5396fb3023,2020-07-16 15:30:52+00:00,2020-07-16 20:52:14+00:00,2020-07-16 17:14:18+00:00,6.026,0002,CA-317,2-39-91-437,000006952,5.356111111111111
5f275a8bf9af8b55be3ef21c,2020-07-17 15:07:41+00:00,2020-07-17 18:46:57+00:00,2020-07-17 15:38:09+00:00,0.85,0002,CA-327,2-39-79-379,,3.6544444444444446
5f275a8bf9af8b55be3ef21d,2020-07-17 15:45:10+00:00,2020-07-17 16:39:57+00:00,2020-07-17 16:23:15+00:00,1.788,0002,CA-311,2-39-125-21,000001746,0.9130555555555555
5f275a8bf9af8b55be3ef21e,2020-07-17 22:46:01+00:00,2020-07-18 03:53:27+00:00,2020-07-18 00:49:12+00:00,6.298,0002,CA-306,2-39-130-31,000005594,5.123888888888889
5f275a8bf9af8b55be3ef21f,2020-07-17 22:50:41+00:00,2020-07-18 00:02:52+00:00,2020-07-18 00:02:47+00:00,4.034,0002,CA-319,2-39-95-27,000001222,1.2030555555555555
5f275a8bf9af8b55be3ef220,2020-07-17 23:41:10+00:00,2020-07-17 23:55:01+00:00,2020-07-17 23:54:56+00:00,0.812,0002,CA-327,2-39-79-379,000005368,0.23083333333333333
5f28ac0bf9af8b58442d0370,2020-07-19 06:16:27+00:00,2020-07-19 16:34:41+00:00,2020-07-19 08:13:01+00:00,11.516,0002,CA-325,2-39-79-377,000003267,10.303888888888888
5f29fd8cf9af8b5a3f4e6473,2020-07-19 17:08:24+00:00,2020-07-20 02:22:48+00:00,2020-07-20 00:17:48+00:00,45.839,0002,CA-305,2-39-131-30,000001085,9.24
5f29fd8cf9af8b5a3f4e6474,2020-07-19 17:10:06+00:00,2020-07-20 02:22:35+00:00,2020-07-19 19:17:22+00:00,6.485,0002,CA-304,2-39-138-29,000001395,9.208055555555555
5f29fd8cf9af8b5a3f4e6475,2020-07-20 05:57:38+00:00,2020-07-20 06:22:40+00:00,,0.728,0002,CA-303,2-39-139-28,,0.4172222222222222
5f2b4f0bf9af8b5c40a948af,2020-07-20 15:50:50+00:00,2020-07-20 16:37:24+00:00,,2.538,0002,CA-311,2-39-125-21,000001746,0.7761111111111111
5f2b4f0bf9af8b5c40a948b0,2020-07-20 17:11:10+00:00,2020-07-21 00:22:27+00:00,,7.807,0002,CA-491,2-39-79-382,000002149,7.188055555555556
5f2b4f0bf9af8b5c40a948b1,2020-07-20 18:48:23+00:00,2020-07-21 03:21:35+00:00,,48.455,0002,CA-305,2-39-131-30,000000489,8.553333333333333
5f2ca08bf9af8b5e61be2676,2020-07-21 14:42:32+00:00,2020-07-21 21:01:30+00:00,,5.945,0002,CA-317,2-39-91-437,000006952,6.316111111111111
5f2df20bf9af8b604c17dbf7,2020-07-22 21:49:31+00:00,2020-07-22 22:44:06+00:00,,2.973,0002,CA-311,2-39-125-21,000001746,0.9097222222222222
5f30950bf9af8b64b9e72c96,2020-07-24 15:34:06+00:00,2020-07-24 21:05:42+00:00,,5.964,0002,CA-317,2-39-91-437,000006952,5.526666666666666
5f30950bf9af8b64b9e72c97,2020-07-24 15:51:08+00:00,2020-07-24 16:47:24+00:00,,3.075,0002,CA-311,2-39-125-21,000001746,0.9377777777777778
5f30950bf9af8b64b9e72c98,2020-07-24 16:39:55+00:00,2020-07-24 17:37:55+00:00,,6.115,0002,CA-305,2-39-131-30,000007339,0.9666666666666667
5f30950bf9af8b64b9e72c99,2020-07-25 00:06:27+00:00,2020-07-25 00:18:32+00:00,,1.09,0002,CA-307,2-39-129-17,000002213,0.2013888888888889
5f31e68af9af8b66b9a795b9,2020-07-25 15:48:57+00:00,2020-07-25 22:33:31+00:00,,6.453,0002,CA-307,2-39-129-17,000001395,6.7427777777777775
5f31e68af9af8b66b9a795ba,2020-07-25 15:49:07+00:00,2020-07-26 03:24:14+00:00,,42.49,0002,CA-308,2-39-128-18,000001085,11.585277777777778
5f31e68af9af8b66b9a795bb,2020-07-25 23:16:31+00:00,2020-07-25 23:37:03+00:00,,0.509,0002,CA-305,2-39-131-30,,0.3422222222222222
5f33380df9af8b68a98afd29,2020-07-26 18:19:46+00:00,2020-07-26 19:05:04+00:00,,2.454,0002,CA-311,2-39-125-21,000001746,0.755
5f33380df9af8b68a98afd2a,2020-07-27 01:41:46+00:00,2020-07-27 02:19:36+00:00,,1.353,0002,CA-303,2-39-139-28,000001539,0.6305555555555555
5f34898cf9af8b7e41ed99c9,2020-07-27 16:57:17+00:00,2020-07-27 18:16:03+00:00,,8.554,0002,CA-326,2-39-79-378,000003424,1.3127777777777778
5f35db0bf9af8b01a79a82be,2020-07-28 13:21:47+00:00,2020-07-28 13:59:48+00:00,,2.28,0002,CA-317,2-39-91-437,000007675,0.6336111111111111
5f35db0bf9af8b01a79a82bf,2020-07-28 21:40:29+00:00,2020-07-29 00:12:47+00:00,,4.984,0002,CA-315,2-39-89-25,000000743,2.5383333333333336
5f372c8bf9af8b03ab457d04,2020-07-29 16:12:20+00:00,2020-07-29 21:14:24+00:00,,6.0,0002,CA-317,2-39-91-437,000006952,5.0344444444444445
5f372c8bf9af8b03ab457d05,2020-07-29 23:05:54+00:00,2020-07-29 23:27:17+00:00,,0.591,0002,CA-309,2-39-127-19,,0.35638888888888887
5f387e0af9af8b05ad94ad9b,2020-07-30 20:38:07+00:00,2020-07-31 00:22:23+00:00,,4.657,0002,CA-489,2-39-79-380,000000751,3.7377777777777776
5f39cf8bf9af8b07c39cfd0f,2020-07-31 18:01:37+00:00,2020-08-01 03:27:17+00:00,2020-08-01 00:41:22+00:00,6.423,0002,CA-305,2-39-131-30,000005594,9.427777777777777
5f39cf8bf9af8b07c39cfd10,2020-07-31 20:15:59+00:00,2020-07-31 22:53:09+00:00,,4.087,0002,CA-489,2-39-79-380,000000751,2.6194444444444445
5f39cf8bf9af8b07c39cfd11,2020-08-01 00:26:43+00:00,2020-08-01 01:50:39+00:00,2020-08-01 01:50:07+00:00,7.933,0002,CA-303,2-39-139-28,000000358,1.3988888888888888
5f39cf8bf9af8b07c39cfd12,2020-08-01 02:16:32+00:00,2020-08-01 03:04:21+00:00,2020-08-01 03:04:16+00:00,1.729,0002,CA-303,2-39-139-28,000001539,0.7969444444444445
5f3c728cf9af8b0c7b9c8a89,2020-08-02 12:30:47+00:00,2020-08-02 18:11:36+00:00,2020-08-02 16:48:42+00:00,28.87,0002,CA-306,2-39-130-31,000000300,5.6802777777777775
5f3dc40cf9af8b0e903d431b,2020-08-03 15:47:14+00:00,2020-08-03 16:45:14+00:00,2020-08-03 16:45:05+00:00,3.144,0002,CA-311,2-39-125-21,000001746,0.9666666666666667
5f3dc40cf9af8b0e903d431c,2020-08-03 18:59:36+00:00,2020-08-04 04:55:35+00:00,2020-08-04 03:38:55+00:00,53.068,0002,CA-305,2-39-131-30,000000489,9.933055555555555
5f3dc40cf9af8b0e903d431d,2020-08-03 19:12:11+00:00,2020-08-03 22:23:45+00:00,2020-08-03 19:40:36+00:00,1.32,0002,CA-317,2-39-91-437,000006952,3.1927777777777777
5f3dc40cf9af8b0e903d431e,2020-08-03 22:02:13+00:00,2020-08-03 22:29:53+00:00,2020-08-03 22:29:48+00:00,1.724,0002,CA-489,2-39-79-380,000000751,0.46111111111111114
5fdd57b1f9af8b16e6675dc6,2020-11-18 21:37:02+00:00,2020-11-19 02:29:15+00:00,2020-11-18 22:45:41+00:00,2.237,0002,CA-321,2-39-78-365,000001082,4.870277777777778
5fdd57b1f9af8b16e6675dc7,2020-11-18 23:36:26+00:00,2020-11-19 00:02:37+00:00,,4.816,0002,11900388,2-39-81-4550,000007132,0.4363888888888889
5fdd57b1f9af8b16e6675dc8,2020-11-19 00:35:54+00:00,2020-11-19 01:31:08+00:00,,10.027,0002,11900388,2-39-81-4550,000004903,0.9205555555555556
5fdd57b1f9af8b16e6675dc9,2020-11-19 01:34:02+00:00,2020-11-19 02:45:14+00:00,,24.486,0002,11900388,2-39-81-4550,000004903,1.1866666666666668
5fdd57b1f9af8b16e6675dca,2020-11-19 02:07:56+00:00,2020-11-19 03:51:11+00:00,2020-11-19 03:51:02+00:00,11.507,0002,CA-308,2-39-128-18,000001085,1.7208333333333334
5fdd57b1f9af8b16e6675dcb,2020-11-19 02:09:24+00:00,2020-11-19 04:01:31+00:00,2020-11-19 04:01:23+00:00,6.334,0002,CA-306,2-39-130-31,000001395,1.868611111111111
5fdd57b1f9af8b16e6675dcc,2020-11-19 03:52:00+00:00,2020-11-19 04:00:50+00:00,,4.788,0002,11900388,2-39-81-4550,000001085,0.14722222222222223
5fdd57b1f9af8b16e6675dcd,2020-11-19 04:24:11+00:00,2020-11-19 05:07:15+00:00,,30.849,0002,11900388,2-39-81-4550,000009284,0.7177777777777777
5fdd57b3f9af8b16e6675dce,2020-11-19 21:33:17+00:00,2020-11-20 02:47:16+00:00,2020-11-19 22:40:02+00:00,2.245,0002,CA-321,2-39-78-365,000001082,5.233055555555556
5fdd57b3f9af8b16e6675dcf,2020-11-19 23:28:16+00:00,2020-11-20 01:47:22+00:00,2020-11-20 01:47:18+00:00,7.738,0002,CA-317,2-39-91-437,000002170,2.3183333333333334
5fdd57b7f9af8b16e6675dd0,2020-11-20 13:56:11+00:00,2020-11-20 19:31:52+00:00,2020-11-20 15:29:18+00:00,9.683,0002,CA-305,2-39-131-30,000008677,5.594722222222222
5fdd57b7f9af8b16e6675dd1,2020-11-20 15:17:56+00:00,2020-11-20 15:46:33+00:00,,11.106,0002,11900388,2-39-81-4550,000009266,0.47694444444444445
5fdd57b7f9af8b16e6675dd2,2020-11-20 16:20:35+00:00,2020-11-20 19:06:06+00:00,2020-11-20 17:18:30+00:00,3.608,0002,CA-489,2-39-79-380,000000751,2.758611111111111
5fdd57b7f9af8b16e6675dd3,2020-11-20 19:02:31+00:00,2020-11-20 23:17:18+00:00,2020-11-20 20:07:04+00:00,6.401,0002,CA-319,2-39-95-27,000002461,4.246388888888889
5fdd57b7f9af8b16e6675dd4,2020-11-20 20:00:00+00:00,2020-11-21 04:12:43+00:00,2020-11-20 21:55:11+00:00,6.009,0002,CA-303,2-39-139-28,000005594,8.211944444444445
5fdd57b7f9af8b16e6675dd5,2020-11-20 22:11:07+00:00,2020-11-21 03:44:38+00:00,2020-11-20 23:08:25+00:00,1.916,0002,CA-321,2-39-78-365,000001082,5.558611111111111
5fdd57b7f9af8b16e6675dd6,2020-11-20 23:55:56+00:00,2020-11-21 01:00:58+00:00,2020-11-21 00:59:30+00:00,1.834,0002,CA-311,2-39-125-21,000001746,1.083888888888889
5fdd57b7f9af8b16e6675dd7,2020-11-21 00:50:33+00:00,2020-11-21 01:18:59+00:00,,15.416,0002,11900388,2-39-81-4550,000009283,0.4738888888888889
5fdd57b9f9af8b16e6675dd8,2020-11-21 17:28:00+00:00,2020-11-21 17:51:19+00:00,2020-11-21 17:51:14+00:00,0.849,0002,CA-303,2-39-139-28,000001539,0.38861111111111113
5fdd57b9f9af8b16e6675dd9,2020-11-21 19:14:50+00:00,2020-11-21 19:27:54+00:00,2020-11-21 19:27:49+00:00,0.754,0002,CA-304,2-39-138-29,000009048,0.21777777777777776
5fdd57b9f9af8b16e6675dda,2020-11-22 06:21:53+00:00,2020-11-22 06:42:34+00:00,,8.451,0002,11900388,2-39-81-4550,000009506,0.3447222222222222
5fdd57bbf9af8b16e6675ddb,2020-11-22 15:52:21+00:00,2020-11-22 16:44:10+00:00,2020-11-22 16:44:06+00:00,5.898,0002,CA-307,2-39-129-17,000001039,0.8636111111111111
5fdd57bbf9af8b16e6675ddc,2020-11-22 20:48:19+00:00,2020-11-23 02:57:49+00:00,2020-11-22 23:45:49+00:00,10.289,0002,CA-303,2-39-139-28,000009048,6.158333333333333
5fdd57bbf9af8b16e6675ddd,2020-11-22 23:23:14+00:00,2020-11-22 23:58:10+00:00,2020-11-22 23:59:09+00:00,0.892,0002,CA-327,2-39-79-379,000002291,0.5822222222222222
5fdd57bbf9af8b16e6675dde,2020-11-22 23:58:14+00:00,2020-11-23 00:47:10+00:00,2020-11-23 00:45:27+00:00,2.208,0002,CA-327,2-39-79-379,000002291,0.8155555555555556
5fdd57bbf9af8b16e6675ddf,2020-11-23 00:14:50+00:00,2020-11-23 00:52:06+00:00,,27.855,0002,11900388,2-39-81-4550,000009513,0.6211111111111111
5fdd57bbf9af8b16e6675de0,2020-11-23 05:08:19+00:00,2020-11-23 19:06:54+00:00,,12.463,0002,11900388,2-39-81-4550,000009502,13.97638888888889
5fdd57bbf9af8b16e6675de1,2020-11-23 05:12:11+00:00,2020-11-23 09:58:56+00:00,2020-11-23 09:43:57+00:00,16.441,0002,CA-307,2-39-129-17,000009502,4.779166666666667
5fdd57bef9af8b16e6675de2,2020-11-23 16:00:19+00:00,2020-11-23 17:03:32+00:00,2020-11-23 16:20:07+00:00,0.837,0002,CA-311,2-39-125-21,000001746,1.053611111111111
5fdd57bef9af8b16e6675de3,2020-11-23 17:18:24+00:00,2020-11-23 22:40:40+00:00,2020-11-23 19:20:40+00:00,6.933,0002,CA-303,2-39-139-28,000009048,5.371111111111111
5fdd57bef9af8b16e6675de4,2020-11-23 21:10:28+00:00,2020-11-24 00:41:00+00:00,2020-11-23 22:16:56+00:00,2.248,0002,CA-321,2-39-78-365,000001082,3.508888888888889
5fdd57bef9af8b16e6675de5,2020-11-23 23:02:45+00:00,2020-11-24 00:16:07+00:00,2020-11-24 00:15:58+00:00,4.172,0002,CA-315,2-39-89-25,000000743,1.2227777777777777
5fdd57bef9af8b16e6675de6,2020-11-24 00:00:36+00:00,2020-11-24 03:41:05+00:00,2020-11-24 01:34:23+00:00,5.339,0002,CA-303,2-39-139-28,000009048,3.674722222222222
5fdd57bef9af8b16e6675de7,2020-11-24 02:10:58+00:00,2020-11-24 02:51:55+00:00,,21.768,0002,11900388,2-39-81-4550,000009266,0.6825
5fdd57c1f9af8b16e6675de8,2020-11-24 15:58:06+00:00,2020-11-25 00:09:18+00:00,2020-11-24 18:24:25+00:00,9.361,0002,CA-327,2-39-79-379,000003853,8.186666666666667
5fdd57c1f9af8b16e6675de9,2020-11-24 17:22:11+00:00,2020-11-25 02:39:20+00:00,2020-11-24 19:09:41+00:00,6.076,0002,CA-303,2-39-139-28,000009048,9.285833333333333
5fdd57c1f9af8b16e6675dea,2020-11-24 21:31:25+00:00,2020-11-25 02:47:09+00:00,2020-11-24 22:39:11+00:00,2.305,0002,CA-321,2-39-78-365,000001082,5.262222222222222
5fdd57c1f9af8b16e6675deb,2020-11-24 22:06:34+00:00,2020-11-24 22:44:40+00:00,2020-11-24 22:37:09+00:00,0.898,0002,CA-212,2-39-83-386,,0.635
5fdd57c1f9af8b16e6675dec,2020-11-24 22:45:56+00:00,2020-11-24 23:27:06+00:00,,10.806,0002,11900388,2-39-81-4550,000007132,0.6861111111111111
5fdd57c1f9af8b16e6675ded,2020-11-24 23:17:52+00:00,2020-11-25 00:13:22+00:00,2020-11-25 00:02:27+00:00,4.534,0002,CA-305,2-39-131-30,000002290,0.925
5fdd57c1f9af8b16e6675dee,2020-11-25 02:06:32+00:00,2020-11-25 02:29:04+00:00,,9.09,0002,11900388,2-39-81-4550,000009266,0.37555555555555553
5fdd57c1f9af8b16e6675def,2020-11-25 02:29:07+00:00,2020-11-25 02:40:29+00:00,,2.35,0002,11900388,2-39-81-4550,000009266,0.18944444444444444
5fdd57c1f9af8b16e6675df0,2020-11-25 03:17:20+00:00,2020-11-25 03:55:54+00:00,,11.047,0002,11900388,2-39-81-4550,000000316,0.6427777777777778
5fdd57c5f9af8b16e6675df1,2020-11-25 16:13:44+00:00,2020-11-25 16:35:41+00:00,,8.728,0002,11900388,2-39-81-4550,000001039,0.36583333333333334
5fdd57c5f9af8b16e6675df2,2020-11-25 19:37:35+00:00,2020-11-26 03:38:58+00:00,2020-11-25 20:42:40+00:00,2.194,0002,CA-321,2-39-78-365,000001082,8.023055555555555
5fdd57c5f9af8b16e6675df3,2020-11-25 23:00:21+00:00,2020-11-25 23:37:11+00:00,,11.563,0002,11900388,2-39-81-4550,000000316,0.6138888888888889
5fdd57c5f9af8b16e6675df4,2020-11-25 23:39:34+00:00,2020-11-26 02:49:50+00:00,2020-11-26 01:59:38+00:00,7.995,0002,CA-303,2-39-139-28,000009048,3.171111111111111
5fdd57c5f9af8b16e6675df5,2020-11-26 00:00:32+00:00,2020-11-26 00:51:14+00:00,2020-11-26 00:49:47+00:00,2.314,0002,CA-311,2-39-125-21,000001746,0.845
5fdd57c8f9af8b16e6675df6,2020-11-26 17:29:16+00:00,2020-11-26 22:47:17+00:00,2020-11-26 21:58:55+00:00,15.943,0002,CA-303,2-39-139-28,000009502,5.300277777777778
5fdd57c8f9af8b16e6675df7,2020-11-27 01:08:06+00:00,2020-11-27 01:53:36+00:00,,29.655,0002,11900388,2-39-81-4550,000001895,0.7583333333333333
5fdd57c8f9af8b16e6675df8,2020-11-27 05:34:45+00:00,2020-11-28 01:27:51+00:00,2020-11-27 09:27:57+00:00,13.841,0002,CA-303,2-39-139-28,000009502,19.885
5fdd57caf9af8b16e6675df9,2020-11-27 22:39:07+00:00,2020-11-28 00:46:48+00:00,2020-11-28 00:46:43+00:00,7.711,0002,CA-306,2-39-130-31,000009048,2.1280555555555556
5fdd57caf9af8b16e6675dfa,2020-11-27 23:17:54+00:00,2020-11-28 05:05:24+00:00,2020-11-27 23:48:25+00:00,0.897,0002,CA-322,2-39-78-360,,5.791666666666667
5fdd57caf9af8b16e6675dfb,2020-11-28 02:45:44+00:00,2020-11-28 03:44:51+00:00,,44.286,0002,11900388,2-39-81-4550,000009570,0.9852777777777778
5fdd57cdf9af8b16e6675dfc,2020-11-28 19:08:45+00:00,2020-11-28 20:00:07+00:00,,11.944,0002,11900388,2-39-81-4550,000000856,0.8561111111111112
5fdd57cdf9af8b16e6675dfd,2020-11-28 19:50:39+00:00,2020-11-28 22:37:16+00:00,2020-11-28 20:21:02+00:00,0.874,0002,CA-303,2-39-139-28,,2.7769444444444447
5fdd57cdf9af8b16e6675dfe,2020-11-28 21:15:02+00:00,2020-11-28 21:54:13+00:00,,7.434,0002,11900388,2-39-81-4550,000008197,0.6530555555555555
5fdd57cdf9af8b16e6675dff,2020-11-28 22:31:59+00:00,2020-11-29 04:03:48+00:00,2020-11-28 23:41:42+00:00,2.276,0002,CA-321,2-39-78-365,000001082,5.530277777777778
5fdd57cdf9af8b16e6675e00,2020-11-28 23:01:03+00:00,2020-11-29 02:17:49+00:00,2020-11-29 01:34:12+00:00,9.993,0002,CA-308,2-39-128-18,000009587,3.2794444444444446
5fdd57cdf9af8b16e6675e01,2020-11-29 00:08:26+00:00,2020-11-29 01:58:42+00:00,2020-11-29 01:58:34+00:00,12.724,0002,CA-305,2-39-131-30,000001085,1.8377777777777777
5fdd57cdf9af8b16e6675e02,2020-11-29 00:08:51+00:00,2020-11-29 01:58:19+00:00,2020-11-29 01:54:31+00:00,5.275,0002,CA-304,2-39-138-29,000001395,1.8244444444444445
5fdd57cdf9af8b16e6675e03,2020-11-29 01:38:38+00:00,2020-11-29 02:07:14+00:00,,12.75,0002,11900388,2-39-81-4550,000000316,0.4766666666666667
5fdd57d0f9af8b16e6675e04,2020-11-29 18:41:49+00:00,2020-11-29 20:13:34+00:00,2020-11-29 19:49:59+00:00,3.441,0002,CA-327,2-39-79-379,000002291,1.5291666666666666
5fdd57d0f9af8b16e6675e05,2020-11-29 19:14:58+00:00,2020-11-30 03:41:28+00:00,2020-11-29 22:15:22+00:00,10.476,0002,CA-303,2-39-139-28,000009048,8.441666666666666
5fdd57d0f9af8b16e6675e06,2020-11-30 00:18:58+00:00,2020-11-30 05:40:03+00:00,2020-11-30 01:24:55+00:00,2.223,0002,CA-321,2-39-78-365,000001082,5.351388888888889
5fdd57d3f9af8b16e6675e07,2020-11-30 16:02:59+00:00,2020-11-30 17:02:22+00:00,2020-11-30 16:59:59+00:00,2.143,0002,CA-311,2-39-125-21,000001746,0.9897222222222222
5fdd57d3f9af8b16e6675e08,2020-11-30 17:13:30+00:00,2020-11-30 22:41:50+00:00,2020-11-30 22:42:48+00:00,0.894,0002,CA-212,2-39-83-386,,5.472222222222222
5fdd57d3f9af8b16e6675e09,2020-11-30 18:33:34+00:00,2020-11-30 19:28:22+00:00,,20.981,0002,11900388,2-39-81-4550,000007132,0.9133333333333333
5fdd57d3f9af8b16e6675e0a,2020-11-30 22:33:25+00:00,2020-12-01 03:51:03+00:00,2020-11-30 23:40:16+00:00,2.239,0002,CA-321,2-39-78-365,000001082,5.293888888888889
5fdd57d3f9af8b16e6675e0b,2020-12-01 02:10:20+00:00,2020-12-01 02:49:04+00:00,,21.032,0002,11900388,2-39-81-4550,000009266,0.6455555555555555
5fdd57d3f9af8b16e6675e0c,2020-12-01 04:02:32+00:00,2020-12-01 04:17:36+00:00,,6.367,0002,11900388,2-39-81-4550,000009625,0.2511111111111111
5fdd57d3f9af8b16e6675e0d,2020-12-01 04:19:01+00:00,2020-12-01 04:54:25+00:00,2020-12-01 04:49:38+00:00,0.737,0002,CA-309,2-39-127-19,,0.59
5fdd57d8f9af8b16e6675e0e,2020-12-01 13:59:06+00:00,2020-12-01 19:33:50+00:00,2020-12-01 15:20:41+00:00,7.877,0002,CA-305,2-39-131-30,000008677,5.578888888888889
5fdd57d8f9af8b16e6675e0f,2020-12-01 17:32:45+00:00,2020-12-02 02:10:17+00:00,2020-12-01 20:29:36+00:00,10.166,0002,CA-303,2-39-139-28,000009048,8.625555555555556
5fdd57d8f9af8b16e6675e10,2020-12-01 18:07:40+00:00,2020-12-01 20:25:15+00:00,2020-12-01 20:05:24+00:00,6.197,0002,CA-307,2-39-129-17,000005594,2.2930555555555556
5fdd57d8f9af8b16e6675e11,2020-12-01 21:14:07+00:00,2020-12-02 01:29:00+00:00,2020-12-01 21:37:48+00:00,1.471,0002,CA-489,2-39-79-380,000000751,4.248055555555555
5fdd57d8f9af8b16e6675e12,2020-12-01 21:56:25+00:00,2020-12-02 02:42:15+00:00,2020-12-01 23:03:06+00:00,2.254,0002,CA-321,2-39-78-365,000001082,4.763888888888889
5fdd57d8f9af8b16e6675e13,2020-12-01 22:40:53+00:00,2020-12-01 23:12:44+00:00,,8.753,0002,11900388,2-39-81-4550,000007132,0.5308333333333334
5fdd57d8f9af8b16e6675e14,2020-12-02 00:02:33+00:00,2020-12-02 00:27:39+00:00,,17.846,0002,11900388,2-39-81-4550,000001895,0.41833333333333333
5fdd57d8f9af8b16e6675e15,2020-12-02 01:33:06+00:00,2020-12-02 02:21:23+00:00,,14.042,0002,11900388,2-39-81-4550,000000316,0.8047222222222222
5fdd57d8f9af8b16e6675e16,2020-12-02 02:22:24+00:00,2020-12-02 02:38:31+00:00,,10.061,0002,11900388,2-39-81-4550,000001085,0.26861111111111113
5fdd57d8f9af8b16e6675e17,2020-12-02 02:38:46+00:00,2020-12-02 04:39:37+00:00,2020-12-02 04:39:08+00:00,6.296,0002,CA-307,2-39-129-17,000001395,2.0141666666666667
5fdd57d8f9af8b16e6675e18,2020-12-02 02:39:38+00:00,2020-12-02 04:40:06+00:00,2020-12-02 04:39:53+00:00,13.73,0002,CA-308,2-39-128-18,000001085,2.0077777777777777
5fdd57dbf9af8b16e6675e19,2020-12-02 15:59:51+00:00,2020-12-02 16:46:05+00:00,2020-12-02 16:44:37+00:00,1.469,0002,CA-311,2-39-125-21,000001746,0.7705555555555555
5fdd57dbf9af8b16e6675e1a,2020-12-02 16:39:53+00:00,2020-12-02 17:32:40+00:00,,30.191,0002,11900388,2-39-81-4550,000005855,0.8797222222222222
5fdd57dbf9af8b16e6675e1b,2020-12-02 17:26:14+00:00,2020-12-03 03:24:49+00:00,2020-12-02 19:34:37+00:00,7.247,0002,CA-303,2-39-139-28,000009048,9.97638888888889
5fdd57dbf9af8b16e6675e1c,2020-12-02 23:56:10+00:00,2020-12-03 01:08:48+00:00,,26.094,0002,11900388,2-39-81-4550,000000579,1.2105555555555556
5fdd57dcf9af8b16e6675e1d,2020-12-03 20:08:23+00:00,2020-12-04 01:19:30+00:00,2020-12-03 21:37:26+00:00,5.057,0002,CA-327,2-39-79-379,000009048,5.185277777777777
5fdd57dcf9af8b16e6675e1e,2020-12-04 00:30:31+00:00,2020-12-04 00:54:03+00:00,,6.717,0002,11900388,2-39-81-4550,000007132,0.39222222222222225
5fdd57dcf9af8b16e6675e1f,2020-12-04 01:20:09+00:00,2020-12-04 01:42:37+00:00,,13.037,0002,11900388,2-39-81-4550,000009499,0.37444444444444447
5fdd57dcf9af8b16e6675e20,2020-12-04 02:03:47+00:00,2020-12-04 03:07:57+00:00,2020-12-04 02:34:23+00:00,0.958,0002,CA-304,2-39-138-29,,1.0694444444444444
5fdffa9df9af8b1b187b7538,2020-12-04 14:05:12+00:00,2020-12-04 19:20:53+00:00,2020-12-04 15:12:29+00:00,4.775,0002,CA-305,2-39-131-30,000008677,5.261388888888889
5fdffa9df9af8b1b187b7539,2020-12-04 15:24:19+00:00,2020-12-04 15:39:02+00:00,,5.282,0002,11900388,2-39-81-4550,000001039,0.2452777777777778
5fdffa9df9af8b1b187b753a,2020-12-04 15:40:05+00:00,2020-12-04 16:41:02+00:00,2020-12-04 16:40:57+00:00,7.003,0002,CA-307,2-39-129-17,000001039,1.0158333333333334
5fdffa9df9af8b1b187b753b,2020-12-04 18:17:47+00:00,2020-12-05 05:02:56+00:00,2020-12-04 21:05:22+00:00,9.724,0002,CA-327,2-39-79-379,000009048,10.7525
5fdffa9df9af8b1b187b753c,2020-12-04 19:57:53+00:00,2020-12-05 01:33:34+00:00,2020-12-04 21:00:12+00:00,3.919,0002,CA-491,2-39-79-382,000000751,5.594722222222222
5fdffa9df9af8b1b187b753d,2020-12-04 22:23:25+00:00,2020-12-04 23:09:56+00:00,2020-12-04 23:09:54+00:00,1.746,0002,CA-321,2-39-78-365,000001082,0.7752777777777777
5fdffa9df9af8b1b187b753e,2020-12-04 23:59:33+00:00,2020-12-05 01:01:30+00:00,2020-12-05 00:45:47+00:00,2.171,0002,CA-311,2-39-125-21,000001746,1.0325
5fdffa9df9af8b1b187b753f,2020-12-05 01:47:30+00:00,2020-12-05 02:30:46+00:00,,19.601,0002,11900388,2-39-81-4550,000009266,0.7211111111111111
5fe14c1df9af8b1d3c7f2230,2020-12-05 20:24:08+00:00,2020-12-05 21:18:17+00:00,,18.656,0002,11900388,2-39-81-4550,000001316,0.9025
5fe14c1df9af8b1d3c7f2231,2020-12-05 20:38:38+00:00,2020-12-06 02:58:47+00:00,2020-12-05 22:11:53+00:00,5.308,0002,CA-327,2-39-79-379,000009048,6.335833333333333
5fe14c1df9af8b1d3c7f2232,2020-12-05 21:24:32+00:00,2020-12-05 22:02:54+00:00,2020-12-05 22:03:52+00:00,0.913,0002,CA-303,2-39-139-28,000000232,0.6394444444444445
5fe14c1df9af8b1d3c7f2233,2020-12-05 22:02:58+00:00,2020-12-05 22:20:46+00:00,2020-12-05 22:20:41+00:00,1.951,0002,CA-303,2-39-139-28,000000232,0.2966666666666667
5fe14c1df9af8b1d3c7f2234,2020-12-05 22:24:40+00:00,2020-12-05 23:30:33+00:00,,13.354,0002,11900388,2-39-81-4550,000000856,1.0980555555555556
5fe14c1df9af8b1d3c7f2235,2020-12-05 23:43:17+00:00,2020-12-06 00:09:04+00:00,,6.007,0002,11900388,2-39-81-4550,000000316,0.4297222222222222
5fe14c1df9af8b1d3c7f2236,2020-12-06 00:13:34+00:00,2020-12-06 00:47:45+00:00,,8.299,0002,11900388,2-39-81-4550,000007132,0.5697222222222222
5fe14c1df9af8b1d3c7f2237,2020-12-06 00:56:07+00:00,2020-12-06 02:47:42+00:00,2020-12-06 02:47:33+00:00,12.886,0002,CA-305,2-39-131-30,000001085,1.8597222222222223
5fe14c1df9af8b1d3c7f2238,2020-12-06 00:57:16+00:00,2020-12-06 03:19:39+00:00,2020-12-06 02:44:14+00:00,5.51,0002,CA-304,2-39-138-29,000001395,2.3730555555555557
5fe14c1df9af8b1d3c7f2239,2020-12-06 01:13:30+00:00,2020-12-06 02:02:07+00:00,,12.315,0002,11900388,2-39-81-4550,000009248,0.8102777777777778
5fe14c1df9af8b1d3c7f223a,2020-12-06 01:16:36+00:00,2020-12-06 02:03:41+00:00,2020-12-06 01:47:15+00:00,0.915,0002,CA-310,2-39-126-20,,0.7847222222222222
5fe14c1df9af8b1d3c7f223b,2020-12-06 02:48:50+00:00,2020-12-06 03:19:26+00:00,,12.833,0002,11900388,2-39-81-4550,000001085,0.51
5fe14c1df9af8b1d3c7f223c,2020-12-06 05:25:44+00:00,2020-12-06 06:01:23+00:00,2020-12-06 06:01:14+00:00,2.092,0002,CA-305,2-39-131-30,000009502,0.5941666666666666
5fe29d9cf9af8b1f48c36618,2020-12-06 19:48:46+00:00,2020-12-06 20:30:18+00:00,,9.971,0002,11900388,2-39-81-4550,000009364,0.6922222222222222
5fe29d9cf9af8b1f48c36619,2020-12-06 20:14:07+00:00,2020-12-06 22:44:47+00:00,2020-12-06 21:34:37+00:00,4.098,0002,CA-327,2-39-79-379,000002291,2.511111111111111
5fe29d9cf9af8b1f48c3661a,2020-12-06 22:02:12+00:00,2020-12-07 06:42:46+00:00,2020-12-07 02:14:51+00:00,14.897,0002,CA-305,2-39-131-30,000009502,8.676111111111112
5fe29d9cf9af8b1f48c3661b,2020-12-06 22:10:25+00:00,2020-12-07 05:31:20+00:00,2020-12-07 02:23:40+00:00,28.609,0002,CA-317,2-39-91-437,000000838,7.348611111111111
5fe3ef1cf9af8b214e05175b,2020-12-07 17:42:11+00:00,2020-12-08 02:41:17+00:00,2020-12-07 20:36:09+00:00,10.135,0002,CA-327,2-39-79-379,000009048,8.985
5fe3ef1cf9af8b214e05175c,2020-12-07 23:22:27+00:00,2020-12-08 03:29:31+00:00,2020-12-08 00:33:46+00:00,2.327,0002,CA-321,2-39-78-365,000001082,4.1177777777777775
5fe3ef1cf9af8b214e05175d,2020-12-07 23:58:03+00:00,2020-12-08 01:00:50+00:00,2020-12-08 00:57:56+00:00,2.783,0002,CA-311,2-39-125-21,000001746,1.0463888888888888
5fe3ef1cf9af8b214e05175e,2020-12-08 01:14:40+00:00,2020-12-08 02:07:12+00:00,,23.281,0002,11900388,2-39-81-4550,000000289,0.8755555555555555
5fe3ef1cf9af8b214e05175f,2020-12-08 02:37:50+00:00,2020-12-08 02:56:54+00:00,,7.088,0002,11900388,2-39-81-4550,000009248,0.31777777777777777
5fe5409df9af8b235c0bf65a,2020-12-08 16:24:41+00:00,2020-12-08 19:36:59+00:00,2020-12-08 18:31:45+00:00,8.413,0002,CA-327,2-39-79-379,000003853,3.205
5fe5409df9af8b235c0bf65b,2020-12-08 18:11:38+00:00,2020-12-09 00:04:16+00:00,2020-12-08 19:49:29+00:00,5.532,0002,CA-489,2-39-79-380,000009048,5.877222222222223
5fe5409df9af8b235c0bf65c,2020-12-08 19:25:10+00:00,2020-12-08 23:17:36+00:00,2020-12-08 21:26:51+00:00,6.433,0002,CA-305,2-39-131-30,000005594,3.8738888888888887
5fe5409df9af8b235c0bf65d,2020-12-08 21:24:19+00:00,2020-12-09 02:51:42+00:00,2020-12-09 02:05:00+00:00,16.245,0002,CA-303,2-39-139-28,000009502,5.456388888888889
5fe5409df9af8b235c0bf65e,2020-12-08 22:02:26+00:00,2020-12-09 02:50:16+00:00,2020-12-08 23:05:55+00:00,2.119,0002,CA-321,2-39-78-365,000001082,4.7972222222222225
5fe5409df9af8b235c0bf65f,2020-12-09 03:49:56+00:00,2020-12-09 04:13:52+00:00,,11.392,0002,11900388,2-39-81-4550,000009248,0.3988888888888889
5fe6921cf9af8b256eedbb6e,2020-12-09 15:29:12+00:00,2020-12-09 16:00:46+00:00,,7.858,0002,11900388,2-39-81-4550,000007132,0.5261111111111111
5fe6921cf9af8b256eedbb6f,2020-12-09 16:13:56+00:00,2020-12-09 18:57:24+00:00,2020-12-09 17:24:27+00:00,4.408,0002,CA-489,2-39-79-380,000000751,2.7244444444444444
5fe6921cf9af8b256eedbb70,2020-12-09 20:13:49+00:00,2020-12-09 21:00:47+00:00,2020-12-09 21:00:38+00:00,2.508,0002,CA-311,2-39-125-21,000001746,0.7827777777777778
5fe6921cf9af8b256eedbb71,2020-12-09 21:31:41+00:00,2020-12-10 02:32:58+00:00,2020-12-09 22:36:00+00:00,2.171,0002,CA-321,2-39-78-365,000001082,5.021388888888889
5fe6921cf9af8b256eedbb72,2020-12-09 22:15:57+00:00,2020-12-09 22:49:21+00:00,,12.597,0002,11900388,2-39-81-4550,000009233,0.5566666666666666
5fe6921cf9af8b256eedbb73,2020-12-10 00:13:10+00:00,2020-12-10 01:24:49+00:00,,29.758,0002,11900388,2-39-81-4550,000001616,1.1941666666666666
5fe7e39bf9af8b2778b56da6,2020-12-10 22:18:44+00:00,2020-12-11 03:05:04+00:00,2020-12-10 23:26:24+00:00,2.292,0002,CA-321,2-39-78-365,000001082,4.772222222222222
5fe7e39bf9af8b2778b56da7,2020-12-11 01:55:43+00:00,2020-12-11 02:20:03+00:00,,9.757,0002,11900388,2-39-81-4550,000009266,0.40555555555555556
5fe9351cf9af8b29afce81c9,2020-12-11 16:40:34+00:00,2020-12-11 18:56:04+00:00,2020-12-11 17:05:23+00:00,1.519,0002,CA-489,2-39-79-380,000000751,2.2583333333333333
5fe9351cf9af8b29afce81ca,2020-12-11 18:37:43+00:00,2020-12-11 19:45:43+00:00,,37.195,0002,11900388,2-39-81-4550,000009790,1.1333333333333333
5fe9351cf9af8b29afce81cb,2020-12-11 19:49:56+00:00,2020-12-12 02:19:58+00:00,2020-12-11 23:42:44+00:00,25.764,0002,CA-305,2-39-131-30,000000232,6.500555555555556
5fe9351cf9af8b29afce81cc,2020-12-11 20:14:25+00:00,2020-12-11 21:09:28+00:00,,12.951,0002,11900388,2-39-81-4550,000000316,0.9175
5fe9351cf9af8b29afce81cd,2020-12-11 21:48:00+00:00,2020-12-12 01:08:11+00:00,2020-12-11 22:57:58+00:00,2.8118413978518784,0002,CA-321,2-39-78-365,000001082,3.336388888888889
5fe9351cf9af8b29afce81ce,2020-12-11 23:57:23+00:00,2020-12-12 08:00:49+00:00,2020-12-12 04:29:55+00:00,16.063,0002,CA-303,2-39-139-28,000009502,8.057222222222222
5fe9351cf9af8b29afce81cf,2020-12-12 00:00:33+00:00,2020-12-12 01:03:02+00:00,2020-12-12 00:58:32+00:00,3.1296222222222227,0002,CA-311,2-39-125-21,000001746,1.041388888888889
5fe9351cf9af8b29afce81d0,2020-12-12 00:12:54+00:00,2020-12-12 01:07:42+00:00,,18.277,0002,11900388,2-39-81-4550,000001616,0.9133333333333333
5fe9351cf9af8b29afce81d1,2020-12-12 01:24:24+00:00,2020-12-12 01:40:06+00:00,,3.93,0002,11900388,2-39-81-4550,000009248,0.26166666666666666
5fe9351cf9af8b29afce81d2,2020-12-12 03:28:33+00:00,2020-12-12 03:46:57+00:00,,12.85,0002,11900388,2-39-81-4550,000000579,0.30666666666666664
5fea869bf9af8b2bb7005a23,2020-12-12 15:59:04+00:00,2020-12-12 20:04:02+00:00,2020-12-12 17:30:28+00:00,9.412,0002,CA-305,2-39-131-30,000008677,4.082777777777777
5fea869bf9af8b2bb7005a24,2020-12-12 16:19:48+00:00,2020-12-12 16:53:46+00:00,,18.493,0002,11900388,2-39-81-4550,000001039,0.5661111111111111
5fea869bf9af8b2bb7005a25,2020-12-12 19:21:21+00:00,2020-12-12 20:13:23+00:00,2020-12-12 20:13:17+00:00,5.988,0002,CA-307,2-39-129-17,000001039,0.8672222222222222
5fea869bf9af8b2bb7005a26,2020-12-12 22:20:55+00:00,2020-12-12 23:58:54+00:00,,42.769,0002,11900388,2-39-81-4550,000009570,1.6330555555555555
5fea869bf9af8b2bb7005a27,2020-12-13 00:48:54+00:00,2020-12-13 01:18:17+00:00,,6.326,0002,11900388,2-39-81-4550,000007132,0.4897222222222222
5fea869bf9af8b2bb7005a28,2020-12-13 01:34:19+00:00,2020-12-13 01:53:40+00:00,,12.34,0002,11900388,2-39-81-4550,000000265,0.3225
5fea869bf9af8b2bb7005a29,2020-12-13 02:26:17+00:00,2020-12-13 02:50:41+00:00,,5.539,0002,11900388,2-39-81-4550,000005298,0.4066666666666667
5fea869bf9af8b2bb7005a2a,2020-12-13 04:36:12+00:00,2020-12-13 05:22:09+00:00,,29.539,0002,11900388,2-39-81-4550,000000915,0.7658333333333334
5febd81cf9af8b2dd785f59c,2020-12-13 18:51:05+00:00,2020-12-13 19:47:55+00:00,,13.853,0002,11900388,2-39-81-4550,000000316,0.9472222222222222
5febd81cf9af8b2dd785f59d,2020-12-13 21:09:27+00:00,2020-12-13 21:46:06+00:00,,24.683,0002,11900388,2-39-81-4550,000002044,0.6108333333333333
5febd81cf9af8b2dd785f59e,2020-12-14 01:11:06+00:00,2020-12-14 01:27:56+00:00,,8.572,0002,11900388,2-39-81-4550,000000300,0.28055555555555556
5febd81cf9af8b2dd785f59f,2020-12-14 04:20:25+00:00,2020-12-14 04:43:17+00:00,,14.631,0002,11900388,2-39-81-4550,000009283,0.3811111111111111
5fed299bf9af8b2fd3b24f72,2020-12-14 15:55:11+00:00,2020-12-14 16:40:17+00:00,,9.831,0002,11900388,2-39-81-4550,000009248,0.7516666666666667
5fed299bf9af8b2fd3b24f73,2020-12-14 16:02:32+00:00,2020-12-14 17:01:19+00:00,2020-12-14 17:01:15+00:00,3.106,0002,CA-311,2-39-125-21,000001746,0.9797222222222223
5fed299bf9af8b2fd3b24f74,2020-12-14 19:28:29+00:00,2020-12-14 20:09:02+00:00,,2.924,0002,11900388,2-39-81-4550,000000316,0.6758333333333333
5fed299bf9af8b2fd3b24f75,2020-12-14 20:03:48+00:00,2020-12-14 20:46:45+00:00,2020-12-14 20:47:44+00:00,4.617,0002,CA-495,2-39-78-364,000001470,0.7158333333333333
5fed299bf9af8b2fd3b24f76,2020-12-14 20:47:00+00:00,2020-12-14 21:40:42+00:00,2020-12-14 21:40:37+00:00,5.768,0002,CA-495,2-39-78-364,000001470,0.895
5fed299bf9af8b2fd3b24f77,2020-12-14 21:50:07+00:00,2020-12-14 22:18:11+00:00,,9.531,0002,11900388,2-39-81-4550,000001104,0.4677777777777778
5fed299bf9af8b2fd3b24f78,2020-12-14 22:57:24+00:00,2020-12-14 23:29:48+00:00,,9.403,0002,11900388,2-39-81-4550,000007132,0.54
5fed299bf9af8b2fd3b24f79,2020-12-15 02:05:09+00:00,2020-12-15 02:30:30+00:00,,10.64,0002,11900388,2-39-81-4550,000009266,0.4225
5fed299bf9af8b2fd3b24f7a,2020-12-15 02:31:11+00:00,2020-12-15 02:42:12+00:00,,2.319,0002,11900388,2-39-81-4550,000009266,0.1836111111111111
5fed299bf9af8b2fd3b24f7b,2020-12-15 02:43:11+00:00,2020-12-15 03:06:37+00:00,,10.436,0002,11900388,2-39-81-4550,000000316,0.39055555555555554
5fed299bf9af8b2fd3b24f7c,2020-12-15 03:07:43+00:00,2020-12-15 04:05:06+00:00,,29.384,0002,11900388,2-39-81-4550,000002906,0.9563888888888888
5fed299bf9af8b2fd3b24f7d,2020-12-15 05:13:07+00:00,2020-12-15 06:11:02+00:00,,15.806,0002,11900388,2-39-81-4550,000009233,0.9652777777777778
5fee7b1cf9af8b31e166dd1a,2020-12-15 14:18:14+00:00,2020-12-15 15:22:34+00:00,,32.397,0002,11900388,2-39-81-4550,000000268,1.0722222222222222
5fee7b1cf9af8b31e166dd1b,2020-12-15 16:44:02+00:00,2020-12-15 17:40:55+00:00,2020-12-15 17:40:50+00:00,6.462,0002,CA-304,2-39-138-29,000003424,0.9480555555555555
5fee7b1cf9af8b31e166dd1c,2020-12-15 18:17:55+00:00,2020-12-15 19:04:45+00:00,,22.189,0002,11900388,2-39-81-4550,000009790,0.7805555555555556
5fee7b1cf9af8b31e166dd1d,2020-12-15 18:53:17+00:00,2020-12-15 20:18:04+00:00,2020-12-15 19:25:46+00:00,1.288,0002,CA-315,2-39-89-25,000000743,1.4130555555555555
5fee7b1cf9af8b31e166dd1e,2020-12-15 19:00:48+00:00,2020-12-15 21:54:03+00:00,2020-12-15 20:55:07+00:00,5.941,0002,CA-325,2-39-79-377,000000891,2.8875
5fee7b1cf9af8b31e166dd1f,2020-12-15 19:19:18+00:00,2020-12-15 23:17:43+00:00,2020-12-15 21:19:09+00:00,6.269,0002,CA-303,2-39-139-28,000005594,3.973611111111111
5fee7b1cf9af8b31e166dd20,2020-12-15 21:09:15+00:00,2020-12-15 21:32:04+00:00,,4.574,0002,11900388,2-39-81-4550,000007132,0.38027777777777777
5fee7b1cf9af8b31e166dd21,2020-12-15 22:02:01+00:00,2020-12-16 02:54:09+00:00,2020-12-15 23:12:10+00:00,2.363,0002,CA-321,2-39-78-365,000001082,4.868888888888889
5fee7b1cf9af8b31e166dd22,2020-12-16 00:05:46+00:00,2020-12-16 00:34:14+00:00,,10.875,0002,11900388,2-39-81-4550,000009283,0.47444444444444445
5fee7b1cf9af8b31e166dd23,2020-12-16 03:08:05+00:00,2020-12-16 04:05:40+00:00,,4.472,0002,11900388,2-39-81-4550,000009690,0.9597222222222223
5fefcc9bf9af8b33eadc66a8,2020-12-16 16:20:38+00:00,2020-12-16 19:26:29+00:00,2020-12-16 16:47:28+00:00,1.6339797222222223,0002,CA-489,2-39-79-380,000000751,3.0975
5fefcc9bf9af8b33eadc66a9,2020-12-16 19:56:47+00:00,2020-12-16 20:48:07+00:00,,31.308,0002,11900388,2-39-81-4550,000007132,0.8555555555555555
5fefcc9bf9af8b33eadc66aa,2020-12-17 00:57:24+00:00,2020-12-17 01:55:46+00:00,,15.096,0002,11900388,2-39-81-4550,000009233,0.9727777777777777
5ff11e1bf9af8b35dde1a1a3,2020-12-17 16:02:36+00:00,2020-12-17 16:46:05+00:00,2020-12-17 16:46:00+00:00,2.376,0002,CA-311,2-39-125-21,000001746,0.7247222222222223
5ff11e1bf9af8b35dde1a1a4,2020-12-17 20:25:44+00:00,2020-12-17 22:39:46+00:00,2020-12-17 22:18:52+00:00,5.799,0002,CA-315,2-39-89-25,000000743,2.233888888888889
5ff11e1bf9af8b35dde1a1a5,2020-12-17 22:16:11+00:00,2020-12-17 22:53:43+00:00,,25.857,0002,11900388,2-39-81-4550,000000915,0.6255555555555555
5ff11e1bf9af8b35dde1a1a6,2020-12-18 01:37:45+00:00,2020-12-18 02:05:32+00:00,,17.703,0002,11900388,2-39-81-4550,000009283,0.46305555555555555
5ff11e1bf9af8b35dde1a1a7,2020-12-18 02:32:21+00:00,2020-12-18 03:07:50+00:00,,9.415,0002,11900388,2-39-81-4550,000000579,0.5913888888888889
5ff26f9bf9af8b37e4da3997,2020-12-18 14:04:30+00:00,2020-12-18 17:59:32+00:00,2020-12-18 15:14:42+00:00,6.136,0002,CA-305,2-39-131-30,000008677,3.917222222222222
5ff26f9bf9af8b37e4da3998,2020-12-18 15:40:56+00:00,2020-12-18 16:14:06+00:00,,18.836,0002,11900388,2-39-81-4550,000007132,0.5527777777777778
5ff26f9bf9af8b37e4da3999,2020-12-18 17:15:10+00:00,2020-12-18 20:11:51+00:00,2020-12-18 20:11:46+00:00,20.084,0002,CA-325,2-39-79-377,000003424,2.944722222222222
5ff26f9bf9af8b37e4da399a,2020-12-18 20:04:06+00:00,2020-12-18 20:37:08+00:00,2020-12-18 20:37:04+00:00,1.249,0002,CA-315,2-39-89-25,000000743,0.5505555555555556
5ff26f9bf9af8b37e4da399b,2020-12-18 21:55:15+00:00,2020-12-19 02:29:00+00:00,2020-12-18 23:02:37+00:00,2.265,0002,CA-321,2-39-78-365,000001082,4.5625
5ff26f9bf9af8b37e4da399c,2020-12-19 01:50:48+00:00,2020-12-19 02:53:50+00:00,,16.487,0002,11900388,2-39-81-4550,000009233,1.0505555555555555
5ff26f9bf9af8b37e4da399d,2020-12-19 06:16:49+00:00,2020-12-19 07:04:48+00:00,,12.49,0002,11900388,2-39-81-4550,000000316,0.7997222222222222
5ff3c11df9af8b3a0ee3f4c9,2020-12-19 15:41:21+00:00,2020-12-19 16:18:05+00:00,,14.541,0002,11900388,2-39-81-4550,000001039,0.6122222222222222
5ff3c11df9af8b3a0ee3f4ca,2020-12-19 20:56:04+00:00,2020-12-20 03:57:19+00:00,2020-12-19 23:28:26+00:00,8.375,0002,CA-327,2-39-79-379,000009048,7.020833333333333
5ff3c11df9af8b3a0ee3f4cb,2020-12-19 21:57:20+00:00,2020-12-19 22:39:32+00:00,,12.192,0002,11900388,2-39-81-4550,000001316,0.7033333333333334
5ff3c11df9af8b3a0ee3f4cc,2020-12-19 22:15:55+00:00,2020-12-19 23:19:46+00:00,2020-12-19 23:17:07+00:00,2.972,0002,CA-311,2-39-125-21,000001746,1.0641666666666667
5ff3c11df9af8b3a0ee3f4cd,2020-12-20 00:28:49+00:00,2020-12-20 02:49:40+00:00,,32.771,0002,11900388,2-39-81-4550,000000541,2.3475
5ff3c11df9af8b3a0ee3f4ce,2020-12-20 01:35:20+00:00,2020-12-20 21:44:27+00:00,2020-12-20 03:44:45+00:00,13.532,0002,CA-321,2-39-78-365,000000838,20.151944444444446
5ff5129cf9af8b3c0462e6f8,2020-12-20 15:00:14+00:00,2020-12-20 15:41:42+00:00,,19.342,0002,11900388,2-39-81-4550,000000268,0.6911111111111111
5ff5129cf9af8b3c0462e6f9,2020-12-20 17:57:52+00:00,2020-12-20 19:58:23+00:00,2020-12-20 19:08:51+00:00,3.512,0002,CA-327,2-39-79-379,000002291,2.008611111111111
5ff5129cf9af8b3c0462e6fa,2020-12-20 19:57:09+00:00,2020-12-21 02:05:12+00:00,2020-12-20 21:22:31+00:00,4.683,0002,CA-325,2-39-79-377,000009048,6.134166666666666
5ff5129cf9af8b3c0462e6fb,2020-12-21 00:59:47+00:00,2020-12-21 01:19:22+00:00,,13.758,0002,11900388,2-39-81-4550,000000915,0.3263888888888889
5ff5129cf9af8b3c0462e6fc,2020-12-21 01:53:27+00:00,2020-12-21 02:15:35+00:00,,15.212,0002,11900388,2-39-81-4550,000001895,0.3688888888888889
5ff5129cf9af8b3c0462e6fd,2020-12-21 03:17:22+00:00,2020-12-22 00:18:40+00:00,2020-12-21 05:57:52+00:00,9.489,0002,CA-305,2-39-131-30,000009502,21.02166666666667
5ff6641cf9af8b3df5c87715,2020-12-21 15:15:25+00:00,2020-12-21 16:16:50+00:00,2020-12-21 16:16:45+00:00,6.817,0002,CA-303,2-39-139-28,000001039,1.023611111111111
5ff6641cf9af8b3df5c87716,2020-12-21 16:28:12+00:00,2020-12-21 17:29:32+00:00,2020-12-21 17:29:27+00:00,7.047,0002,CA-303,2-39-139-28,000003424,1.0222222222222221
5ff6641cf9af8b3df5c87717,2020-12-21 20:00:16+00:00,2020-12-22 05:03:18+00:00,2020-12-21 21:59:39+00:00,6.23,0002,CA-303,2-39-139-28,000005594,9.050555555555556
5ff6641cf9af8b3df5c87718,2020-12-21 21:42:32+00:00,2020-12-22 02:57:32+00:00,2020-12-21 22:57:04+00:00,8.501,0002,CA-327,2-39-79-379,000000714,5.25
5ff6641cf9af8b3df5c87719,2020-12-21 23:05:46+00:00,2020-12-22 00:18:32+00:00,,45.231,0002,11900388,2-39-81-4550,000000915,1.2127777777777777
5ff6641cf9af8b3df5c8771a,2020-12-22 00:19:23+00:00,2020-12-22 00:55:50+00:00,,14.714,0002,11900388,2-39-81-4550,000009233,0.6075
5ff6641cf9af8b3df5c8771b,2020-12-22 00:26:21+00:00,2020-12-22 01:16:40+00:00,2020-12-22 01:16:28+00:00,2.071,0002,CA-311,2-39-125-21,000001746,0.8386111111111111
5ff6641cf9af8b3df5c8771c,2020-12-22 05:27:37+00:00,2020-12-22 05:50:45+00:00,,7.192,0002,11900388,2-39-81-4550,000000316,0.38555555555555554
5ff7b59ef9af8b3ff89f1fe0,2020-12-22 18:01:03+00:00,2020-12-23 03:37:27+00:00,2020-12-23 03:37:18+00:00,9.305,0002,CA-327,2-39-79-379,,9.606666666666667
5ff7b59ef9af8b3ff89f1fe1,2020-12-22 18:47:06+00:00,2020-12-23 22:14:28+00:00,2020-12-22 23:16:19+00:00,15.962,0002,CA-305,2-39-131-30,000009502,27.45611111111111
5ff7b59ef9af8b3ff89f1fe2,2020-12-22 20:50:12+00:00,2020-12-22 21:39:19+00:00,,26.3,0002,11900388,2-39-81-4550,000009790,0.8186111111111111
5ff7b59ef9af8b3ff89f1fe3,2020-12-22 21:25:48+00:00,2020-12-23 04:05:31+00:00,2020-12-22 22:32:04+00:00,2.237,0002,CA-321,2-39-78-365,000001082,6.661944444444444
5ff7b59ef9af8b3ff89f1fe4,2020-12-23 00:16:47+00:00,2020-12-23 01:29:42+00:00,,48.655,0002,11900388,2-39-81-4550,000009570,1.2152777777777777
5ff7b59ef9af8b3ff89f1fe5,2020-12-23 02:05:27+00:00,2020-12-23 02:42:12+00:00,,16.313,0002,11900388,2-39-81-4550,000009283,0.6125
5ff9071cf9af8b41eeddb542,2020-12-23 17:57:34+00:00,2020-12-24 02:12:34+00:00,2020-12-23 20:11:24+00:00,7.688,0002,CA-327,2-39-79-379,000009048,8.25
5ff9071cf9af8b41eeddb543,2020-12-23 18:36:36+00:00,2020-12-23 19:29:56+00:00,2020-12-23 19:06:44+00:00,0.913,0002,CA-212,2-39-83-386,,0.8888888888888888
5ff9071cf9af8b41eeddb544,2020-12-23 22:54:32+00:00,2020-12-23 23:26:17+00:00,,8.148,0002,11900388,2-39-81-4550,000007132,0.5291666666666667
5ff9071cf9af8b41eeddb545,2020-12-24 00:20:54+00:00,2020-12-24 01:28:42+00:00,2020-12-24 01:26:23+00:00,3.208,0002,CA-311,2-39-125-21,000001746,1.13
5ff9071cf9af8b41eeddb546,2020-12-24 02:42:39+00:00,2020-12-24 03:24:57+00:00,,11.967,0002,11900388,2-39-81-4550,000000316,0.705
5ff9071cf9af8b41eeddb547,2020-12-24 04:43:48+00:00,2020-12-24 05:37:44+00:00,,27.386,0002,11900388,2-39-81-4550,000002906,0.8988888888888888
5ffa589af9af8b43e5583d83,2020-12-24 18:43:39+00:00,2020-12-24 19:10:54+00:00,2020-12-24 19:10:46+00:00,1.609,0002,CA-327,2-39-79-379,000009048,0.45416666666666666
5ffa589af9af8b43e5583d84,2020-12-25 02:29:12+00:00,2020-12-25 02:57:27+00:00,,17.704,0002,11900388,2-39-81-4550,000009561,0.4708333333333333
5ffcfb9cf9af8b482229cab9,2020-12-26 20:28:02+00:00,2020-12-26 21:10:55+00:00,,14.373,0002,11900388,2-39-81-4550,000000856,0.7147222222222223
5ffcfb9cf9af8b482229caba,2020-12-26 23:37:45+00:00,2020-12-27 01:14:29+00:00,2020-12-27 00:43:09+00:00,6.584,0002,CA-309,2-39-127-19,000000754,1.6122222222222222
5ffcfb9cf9af8b482229cabb,2020-12-26 23:51:49+00:00,2020-12-27 00:23:52+00:00,,10.358,0002,11900388,2-39-81-4550,000007132,0.5341666666666667
5ffcfb9cf9af8b482229cabc,2020-12-27 01:06:08+00:00,2020-12-27 01:52:33+00:00,,33.424,0002,11900388,2-39-81-4550,000009284,0.7736111111111111
5ffcfb9cf9af8b482229cabd,2020-12-27 01:42:53+00:00,2020-12-27 05:50:59+00:00,2020-12-27 02:53:18+00:00,2.369,0002,CA-321,2-39-78-365,000001082,4.135
5ffcfb9cf9af8b482229cabe,2020-12-27 05:24:39+00:00,2020-12-27 05:28:45+00:00,,2.287,0002,11900388,2-39-81-4550,000009322,0.06833333333333333
5ffcfb9cf9af8b482229cabf,2020-12-27 06:04:03+00:00,2020-12-27 06:41:57+00:00,,11.01,0002,11900388,2-39-81-4550,000009322,0.6316666666666667
5ffe4d1bf9af8b4a1af81774,2020-12-27 19:56:09+00:00,2020-12-28 00:25:34+00:00,2020-12-28 00:25:30+00:00,16.253,0002,CA-307,2-39-129-17,000009502,4.490277777777778
5ffe4d1bf9af8b4a1af81775,2020-12-27 22:58:37+00:00,2020-12-28 00:11:16+00:00,,52.883,0002,11900388,2-39-81-4550,000009570,1.2108333333333334
5ffe4d1bf9af8b4a1af81776,2020-12-27 23:54:08+00:00,2020-12-28 02:36:14+00:00,2020-12-28 01:55:57+00:00,6.459,0002,CA-303,2-39-139-28,000002291,2.7016666666666667
5ffe4d1bf9af8b4a1af81777,2020-12-28 02:00:25+00:00,2020-12-28 03:32:37+00:00,2020-12-28 03:32:33+00:00,8.444,0002,CA-307,2-39-129-17,000001099,1.5366666666666666
5ffe4d1bf9af8b4a1af81778,2020-12-28 03:17:16+00:00,2020-12-28 03:57:35+00:00,,2.221,0002,11900388,2-39-81-4550,000009690,0.6719444444444445
5fff9e9cf9af8b4c2a7970d1,2020-12-28 15:51:21+00:00,2020-12-28 20:16:45+00:00,2020-12-28 18:05:27+00:00,14.584,0002,CA-305,2-39-131-30,000008677,4.423333333333333
5fff9e9cf9af8b4c2a7970d2,2020-12-28 15:52:40+00:00,2020-12-28 16:24:19+00:00,,12.405,0002,11900388,2-39-81-4550,000001039,0.5275
5fff9e9cf9af8b4c2a7970d3,2020-12-28 18:12:03+00:00,2020-12-29 02:50:08+00:00,2020-12-28 20:10:39+00:00,6.271,0002,CA-307,2-39-129-17,000005594,8.634722222222223
5fff9e9cf9af8b4c2a7970d4,2020-12-28 22:01:51+00:00,2020-12-28 22:41:43+00:00,,10.637,0002,11900388,2-39-81-4550,000007132,0.6644444444444444
5fff9e9cf9af8b4c2a7970d5,2020-12-28 23:03:37+00:00,2020-12-28 23:55:44+00:00,,32.592,0002,11900388,2-39-81-4550,000010041,0.8686111111111111
5fff9e9cf9af8b4c2a7970d6,2020-12-28 23:56:36+00:00,2020-12-29 00:48:41+00:00,,11.993,0002,11900388,2-39-81-4550,000000242,0.8680555555555556
5fff9e9cf9af8b4c2a7970d7,2020-12-29 00:22:25+00:00,2020-12-29 01:32:10+00:00,2020-12-29 01:07:43+00:00,2.092,0002,CA-311,2-39-125-21,000001746,1.1625
5fff9e9cf9af8b4c2a7970d8,2020-12-29 01:16:38+00:00,2020-12-29 01:54:18+00:00,,13.116,0002,11900388,2-39-81-4550,000000537,0.6277777777777778
5fff9e9cf9af8b4c2a7970d9,2020-12-29 03:51:57+00:00,2020-12-29 04:55:07+00:00,,33.882,0002,11900388,2-39-81-4550,000000915,1.0527777777777778
6000f01bf9af8b4e29871061,2020-12-29 13:35:48+00:00,2020-12-29 14:53:08+00:00,,27.461,0002,11900388,2-39-81-4550,000009499,1.288888888888889
6000f01bf9af8b4e29871062,2020-12-29 18:03:08+00:00,2020-12-29 18:16:44+00:00,,8.73,0002,11900388,2-39-81-4550,000004903,0.22666666666666666
6000f01bf9af8b4e29871063,2020-12-29 18:16:50+00:00,2020-12-29 18:35:22+00:00,,10.507,0002,11900388,2-39-81-4550,000004903,0.3088888888888889
6000f01bf9af8b4e29871064,2020-12-29 19:04:22+00:00,2020-12-29 19:50:56+00:00,,12.472,0002,11900388,2-39-81-4550,000009248,0.7761111111111111
6000f01bf9af8b4e29871065,2020-12-29 22:21:20+00:00,2020-12-30 02:37:08+00:00,2020-12-29 23:30:29+00:00,2.324,0002,CA-321,2-39-78-365,000001082,4.263333333333334
6000f01bf9af8b4e29871066,2020-12-30 00:02:48+00:00,2020-12-30 00:50:01+00:00,,28.501,0002,11900388,2-39-81-4550,000009307,0.7869444444444444
6000f01bf9af8b4e29871067,2020-12-30 02:29:32+00:00,2020-12-30 03:27:56+00:00,,15.006,0002,11900388,2-39-81-4550,000009283,0.9733333333333334
6000f01bf9af8b4e29871068,2020-12-30 03:42:38+00:00,2020-12-30 04:34:12+00:00,,14.315,0002,11900388,2-39-81-4550,000009233,0.8594444444444445
6000f01bf9af8b4e29871069,2020-12-30 04:53:31+00:00,2020-12-30 05:05:41+00:00,,7.13,0002,11900388,2-39-81-4550,000009283,0.20277777777777778
6000f01bf9af8b4e2987106a,2020-12-30 06:35:39+00:00,2020-12-30 07:30:14+00:00,,30.43,0002,11900388,2-39-81-4550,000001424,0.9097222222222222
6002419cf9af8b50514f4c3c,2020-12-30 18:17:31+00:00,2020-12-30 19:09:46+00:00,,29.623,0002,11900388,2-39-81-4550,000000268,0.8708333333333333
6002419cf9af8b50514f4c3d,2020-12-30 19:32:38+00:00,2020-12-30 20:34:51+00:00,2020-12-30 20:34:46+00:00,3.068,0002,CA-311,2-39-125-21,000001746,1.0369444444444444
6002419cf9af8b50514f4c3e,2020-12-30 22:09:41+00:00,2020-12-30 22:33:48+00:00,,6.331,0002,11900388,2-39-81-4550,000010090,0.40194444444444444
6002419cf9af8b50514f4c3f,2020-12-30 23:02:11+00:00,2020-12-31 02:53:06+00:00,2020-12-31 00:08:50+00:00,2.244,0002,CA-321,2-39-78-365,000001082,3.848611111111111
6003931bf9af8b5261c8c793,2020-12-31 16:17:43+00:00,2020-12-31 17:09:35+00:00,,24.903,0002,11900388,2-39-81-4550,000001039,0.8644444444444445
6003931bf9af8b5261c8c794,2020-12-31 16:45:14+00:00,2020-12-31 17:30:59+00:00,2020-12-31 17:30:54+00:00,5.289,0002,CA-309,2-39-127-19,000001316,0.7625
6003931bf9af8b5261c8c795,2020-12-31 17:42:03+00:00,2020-12-31 18:29:00+00:00,,20.526,0002,11900388,2-39-81-4550,000005855,0.7825
6003931bf9af8b5261c8c796,2020-12-31 21:25:29+00:00,2021-01-01 00:36:05+00:00,2021-01-01 00:16:18+00:00,9.895,0002,CA-327,2-39-79-379,000009048,3.1766666666666667
6003931bf9af8b5261c8c797,2020-12-31 22:32:13+00:00,2020-12-31 23:19:34+00:00,,24.639,0002,11900388,2-39-81-4550,000000268,0.7891666666666667
6003931bf9af8b5261c8c798,2020-12-31 23:46:36+00:00,2021-01-01 01:31:02+00:00,,53.058,0002,11900388,2-39-81-4550,000004903,1.7405555555555556
